Example;Defect Axiom;option1;option2;option1_better;option2_better
ore_ont_8937.owl;SubClassOf(<http://a.com/ontology#WorksOn> <http://a.com/ontology#ReifiedRelationshipClass>);0.0;0.0;0;0
ore_ont_8937.owl;SubClassOf(<http://www.absoluteiri.edu/RELAPPROXC20> <http://www.absoluteiri.edu/RELAPPROXC41>);0.0;0.0;0;0
ore_ont_8937.owl;SubClassOf(<http://www.absoluteiri.edu/RELAPPROXC45> <http://www.absoluteiri.edu/RELAPPROXC41>);0.0;0.0;0;0
ore_ont_8937.owl;SubClassOf(<http://www.absoluteiri.edu/RELAPPROXC47> <http://www.absoluteiri.edu/RELAPPROXC21>);0.0;0.0;0;0
ore_ont_8937.owl;SubClassOf(<http://www.absoluteiri.edu/RELAPPROXC21> <http://www.absoluteiri.edu/RELAPPROXC43>);0.0;0.0;0;0
ore_ont_8937.owl;SubClassOf(<http://a.com/ontology#Manages> <http://a.com/ontology#ReifiedRelationshipClass>);0.0;0.0;0;0
ore_ont_8937.owl;SubClassOf(<http://a.com/ontology#ReifiedRelationshipClass> <http://www.absoluteiri.edu/RELAPPROXC43>);0.0;0.0;0;0
ore_ont_8937.owl;SubClassOf(<http://www.absoluteiri.edu/RELAPPROXC45> <http://www.absoluteiri.edu/RELAPPROXC21>);0.0;0.0;0;0
ore_ont_8937.owl;SubClassOf(<http://www.absoluteiri.edu/RELAPPROXC21> <http://www.absoluteiri.edu/RELAPPROXC23>);0.0;0.0;0;0
ore_ont_8937.owl;SubClassOf(<http://www.absoluteiri.edu/RELAPPROXC21> <http://www.absoluteiri.edu/RELAPPROXC25>);0.0;0.0;0;0
ore_ont_9509.owl;SubClassOf(<http://www.lexinfo.net/lmf#RelatedForm> <http://www.lexinfo.net/lmf#Form>);0.0;0.0;0;0
ore_ont_9509.owl;SubClassOf(<http://www.lexinfo.net/lmf#Component> <http://www.lexinfo.net/lmf#LMFClass>);0.0;0.0;0;0
ore_ont_9509.owl;SubClassOf(<http://www.absoluteiri.edu/RELAPPROXC159> <http://www.absoluteiri.edu/RELAPPROXC156>);0.0;0.0;0;0
ore_ont_9509.owl;SubClassOf(<http://www.lexinfo.net/lmf#ParadigmPattern> <http://www.lexinfo.net/lmf#LMFClass>);0.0;0.0;0;0
ore_ont_9509.owl;SubClassOf(<http://www.lexinfo.net/lmf#ReferredRoot> <http://www.lexinfo.net/lmf#RelatedForm>);0.0;0.0;0;0
ore_ont_9509.owl;SubClassOf(<http://www.lexinfo.net/lmf#Lexicon> <http://www.lexinfo.net/lmf#LMFClass>);0.0;0.0;0;0
ore_ont_9509.owl;SubClassOf(<http://www.lexinfo.net/lmf#LexicalEntry> <http://www.lexinfo.net/lmf#LMFClass>);0.0;0.0;0;0
ore_ont_9509.owl;SubClassOf(<http://www.lexinfo.net/lmf#Form> <http://www.lexinfo.net/lmf#LMFClass>);0.0;0.0;0;0
ore_ont_9509.owl;SubClassOf(<http://www.lexinfo.net/lmf#TextRepresentation> <http://www.lexinfo.net/lmf#Representation>);0.0;0.0;0;0
ore_ont_9509.owl;SubClassOf(<http://www.absoluteiri.edu/RELAPPROXC155> <http://www.absoluteiri.edu/RELAPPROXC158>);0.0;0.0;0;0
ore_ont_10309.owl;SubClassOf(<http://www.absoluteiri.edu/RELAPPROXC18> <http://www.absoluteiri.edu/RELAPPROXC27>);0.0;0.0;0;0
ore_ont_10309.owl;SubClassOf(<http://www.absoluteiri.edu/RELAPPROXC18> <http://www.absoluteiri.edu/RELAPPROXC29>);0.0;0.0;0;0
ore_ont_10309.owl;SubClassOf(<http://rs.tdwg.org/ontology/voc/OccurrenceRecord#OccurrenceRecord> <http://rs.tdwg.org/ontology/Base#BaseThing>);0.0;0.0;0;0
ore_ont_10309.owl;SubClassOf(<http://rs.tdwg.org/ontology/voc/OccurrenceRecord#Identification> <http://rs.tdwg.org/ontology/Base#BaseThing>);0.0;0.0;0;0
ore_ont_10309.owl;SubClassOf(<http://www.absoluteiri.edu/RELAPPROXC28> <http://www.absoluteiri.edu/RELAPPROXC19>);0.0;0.0;0;0
ore_ont_10309.owl;SubClassOf(<http://www.absoluteiri.edu/RELAPPROXC26> <http://www.absoluteiri.edu/RELAPPROXC19>);0.0;0.0;0;0
ore_ont_1420.owl;SubClassOf(<http://www.opengis.net/gml/LinearRing> <http://www.opengis.net/gml/_Geometry>);0.0;0.0;0;0
ore_ont_1420.owl;SubClassOf(<http://purl.org/mets/onts/2010/12/gml.owl#LinearRing> <http://www.absoluteiri.edu/RELAPPROXC66>);0.0;0.0;0;0
ore_ont_1420.owl;SubClassOf(<http://purl.org/mets/onts/2010/12/gml.owl#LineString> <http://www.absoluteiri.edu/RELAPPROXC66>);0.0;0.0;0;0
ore_ont_1420.owl;SubClassOf(<http://www.absoluteiri.edu/RELAPPROXC47RELAPPROXQ2> <http://www.absoluteiri.edu/RELAPPROXC47>);0.0;0.0;0;0
ore_ont_1420.owl;SubClassOf(<http://purl.org/mets/onts/2010/12/gml.owl#Point> <http://purl.org/mets/onts/2010/12/gml.owl#_Geometry>);0.0;0.0;0;0
ore_ont_1420.owl;SubClassOf(<http://www.opengis.net/gml/LineString> <http://www.opengis.net/gml/_Geometry>);0.0;0.0;0;0
ore_ont_1420.owl;SubClassOf(<http://purl.org/mets/onts/2010/12/gml.owl#Point> <http://www.w3.org/2005/Incubator/geo/XGR-geo/W3C_XGR_Geo_files/geo_2007.owl#_Geometry>);0.0;1.0;1;0
ore_ont_1420.owl;SubClassOf(<http://www.absoluteiri.edu/RELAPPROXC47RELAPPROXQ2> <http://www.absoluteiri.edu/RELAPPROXC64>);0.0;0.0;0;0
ore_ont_1420.owl;SubClassOf(<http://purl.org/mets/onts/2010/12/gml.owl#_Feature> <http://www.absoluteiri.edu/RELAPPROXC64>);0.0;0.0;0;0
ore_ont_1420.owl;SubClassOf(<http://purl.org/mets/onts/2010/12/gml.owl#Polygon> <http://purl.org/mets/onts/2010/12/gml.owl#_Geometry>);0.0;0.0;0;0
ore_ont_13429.owl;SubClassOf(<http://www.cidoc-crm.org/cidoc-crm/E36_Visual_Item> <http://www.cidoc-crm.org/cidoc-crm/E73_Information_Object>);0.0;0.0;0;0
ore_ont_13429.owl;SubClassOf(<http://www.cidoc-crm.org/cidoc-crm/E7_Activity> <http://www.cidoc-crm.org/cidoc-crm/E1_CRM_Entity>);1.0;0.0;0;1
ore_ont_13429.owl;SubClassOf(<http://www.cidoc-crm.org/cidoc-crm/E65_Creation> <http://www.cidoc-crm.org/cidoc-crm/E63_Beginning_of_Existence>);0.0;0.0;0;0
ore_ont_13429.owl;SubClassOf(<http://www.cidoc-crm.org/cidoc-crm/E13_Attribute_Assignment> <http://www.cidoc-crm.org/cidoc-crm/E7_Activity>);0.0;0.0;0;0
ore_ont_13429.owl;SubClassOf(<http://www.cidoc-crm.org/cidoc-crm/E44_Place_Appellation> <http://www.cidoc-crm.org/cidoc-crm/E41_Appellation>);0.0;0.0;0;0
ore_ont_13429.owl;SubClassOf(<http://www.cidoc-crm.org/cidoc-crm/E45_Address> <http://www.cidoc-crm.org/cidoc-crm/E44_Place_Appellation>);0.0;0.0;0;0
ore_ont_13429.owl;SubClassOf(<http://www.cidoc-crm.org/cidoc-crm/E81_Transformation> <http://www.cidoc-crm.org/cidoc-crm/E64_End_of_Existence>);0.0;0.0;0;0
ore_ont_13429.owl;SubClassOf(<http://www.cidoc-crm.org/cidoc-crm/E17_Type_Assignment> <http://www.cidoc-crm.org/cidoc-crm/E13_Attribute_Assignment>);0.0;0.0;0;0
ore_ont_13429.owl;SubClassOf(<http://www.cidoc-crm.org/cidoc-crm/E22_Man-Made_Object> <http://www.cidoc-crm.org/cidoc-crm/E24_Physical_Man-Made_Thing>);0.0;0.0;0;0
ore_ont_13429.owl;SubClassOf(<http://www.cidoc-crm.org/cidoc-crm/E24_Physical_Man-Made_Thing> <http://www.cidoc-crm.org/cidoc-crm/E18_Physical_Thing>);0.0;0.0;0;0
ore_ont_9854.owl;SubClassOf(<http://www.owl-ontologies.com/unnamed.owl#_1º_quadrante> <http://www.owl-ontologies.com/unnamed.owl#Circulo>);0.0;0.0;0;0
ore_ont_9854.owl;SubClassOf(<http://www.owl-ontologies.com/unnamed.owl#Ansiedade-Confidente> <http://www.owl-ontologies.com/unnamed.owl#Emoção>);0.0;0.0;0;0
ore_ont_9854.owl;SubClassOf(<http://www.owl-ontologies.com/unnamed.owl#Conforto> <http://www.owl-ontologies.com/unnamed.owl#Ansiedade-Confidente>);0.0;0.0;0;0
ore_ont_9854.owl;SubClassOf(<http://www.owl-ontologies.com/unnamed.owl#Conforto> <http://www.owl-ontologies.com/unnamed.owl#Exito_relevante>);0.0;1.0;1;0
ore_ont_9854.owl;SubClassOf(<http://www.owl-ontologies.com/unnamed.owl#Exito_relevante> <http://www.owl-ontologies.com/unnamed.owl#Satisfeito_Insatisfeito>);0.0;1.0;1;0
ore_ont_9854.owl;SubClassOf(<http://www.owl-ontologies.com/unnamed.owl#Conforto> <http://www.owl-ontologies.com/unnamed.owl#_1º_quadrante>);0.0;0.0;0;0
ore_ont_9854.owl;SubClassOf(<http://www.owl-ontologies.com/unnamed.owl#Persistencia> <http://www.owl-ontologies.com/unnamed.owl#Frustração-Euforia>);0.0;0.0;0;0
ore_ont_9854.owl;SubClassOf(<http://www.owl-ontologies.com/unnamed.owl#Conforto> <http://www.owl-ontologies.com/unnamed.owl#Categorias_de_emoções>);0.0;0.0;0;0
ore_ont_9854.owl;SubClassOf(<http://www.owl-ontologies.com/unnamed.owl#Conforto> <http://www.owl-ontologies.com/unnamed.owl#Base_de_Perspectiva>);0.0;0.0;0;0
ore_ont_9854.owl;SubClassOf(<http://www.owl-ontologies.com/unnamed.owl#Chateado> <http://www.owl-ontologies.com/unnamed.owl#Tedio-Fasinacao>);0.0;0.0;0;0
ore_ont_8974.owl;SubClassOf(<http://www.absoluteiri.edu/RELAPPROXC18> <http://www.absoluteiri.edu/RELAPPROXC27>);0.0;0.0;0;0
ore_ont_8974.owl;SubClassOf(<http://www.absoluteiri.edu/RELAPPROXC18> <http://www.absoluteiri.edu/RELAPPROXC29>);0.0;0.0;0;0
ore_ont_8974.owl;SubClassOf(<http://rs.tdwg.org/ontology/voc/OccurrenceRecord#OccurrenceRecord> <http://rs.tdwg.org/ontology/Base#BaseThing>);0.0;0.0;0;0
ore_ont_8974.owl;SubClassOf(<http://rs.tdwg.org/ontology/voc/OccurrenceRecord#Identification> <http://rs.tdwg.org/ontology/Base#BaseThing>);0.0;0.0;0;0
ore_ont_8974.owl;SubClassOf(<http://www.absoluteiri.edu/RELAPPROXC28> <http://www.absoluteiri.edu/RELAPPROXC19>);0.0;0.0;0;0
ore_ont_8974.owl;SubClassOf(<http://www.absoluteiri.edu/RELAPPROXC26> <http://www.absoluteiri.edu/RELAPPROXC19>);0.0;0.0;0;0
ore_ont_3909.owl;SubClassOf(<file:/media/owl/Seagate%20Expansion%20Drive/mowlcorp_rep/mowlcorp_2014.10.07_orig/files/F22_Self_Contained_Expression> <file:/media/owl/Seagate%20Expansion%20Drive/mowlcorp_rep/mowlcorp_2014.10.07_orig/files/F2_Expression>);0.0;0.0;0;0
ore_ont_3909.owl;SubClassOf(<file:/media/owl/Seagate%20Expansion%20Drive/mowlcorp_rep/mowlcorp_2014.10.07_orig/files/F34_KOS> <file:/media/owl/Seagate%20Expansion%20Drive/mowlcorp_rep/mowlcorp_2014.10.07_orig/files/E29_Design_or_Procedure>);0.0;0.0;0;0
ore_ont_3909.owl;SubClassOf(<file:/media/owl/Seagate%20Expansion%20Drive/mowlcorp_rep/mowlcorp_2014.10.07_orig/files/F18_Serial_Work> <file:/media/owl/Seagate%20Expansion%20Drive/mowlcorp_rep/mowlcorp_2014.10.07_orig/files/F16_Container_Work>);0.0;1.0;1;0
ore_ont_3909.owl;SubClassOf(<file:/media/owl/Seagate%20Expansion%20Drive/mowlcorp_rep/mowlcorp_2014.10.07_orig/files/F30_Publication_Event> <file:/media/owl/Seagate%20Expansion%20Drive/mowlcorp_rep/mowlcorp_2014.10.07_orig/files/F28_Expression_Creation>);0.0;0.0;0;0
ore_ont_3909.owl;SubClassOf(<file:/media/owl/Seagate%20Expansion%20Drive/mowlcorp_rep/mowlcorp_2014.10.07_orig/files/F52_Name_Use_Activity> <file:/media/owl/Seagate%20Expansion%20Drive/mowlcorp_rep/mowlcorp_2014.10.07_orig/files/E13_Attribute_Assignment>);0.0;0.0;0;0
ore_ont_3909.owl;SubClassOf(<file:/media/owl/Seagate%20Expansion%20Drive/mowlcorp_rep/mowlcorp_2014.10.07_orig/files/F34_KOS> <file:/media/owl/Seagate%20Expansion%20Drive/mowlcorp_rep/mowlcorp_2014.10.07_orig/files/F2_Expression>);0.0;0.0;0;0
ore_ont_3909.owl;SubClassOf(<file:/media/owl/Seagate%20Expansion%20Drive/mowlcorp_rep/mowlcorp_2014.10.07_orig/files/F28_Expression_Creation> <file:/media/owl/Seagate%20Expansion%20Drive/mowlcorp_rep/mowlcorp_2014.10.07_orig/files/E12_Production>);0.0;0.0;0;0
ore_ont_3909.owl;SubClassOf(<file:/media/owl/Seagate%20Expansion%20Drive/mowlcorp_rep/mowlcorp_2014.10.07_orig/files/F50_Controlled_Access_Point> <file:/media/owl/Seagate%20Expansion%20Drive/mowlcorp_rep/mowlcorp_2014.10.07_orig/files/F13_Identifier>);0.0;0.0;0;0
ore_ont_3909.owl;SubClassOf(<file:/media/owl/Seagate%20Expansion%20Drive/mowlcorp_rep/mowlcorp_2014.10.07_orig/files/F16_Container_Work> <file:/media/owl/Seagate%20Expansion%20Drive/mowlcorp_rep/mowlcorp_2014.10.07_orig/files/F1_Work>);0.0;0.0;0;0
ore_ont_3909.owl;SubClassOf(<file:/media/owl/Seagate%20Expansion%20Drive/mowlcorp_rep/mowlcorp_2014.10.07_orig/files/F25_Performance_Plan> <file:/media/owl/Seagate%20Expansion%20Drive/mowlcorp_rep/mowlcorp_2014.10.07_orig/files/F22_Self_Contained_Expression>);0.0;0.0;0;0
ore_ont_2036.owl;SubClassOf(<http://www.owl-ontologies.com/Ontology1324330201.owl#Artifact> <http://www.owl-ontologies.com/Ontology1324330201.owl#CommonCoreObject>);0.0;0.0;0;0
ore_ont_2036.owl;SubClassOf(<http://www.owl-ontologies.com/Ontology1324330201.owl#Flow> <http://www.owl-ontologies.com/Ontology1324330201.owl#CoreProperty>);0.0;0.0;0;0
ore_ont_2036.owl;SubClassOf(<http://www.owl-ontologies.com/Ontology1324330201.owl#subArtifacts> <http://www.owl-ontologies.com/Ontology1324330201.owl#Artifact>);0.0;0.0;0;0
ore_ont_2036.owl;SubClassOf(<http://www.owl-ontologies.com/Ontology1324330201.owl#Artifact> <http://www.owl-ontologies.com/Ontology1324330201.owl#CoreEntity>);0.0;0.0;0;0
ore_ont_2036.owl;SubClassOf(<http://www.owl-ontologies.com/Ontology1324330201.owl#Form> <http://www.owl-ontologies.com/Ontology1324330201.owl#CoreProperty>);0.0;0.0;0;0
ore_ont_2036.owl;SubClassOf(<http://www.owl-ontologies.com/Ontology1324330201.owl#Properties> <http://www.owl-ontologies.com/Ontology1324330201.owl#Information>);0.0;0.0;0;0
ore_ont_2036.owl;SubClassOf(<http://www.owl-ontologies.com/Ontology1324330201.owl#Port> <http://www.owl-ontologies.com/Ontology1324330201.owl#Feature>);0.0;0.0;0;0
ore_ont_2036.owl;SubClassOf(<http://www.owl-ontologies.com/Ontology1324330201.owl#Constraint> <http://www.owl-ontologies.com/Ontology1324330201.owl#CommonCoreRelationship>);0.0;0.0;0;0
ore_ont_2036.owl;SubClassOf(<http://www.owl-ontologies.com/Ontology1324330201.owl#Form> <http://www.owl-ontologies.com/Ontology1324330201.owl#CommonCoreObject>);0.0;0.0;0;0
ore_ont_2036.owl;SubClassOf(<http://www.owl-ontologies.com/Ontology1324330201.owl#TransferFunction> <http://www.owl-ontologies.com/Ontology1324330201.owl#Function>);0.0;0.0;0;0
ore_ont_508.owl;SubClassOf(<http://www.owl-ontologies.com/Ontology1324330201.owl#Artifact> <http://www.owl-ontologies.com/Ontology1324330201.owl#CommonCoreObject>);0.0;0.0;0;0
ore_ont_508.owl;SubClassOf(<http://www.owl-ontologies.com/Ontology1324330201.owl#Flow> <http://www.owl-ontologies.com/Ontology1324330201.owl#CoreProperty>);0.0;0.0;0;0
ore_ont_508.owl;SubClassOf(<http://www.owl-ontologies.com/Ontology1324330201.owl#subArtifacts> <http://www.owl-ontologies.com/Ontology1324330201.owl#Artifact>);0.0;0.0;0;0
ore_ont_508.owl;SubClassOf(<http://www.owl-ontologies.com/Ontology1324330201.owl#Artifact> <http://www.owl-ontologies.com/Ontology1324330201.owl#CoreEntity>);0.0;0.0;0;0
ore_ont_508.owl;SubClassOf(<http://www.owl-ontologies.com/Ontology1324330201.owl#Form> <http://www.owl-ontologies.com/Ontology1324330201.owl#CoreProperty>);0.0;0.0;0;0
ore_ont_508.owl;SubClassOf(<http://www.owl-ontologies.com/Ontology1324330201.owl#Properties> <http://www.owl-ontologies.com/Ontology1324330201.owl#Information>);0.0;0.0;0;0
ore_ont_508.owl;SubClassOf(<http://www.owl-ontologies.com/Ontology1324330201.owl#Port> <http://www.owl-ontologies.com/Ontology1324330201.owl#Feature>);0.0;0.0;0;0
ore_ont_508.owl;SubClassOf(<http://www.owl-ontologies.com/Ontology1324330201.owl#Constraint> <http://www.owl-ontologies.com/Ontology1324330201.owl#CommonCoreRelationship>);0.0;0.0;0;0
ore_ont_508.owl;SubClassOf(<http://www.owl-ontologies.com/Ontology1324330201.owl#Form> <http://www.owl-ontologies.com/Ontology1324330201.owl#CommonCoreObject>);0.0;0.0;0;0
ore_ont_508.owl;SubClassOf(<http://www.owl-ontologies.com/Ontology1324330201.owl#TransferFunction> <http://www.owl-ontologies.com/Ontology1324330201.owl#Function>);0.0;0.0;0;0
ore_ont_16076.owl;SubClassOf(<http://semanticscience.org/RNA> <http://semanticscience.org/NucleicAcid>);0.0;0.0;0;0
ore_ont_16076.owl;SubClassOf(<http://semanticscience.org/O4pEndoRole> <http://semanticscience.org/EndoRole>);0.0;0.0;0;0
ore_ont_16076.owl;SubClassOf(<http://semanticscience.org/WatsonSugarBasePair> <http://semanticscience.org/EdgeInteraction>);0.0;0.0;0;0
ore_ont_16076.owl;SubClassOf(<http://semanticscience.org/C2pExoRole> <http://semanticscience.org/ExoRole>);0.0;0.0;0;0
ore_ont_16076.owl;SubClassOf(<http://semanticscience.org/EdgeInteraction> <http://semanticscience.org/NucleotideBasePair>);0.0;0.0;0;0
ore_ont_16076.owl;SubClassOf(<http://semanticscience.org/mRNA> <http://semanticscience.org/RNA>);0.0;0.0;0;0
ore_ont_16076.owl;SubClassOf(<http://semanticscience.org/Hexose> <http://semanticscience.org/Monosaccharide>);0.0;0.0;0;0
ore_ont_16076.owl;SubClassOf(<http://semanticscience.org/BifurcatedFace> <http://semanticscience.org/NucleotideFace>);0.0;0.0;0;0
ore_ont_16076.owl;SubClassOf(<http://semanticscience.org/GTP> <http://semanticscience.org/Ribonucleotide>);0.0;0.0;0;0
ore_ont_16076.owl;SubClassOf(<http://semanticscience.org/Ribonucleotide> <http://semanticscience.org/Nucleotide>);0.0;0.0;0;0
ore_ont_7270.owl;SubClassOf(<http://www.lia.deis.unibo.it/research/MIDAS/Ontologies/MIDAS_Preference.owl#ValuePreference> <http://www.lia.deis.unibo.it/research/MIDAS/Ontologies/MIDAS_Preference.owl#Preference>);0.0;0.0;0;0
ore_ont_7270.owl;SubClassOf(<http://www.lia.deis.unibo.it/research/MIDAS/Ontologies/ZefiroRequest.owl#ExampleCapability> <http://www.lia.deis.unibo.it/research/MIDAS/Ontologies/MIDAS_Profile.owl#Capability>);0.0;0.0;0;0
ore_ont_7270.owl;SubClassOf(<http://www.lia.deis.unibo.it/research/MIDAS/Ontologies/TFLEOntology.owl#Cottage_Rental> <http://www.lia.deis.unibo.it/research/MIDAS/Ontologies/TFLEOntology.owl#Hotel_Motel_Inn>);0.0;0.0;0;0
ore_ont_7270.owl;SubClassOf(<http://www.lia.deis.unibo.it/research/MIDAS/Ontologies/TFLEOntology.owl#Restaurant> <http://www.lia.deis.unibo.it/research/MIDAS/Ontologies/TFLEOntology.owl#Eating_Establishment>);0.0;0.0;0;0
ore_ont_7270.owl;SubClassOf(<http://www.lia.deis.unibo.it/research/MIDAS/Ontologies/MIDAS_Request.owl#Request_Profile> <http://www.lia.deis.unibo.it/research/MIDAS/Ontologies/MIDAS_Profile.owl#Profile>);0.0;0.0;0;0
ore_ont_7270.owl;SubClassOf(<http://www.lia.deis.unibo.it/research/MIDAS/Ontologies/TFLEOntology.owl#Catering> <http://www.lia.deis.unibo.it/research/MIDAS/Ontologies/TFLEOntology.owl#Banquet_Catering>);0.0;0.0;0;0
ore_ont_7270.owl;SubClassOf(<http://www.lia.deis.unibo.it/research/MIDAS/Ontologies/TFLEOntology.owl#Campsites> <http://www.lia.deis.unibo.it/research/MIDAS/Ontologies/TFLEOntology.owl#Camping_Wilderness>);0.0;0.0;0;0
ore_ont_7270.owl;SubClassOf(<http://www.lia.deis.unibo.it/research/MIDAS/Ontologies/TFLEOntology.owl#Hotel_Motel_Inn> <http://www.lia.deis.unibo.it/research/MIDAS/Ontologies/TFLEOntology.owl#Hotel_Meeting_Facilities>);0.0;0.0;0;0
ore_ont_7270.owl;SubClassOf(<http://www.lia.deis.unibo.it/research/MIDAS/Ontologies/TFLEOntology.owl#Banquet_Catering> <http://www.lia.deis.unibo.it/research/MIDAS/Ontologies/TFLEOntology.owl#Restaurant_Catering>);0.0;0.0;0;0
ore_ont_7270.owl;SubClassOf(<http://www.absoluteiri.edu/RELAPPROXC153> <http://www.absoluteiri.edu/RELAPPROXC134>);0.0;0.0;0;0
ore_ont_13643.owl;SubClassOf(<http://www.bioassayontology.org/bao#BAO_0002374> <http://www.bioassayontology.org/bao#BAO_0002094>);0.4155844155844153;0.4155844155844153;0;0
ore_ont_13643.owl;SubClassOf(<http://www.bioassayontology.org/bao#BAO_0002379> <http://www.bioassayontology.org/bao#BAO_0002374>);0.0;0.0;0;0
ore_ont_13643.owl;SubClassOf(<http://www.bioassayontology.org/bao#BAO_0002330> <http://www.bioassayontology.org/bao#BAO_0002329>);0.0;0.0;0;0
ore_ont_13643.owl;SubClassOf(<http://www.bioassayontology.org/bao#BAO_0002273> <http://www.bioassayontology.org/bao#BAO_0002272>);0.0;0.0;0;0
ore_ont_13643.owl;SubClassOf(<http://www.bioassayontology.org/bao#BAO_0002343> <http://www.bioassayontology.org/bao#BAO_0002341>);0.0;0.0;0;0
ore_ont_13643.owl;SubClassOf(<http://www.bioassayontology.org/bao#BAO_0002209> <http://www.bioassayontology.org/bao#BAO_0002206>);0.0;0.0;0;0
ore_ont_13643.owl;SubClassOf(<http://www.bioassayontology.org/bao#BAO_0002297> <http://www.bioassayontology.org/bao#BAO_0002282>);0.0;1.0;1;0
ore_ont_13643.owl;SubClassOf(<http://www.bioassayontology.org/bao#BAO_0002340> <http://www.bioassayontology.org/bao#BAO_0002336>);0.0;0.0;0;0
ore_ont_13643.owl;SubClassOf(<http://www.bioassayontology.org/bao#BAO_0002272> <http://www.bioassayontology.org/bao#BAO_0002269>);0.0;0.0;0;0
ore_ont_13643.owl;SubClassOf(<http://www.bioassayontology.org/bao#BAO_0002272> <http://www.bioassayontology.org/bao#BAO_0002248>);1.0;0.0;0;1
ore_ont_6735.owl;SubClassOf(<http://purl.obolibrary.org/obo/sep_00121> <http://purl.obolibrary.org/obo/sep_00118>);0.0;0.0;0;0
ore_ont_6735.owl;SubClassOf(<http://purl.obolibrary.org/obo/sep_00086> <http://purl.obolibrary.org/obo/sep_00013>);0.0;0.0;0;0
ore_ont_6735.owl;SubClassOf(<http://purl.obolibrary.org/obo/sep_00160> <http://purl.obolibrary.org/obo/sep_00101>);0.0;1.0;1;0
ore_ont_6735.owl;SubClassOf(<http://purl.obolibrary.org/obo/sep_00030> <http://purl.obolibrary.org/obo/sep_00004>);0.2447552447552445;1.0;1;0
ore_ont_6735.owl;SubClassOf(<http://purl.obolibrary.org/obo/sep_00118> <http://purl.obolibrary.org/obo/sep_00076>);1.0;0.0;0;1
ore_ont_6735.owl;SubClassOf(<http://purl.obolibrary.org/obo/sep_00213> <http://purl.obolibrary.org/obo/sep_00210>);0.0;0.0;0;0
ore_ont_6735.owl;SubClassOf(<http://purl.obolibrary.org/obo/sep_00053> <http://purl.obolibrary.org/obo/sep_00048>);0.0;0.0;0;0
ore_ont_6735.owl;SubClassOf(<http://purl.obolibrary.org/obo/sep_00013> <http://purl.obolibrary.org/obo/sep_00078>);0.0;0.0;0;0
ore_ont_6735.owl;SubClassOf(<http://purl.obolibrary.org/obo/sep_00165> <http://purl.obolibrary.org/obo/sep_00160>);0.0;0.0;0;0
ore_ont_6735.owl;SubClassOf(<http://purl.obolibrary.org/obo/sep_00096> <http://purl.obolibrary.org/obo/sep_00075>);0.0;0.0;0;0
ore_ont_3082.owl;SubClassOf(<http://ontology.dumontierlab.com/biological-measure-primitive-1.0.owl#MontgomeryAsbergDepressionRating> <http://ontology.dumontierlab.com/biological-measure-primitive-1.0.owl#DepressionMeasure>);0.0;1.0;1;0
ore_ont_3082.owl;SubClassOf(<http://ontology.dumontierlab.com/biological-measure-primitive-1.0.owl#CoagulationProfile> <http://ontology.dumontierlab.com/biological-measure-primitive-1.0.owl#TissueMeasure>);0.0;0.0;0;0
ore_ont_3082.owl;SubClassOf(<http://ontology.dumontierlab.com/biological-measure-primitive-1.0.owl#SatietyDifference> <http://ontology.dumontierlab.com/biological-measure-primitive-1.0.owl#SatietyMeasure>);0.0;0.0;0;0
ore_ont_3082.owl;SubClassOf(<http://ontology.dumontierlab.com/biological-measure-primitive-1.0.owl#RemissionFrequency> <http://ontology.dumontierlab.com/biological-measure-primitive-1.0.owl#ClinicalOutcomeMeasure>);0.0;1.0;1;0
ore_ont_3082.owl;SubClassOf(<http://ontology.dumontierlab.com/biological-measure-primitive-1.0.owl#HighRemissionOddsRatio> <http://ontology.dumontierlab.com/biological-measure-primitive-1.0.owl#RemissionOddsRatio>);0.0;0.0;0;0
ore_ont_3082.owl;SubClassOf(<http://ontology.dumontierlab.com/biological-measure-primitive-1.0.owl#ModerateReductionInHamiltonAnxietyScore> <http://ontology.dumontierlab.com/biological-measure-primitive-1.0.owl#HamiltonAnxietyScoreDifference>);0.0;0.0;0;0
ore_ont_3082.owl;SubClassOf(<http://ontology.dumontierlab.com/biological-measure-primitive-1.0.owl#TissueMeasure> <http://ontology.dumontierlab.com/biological-measure-primitive-1.0.owl#BiologicalMeasure>);0.0;0.0;0;0
ore_ont_3082.owl;SubClassOf(<http://ontology.dumontierlab.com/biological-measure-primitive-1.0.owl#BloodPressure> <http://ontology.dumontierlab.com/biological-measure-primitive-1.0.owl#BiophysicalMeasure>);0.0;0.0;0;0
ore_ont_3082.owl;SubClassOf(<http://ontology.dumontierlab.com/biological-measure-primitive-1.0.owl#ModerateRemission> <http://ontology.dumontierlab.com/biological-measure-primitive-1.0.owl#RemissionFrequency>);0.0;0.0;0;0
ore_ont_3082.owl;SubClassOf(<http://ontology.dumontierlab.com/biological-measure-primitive-1.0.owl#IncreasedGeneExpression> <http://ontology.dumontierlab.com/biological-measure-primitive-1.0.owl#GeneExpressionDifference>);0.0;0.0;0;0
ore_ont_9031.owl;SubClassOf(<http://purl.obolibrary.org/obo/MFOEM_000188> <http://purl.obolibrary.org/obo/MFOEM_000183>);0.0;0.0;0;0
ore_ont_9031.owl;SubClassOf(<http://purl.obolibrary.org/obo/MFOEM_000080> <http://purl.obolibrary.org/obo/MFOEM_000006>);0.0;0.0;0;0
ore_ont_9031.owl;SubClassOf(<http://purl.obolibrary.org/obo/MFOEM_000034> <http://purl.obolibrary.org/obo/MFOEM_000042>);0.0;0.0;0;0
ore_ont_9031.owl;SubClassOf(<http://purl.obolibrary.org/obo/MFOEM_000174> <http://purl.obolibrary.org/obo/MFOEM_000125>);0.0;0.0;0;0
ore_ont_9031.owl;SubClassOf(<http://purl.obolibrary.org/obo/MFOEM_000152> <http://purl.obolibrary.org/obo/MFOEM_000004>);0.0;0.0;0;0
ore_ont_9031.owl;SubClassOf(<http://purl.obolibrary.org/obo/MFOEM_000183> <http://purl.obolibrary.org/obo/MFOEM_000152>);0.0;0.0;0;0
ore_ont_9031.owl;SubClassOf(<http://purl.obolibrary.org/obo/MFOEM_000042> <http://purl.obolibrary.org/obo/MFOEM_000001>);0.0;0.0;0;0
ore_ont_9031.owl;SubClassOf(<http://purl.obolibrary.org/obo/MFOEM_000075> <http://purl.obolibrary.org/obo/MFOEM_000005>);0.0;0.0;0;0
ore_ont_9031.owl;SubClassOf(<http://purl.obolibrary.org/obo/MFOEM_000144> <http://purl.obolibrary.org/obo/MFOEM_000003>);0.0;0.0;0;0
ore_ont_9031.owl;SubClassOf(<http://purl.obolibrary.org/obo/MFOEM_000190> <http://purl.obolibrary.org/obo/MFOEM_000174>);0.0;0.0;0;0
ore_ont_13530.owl;SubClassOf(<http://purl.obolibrary.org/obo/GRO_0007132> <http://purl.obolibrary.org/obo/GRO_0007124>);0.0;0.0;0;0
ore_ont_13530.owl;SubClassOf(<http://purl.obolibrary.org/obo/GRO_0007058> <http://purl.obolibrary.org/obo/GRO_0007156>);0.0;0.0;0;0
ore_ont_13530.owl;SubClassOf(<http://purl.obolibrary.org/obo/GRO_0007185> <http://purl.obolibrary.org/obo/GRO_0007160>);0.0;0.0;0;0
ore_ont_13530.owl;SubClassOf(<http://purl.obolibrary.org/obo/GRO_0007086> <http://purl.obolibrary.org/obo/GRO_0007080>);0.0;0.0;0;0
ore_ont_13530.owl;SubClassOf(<http://purl.obolibrary.org/obo/GRO_0007119> <http://purl.obolibrary.org/obo/GRO_0007114>);0.0;0.0;0;0
ore_ont_13530.owl;SubClassOf(<http://purl.obolibrary.org/obo/GRO_0007174> <http://purl.obolibrary.org/obo/GRO_0007137>);0.0;0.0;0;0
ore_ont_13530.owl;SubClassOf(<http://purl.obolibrary.org/obo/GRO_0007064> <http://purl.obolibrary.org/obo/GRO_0007058>);0.0;0.0;0;0
ore_ont_13530.owl;SubClassOf(<http://purl.obolibrary.org/obo/GRO_0007196> <http://purl.obolibrary.org/obo/GRO_0007157>);0.0;0.0;0;0
ore_ont_13530.owl;SubClassOf(<http://purl.obolibrary.org/obo/GRO_0007075> <http://purl.obolibrary.org/obo/GRO_0007069>);0.0;0.0;0;0
ore_ont_13530.owl;SubClassOf(<http://purl.obolibrary.org/obo/GRO_0007012> <http://purl.obolibrary.org/obo/GRO_0007002>);0.0;0.0;0;0
ore_ont_3463.owl;SubClassOf(<https://raw.github.com/ontohub/OOR_Ontohub_API/master/Domain_Fields_Core.owl#Sport> <https://raw.github.com/ontohub/OOR_Ontohub_API/master/Domain_Fields_Core.owl#Personal_services>);0.0;0.0;0;0
ore_ont_3463.owl;SubClassOf(<https://raw.github.com/ontohub/OOR_Ontohub_API/master/Domain_Fields_Core.owl#Motor_vehicle_ship_and_aircraft> <https://raw.github.com/ontohub/OOR_Ontohub_API/master/Domain_Fields_Core.owl#Engineering_and_engineering_trade>);0.0;0.0;0;0
ore_ont_3463.owl;SubClassOf(<https://raw.github.com/ontohub/OOR_Ontohub_API/master/Domain_Fields_Core.owl#Personal_services> <https://raw.github.com/ontohub/OOR_Ontohub_API/master/Domain_Fields_Core.owl#Services>);0.0;0.0;0;0
ore_ont_3463.owl;SubClassOf(<https://raw.github.com/ontohub/OOR_Ontohub_API/master/Domain_Fields_Core.owl#Business_and_administration> <https://raw.github.com/ontohub/OOR_Ontohub_API/master/Domain_Fields_Core.owl#Domain_Field>);0.0;1.0;1;0
ore_ont_3463.owl;SubClassOf(<https://raw.github.com/ontohub/OOR_Ontohub_API/master/Domain_Fields_Core.owl#Physical_science> <https://raw.github.com/ontohub/OOR_Ontohub_API/master/Domain_Fields_Core.owl#Natural_science_mathematics_and_statistics>);0.0;0.0;0;0
ore_ont_3463.owl;SubClassOf(<https://raw.github.com/ontohub/OOR_Ontohub_API/master/Domain_Fields_Core.owl#Economics> <https://raw.github.com/ontohub/OOR_Ontohub_API/master/Domain_Fields_Core.owl#Social_and_behavioural_science>);0.0;0.0;0;0
ore_ont_3463.owl;SubClassOf(<https://raw.github.com/ontohub/OOR_Ontohub_API/master/Domain_Fields_Core.owl#Management_and_administration> <https://raw.github.com/ontohub/OOR_Ontohub_API/master/Domain_Fields_Core.owl#Business_and_administration>);0.0;0.0;0;0
ore_ont_3463.owl;SubClassOf(<https://raw.github.com/ontohub/OOR_Ontohub_API/master/Domain_Fields_Core.owl#Medical_diagnostic_and_treatment_technology> <https://raw.github.com/ontohub/OOR_Ontohub_API/master/Domain_Fields_Core.owl#Health>);0.0;0.0;0;0
ore_ont_3463.owl;SubClassOf(<https://raw.github.com/ontohub/OOR_Ontohub_API/master/Domain_Fields_Core.owl#Fine_arts> <https://raw.github.com/ontohub/OOR_Ontohub_API/master/Domain_Fields_Core.owl#Arts>);0.0;0.0;0;0
ore_ont_3463.owl;SubClassOf(<https://raw.github.com/ontohub/OOR_Ontohub_API/master/Domain_Fields_Core.owl#Material_processing> <https://raw.github.com/ontohub/OOR_Ontohub_API/master/Domain_Fields_Core.owl#ManufacturingAndProcessing>);0.0;0.0;0;0
ore_ont_5090.owl;SubClassOf(<http://purl.obolibrary.org/obo/XEO_00050> <http://purl.obolibrary.org/obo/XEO_00004>);1.0;0.0;0;1
ore_ont_5090.owl;SubClassOf(<http://purl.obolibrary.org/obo/XEO_00054> <http://purl.obolibrary.org/obo/XEO_00049>);0.0;0.0;0;0
ore_ont_5090.owl;SubClassOf(<http://purl.obolibrary.org/obo/XEO_00127> <http://purl.obolibrary.org/obo/XEO_00005>);0.0;0.0;0;0
ore_ont_5090.owl;SubClassOf(<http://purl.obolibrary.org/obo/XEO_00135> <http://purl.obolibrary.org/obo/XEO_00002>);1.0;0.0;0;1
ore_ont_5090.owl;SubClassOf(<http://purl.obolibrary.org/obo/XEO_00081> <http://purl.obolibrary.org/obo/XEO_00050>);0.0;0.0;0;0
ore_ont_5090.owl;SubClassOf(<http://purl.obolibrary.org/obo/XEO_00135> <http://purl.obolibrary.org/obo/XEO_00005>);0.0;0.0;0;0
ore_ont_5090.owl;SubClassOf(<http://purl.obolibrary.org/obo/XEO_00067> <http://purl.obolibrary.org/obo/XEO_00054>);0.0;0.0;0;0
ore_ont_5090.owl;SubClassOf(<http://purl.obolibrary.org/obo/XEO_00119> <http://purl.obolibrary.org/obo/XEO_00046>);0.0;0.0;0;0
ore_ont_5090.owl;SubClassOf(<http://purl.obolibrary.org/obo/XEO_00152> <http://purl.obolibrary.org/obo/XEO_00005>);0.0;0.0;0;0
ore_ont_5090.owl;SubClassOf(<http://purl.obolibrary.org/obo/XEO_00171> <http://purl.obolibrary.org/obo/XEO_00237>);0.0;0.0;0;0
ore_ont_10536.owl;SubClassOf(<http://www.absoluteiri.edu/RELAPPROXC198> <http://www.absoluteiri.edu/RELAPPROXC197>);0.0;0.0;0;0
ore_ont_10536.owl;SubClassOf(<http://www.absoluteiri.edu/RELAPPROXC196> <http://www.absoluteiri.edu/RELAPPROXC195>);0.0;0.0;0;0
ore_ont_10536.owl;SubClassOf(<http://www.absoluteiri.edu/RELAPPROXC196> <http://www.absoluteiri.edu/RELAPPROXC199>);0.0;0.0;0;0
ore_ont_10536.owl;SubClassOf(<http://www.absoluteiri.edu/RELAPPROXC194> <http://www.absoluteiri.edu/RELAPPROXC197>);0.0;0.0;0;0
ore_ont_2876.owl;SubClassOf(<file:/media/owl/Seagate%20Expansion%20Drive/mowlcorp_rep/mowlcorp_2014.10.07_orig/files/15142ae8-c9b2-4e1a-ac58-284d3db0504a_CIDOC1.rdf#E65.Conceptual_Creation> <file:/media/owl/Seagate%20Expansion%20Drive/mowlcorp_rep/mowlcorp_2014.10.07_orig/files/15142ae8-c9b2-4e1a-ac58-284d3db0504a_CIDOC1.rdf#E63.Beginning_of_Existence>);0.0;0.0;0;0
ore_ont_2876.owl;SubClassOf(<file:/media/owl/Seagate%20Expansion%20Drive/mowlcorp_rep/mowlcorp_2014.10.07_orig/files/15142ae8-c9b2-4e1a-ac58-284d3db0504a_CIDOC1.rdf#E44.Place_Appellation> <file:/media/owl/Seagate%20Expansion%20Drive/mowlcorp_rep/mowlcorp_2014.10.07_orig/files/15142ae8-c9b2-4e1a-ac58-284d3db0504a_CIDOC1.rdf#E41.Appellation>);0.0;0.0;0;0
ore_ont_2876.owl;SubClassOf(<file:/media/owl/Seagate%20Expansion%20Drive/mowlcorp_rep/mowlcorp_2014.10.07_orig/files/15142ae8-c9b2-4e1a-ac58-284d3db0504a_CIDOC1.rdf#E13.Attribute_Assignment> <file:/media/owl/Seagate%20Expansion%20Drive/mowlcorp_rep/mowlcorp_2014.10.07_orig/files/15142ae8-c9b2-4e1a-ac58-284d3db0504a_CIDOC1.rdf#E7.Activity>);0.0;0.0;0;0
ore_ont_2876.owl;SubClassOf(<file:/media/owl/Seagate%20Expansion%20Drive/mowlcorp_rep/mowlcorp_2014.10.07_orig/files/15142ae8-c9b2-4e1a-ac58-284d3db0504a_CIDOC1.rdf#E24.Physical_Man-Made_Stuff> <file:/media/owl/Seagate%20Expansion%20Drive/mowlcorp_rep/mowlcorp_2014.10.07_orig/files/15142ae8-c9b2-4e1a-ac58-284d3db0504a_CIDOC1.rdf#E18.Physical_Stuff>);0.0;0.0;0;0
ore_ont_2876.owl;SubClassOf(<file:/media/owl/Seagate%20Expansion%20Drive/mowlcorp_rep/mowlcorp_2014.10.07_orig/files/15142ae8-c9b2-4e1a-ac58-284d3db0504a_CIDOC1.rdf#E7.Activity> <file:/media/owl/Seagate%20Expansion%20Drive/mowlcorp_rep/mowlcorp_2014.10.07_orig/files/15142ae8-c9b2-4e1a-ac58-284d3db0504a_CIDOC1.rdf#E1.CRM_Entity>);0.0;1.0;1;0
ore_ont_2876.owl;SubClassOf(<file:/media/owl/Seagate%20Expansion%20Drive/mowlcorp_rep/mowlcorp_2014.10.07_orig/files/15142ae8-c9b2-4e1a-ac58-284d3db0504a_CIDOC1.rdf#E7.Activity> <file:/media/owl/Seagate%20Expansion%20Drive/mowlcorp_rep/mowlcorp_2014.10.07_orig/files/15142ae8-c9b2-4e1a-ac58-284d3db0504a_CIDOC1.rdf#E5.Event>);0.0;0.0;0;0
ore_ont_2876.owl;SubClassOf(<file:/media/owl/Seagate%20Expansion%20Drive/mowlcorp_rep/mowlcorp_2014.10.07_orig/files/15142ae8-c9b2-4e1a-ac58-284d3db0504a_CIDOC1.rdf#E56.Language> <file:/media/owl/Seagate%20Expansion%20Drive/mowlcorp_rep/mowlcorp_2014.10.07_orig/files/15142ae8-c9b2-4e1a-ac58-284d3db0504a_CIDOC1.rdf#E55.Type>);0.0;0.0;0;0
ore_ont_2876.owl;SubClassOf(<file:/media/owl/Seagate%20Expansion%20Drive/mowlcorp_rep/mowlcorp_2014.10.07_orig/files/15142ae8-c9b2-4e1a-ac58-284d3db0504a_CIDOC1.rdf#E36.Visual_Item> <file:/media/owl/Seagate%20Expansion%20Drive/mowlcorp_rep/mowlcorp_2014.10.07_orig/files/15142ae8-c9b2-4e1a-ac58-284d3db0504a_CIDOC1.rdf#E73.Information_Object>);0.0;0.0;0;0
ore_ont_2876.owl;SubClassOf(<file:/media/owl/Seagate%20Expansion%20Drive/mowlcorp_rep/mowlcorp_2014.10.07_orig/files/15142ae8-c9b2-4e1a-ac58-284d3db0504a_CIDOC1.rdf#E15.Identifier_Assignment> <file:/media/owl/Seagate%20Expansion%20Drive/mowlcorp_rep/mowlcorp_2014.10.07_orig/files/15142ae8-c9b2-4e1a-ac58-284d3db0504a_CIDOC1.rdf#E13.Attribute_Assignment>);0.0;0.0;0;0
ore_ont_2876.owl;SubClassOf(<file:/media/owl/Seagate%20Expansion%20Drive/mowlcorp_rep/mowlcorp_2014.10.07_orig/files/15142ae8-c9b2-4e1a-ac58-284d3db0504a_CIDOC1.rdf#E45.Address> <file:/media/owl/Seagate%20Expansion%20Drive/mowlcorp_rep/mowlcorp_2014.10.07_orig/files/15142ae8-c9b2-4e1a-ac58-284d3db0504a_CIDOC1.rdf#E44.Place_Appellation>);0.0;0.0;0;0
ore_ont_15145.owl;SubClassOf(<file:/media/owl/Seagate%20Expansion%20Drive/mowlcorp_rep/mowlcorp_2014.10.07_orig/files/75a65645-51c9-4fe9-9f71-443fde726c1a__v5.0.1__.rdfs#E65_> <file:/media/owl/Seagate%20Expansion%20Drive/mowlcorp_rep/mowlcorp_2014.10.07_orig/files/75a65645-51c9-4fe9-9f71-443fde726c1a__v5.0.1__.rdfs#E63_>);0.0;0.0;0;0
ore_ont_15145.owl;SubClassOf(<file:/media/owl/Seagate%20Expansion%20Drive/mowlcorp_rep/mowlcorp_2014.10.07_orig/files/75a65645-51c9-4fe9-9f71-443fde726c1a__v5.0.1__.rdfs#E45_> <file:/media/owl/Seagate%20Expansion%20Drive/mowlcorp_rep/mowlcorp_2014.10.07_orig/files/75a65645-51c9-4fe9-9f71-443fde726c1a__v5.0.1__.rdfs#E44_>);0.0;0.0;0;0
ore_ont_15145.owl;SubClassOf(<file:/media/owl/Seagate%20Expansion%20Drive/mowlcorp_rep/mowlcorp_2014.10.07_orig/files/75a65645-51c9-4fe9-9f71-443fde726c1a__v5.0.1__.rdfs#E24_> <file:/media/owl/Seagate%20Expansion%20Drive/mowlcorp_rep/mowlcorp_2014.10.07_orig/files/75a65645-51c9-4fe9-9f71-443fde726c1a__v5.0.1__.rdfs#E18_>);0.0;0.0;0;0
ore_ont_15145.owl;SubClassOf(<file:/media/owl/Seagate%20Expansion%20Drive/mowlcorp_rep/mowlcorp_2014.10.07_orig/files/75a65645-51c9-4fe9-9f71-443fde726c1a__v5.0.1__.rdfs#E7_> <file:/media/owl/Seagate%20Expansion%20Drive/mowlcorp_rep/mowlcorp_2014.10.07_orig/files/75a65645-51c9-4fe9-9f71-443fde726c1a__v5.0.1__.rdfs#E1_>);0.5846153846153848;0.0;0;1
ore_ont_15145.owl;SubClassOf(<file:/media/owl/Seagate%20Expansion%20Drive/mowlcorp_rep/mowlcorp_2014.10.07_orig/files/75a65645-51c9-4fe9-9f71-443fde726c1a__v5.0.1__.rdfs#E22_> <file:/media/owl/Seagate%20Expansion%20Drive/mowlcorp_rep/mowlcorp_2014.10.07_orig/files/75a65645-51c9-4fe9-9f71-443fde726c1a__v5.0.1__.rdfs#E24_>);0.0;0.0;0;0
ore_ont_15145.owl;SubClassOf(<file:/media/owl/Seagate%20Expansion%20Drive/mowlcorp_rep/mowlcorp_2014.10.07_orig/files/75a65645-51c9-4fe9-9f71-443fde726c1a__v5.0.1__.rdfs#E16_> <file:/media/owl/Seagate%20Expansion%20Drive/mowlcorp_rep/mowlcorp_2014.10.07_orig/files/75a65645-51c9-4fe9-9f71-443fde726c1a__v5.0.1__.rdfs#E13_>);0.0;0.0;0;0
ore_ont_15145.owl;SubClassOf(<file:/media/owl/Seagate%20Expansion%20Drive/mowlcorp_rep/mowlcorp_2014.10.07_orig/files/75a65645-51c9-4fe9-9f71-443fde726c1a__v5.0.1__.rdfs#E44_> <file:/media/owl/Seagate%20Expansion%20Drive/mowlcorp_rep/mowlcorp_2014.10.07_orig/files/75a65645-51c9-4fe9-9f71-443fde726c1a__v5.0.1__.rdfs#E41_>);0.0;0.0;0;0
ore_ont_15145.owl;SubClassOf(<file:/media/owl/Seagate%20Expansion%20Drive/mowlcorp_rep/mowlcorp_2014.10.07_orig/files/75a65645-51c9-4fe9-9f71-443fde726c1a__v5.0.1__.rdfs#E36_> <file:/media/owl/Seagate%20Expansion%20Drive/mowlcorp_rep/mowlcorp_2014.10.07_orig/files/75a65645-51c9-4fe9-9f71-443fde726c1a__v5.0.1__.rdfs#E73_>);0.0;0.0;0;0
ore_ont_15145.owl;SubClassOf(<file:/media/owl/Seagate%20Expansion%20Drive/mowlcorp_rep/mowlcorp_2014.10.07_orig/files/75a65645-51c9-4fe9-9f71-443fde726c1a__v5.0.1__.rdfs#E81_> <file:/media/owl/Seagate%20Expansion%20Drive/mowlcorp_rep/mowlcorp_2014.10.07_orig/files/75a65645-51c9-4fe9-9f71-443fde726c1a__v5.0.1__.rdfs#E64_>);0.0;0.0;0;0
ore_ont_15145.owl;SubClassOf(<file:/media/owl/Seagate%20Expansion%20Drive/mowlcorp_rep/mowlcorp_2014.10.07_orig/files/75a65645-51c9-4fe9-9f71-443fde726c1a__v5.0.1__.rdfs#E13_> <file:/media/owl/Seagate%20Expansion%20Drive/mowlcorp_rep/mowlcorp_2014.10.07_orig/files/75a65645-51c9-4fe9-9f71-443fde726c1a__v5.0.1__.rdfs#E7_>);0.0;0.0;0;0
ore_ont_15576.owl;SubClassOf(<http://purl.obolibrary.org/obo/APO_0000003> <http://purl.obolibrary.org/obo/APO_0000002>);0.0;0.0;0;0
ore_ont_15576.owl;SubClassOf(<http://purl.obolibrary.org/obo/APO_0000009> <http://purl.obolibrary.org/obo/APO_0000006>);0.0;0.0;0;0
ore_ont_15576.owl;SubClassOf(<http://purl.obolibrary.org/obo/APO_0000096> <http://purl.obolibrary.org/obo/APO_0000094>);0.0;0.0;0;0
ore_ont_15576.owl;SubClassOf(<http://purl.obolibrary.org/obo/APO_0000102> <http://purl.obolibrary.org/obo/APO_0000096>);1.0;0.0;0;1
ore_ont_15576.owl;SubClassOf(<http://purl.obolibrary.org/obo/APO_0000180> <http://purl.obolibrary.org/obo/APO_0000187>);0.0;0.0;0;0
ore_ont_15576.owl;SubClassOf(<http://purl.obolibrary.org/obo/APO_0000082> <http://purl.obolibrary.org/obo/APO_0000087>);0.0;0.0;0;0
ore_ont_15576.owl;SubClassOf(<http://purl.obolibrary.org/obo/APO_0000118> <http://purl.obolibrary.org/obo/APO_0000296>);0.0;0.0;0;0
ore_ont_15576.owl;SubClassOf(<http://purl.obolibrary.org/obo/APO_0000087> <http://purl.obolibrary.org/obo/APO_0000080>);0.0;0.0;0;0
ore_ont_15576.owl;SubClassOf(<http://purl.obolibrary.org/obo/APO_0000303> <http://purl.obolibrary.org/obo/APO_0000226>);0.0;0.0;0;0
ore_ont_15576.owl;SubClassOf(<http://purl.obolibrary.org/obo/APO_0000171> <http://purl.obolibrary.org/obo/APO_0000186>);0.0;0.0;0;0
ore_ont_11522.owl;SubClassOf(<http://www.opentox.org/api/1.1#Conformer> <http://www.opentox.org/api/1.1#Compound>);0.0;0.0;0;0
ore_ont_11522.owl;SubClassOf(<http://www.absoluteiri.edu/RELAPPROXC100> <http://www.opentox.org/api/1.1#Dataset>);0.0;0.0;0;0
ore_ont_11522.owl;SubClassOf(<http://www.opentox.org/api/1.1#ClassValueStatistics> <http://www.opentox.org/api/1.1#Validation>);1.0;0.0;0;1
ore_ont_11522.owl;SubClassOf(<http://www.opentox.org/api/1.1#ClassValueStatistics> <http://www.opentox.org/api/1.1#OpentoxResource>);1.0;0.0;0;1
ore_ont_11522.owl;SubClassOf(<http://www.opentox.org/api/1.1#NumericAlgorithm> <http://www.opentox.org/api/1.1#Algorithm>);0.0;0.0;0;0
ore_ont_11522.owl;SubClassOf(<http://www.opentox.org/api/1.1#FeatureValue> <http://www.opentox.org/api/1.1#FeatureValuePair>);0.0;0.0;0;0
ore_ont_11522.owl;SubClassOf(<http://www.opentox.org/api/1.1#NumericModel> <http://www.opentox.org/api/1.1#Model>);0.0;0.0;0;0
ore_ont_11522.owl;SubClassOf(<http://www.opentox.org/api/1.1#Model> <http://www.opentox.org/api/1.1#OpentoxResource>);0.0;0.0;0;0
ore_ont_11522.owl;SubClassOf(<http://www.opentox.org/api/1.1#Identifier> <http://www.opentox.org/api/1.1#Feature>);1.0;0.0;0;1
ore_ont_11522.owl;SubClassOf(<http://www.opentox.org/api/1.1#DataEntryNumeric> <http://www.opentox.org/api/1.1#DataEntry>);0.0;0.0;0;0
ore_ont_8806.owl;SubClassOf(<http://purl.obolibrary.org/obo/GO_0030533> <http://purl.obolibrary.org/obo/GO_0003723>);0.0;0.0;0;0
ore_ont_8806.owl;SubClassOf(<http://purl.obolibrary.org/obo/GO_0012505> <http://purl.obolibrary.org/obo/GO_0005575>);0.0;0.0;0;0
ore_ont_8806.owl;SubClassOf(<http://purl.obolibrary.org/obo/GO_0005739> <http://purl.obolibrary.org/obo/GO_0005575>);0.0;0.0;0;0
ore_ont_8806.owl;SubClassOf(<http://purl.obolibrary.org/obo/GO_0005737> <http://purl.obolibrary.org/obo/GO_0005575>);0.0;0.0;0;0
ore_ont_8806.owl;SubClassOf(<http://purl.obolibrary.org/obo/GO_0051169> <http://purl.obolibrary.org/obo/GO_0008150>);0.0;0.0;0;0
ore_ont_8806.owl;SubClassOf(<http://purl.obolibrary.org/obo/GO_0000054> <http://purl.obolibrary.org/obo/GO_0051169>);0.0;0.0;0;0
ore_ont_8806.owl;SubClassOf(<http://purl.obolibrary.org/obo/GO_0051603> <http://purl.obolibrary.org/obo/GO_0051604>);0.0;0.0;0;0
ore_ont_8806.owl;SubClassOf(<http://purl.obolibrary.org/obo/GO_0003723> <http://purl.obolibrary.org/obo/GO_0003674>);0.0;0.0;0;0
ore_ont_8806.owl;SubClassOf(<http://purl.obolibrary.org/obo/GO_0055086> <http://purl.obolibrary.org/obo/GO_0008150>);0.0;0.0;0;0
ore_ont_8806.owl;SubClassOf(<http://purl.obolibrary.org/obo/GO_0055085> <http://purl.obolibrary.org/obo/GO_0008150>);0.0;0.0;0;0
ore_ont_5742.owl;SubClassOf(<file:/media/owl/Seagate%20Expansion%20Drive/mowlcorp_rep/mowlcorp_2014.10.07_orig/files/c6907ef3-a626-4b34-a474-15a4563b7f29_ish_label.rdfs#E16.Measurement> <file:/media/owl/Seagate%20Expansion%20Drive/mowlcorp_rep/mowlcorp_2014.10.07_orig/files/c6907ef3-a626-4b34-a474-15a4563b7f29_ish_label.rdfs#E13.Attribute_Assignment>);0.0;0.0;0;0
ore_ont_5742.owl;SubClassOf(<file:/media/owl/Seagate%20Expansion%20Drive/mowlcorp_rep/mowlcorp_2014.10.07_orig/files/c6907ef3-a626-4b34-a474-15a4563b7f29_ish_label.rdfs#E44.Place_Appellation> <file:/media/owl/Seagate%20Expansion%20Drive/mowlcorp_rep/mowlcorp_2014.10.07_orig/files/c6907ef3-a626-4b34-a474-15a4563b7f29_ish_label.rdfs#E41.Appellation>);0.0;0.0;0;0
ore_ont_5742.owl;SubClassOf(<file:/media/owl/Seagate%20Expansion%20Drive/mowlcorp_rep/mowlcorp_2014.10.07_orig/files/c6907ef3-a626-4b34-a474-15a4563b7f29_ish_label.rdfs#E12.Production> <file:/media/owl/Seagate%20Expansion%20Drive/mowlcorp_rep/mowlcorp_2014.10.07_orig/files/c6907ef3-a626-4b34-a474-15a4563b7f29_ish_label.rdfs#E11.Modification>);0.0;0.0;0;0
ore_ont_5742.owl;SubClassOf(<file:/media/owl/Seagate%20Expansion%20Drive/mowlcorp_rep/mowlcorp_2014.10.07_orig/files/c6907ef3-a626-4b34-a474-15a4563b7f29_ish_label.rdfs#E45.Address> <file:/media/owl/Seagate%20Expansion%20Drive/mowlcorp_rep/mowlcorp_2014.10.07_orig/files/c6907ef3-a626-4b34-a474-15a4563b7f29_ish_label.rdfs#E44.Place_Appellation>);0.0;0.0;0;0
ore_ont_5742.owl;SubClassOf(<file:/media/owl/Seagate%20Expansion%20Drive/mowlcorp_rep/mowlcorp_2014.10.07_orig/files/c6907ef3-a626-4b34-a474-15a4563b7f29_ish_label.rdfs#E13.Attribute_Assignment> <file:/media/owl/Seagate%20Expansion%20Drive/mowlcorp_rep/mowlcorp_2014.10.07_orig/files/c6907ef3-a626-4b34-a474-15a4563b7f29_ish_label.rdfs#E7.Activity>);0.0;0.0;0;0
ore_ont_5742.owl;SubClassOf(<file:/media/owl/Seagate%20Expansion%20Drive/mowlcorp_rep/mowlcorp_2014.10.07_orig/files/c6907ef3-a626-4b34-a474-15a4563b7f29_ish_label.rdfs#E22.Man-Made_Object> <file:/media/owl/Seagate%20Expansion%20Drive/mowlcorp_rep/mowlcorp_2014.10.07_orig/files/c6907ef3-a626-4b34-a474-15a4563b7f29_ish_label.rdfs#E24.Physical_Man-Made_Thing>);0.0;0.0;0;0
ore_ont_5742.owl;SubClassOf(<file:/media/owl/Seagate%20Expansion%20Drive/mowlcorp_rep/mowlcorp_2014.10.07_orig/files/c6907ef3-a626-4b34-a474-15a4563b7f29_ish_label.rdfs#E81.Transformation> <file:/media/owl/Seagate%20Expansion%20Drive/mowlcorp_rep/mowlcorp_2014.10.07_orig/files/c6907ef3-a626-4b34-a474-15a4563b7f29_ish_label.rdfs#E64.End_of_Existence>);0.0;0.0;0;0
ore_ont_5742.owl;SubClassOf(<file:/media/owl/Seagate%20Expansion%20Drive/mowlcorp_rep/mowlcorp_2014.10.07_orig/files/c6907ef3-a626-4b34-a474-15a4563b7f29_ish_label.rdfs#E7.Activity> <file:/media/owl/Seagate%20Expansion%20Drive/mowlcorp_rep/mowlcorp_2014.10.07_orig/files/c6907ef3-a626-4b34-a474-15a4563b7f29_ish_label.rdfs#E1.CRM_Entity>);0.0;0.0;0;0
ore_ont_5742.owl;SubClassOf(<file:/media/owl/Seagate%20Expansion%20Drive/mowlcorp_rep/mowlcorp_2014.10.07_orig/files/c6907ef3-a626-4b34-a474-15a4563b7f29_ish_label.rdfs#E33.Linguistic_Object> <file:/media/owl/Seagate%20Expansion%20Drive/mowlcorp_rep/mowlcorp_2014.10.07_orig/files/c6907ef3-a626-4b34-a474-15a4563b7f29_ish_label.rdfs#E73.Information_Object>);0.0;0.0;0;0
ore_ont_5742.owl;SubClassOf(<file:/media/owl/Seagate%20Expansion%20Drive/mowlcorp_rep/mowlcorp_2014.10.07_orig/files/c6907ef3-a626-4b34-a474-15a4563b7f29_ish_label.rdfs#E65.Creation> <file:/media/owl/Seagate%20Expansion%20Drive/mowlcorp_rep/mowlcorp_2014.10.07_orig/files/c6907ef3-a626-4b34-a474-15a4563b7f29_ish_label.rdfs#E63.Beginning_of_Existence>);0.0;0.0;0;0
ore_ont_6207.owl;SubClassOf(<http://purl.obolibrary.org/obo/ID_0000071> <http://purl.obolibrary.org/obo/ID_0000064>);0.0;0.0;0;0
ore_ont_6207.owl;SubClassOf(<http://purl.obolibrary.org/obo/ID_0000192> <http://purl.obolibrary.org/obo/ID_0000175>);0.0;0.0;0;0
ore_ont_6207.owl;SubClassOf(<http://purl.obolibrary.org/obo/ID_0000024> <http://purl.obolibrary.org/obo/ID_0000015>);0.0;0.0;0;0
ore_ont_6207.owl;SubClassOf(<http://purl.obolibrary.org/obo/ID_0000194> <http://purl.obolibrary.org/obo/ID_0000179>);0.0;0.0;0;0
ore_ont_6207.owl;SubClassOf(<http://purl.obolibrary.org/obo/ID_0000107> <http://purl.obolibrary.org/obo/ID_0000094>);0.0;0.0;0;0
ore_ont_6207.owl;SubClassOf(<http://purl.obolibrary.org/obo/ID_0000229> <http://purl.obolibrary.org/obo/ID_0000181>);0.0;0.0;0;0
ore_ont_6207.owl;SubClassOf(<http://purl.obolibrary.org/obo/ID_0000179> <http://purl.obolibrary.org/obo/ID_0000136>);0.0;0.0;0;0
ore_ont_6207.owl;SubClassOf(<http://purl.obolibrary.org/obo/ID_0000094> <http://purl.obolibrary.org/obo/ID_0000092>);0.0;0.0;0;0
ore_ont_6207.owl;SubClassOf(<http://purl.obolibrary.org/obo/ID_0000029> <http://purl.obolibrary.org/obo/ID_0000013>);0.0;0.0;0;0
ore_ont_6207.owl;SubClassOf(<http://purl.obolibrary.org/obo/ID_0000240> <http://purl.obolibrary.org/obo/ID_0000180>);0.0;0.0;0;0
ore_ont_5089.owl;SubClassOf(<http://www.sensocomune.org/ontologies/SensoComune.owl#Continuant> <http://www.sensocomune.org/ontologies/SensoComune.owl#Entity>);0.0;0.0;0;0
ore_ont_5089.owl;SubClassOf(<http://www.sensocomune.org/ontologies/SensoComune.owl#Action> <http://www.sensocomune.org/ontologies/SensoComune.owl#Process>);0.0;0.0;0;0
ore_ont_5089.owl;SubClassOf(<http://www.absoluteiri.edu/RELAPPROXC113> <http://www.sensocomune.org/ontologies/SensoComune.owl#Action>);0.0;0.0;0;0
ore_ont_5089.owl;SubClassOf(<http://www.sensocomune.org/ontologies/SensoComune.owl#Continuant> <http://www.sensocomune.org/ontologies/SensoComune.owl#ConcreteEntity>);0.0;0.0;0;0
ore_ont_5089.owl;SubClassOf(<http://www.absoluteiri.edu/RELAPPROXC118> <http://www.sensocomune.org/ontologies/SensoComune.owl#Quale>);1.0;0.0;0;1
ore_ont_5089.owl;SubClassOf(<http://www.sensocomune.org/ontologies/SensoComune.owl#Quale> <http://www.sensocomune.org/ontologies/SensoComune.owl#Continuant>);0.0;0.0;0;0
ore_ont_5089.owl;SubClassOf(<http://www.sensocomune.org/ontologies/SensoComune.owl#Group> <http://www.sensocomune.org/ontologies/SensoComune.owl#Collection>);0.0;0.0;0;0
ore_ont_5089.owl;SubClassOf(<http://www.sensocomune.org/ontologies/SensoComune.owl#Process> <http://www.sensocomune.org/ontologies/SensoComune.owl#Occurrent>);1.0;1.0;0;0
ore_ont_5089.owl;SubClassOf(<http://www.sensocomune.org/ontologies/SensoComune.owl#Characterization> <http://www.sensocomune.org/ontologies/SensoComune.owl#AbstractEntity>);0.0;0.0;0;0
ore_ont_5089.owl;SubClassOf(<http://www.sensocomune.org/ontologies/SensoComune.owl#Quality> <http://www.sensocomune.org/ontologies/SensoComune.owl#Characterization>);0.0;0.0;0;0
ore_ont_11497.owl;SubClassOf(<http://purl.obolibrary.org/obo/XAO_1000002> <http://purl.obolibrary.org/obo/XAO_1000000>);1.0;0.0;0;1
ore_ont_11497.owl;SubClassOf(<http://purl.obolibrary.org/obo/XAO_1000001> <http://purl.obolibrary.org/obo/XAO_1000000>);1.0;0.0;0;1
ore_ont_11497.owl;SubClassOf(<http://purl.obolibrary.org/obo/XAO_1000001> <http://purl.obolibrary.org/obo/XAO_1000094>);0.0;0.0;0;0
ore_ont_11497.owl;SubClassOf(<http://purl.obolibrary.org/obo/XAO_1000006> <http://purl.obolibrary.org/obo/XAO_1000000>);1.0;0.0;0;1
ore_ont_11497.owl;SubClassOf(<http://purl.obolibrary.org/obo/XAO_1000089> <http://purl.obolibrary.org/obo/XAO_1000000>);1.0;0.0;0;1
ore_ont_11497.owl;SubClassOf(<http://purl.obolibrary.org/obo/XAO_1000083> <http://purl.obolibrary.org/obo/XAO_1000082>);0.0;0.0;0;0
ore_ont_11497.owl;SubClassOf(<http://purl.obolibrary.org/obo/XAO_1000005> <http://purl.obolibrary.org/obo/XAO_1000000>);1.0;0.0;0;1
ore_ont_11497.owl;SubClassOf(<http://purl.obolibrary.org/obo/XAO_1000004> <http://purl.obolibrary.org/obo/XAO_1000000>);1.0;0.0;0;1
ore_ont_11497.owl;SubClassOf(<http://purl.obolibrary.org/obo/XAO_1000080> <http://purl.obolibrary.org/obo/XAO_1000000>);0.0;0.0;0;0
ore_ont_11497.owl;SubClassOf(<http://purl.obolibrary.org/obo/XAO_1000091> <http://purl.obolibrary.org/obo/XAO_1000000>);0.8900862068965524;0.0;0;1
ore_ont_16626.owl;SubClassOf(<http://purl.obolibrary.org/obo/PO_0007083> <http://purl.obolibrary.org/obo/PO_0007133>);0.0;0.0;0;0
ore_ont_16626.owl;SubClassOf(<http://purl.obolibrary.org/obo/PO_0001018> <http://purl.obolibrary.org/obo/PO_0001004>);0.0;0.0;0;0
ore_ont_16626.owl;SubClassOf(<http://purl.obolibrary.org/obo/PO_0007092> <http://purl.obolibrary.org/obo/PO_0007089>);0.0;0.0;0;0
ore_ont_16626.owl;SubClassOf(<http://purl.obolibrary.org/obo/PO_0007122> <http://purl.obolibrary.org/obo/PO_0007073>);0.0;0.0;0;0
ore_ont_16626.owl;SubClassOf(<http://purl.obolibrary.org/obo/PO_0001017> <http://purl.obolibrary.org/obo/PO_0001007>);0.0;0.0;0;0
ore_ont_16626.owl;SubClassOf(<http://purl.obolibrary.org/obo/PO_0007525> <http://purl.obolibrary.org/obo/PO_0007520>);0.0;0.0;0;0
ore_ont_16626.owl;SubClassOf(<http://purl.obolibrary.org/obo/PO_0007629> <http://purl.obolibrary.org/obo/PO_0007621>);0.0;0.0;0;0
ore_ont_16626.owl;SubClassOf(<http://purl.obolibrary.org/obo/PO_0007013> <http://purl.obolibrary.org/obo/PO_0007014>);0.0;0.0;0;0
ore_ont_16626.owl;SubClassOf(<http://purl.obolibrary.org/obo/PO_0025377> <http://purl.obolibrary.org/obo/PO_0007631>);0.0;0.0;0;0
ore_ont_16626.owl;SubClassOf(<http://purl.obolibrary.org/obo/PO_0007600> <http://purl.obolibrary.org/obo/PO_0009012>);1.0;0.0;0;1
ore_ont_11639.owl;SubClassOf(<http://cbmi.med.harvard.edu/asdphenotype#Class_386> <http://cbmi.med.harvard.edu/asdphenotype#Class_385>);0.0;0.0;0;0
ore_ont_11639.owl;SubClassOf(<http://cbmi.med.harvard.edu/asdphenotype#Class_665> <http://cbmi.med.harvard.edu/asdphenotype#Class_406>);0.0;0.0;0;0
ore_ont_11639.owl;SubClassOf(<http://cbmi.med.harvard.edu/asdphenotype#Class_517> <http://cbmi.med.harvard.edu/asdphenotype#Class_365>);1.0;0.0;0;1
ore_ont_11639.owl;SubClassOf(<http://cbmi.med.harvard.edu/asdphenotype#Class_452> <http://cbmi.med.harvard.edu/asdphenotype#Class_455>);0.0;0.0;0;0
ore_ont_11639.owl;SubClassOf(<http://cbmi.med.harvard.edu/asdphenotype#Class_156> <http://cbmi.med.harvard.edu/asdphenotype#Class_152>);0.0;0.0;0;0
ore_ont_11639.owl;SubClassOf(<http://cbmi.med.harvard.edu/asdphenotype#Class_30> <http://cbmi.med.harvard.edu/asdphenotype#Class_155>);0.0;0.0;0;0
ore_ont_11639.owl;SubClassOf(<http://cbmi.med.harvard.edu/asdphenotype#Class_365> <http://cbmi.med.harvard.edu/asdphenotype#Class_154>);0.0;0.0;0;0
ore_ont_11639.owl;SubClassOf(<http://cbmi.med.harvard.edu/asdphenotype#Class_384> <http://cbmi.med.harvard.edu/asdphenotype#Class_148>);0.0;0.0;0;0
ore_ont_11639.owl;SubClassOf(<http://cbmi.med.harvard.edu/asdphenotype#Class_176> <http://cbmi.med.harvard.edu/asdphenotype#Class_156>);0.0;0.0;0;0
ore_ont_11639.owl;SubClassOf(<http://cbmi.med.harvard.edu/asdphenotype#Class_519> <http://cbmi.med.harvard.edu/asdphenotype#Class_517>);0.0;0.0;0;0
ore_ont_4767.owl;SubClassOf(<http://purl.obolibrary.org/obo/UO_0000001> <http://purl.obolibrary.org/obo/UO_0000045>);0.0;0.0;0;0
ore_ont_4767.owl;SubClassOf(<http://purl.obolibrary.org/obo/UO_0000023> <http://purl.obolibrary.org/obo/UO_0000002>);0.0;0.0;0;0
ore_ont_4767.owl;SubClassOf(<http://purl.obolibrary.org/obo/UO_0000173> <http://purl.obolibrary.org/obo/UO_0000052>);0.0;0.0;0;0
ore_ont_4767.owl;SubClassOf(<http://purl.obolibrary.org/obo/UO_0000166> <http://purl.obolibrary.org/obo/UO_0000051>);0.0;0.0;0;0
ore_ont_4767.owl;SubClassOf(<http://purl.obolibrary.org/obo/UO_0000096> <http://purl.obolibrary.org/obo/UO_0000095>);0.0;0.0;0;0
ore_ont_4767.owl;SubClassOf(<http://purl.obolibrary.org/obo/UO_0000250> <http://purl.obolibrary.org/obo/UO_0000217>);0.0;0.0;0;0
ore_ont_4767.owl;SubClassOf(<http://purl.obolibrary.org/obo/UO_0000151> <http://purl.obolibrary.org/obo/UO_0000149>);0.0;0.0;0;0
ore_ont_4767.owl;SubClassOf(<http://purl.obolibrary.org/obo/UO_0000133> <http://purl.obolibrary.org/obo/UO_0000128>);0.0;0.0;0;0
ore_ont_4767.owl;SubClassOf(<http://purl.obolibrary.org/obo/UO_0000020> <http://purl.obolibrary.org/obo/UO_0000001>);0.0;0.0;0;0
ore_ont_4767.owl;SubClassOf(<http://purl.obolibrary.org/obo/UO_0000051> <http://purl.obolibrary.org/obo/UO_0000046>);0.0;0.0;0;0
ore_ont_2753.owl;SubClassOf(<http://purl.obolibrary.org/obo/AEO_0000125> <http://purl.obolibrary.org/obo/CARO_0000003>);0.0;0.0;0;0
ore_ont_2753.owl;SubClassOf(<http://purl.obolibrary.org/obo/AEO_0001008> <http://purl.obolibrary.org/obo/CARO_0000066>);1.0;0.0;0;1
ore_ont_2753.owl;SubClassOf(<http://purl.obolibrary.org/obo/CL_0000075> <http://purl.obolibrary.org/obo/CL_0002371>);0.0;0.0;0;0
ore_ont_2753.owl;SubClassOf(<http://purl.obolibrary.org/obo/CL_0000071> <http://purl.obolibrary.org/obo/CL_0000066>);0.0;1.0;1;0
ore_ont_2753.owl;SubClassOf(<http://purl.obolibrary.org/obo/AEO_0000168> <http://purl.obolibrary.org/obo/CARO_0000003>);0.0;1.0;1;0
ore_ont_2753.owl;SubClassOf(<http://purl.obolibrary.org/obo/CARO_0000066> <http://purl.obolibrary.org/obo/CARO_0000043>);0.0;0.0;0;0
ore_ont_2753.owl;SubClassOf(<http://purl.obolibrary.org/obo/CL_0000075> <http://purl.obolibrary.org/obo/CL_0000066>);0.0;0.0;0;0
ore_ont_2753.owl;SubClassOf(<http://purl.obolibrary.org/obo/CL_0002371> <http://purl.obolibrary.org/obo/CL_0000144>);0.0;0.0;0;0
ore_ont_2753.owl;SubClassOf(<http://purl.obolibrary.org/obo/AEO_0000083> <http://purl.obolibrary.org/obo/CARO_0000055>);1.0;0.0;0;1
ore_ont_2753.owl;SubClassOf(<http://purl.obolibrary.org/obo/AEO_0000148> <http://purl.obolibrary.org/obo/AEO_0000125>);1.0;0.0;0;1
ore_ont_13053.owl;SubClassOf(<http://purl.obolibrary.org/obo/VariO_0312> <http://purl.obolibrary.org/obo/VariO_0328>);0.0;0.0;0;0
ore_ont_13053.owl;SubClassOf(<http://purl.obolibrary.org/obo/VariO_0257> <http://purl.obolibrary.org/obo/VariO_0238>);0.0;0.0;0;0
ore_ont_13053.owl;SubClassOf(<http://purl.obolibrary.org/obo/VariO_0180> <http://purl.obolibrary.org/obo/VariO_0155>);0.0;1.0;1;0
ore_ont_13053.owl;SubClassOf(<http://purl.obolibrary.org/obo/VariO_0102> <http://purl.obolibrary.org/obo/VariO_0089>);0.0;0.0;0;0
ore_ont_13053.owl;SubClassOf(<http://purl.obolibrary.org/obo/VariO_0089> <http://purl.obolibrary.org/obo/VariO_0070>);0.0;1.0;1;0
ore_ont_13053.owl;SubClassOf(<http://purl.obolibrary.org/obo/VariO_0183> <http://purl.obolibrary.org/obo/VariO_0180>);0.0;0.0;0;0
ore_ont_13053.owl;SubClassOf(<http://purl.obolibrary.org/obo/VariO_0344> <http://purl.obolibrary.org/obo/VariO_0298>);0.0;1.0;1;0
ore_ont_13053.owl;SubClassOf(<http://purl.obolibrary.org/obo/VariO_0218> <http://purl.obolibrary.org/obo/VariO_0215>);0.0;0.0;0;0
ore_ont_13053.owl;SubClassOf(<http://purl.obolibrary.org/obo/VariO_0053> <http://purl.obolibrary.org/obo/VariO_0032>);0.0;0.0;0;0
ore_ont_13053.owl;SubClassOf(<http://purl.obolibrary.org/obo/VariO_0005> <http://purl.obolibrary.org/obo/VariO_0003>);0.0;0.0;0;0
ore_ont_11010.owl;SubClassOf(<http://purl.obolibrary.org/obo/AEO_0000125> <http://purl.obolibrary.org/obo/CARO_0000003>);0.0;0.0;0;0
ore_ont_11010.owl;SubClassOf(<http://purl.obolibrary.org/obo/AEO_0001008> <http://purl.obolibrary.org/obo/CARO_0000066>);1.0;0.0;0;1
ore_ont_11010.owl;SubClassOf(<http://purl.obolibrary.org/obo/CL_0000075> <http://purl.obolibrary.org/obo/CL_0002371>);0.0;0.0;0;0
ore_ont_11010.owl;SubClassOf(<http://purl.obolibrary.org/obo/AEO_0000168> <http://purl.obolibrary.org/obo/CARO_0000003>);0.0;1.0;1;0
ore_ont_11010.owl;SubClassOf(<http://purl.obolibrary.org/obo/CARO_0000066> <http://purl.obolibrary.org/obo/CARO_0000043>);0.0;0.0;0;0
ore_ont_11010.owl;SubClassOf(<http://purl.obolibrary.org/obo/CL_0000075> <http://purl.obolibrary.org/obo/CL_0000066>);0.0;0.0;0;0
ore_ont_11010.owl;SubClassOf(<http://purl.obolibrary.org/obo/CL_0000327> <http://purl.obolibrary.org/obo/CL_0002320>);0.0;1.0;1;0
ore_ont_11010.owl;SubClassOf(<http://purl.obolibrary.org/obo/CL_0002371> <http://purl.obolibrary.org/obo/CL_0000144>);0.0;0.0;0;0
ore_ont_11010.owl;SubClassOf(<http://purl.obolibrary.org/obo/AEO_0000083> <http://purl.obolibrary.org/obo/CARO_0000055>);1.0;0.0;0;1
ore_ont_11010.owl;SubClassOf(<http://purl.obolibrary.org/obo/AEO_0000148> <http://purl.obolibrary.org/obo/AEO_0000125>);1.0;0.0;0;1
ore_ont_7576.owl;SubClassOf(<http://purl.obolibrary.org/obo/SP_0000309> <http://purl.obolibrary.org/obo/SP_0000220>);0.0;0.0;0;0
ore_ont_7576.owl;SubClassOf(<http://purl.obolibrary.org/obo/SP_0000293> <http://purl.obolibrary.org/obo/SP_0000188>);0.0;0.0;0;0
ore_ont_7576.owl;SubClassOf(<http://purl.obolibrary.org/obo/SP_0000385> <http://purl.obolibrary.org/obo/SP_0000019>);0.0;0.0;0;0
ore_ont_7576.owl;SubClassOf(<http://purl.obolibrary.org/obo/SP_0000058> <http://purl.obolibrary.org/obo/SP_0000038>);0.0;0.0;0;0
ore_ont_7576.owl;SubClassOf(<http://purl.obolibrary.org/obo/SP_0000019> <http://purl.obolibrary.org/obo/SP_0001000>);0.0;0.0;0;0
ore_ont_7576.owl;SubClassOf(<http://purl.obolibrary.org/obo/SP_0000065> <http://purl.obolibrary.org/obo/SP_0000058>);0.0;0.0;0;0
ore_ont_7576.owl;SubClassOf(<http://purl.obolibrary.org/obo/SP_0000282> <http://purl.obolibrary.org/obo/SP_0000185>);0.0;0.0;0;0
ore_ont_7576.owl;SubClassOf(<http://purl.obolibrary.org/obo/SP_0000353> <http://purl.obolibrary.org/obo/SP_0000012>);1.0;0.0;0;1
ore_ont_7576.owl;SubClassOf(<http://purl.obolibrary.org/obo/SP_0000231> <http://purl.obolibrary.org/obo/SP_0000211>);0.0;0.0;0;0
ore_ont_7576.owl;SubClassOf(<http://purl.obolibrary.org/obo/SP_0000361> <http://purl.obolibrary.org/obo/SP_0000353>);0.0;0.0;0;0
ore_ont_14518.owl;SubClassOf(<http://purl.obolibrary.org/obo/DDANAT_0000016> <http://purl.obolibrary.org/obo/DDANAT_0010085>);0.0;1.0;1;0
ore_ont_14518.owl;SubClassOf(<http://purl.obolibrary.org/obo/DDANAT_0000004> <http://purl.obolibrary.org/obo/DDANAT_0010082>);0.0;0.0;0;0
ore_ont_14518.owl;SubClassOf(<http://purl.obolibrary.org/obo/DDANAT_0000047> <http://purl.obolibrary.org/obo/DDANAT_0000096>);0.0;0.0;0;0
ore_ont_14518.owl;SubClassOf(<http://purl.obolibrary.org/obo/DDANAT_0000005> <http://purl.obolibrary.org/obo/DDANAT_0010082>);0.0;0.0;0;0
ore_ont_14518.owl;SubClassOf(<http://purl.obolibrary.org/obo/DDANAT_0000016> <http://purl.obolibrary.org/obo/DDANAT_0000087>);0.0;0.0;0;0
ore_ont_14518.owl;SubClassOf(<http://purl.obolibrary.org/obo/DDANAT_0000007> <http://purl.obolibrary.org/obo/DDANAT_0010082>);0.0;0.0;0;0
ore_ont_14518.owl;SubClassOf(<http://purl.obolibrary.org/obo/DDANAT_0000405> <http://purl.obolibrary.org/obo/DDANAT_0000401>);0.0;0.0;0;0
ore_ont_14518.owl;SubClassOf(<http://purl.obolibrary.org/obo/DDANAT_0000041> <http://purl.obolibrary.org/obo/DDANAT_0010085>);0.0;1.0;1;0
ore_ont_14518.owl;SubClassOf(<http://purl.obolibrary.org/obo/DDANAT_0000004> <http://purl.obolibrary.org/obo/DDANAT_0010001>);0.0;1.0;1;0
ore_ont_14518.owl;SubClassOf(<http://purl.obolibrary.org/obo/DDANAT_0000019> <http://purl.obolibrary.org/obo/DDANAT_0000087>);0.0;0.0;0;0
ore_ont_10516.owl;SubClassOf(<http://purl.obolibrary.org/obo/OPL_0000038> <http://purl.obolibrary.org/obo/NCBITaxon_6183>);0.0;0.0;0;0
ore_ont_10516.owl;SubClassOf(<http://purl.obolibrary.org/obo/OPL_0000027> <http://purl.obolibrary.org/obo/CARO_0000003>);1.0;0.0;0;1
ore_ont_10516.owl;SubClassOf(<http://purl.obolibrary.org/obo/OPL_0000146> <http://purl.obolibrary.org/obo/NCBITaxon_5833>);0.0;0.0;0;0
ore_ont_10516.owl;SubClassOf(<http://purl.obolibrary.org/obo/OPL_0000171> <http://purl.obolibrary.org/obo/snap#_Role>);1.0;0.0;0;1
ore_ont_10516.owl;SubClassOf(<http://purl.obolibrary.org/obo/OPL_0000032> <http://purl.obolibrary.org/obo/UBERON_0001045>);0.0;0.0;0;0
ore_ont_10516.owl;SubClassOf(<http://purl.obolibrary.org/obo/OPL_0000077> <http://purl.obolibrary.org/obo/NCBITaxon_6182>);0.0;0.0;0;0
ore_ont_10516.owl;SubClassOf(<http://purl.obolibrary.org/obo/OPL_0000158> <http://purl.obolibrary.org/obo/OPL_0000165>);0.0;0.0;0;0
ore_ont_10516.owl;SubClassOf(<http://purl.obolibrary.org/obo/OPL_0000165> <http://purl.obolibrary.org/obo/OPL_0000181>);0.0;0.0;0;0
ore_ont_10516.owl;SubClassOf(<http://purl.obolibrary.org/obo/OPL_0000178> <http://purl.obolibrary.org/obo/NCBITaxon_6185>);0.0;0.0;0;0
ore_ont_10516.owl;SubClassOf(<http://purl.obolibrary.org/obo/OPL_0000032> <http://purl.obolibrary.org/obo/CARO_0000003>);0.0;1.0;1;0
ore_ont_13301.owl;SubClassOf(<http://purl.obolibrary.org/obo/NCBITaxon_435447> <http://purl.obolibrary.org/obo/NCBITaxon_435434>);0.0;0.0;0;0
ore_ont_13301.owl;SubClassOf(<http://purl.obolibrary.org/obo/NCBITaxon_435434> <http://purl.obolibrary.org/obo/NCBITaxon_435433>);0.0;0.0;0;0
ore_ont_13301.owl;SubClassOf(<http://purl.obolibrary.org/obo/NCBITaxon_318696> <http://purl.obolibrary.org/obo/NCBITaxon_7372>);0.0;0.0;0;0
ore_ont_13301.owl;SubClassOf(<http://purl.obolibrary.org/obo/NCBITaxon_367292> <http://purl.obolibrary.org/obo/NCBITaxon_7374>);0.0;0.0;0;0
ore_ont_13301.owl;SubClassOf(<http://purl.obolibrary.org/obo/NCBITaxon_143287> <http://purl.obolibrary.org/obo/NCBITaxon_10140>);0.0;0.0;0;0
ore_ont_13301.owl;SubClassOf(<http://purl.obolibrary.org/obo/p11#_birnlex_189> <http://purl.obolibrary.org/obo/NCBITaxon_10090>);0.0;0.0;0;0
ore_ont_13301.owl;SubClassOf(<http://purl.obolibrary.org/obo/NCBITaxon_7372> <http://purl.obolibrary.org/obo/NCBITaxon_43912>);0.0;0.0;0;0
ore_ont_13301.owl;SubClassOf(<http://purl.obolibrary.org/obo/NCBITaxon_7372> <http://purl.obolibrary.org/obo/NCBITaxon_7371>);0.0;1.0;1;0
ore_ont_13301.owl;SubClassOf(<http://purl.obolibrary.org/obo/NCBITaxon_435434> <http://purl.obolibrary.org/obo/NCBITaxon_10114>);0.0;1.0;1;0
ore_ont_13301.owl;SubClassOf(<http://purl.obolibrary.org/obo/NCBITaxon_81419> <http://purl.obolibrary.org/obo/NCBITaxon_45449>);0.0;0.0;0;0
ore_ont_15068.owl;SubClassOf(<http://biomanta.sourceforge.net/2007/10/ncbi_taxo.owl#ncbi_taxo_9825> <http://biomanta.sourceforge.net/2007/10/ncbi_taxo.owl#ncbi_taxo_9823>);0.0;0.0;0;0
ore_ont_15068.owl;SubClassOf(<http://biomanta.sourceforge.net/2007/10/ncbi_taxo.owl#ncbi_taxo_400035> <http://biomanta.sourceforge.net/2007/10/ncbi_taxo.owl#ncbi_taxo_9031>);0.0;0.0;0;0
ore_ont_15068.owl;SubClassOf(<http://biomanta.sourceforge.net/2007/10/ncbi_taxo.owl#ncbi_taxo_468558> <http://biomanta.sourceforge.net/2007/10/ncbi_taxo.owl#ncbi_taxo_4932>);0.0;0.0;0;0
ore_ont_15068.owl;SubClassOf(<http://biomanta.sourceforge.net/2007/10/ncbi_taxo.owl#ncbi_taxo_93385> <http://biomanta.sourceforge.net/2007/10/ncbi_taxo.owl#ncbi_taxo_3711>);0.0;0.0;0;0
ore_ont_15068.owl;SubClassOf(<http://biomanta.sourceforge.net/2007/10/ncbi_taxo.owl#ncbi_taxo_112250> <http://biomanta.sourceforge.net/2007/10/ncbi_taxo.owl#ncbi_taxo_4754>);0.0;0.0;0;0
ore_ont_15068.owl;SubClassOf(<http://biomanta.sourceforge.net/2007/10/ncbi_taxo.owl#ncbi_taxo_208196> <http://biomanta.sourceforge.net/2007/10/ncbi_taxo.owl#ncbi_taxo_208194>);0.0;0.0;0;0
ore_ont_15068.owl;SubClassOf(<http://biomanta.sourceforge.net/2007/10/ncbi_taxo.owl#ncbi_taxo_41122> <http://biomanta.sourceforge.net/2007/10/ncbi_taxo.owl#ncbi_taxo_5085>);0.0;0.0;0;0
ore_ont_15068.owl;SubClassOf(<http://biomanta.sourceforge.net/2007/10/ncbi_taxo.owl#ncbi_taxo_116058> <http://biomanta.sourceforge.net/2007/10/ncbi_taxo.owl#ncbi_taxo_10090>);0.0;0.0;0;0
ore_ont_15068.owl;SubClassOf(<http://biomanta.sourceforge.net/2007/10/ncbi_taxo.owl#ncbi_taxo_175564> <http://biomanta.sourceforge.net/2007/10/ncbi_taxo.owl#ncbi_taxo_5911>);0.0;0.0;0;0
ore_ont_15068.owl;SubClassOf(<http://biomanta.sourceforge.net/2007/10/ncbi_taxo.owl#ncbi_taxo_10090> <http://biomanta.sourceforge.net/2007/10/ncbi_taxo.owl#ncbi_taxo_2759>);1.0;0.0;0;1
ore_ont_3418.owl;SubClassOf(<http://purl.obolibrary.org/obo/PI_00371> <http://purl.obolibrary.org/obo/PI_00153>);0.0;0.0;0;0
ore_ont_3418.owl;SubClassOf(<http://purl.obolibrary.org/obo/PI_00371> <http://purl.obolibrary.org/obo/PI_00143>);0.0;0.0;0;0
ore_ont_3418.owl;SubClassOf(<http://purl.obolibrary.org/obo/PI_00272> <http://purl.obolibrary.org/obo/PI_00180>);0.0;0.0;0;0
ore_ont_3418.owl;SubClassOf(<http://purl.obolibrary.org/obo/PI_00371> <http://purl.obolibrary.org/obo/PI_00116>);0.0;0.0;0;0
ore_ont_3418.owl;SubClassOf(<http://purl.obolibrary.org/obo/PI_00050> <http://purl.obolibrary.org/obo/PI_00041>);0.0;0.0;0;0
ore_ont_3418.owl;SubClassOf(<http://purl.obolibrary.org/obo/PI_00041> <http://purl.obolibrary.org/obo/PI_00302>);1.0;0.0;0;1
ore_ont_3418.owl;SubClassOf(<http://purl.obolibrary.org/obo/PI_00260> <http://purl.obolibrary.org/obo/PI_00066>);0.0;0.0;0;0
ore_ont_3418.owl;SubClassOf(<http://purl.obolibrary.org/obo/PI_00240> <http://purl.obolibrary.org/obo/PI_00221>);0.0;0.0;0;0
ore_ont_3418.owl;SubClassOf(<http://purl.obolibrary.org/obo/PI_00284> <http://purl.obolibrary.org/obo/PI_00011>);0.0;1.0;1;0
ore_ont_3418.owl;SubClassOf(<http://purl.obolibrary.org/obo/PI_00251> <http://purl.obolibrary.org/obo/PI_00045>);0.0;0.0;0;0
ore_ont_10056.owl;SubClassOf(<http://purl.obolibrary.org/obo/PRIDE_0000239> <http://purl.obolibrary.org/obo/PRIDE_0000192>);0.0;0.0;0;0
ore_ont_10056.owl;SubClassOf(<http://purl.obolibrary.org/obo/PRIDE_0000353> <http://purl.obolibrary.org/obo/PRIDE_0000004>);0.0;0.0;0;0
ore_ont_10056.owl;SubClassOf(<http://purl.obolibrary.org/obo/PRIDE_0000353> <http://purl.obolibrary.org/obo/PRIDE_0000003>);0.0;0.0;0;0
ore_ont_10056.owl;SubClassOf(<http://purl.obolibrary.org/obo/PRIDE_0000380> <http://purl.obolibrary.org/obo/PRIDE_0000353>);0.0;0.0;0;0
ore_ont_10056.owl;SubClassOf(<http://purl.obolibrary.org/obo/PRIDE_0000244> <http://purl.obolibrary.org/obo/PRIDE_0000239>);0.0;0.0;0;0
ore_ont_10056.owl;SubClassOf(<http://purl.obolibrary.org/obo/PRIDE_0000082> <http://purl.obolibrary.org/obo/PRIDE_0000071>);0.0;0.0;0;0
ore_ont_10056.owl;SubClassOf(<http://purl.obolibrary.org/obo/PRIDE_0000071> <http://purl.obolibrary.org/obo/PRIDE_0000001>);0.0;0.0;0;0
ore_ont_10056.owl;SubClassOf(<http://purl.obolibrary.org/obo/PRIDE_0000403> <http://purl.obolibrary.org/obo/PRIDE_0000006>);0.0;0.0;0;0
ore_ont_10056.owl;SubClassOf(<http://purl.obolibrary.org/obo/PRIDE_0000035> <http://purl.obolibrary.org/obo/PRIDE_0000028>);0.0;0.0;0;0
ore_ont_10056.owl;SubClassOf(<http://purl.obolibrary.org/obo/PRIDE_0000013> <http://purl.obolibrary.org/obo/PRIDE_0000049>);0.0;0.0;0;0
ore_ont_4382.owl;SubClassOf(<http://purl.obolibrary.org/obo/phi_0000271> <http://purl.obolibrary.org/obo/phi_0000259>);0.0;0.0;0;0
ore_ont_4382.owl;SubClassOf(<http://purl.obolibrary.org/obo/phi_0000263> <http://purl.obolibrary.org/obo/phi_0000191>);1.0;0.0;0;1
ore_ont_4382.owl;SubClassOf(<http://purl.obolibrary.org/obo/phi_0000188> <http://purl.obolibrary.org/obo/phi_0000262>);1.0;0.0;0;1
ore_ont_4382.owl;SubClassOf(<http://purl.obolibrary.org/obo/phi_0000081> <http://purl.obolibrary.org/obo/phi_0000187>);0.0;0.0;0;0
ore_ont_4382.owl;SubClassOf(<http://purl.obolibrary.org/obo/phi_0000103> <http://purl.obolibrary.org/obo/phi_0000097>);0.0;0.0;0;0
ore_ont_4382.owl;SubClassOf(<http://purl.obolibrary.org/obo/phi_0000072> <http://purl.obolibrary.org/obo/phi_0000064>);0.0;0.0;0;0
ore_ont_4382.owl;SubClassOf(<http://purl.obolibrary.org/obo/phi_0000081> <http://purl.obolibrary.org/obo/phi_0000061>);1.0;0.0;0;1
ore_ont_4382.owl;SubClassOf(<http://purl.obolibrary.org/obo/phi_0000235> <http://purl.obolibrary.org/obo/phi_0000172>);0.0;1.0;1;0
ore_ont_4382.owl;SubClassOf(<http://purl.obolibrary.org/obo/phi_0000263> <http://purl.obolibrary.org/obo/phi_0000316>);0.0;0.0;0;0
ore_ont_4382.owl;SubClassOf(<http://purl.obolibrary.org/obo/phi_0000087> <http://purl.obolibrary.org/obo/phi_0000081>);0.0;0.0;0;0
ore_ont_13234.owl;SubClassOf(<http://purl.obolibrary.org/obo/EO_0007149> <http://purl.obolibrary.org/obo/EO_0007189>);0.0;0.0;0;0
ore_ont_13234.owl;SubClassOf(<http://purl.obolibrary.org/obo/EO_0007252> <http://purl.obolibrary.org/obo/EO_0007116>);0.0;0.0;0;0
ore_ont_13234.owl;SubClassOf(<http://purl.obolibrary.org/obo/EO_0001029> <http://purl.obolibrary.org/obo/EO_0007284>);0.0;0.0;0;0
ore_ont_13234.owl;SubClassOf(<http://purl.obolibrary.org/obo/EO_0007532> <http://purl.obolibrary.org/obo/EO_0007149>);0.0;0.0;0;0
ore_ont_13234.owl;SubClassOf(<http://purl.obolibrary.org/obo/EO_0007154> <http://purl.obolibrary.org/obo/EO_0007316>);1.0;0.0;0;1
ore_ont_13234.owl;SubClassOf(<http://purl.obolibrary.org/obo/EO_0007221> <http://purl.obolibrary.org/obo/EO_0007154>);0.0;1.0;1;0
ore_ont_13234.owl;SubClassOf(<http://purl.obolibrary.org/obo/EO_0007396> <http://purl.obolibrary.org/obo/EO_0007064>);0.0;0.0;0;0
ore_ont_13234.owl;SubClassOf(<http://purl.obolibrary.org/obo/EO_0007115> <http://purl.obolibrary.org/obo/EO_0007114>);0.0;0.0;0;0
ore_ont_13234.owl;SubClassOf(<http://purl.obolibrary.org/obo/EO_0007118> <http://purl.obolibrary.org/obo/EO_0007107>);0.0;0.0;0;0
ore_ont_13234.owl;SubClassOf(<http://purl.obolibrary.org/obo/EO_0007141> <http://purl.obolibrary.org/obo/EO_0007022>);0.0;0.0;0;0
ore_ont_16730.owl;SubClassOf(<http://purl.obolibrary.org/obo/MMO_0000037> <http://purl.obolibrary.org/obo/MMO_0000030>);0.0;1.0;1;0
ore_ont_16730.owl;SubClassOf(<http://purl.obolibrary.org/obo/MMO_0000030> <http://purl.obolibrary.org/obo/MMO_0000027>);0.0;1.0;1;0
ore_ont_16730.owl;SubClassOf(<http://purl.obolibrary.org/obo/MMO_0000151> <http://purl.obolibrary.org/obo/MMO_0000181>);0.0;0.0;0;0
ore_ont_16730.owl;SubClassOf(<http://purl.obolibrary.org/obo/MMO_0000076> <http://purl.obolibrary.org/obo/MMO_0000026>);0.0;0.0;0;0
ore_ont_16730.owl;SubClassOf(<http://purl.obolibrary.org/obo/MMO_0000138> <http://purl.obolibrary.org/obo/MMO_0000037>);0.0;0.0;0;0
ore_ont_16730.owl;SubClassOf(<http://purl.obolibrary.org/obo/MMO_0000204> <http://purl.obolibrary.org/obo/MMO_0000112>);0.0;0.0;0;0
ore_ont_16730.owl;SubClassOf(<http://purl.obolibrary.org/obo/MMO_0000436> <http://purl.obolibrary.org/obo/MMO_0000331>);0.0;0.0;0;0
ore_ont_16730.owl;SubClassOf(<http://purl.obolibrary.org/obo/MMO_0000111> <http://purl.obolibrary.org/obo/MMO_0000109>);0.0;0.0;0;0
ore_ont_16730.owl;SubClassOf(<http://purl.obolibrary.org/obo/MMO_0000185> <http://purl.obolibrary.org/obo/MMO_0000180>);0.0;0.0;0;0
ore_ont_16730.owl;SubClassOf(<http://purl.obolibrary.org/obo/MMO_0000181> <http://purl.obolibrary.org/obo/MMO_0000147>);0.0;1.0;1;0
ore_ont_2066.owl;SubClassOf(<http://purl.org/net/miCLIP#PercentageDistributionByRace> <http://purl.org/net/miCLIP#PercentageDistribution>);0.0;0.0;0;0
ore_ont_2066.owl;SubClassOf(<http://ncicb.nci.nih.gov/xml/owl/EVS/Thesaurus.owl#Sample_Study_Population> <http://ncicb.nci.nih.gov/xml/owl/EVS/Thesaurus.owl#Population_Group>);0.0;0.0;0;0
ore_ont_2066.owl;SubClassOf(<http://purl.org/net/miCLIP#belongingness> <http://ncicb.nci.nih.gov/xml/owl/EVS/Thesaurus.owl#Emotion>);0.0;0.0;0;0
ore_ont_2066.owl;SubClassOf(<http://ncicb.nci.nih.gov/xml/owl/EVS/Thesaurus.owl#C849916> <http://ncicb.nci.nih.gov/xml/owl/EVS/Thesaurus.owl#Mental_and_Behavioral_Signs_and_Symptoms>);0.0;0.0;0;0
ore_ont_2066.owl;SubClassOf(<http://purl.obolibrary.org/obo/IAO_0000225> <http://purl.obolibrary.org/obo/IAO_0000102>);0.0;0.0;0;0
ore_ont_2066.owl;SubClassOf(<http://ncicb.nci.nih.gov/xml/owl/EVS/Thesaurus.owl#Never_Married_Status> <http://ncicb.nci.nih.gov/xml/owl/EVS/Thesaurus.owl#Marital_Status>);0.0;0.0;0;0
ore_ont_2066.owl;SubClassOf(<http://www.ebi.ac.uk/efo/EFO_0004786> <http://ncicb.nci.nih.gov/xml/owl/EVS/Thesaurus.owl#Symptom_Specific_Assessment_Tool>);0.0;0.0;0;0
ore_ont_2066.owl;SubClassOf(<http://www.absoluteiri.edu/RELAPPROXC654> <http://www.absoluteiri.edu/RELAPPROXC660>);0.0;0.0;0;0
ore_ont_2066.owl;SubClassOf(<http://ncicb.nci.nih.gov/xml/owl/EVS/Thesaurus.owl#Anxiety_Disorder> <http://ncicb.nci.nih.gov/xml/owl/EVS/Thesaurus.owl#Psychiatric_Disorder>);0.0;0.0;0;0
ore_ont_2066.owl;SubClassOf(<http://purl.org/net/miCLIP#OfficeOfTheSecretaryOfDefense> <http://ncicb.nci.nih.gov/xml/owl/EVS/Thesaurus.owl#Department_of_Defense>);0.0;0.0;0;0
ore_ont_5966.owl;SubClassOf(<file:/media/owl/Seagate%20Expansion%20Drive/mowlcorp_rep/mowlcorp_2014.10.07_orig/files/ea19299c-ae9f-4f9a-a2de-3a52ee71e696_oldonto.rdf#SweetFruit> <file:/media/owl/Seagate%20Expansion%20Drive/mowlcorp_rep/mowlcorp_2014.10.07_orig/files/ea19299c-ae9f-4f9a-a2de-3a52ee71e696_oldonto.rdf#Fruit>);0.0;0.0;0;0
ore_ont_5966.owl;SubClassOf(<file:/media/owl/Seagate%20Expansion%20Drive/mowlcorp_rep/mowlcorp_2014.10.07_orig/files/ea19299c-ae9f-4f9a-a2de-3a52ee71e696_oldonto.rdf#OtherTomatoBasedFoodCourse> <http://www.absoluteiri.edu/RELAPPROXC211>);0.0;0.0;0;0
ore_ont_5966.owl;SubClassOf(<file:/media/owl/Seagate%20Expansion%20Drive/mowlcorp_rep/mowlcorp_2014.10.07_orig/files/ea19299c-ae9f-4f9a-a2de-3a52ee71e696_oldonto.rdf#Fish> <file:/media/owl/Seagate%20Expansion%20Drive/mowlcorp_rep/mowlcorp_2014.10.07_orig/files/ea19299c-ae9f-4f9a-a2de-3a52ee71e696_oldonto.rdf#Seafood>);0.0;0.0;0;0
ore_ont_5966.owl;SubClassOf(<file:/media/owl/Seagate%20Expansion%20Drive/mowlcorp_rep/mowlcorp_2014.10.07_orig/files/ea19299c-ae9f-4f9a-a2de-3a52ee71e696_oldonto.rdf#OtherTomatoBasedFoodCourse> <file:/media/owl/Seagate%20Expansion%20Drive/mowlcorp_rep/mowlcorp_2014.10.07_orig/files/ea19299c-ae9f-4f9a-a2de-3a52ee71e696_oldonto.rdf#MealCourse>);0.0;0.0;0;0
ore_ont_5966.owl;SubClassOf(<file:/media/owl/Seagate%20Expansion%20Drive/mowlcorp_rep/mowlcorp_2014.10.07_orig/files/ea19299c-ae9f-4f9a-a2de-3a52ee71e696_oldonto.rdf#CheeseNutsDessert> <file:/media/owl/Seagate%20Expansion%20Drive/mowlcorp_rep/mowlcorp_2014.10.07_orig/files/ea19299c-ae9f-4f9a-a2de-3a52ee71e696_oldonto.rdf#Dessert>);0.0;0.0;0;0
ore_ont_5966.owl;SubClassOf(<file:/media/owl/Seagate%20Expansion%20Drive/mowlcorp_rep/mowlcorp_2014.10.07_orig/files/ea19299c-ae9f-4f9a-a2de-3a52ee71e696_oldonto.rdf#PastaWithRedSauce> <file:/media/owl/Seagate%20Expansion%20Drive/mowlcorp_rep/mowlcorp_2014.10.07_orig/files/ea19299c-ae9f-4f9a-a2de-3a52ee71e696_oldonto.rdf#Pasta>);0.0;0.0;0;0
ore_ont_5966.owl;SubClassOf(<file:/media/owl/Seagate%20Expansion%20Drive/mowlcorp_rep/mowlcorp_2014.10.07_orig/files/ea19299c-ae9f-4f9a-a2de-3a52ee71e696_oldonto.rdf#RedMeat> <file:/media/owl/Seagate%20Expansion%20Drive/mowlcorp_rep/mowlcorp_2014.10.07_orig/files/ea19299c-ae9f-4f9a-a2de-3a52ee71e696_oldonto.rdf#Meat>);0.0;0.0;0;0
ore_ont_5966.owl;SubClassOf(<file:/media/owl/Seagate%20Expansion%20Drive/mowlcorp_rep/mowlcorp_2014.10.07_orig/files/ea19299c-ae9f-4f9a-a2de-3a52ee71e696_oldonto.rdf#OtherTomatoBasedFoodCourse> <http://www.absoluteiri.edu/RELAPPROXC243>);0.0;0.0;0;0
ore_ont_5966.owl;SubClassOf(<file:/media/owl/Seagate%20Expansion%20Drive/mowlcorp_rep/mowlcorp_2014.10.07_orig/files/ea19299c-ae9f-4f9a-a2de-3a52ee71e696_oldonto.rdf#DarkMeatFowl> <file:/media/owl/Seagate%20Expansion%20Drive/mowlcorp_rep/mowlcorp_2014.10.07_orig/files/ea19299c-ae9f-4f9a-a2de-3a52ee71e696_oldonto.rdf#Fowl>);0.0;0.0;0;0
ore_ont_5966.owl;SubClassOf(<file:/media/owl/Seagate%20Expansion%20Drive/mowlcorp_rep/mowlcorp_2014.10.07_orig/files/ea19299c-ae9f-4f9a-a2de-3a52ee71e696_oldonto.rdf#Pasta> <file:/media/owl/Seagate%20Expansion%20Drive/mowlcorp_rep/mowlcorp_2014.10.07_orig/files/ea19299c-ae9f-4f9a-a2de-3a52ee71e696_oldonto.rdf#EdibleThing>);0.0;0.0;0;0
ore_ont_11504.owl;SubClassOf(<http://www.semanticweb.org/vanessa/ontologies/2012/7/untitled-ontology-33#Job> <http://www.semanticweb.org/vanessa/ontologies/2012/7/untitled-ontology-33#Finances>);0.0;0.0;0;0
ore_ont_11504.owl;SubClassOf(<http://www.semanticweb.org/vanessa/ontologies/2012/7/untitled-ontology-33#Care_plan> <http://www.semanticweb.org/vanessa/ontologies/2012/7/untitled-ontology-33#Documentation>);0.0;0.0;0;0
ore_ont_11504.owl;SubClassOf(<http://www.semanticweb.org/vanessa/ontologies/2012/7/untitled-ontology-33#Impaired_Skin_Integrity> <http://www.semanticweb.org/vanessa/ontologies/2012/7/untitled-ontology-33#Physical_problems>);0.0;0.0;0;0
ore_ont_11504.owl;SubClassOf(<http://www.semanticweb.org/vanessa/ontologies/2012/7/untitled-ontology-33#Family> <http://www.semanticweb.org/vanessa/ontologies/2012/7/untitled-ontology-33#People>);0.0;0.0;0;0
ore_ont_11504.owl;SubClassOf(<http://www.semanticweb.org/vanessa/ontologies/2012/7/untitled-ontology-33#Conference> <http://www.semanticweb.org/vanessa/ontologies/2012/7/untitled-ontology-33#Communicate>);0.0;0.0;0;0
ore_ont_11504.owl;SubClassOf(<http://www.semanticweb.org/vanessa/ontologies/2012/7/untitled-ontology-33#Adjust> <http://www.semanticweb.org/vanessa/ontologies/2012/7/untitled-ontology-33#Manage>);0.0;0.0;0;0
ore_ont_11504.owl;SubClassOf(<http://www.semanticweb.org/vanessa/ontologies/2012/7/untitled-ontology-33#Physical_Care> <http://www.semanticweb.org/vanessa/ontologies/2012/7/untitled-ontology-33#Coordination_Focus>);1.0;0.0;0;1
ore_ont_11504.owl;SubClassOf(<http://www.semanticweb.org/vanessa/ontologies/2012/7/untitled-ontology-33#Medical_Devices> <http://www.semanticweb.org/vanessa/ontologies/2012/7/untitled-ontology-33#Services>);0.0;0.2368421052631577;1;0
ore_ont_11504.owl;SubClassOf(<http://www.semanticweb.org/vanessa/ontologies/2012/7/untitled-ontology-33#Laboratory_Tests> <http://www.semanticweb.org/vanessa/ontologies/2012/7/untitled-ontology-33#Physical_Care>);0.0;1.0;1;0
ore_ont_11504.owl;SubClassOf(<http://www.semanticweb.org/vanessa/ontologies/2012/7/untitled-ontology-33#Oral_medication> <http://www.semanticweb.org/vanessa/ontologies/2012/7/untitled-ontology-33#Medication>);0.0;0.0;0;0
ore_ont_637.owl;SubClassOf(<http://purl.obolibrary.org/obo/GO_0005622> <http://purl.obolibrary.org/obo/GO_0044464>);0.0;0.0;0;0
ore_ont_637.owl;SubClassOf(<http://purl.obolibrary.org/obo/GO_0009987> <http://purl.obolibrary.org/obo/GO_0008150>);0.0;0.0;0;0
ore_ont_637.owl;SubClassOf(<http://purl.obolibrary.org/obo/GO_0070517> <http://purl.obolibrary.org/obo/GO_0043234>);0.0;0.0;0;0
ore_ont_637.owl;SubClassOf(<http://purl.obolibrary.org/obo/GO_0005634> <http://purl.obolibrary.org/obo/GO_0044464>);1.0;1.0;0;0
ore_ont_637.owl;SubClassOf(<http://purl.obolibrary.org/obo/GO_0016020> <http://purl.obolibrary.org/obo/GO_0005575>);0.0;0.0;0;0
ore_ont_637.owl;SubClassOf(<http://purl.obolibrary.org/obo/GO_0006259> <http://purl.obolibrary.org/obo/GO_0044237>);0.0;1.0;1;0
ore_ont_637.owl;SubClassOf(<http://purl.obolibrary.org/obo/GO_0005622> <http://purl.obolibrary.org/obo/GO_0005575>);1.0;0.0;0;1
ore_ont_637.owl;SubClassOf(<http://purl.obolibrary.org/obo/GO_0044237> <http://purl.obolibrary.org/obo/GO_0009987>);0.0;0.0;0;0
ore_ont_637.owl;SubClassOf(<http://purl.obolibrary.org/obo/GO_0006811> <http://purl.obolibrary.org/obo/GO_0006810>);0.0;0.0;0;0
ore_ont_637.owl;SubClassOf(<http://purl.obolibrary.org/obo/GO_0031406> <http://purl.obolibrary.org/obo/GO_0005488>);1.0;0.0;0;1
ore_ont_2713.owl;SubClassOf(<file:/media/owl/Seagate%20Expansion%20Drive/mowlcorp_rep/mowlcorp_2014.10.07_orig/files/87d0a399-d147-45f0-8680-92eb7f975195_ka.owl#AcademicStaff> <file:/media/owl/Seagate%20Expansion%20Drive/mowlcorp_rep/mowlcorp_2014.10.07_orig/files/87d0a399-d147-45f0-8680-92eb7f975195_ka.owl#Person>);0.0;1.0;1;0
ore_ont_2713.owl;SubClassOf(<file:/media/owl/Seagate%20Expansion%20Drive/mowlcorp_rep/mowlcorp_2014.10.07_orig/files/87d0a399-d147-45f0-8680-92eb7f975195_ka.owl#ComputerSupport> <file:/media/owl/Seagate%20Expansion%20Drive/mowlcorp_rep/mowlcorp_2014.10.07_orig/files/87d0a399-d147-45f0-8680-92eb7f975195_ka.owl#Product>);0.0;0.0;0;0
ore_ont_2713.owl;SubClassOf(<file:/media/owl/Seagate%20Expansion%20Drive/mowlcorp_rep/mowlcorp_2014.10.07_orig/files/87d0a399-d147-45f0-8680-92eb7f975195_ka.owl#Meeting> <file:/media/owl/Seagate%20Expansion%20Drive/mowlcorp_rep/mowlcorp_2014.10.07_orig/files/87d0a399-d147-45f0-8680-92eb7f975195_ka.owl#Event>);0.0;0.0;0;0
ore_ont_2713.owl;SubClassOf(<http://www.absoluteiri.edu/RELAPPROXC396> <http://www.absoluteiri.edu/RELAPPROXC203>);0.0;0.0;0;0
ore_ont_2713.owl;SubClassOf(<file:/media/owl/Seagate%20Expansion%20Drive/mowlcorp_rep/mowlcorp_2014.10.07_orig/files/87d0a399-d147-45f0-8680-92eb7f975195_ka.owl#CaseBaseReasoning> <file:/media/owl/Seagate%20Expansion%20Drive/mowlcorp_rep/mowlcorp_2014.10.07_orig/files/87d0a399-d147-45f0-8680-92eb7f975195_ka.owl#KAThroughMachineLearning>);0.0;0.0;0;0
ore_ont_2713.owl;SubClassOf(<file:/media/owl/Seagate%20Expansion%20Drive/mowlcorp_rep/mowlcorp_2014.10.07_orig/files/87d0a399-d147-45f0-8680-92eb7f975195_ka.owl#OntologyLibrary> <file:/media/owl/Seagate%20Expansion%20Drive/mowlcorp_rep/mowlcorp_2014.10.07_orig/files/87d0a399-d147-45f0-8680-92eb7f975195_ka.owl#ComputerSupport>);0.0;0.0;0;0
ore_ont_2713.owl;SubClassOf(<file:/media/owl/Seagate%20Expansion%20Drive/mowlcorp_rep/mowlcorp_2014.10.07_orig/files/87d0a399-d147-45f0-8680-92eb7f975195_ka.owl#ResearchGroup> <file:/media/owl/Seagate%20Expansion%20Drive/mowlcorp_rep/mowlcorp_2014.10.07_orig/files/87d0a399-d147-45f0-8680-92eb7f975195_ka.owl#Organization>);0.0;0.0;0;0
ore_ont_2713.owl;SubClassOf(<file:/media/owl/Seagate%20Expansion%20Drive/mowlcorp_rep/mowlcorp_2014.10.07_orig/files/87d0a399-d147-45f0-8680-92eb7f975195_ka.owl#DevelopmentProject> <file:/media/owl/Seagate%20Expansion%20Drive/mowlcorp_rep/mowlcorp_2014.10.07_orig/files/87d0a399-d147-45f0-8680-92eb7f975195_ka.owl#Project>);0.0;0.0;0;0
ore_ont_2713.owl;SubClassOf(<file:/media/owl/Seagate%20Expansion%20Drive/mowlcorp_rep/mowlcorp_2014.10.07_orig/files/87d0a399-d147-45f0-8680-92eb7f975195_ka.owl#Journal> <file:/media/owl/Seagate%20Expansion%20Drive/mowlcorp_rep/mowlcorp_2014.10.07_orig/files/87d0a399-d147-45f0-8680-92eb7f975195_ka.owl#Publication>);0.0;0.0;0;0
ore_ont_2713.owl;SubClassOf(<file:/media/owl/Seagate%20Expansion%20Drive/mowlcorp_rep/mowlcorp_2014.10.07_orig/files/87d0a399-d147-45f0-8680-92eb7f975195_ka.owl#KAThroughMachineLearning> <file:/media/owl/Seagate%20Expansion%20Drive/mowlcorp_rep/mowlcorp_2014.10.07_orig/files/87d0a399-d147-45f0-8680-92eb7f975195_ka.owl#ResearchTopic>);0.0;0.0;0;0
ore_ont_14901.owl;SubClassOf(<http://purl.obolibrary.org/obo/MPATH_215> <http://purl.obolibrary.org/obo/MPATH_212>);0.0;0.0;0;0
ore_ont_14901.owl;SubClassOf(<http://purl.obolibrary.org/obo/MPATH_270> <http://purl.obolibrary.org/obo/MPATH_267>);0.0;0.0;0;0
ore_ont_14901.owl;SubClassOf(<http://purl.obolibrary.org/obo/MPATH_474> <http://purl.obolibrary.org/obo/MPATH_56>);1.0;0.0;0;1
ore_ont_14901.owl;SubClassOf(<http://purl.obolibrary.org/obo/MPATH_268> <http://purl.obolibrary.org/obo/MPATH_549>);0.0;0.0;0;0
ore_ont_14901.owl;SubClassOf(<http://purl.obolibrary.org/obo/MPATH_276> <http://purl.obolibrary.org/obo/MPATH_268>);0.0;0.0;0;0
ore_ont_14901.owl;SubClassOf(<http://purl.obolibrary.org/obo/MPATH_322> <http://purl.obolibrary.org/obo/MPATH_254>);0.0;0.0;0;0
ore_ont_14901.owl;SubClassOf(<http://purl.obolibrary.org/obo/MPATH_575> <http://purl.obolibrary.org/obo/MPATH_219>);0.0;0.0;0;0
ore_ont_14901.owl;SubClassOf(<http://purl.obolibrary.org/obo/MPATH_544> <http://purl.obolibrary.org/obo/MPATH_270>);0.0;0.0;0;0
ore_ont_14901.owl;SubClassOf(<http://purl.obolibrary.org/obo/MPATH_270> <http://purl.obolibrary.org/obo/MPATH_218>);0.0;0.3560209424083769;1;0
ore_ont_14901.owl;SubClassOf(<http://purl.obolibrary.org/obo/MPATH_555> <http://purl.obolibrary.org/obo/MPATH_33>);0.0;0.0;0;0
ore_ont_3349.owl;SubClassOf(<http://purl.obolibrary.org/obo/PORO_0000043> <http://purl.obolibrary.org/obo/PORO_0000905>);0.0;0.0;0;0
ore_ont_3349.owl;SubClassOf(<http://purl.obolibrary.org/obo/PORO_0000261> <http://purl.obolibrary.org/obo/PORO_0000601>);0.0;0.0;0;0
ore_ont_3349.owl;SubClassOf(<http://purl.obolibrary.org/obo/PORO_0000101> <http://purl.obolibrary.org/obo/PATO_0000051>);0.0;0.0;0;0
ore_ont_3349.owl;SubClassOf(<http://purl.obolibrary.org/obo/PORO_0000017> <http://purl.obolibrary.org/obo/CARO_0000003>);1.0;0.0;0;1
ore_ont_3349.owl;SubClassOf(<http://purl.obolibrary.org/obo/PORO_0000343> <http://purl.obolibrary.org/obo/PORO_0000097>);0.0;0.0;0;0
ore_ont_3349.owl;SubClassOf(<http://purl.obolibrary.org/obo/PORO_0000601> <http://purl.obolibrary.org/obo/PORO_0000098>);0.0;0.0;0;0
ore_ont_3349.owl;SubClassOf(<http://purl.obolibrary.org/obo/PORO_0000097> <http://purl.obolibrary.org/obo/PORO_0000017>);0.0;0.0;0;0
ore_ont_3349.owl;SubClassOf(<http://purl.obolibrary.org/obo/PORO_0000914> <http://purl.obolibrary.org/obo/PORO_0000000>);0.0;0.0;0;0
ore_ont_3349.owl;SubClassOf(<http://purl.obolibrary.org/obo/PORO_0000499> <http://purl.obolibrary.org/obo/PORO_0000532>);0.0;0.0;0;0
ore_ont_3349.owl;SubClassOf(<http://purl.obolibrary.org/obo/PORO_0000017> <http://purl.obolibrary.org/obo/CARO_0000040>);0.0;0.0;0;0
ore_ont_4671.owl;SubClassOf(<http://purl.obolibrary.org/obo/SPD_0000286> <http://purl.obolibrary.org/obo/SPD_0000359>);0.0;0.0;0;0
ore_ont_4671.owl;SubClassOf(<http://purl.obolibrary.org/obo/SPD_0000020> <http://purl.obolibrary.org/obo/SPD_0000331>);1.0;0.0;0;1
ore_ont_4671.owl;SubClassOf(<http://purl.obolibrary.org/obo/SPD_0000112> <http://purl.obolibrary.org/obo/SPD_0000379>);0.0;0.0;0;0
ore_ont_4671.owl;SubClassOf(<http://purl.obolibrary.org/obo/SPD_0000277> <http://purl.obolibrary.org/obo/SPD_0000364>);0.0;0.0;0;0
ore_ont_4671.owl;SubClassOf(<http://purl.obolibrary.org/obo/SPD_0000015> <http://purl.obolibrary.org/obo/SPD_0000650>);0.0;0.0;0;0
ore_ont_4671.owl;SubClassOf(<http://purl.obolibrary.org/obo/SPD_0000208> <http://purl.obolibrary.org/obo/SPD_0000153>);0.0;0.0;0;0
ore_ont_4671.owl;SubClassOf(<http://purl.obolibrary.org/obo/SPD_0000425> <http://purl.obolibrary.org/obo/SPD_0000055>);0.0;0.0;0;0
ore_ont_4671.owl;SubClassOf(<http://purl.obolibrary.org/obo/SPD_0000209> <http://purl.obolibrary.org/obo/SPD_0000147>);0.0;0.0;0;0
ore_ont_4671.owl;SubClassOf(<http://purl.obolibrary.org/obo/SPD_0000379> <http://purl.obolibrary.org/obo/SPD_0000451>);0.0;0.0;0;0
ore_ont_4671.owl;SubClassOf(<http://purl.obolibrary.org/obo/SPD_0000022> <http://purl.obolibrary.org/obo/SPD_0000372>);0.0;0.0;0;0
ore_ont_12831.owl;SubClassOf(<http://www.text2onto.org/ontology#support_cell> <http://www.text2onto.org/ontology#supportive_cell>);0.0;0.0;0;0
ore_ont_12831.owl;SubClassOf(<http://www.text2onto.org/ontology#peptide_hormone_secreting_cell> <http://www.text2onto.org/ontology#secretory_cell>);1.0;0.0;0;1
ore_ont_12831.owl;SubClassOf(<http://www.text2onto.org/ontology#somatostatin_secreting_cell> <http://www.text2onto.org/ontology#peptide_hormone_secreting_cell>);0.0;0.0;0;0
ore_ont_12831.owl;SubClassOf(<http://www.text2onto.org/ontology#secretory_cell> <http://www.text2onto.org/ontology#cell_by_function>);0.0;0.0;0;0
ore_ont_12831.owl;SubClassOf(<http://www.text2onto.org/ontology#columnar/cuboidal_epithelial_cell> <http://www.text2onto.org/ontology#epithelial_cell>);0.0;0.0;0;0
ore_ont_12831.owl;SubClassOf(<http://www.text2onto.org/ontology#macrophage> <http://www.text2onto.org/ontology#stuff_accumulating_cell>);0.1176470588235342;0.0;0;1
ore_ont_12831.owl;SubClassOf(<http://www.text2onto.org/ontology#myeloid_progenitor_cell> <http://www.text2onto.org/ontology#non-terminally_differentiated_cell>);0.0;1.0;1;0
ore_ont_12831.owl;SubClassOf(<http://www.text2onto.org/ontology#vegetative_cell> <http://www.text2onto.org/ontology#plant_cell>);0.0;0.0;0;0
ore_ont_12831.owl;SubClassOf(<http://www.text2onto.org/ontology#cns_neuron> <http://www.text2onto.org/ontology#neuron>);0.0;0.0;0;0
ore_ont_12831.owl;SubClassOf(<http://www.text2onto.org/ontology#peptide_hormone_secreting_cell> <http://www.text2onto.org/ontology#animal_cell>);0.0;0.0;0;0
ore_ont_7220.owl;SubClassOf(<http://purl.obolibrary.org/obo/TO_0000454> <http://purl.obolibrary.org/obo/TO_0000261>);0.0;0.0;0;0
ore_ont_7220.owl;SubClassOf(<http://purl.obolibrary.org/obo/TO_0002633> <http://purl.obolibrary.org/obo/TO_0000349>);0.0;0.0;0;0
ore_ont_7220.owl;SubClassOf(<http://purl.obolibrary.org/obo/TO_0000084> <http://purl.obolibrary.org/obo/TO_0000043>);0.0;0.0;0;0
ore_ont_7220.owl;SubClassOf(<http://purl.obolibrary.org/obo/TO_0000654> <http://purl.obolibrary.org/obo/TO_0000357>);0.0;0.0;0;0
ore_ont_7220.owl;SubClassOf(<http://purl.obolibrary.org/obo/TO_0000327> <http://purl.obolibrary.org/obo/TO_0000371>);0.0;0.0;0;0
ore_ont_7220.owl;SubClassOf(<http://purl.obolibrary.org/obo/TO_0002625> <http://purl.obolibrary.org/obo/TO_0002728>);0.0;0.0;0;0
ore_ont_7220.owl;SubClassOf(<http://purl.obolibrary.org/obo/TO_0000401> <http://purl.obolibrary.org/obo/TO_0000168>);1.0;0.0;0;1
ore_ont_7220.owl;SubClassOf(<http://purl.obolibrary.org/obo/TO_0000667> <http://purl.obolibrary.org/obo/TO_0000162>);0.0;0.0;0;0
ore_ont_7220.owl;SubClassOf(<http://purl.obolibrary.org/obo/TO_0000657> <http://purl.obolibrary.org/obo/TO_0000373>);0.0;0.0;0;0
ore_ont_7220.owl;SubClassOf(<http://purl.obolibrary.org/obo/TO_0000664> <http://purl.obolibrary.org/obo/TO_0000439>);0.0;0.0;0;0
ore_ont_16821.owl;SubClassOf(<http://cbo.biocomplexity.indiana.edu/svn/cbo/trunk/CBO_1_0.owl#KineticProperty> <http://cbo.biocomplexity.indiana.edu/svn/cbo/trunk/CBO_1_0.owl#CBO_Object>);1.0;0.0;0;1
ore_ont_16821.owl;SubClassOf(<http://cbo.biocomplexity.indiana.edu/svn/cbo/trunk/CBO_1_0.owl#GeometricalProperty> <http://cbo.biocomplexity.indiana.edu/svn/cbo/trunk/CBO_1_0.owl#CBO_Object>);1.0;0.0;0;1
ore_ont_16821.owl;SubClassOf(<http://cbo.biocomplexity.indiana.edu/svn/cbo/trunk/CBO_1_0.owl#Texture> <http://cbo.biocomplexity.indiana.edu/svn/cbo/trunk/CBO_1_0.owl#GeometricalProperty>);0.0;0.0;0;0
ore_ont_16821.owl;SubClassOf(<http://cbo.biocomplexity.indiana.edu/svn/cbo/trunk/CBO_1_0.owl#Charge> <http://cbo.biocomplexity.indiana.edu/svn/cbo/trunk/CBO_1_0.owl#ElectricalProperty>);0.0;0.0;0;0
ore_ont_16821.owl;SubClassOf(<http://cbo.biocomplexity.indiana.edu/svn/cbo/trunk/CBO_1_0.owl#Energy> <http://cbo.biocomplexity.indiana.edu/svn/cbo/trunk/CBO_1_0.owl#CBO_Object>);1.0;0.0;0;1
ore_ont_16821.owl;SubClassOf(<http://cbo.biocomplexity.indiana.edu/svn/cbo/trunk/CBO_1_0.owl#GeometricalProperty> <http://cbo.biocomplexity.indiana.edu/svn/cbo/trunk/CBO_1_0.owl#PhysicalObjectQuality>);0.0;0.0;0;0
ore_ont_16821.owl;SubClassOf(<http://cbo.biocomplexity.indiana.edu/svn/cbo/trunk/CBO_1_0.owl#StiffnessMechanical> <http://cbo.biocomplexity.indiana.edu/svn/cbo/trunk/CBO_1_0.owl#MechanicalProperty>);0.0;0.0;0;0
ore_ont_16821.owl;SubClassOf(<http://cbo.biocomplexity.indiana.edu/svn/cbo/trunk/CBO_1_0.owl#ChemicalPattern> <http://cbo.biocomplexity.indiana.edu/svn/cbo/trunk/CBO_1_0.owl#ChemicalProperty>);0.0;0.0;0;0
ore_ont_16821.owl;SubClassOf(<http://cbo.biocomplexity.indiana.edu/svn/cbo/trunk/CBO_1_0.owl#GenerationalAge> <http://cbo.biocomplexity.indiana.edu/svn/cbo/trunk/CBO_1_0.owl#Age>);0.0;0.0;0;0
ore_ont_16821.owl;SubClassOf(<http://cbo.biocomplexity.indiana.edu/svn/cbo/trunk/CBO_1_0.owl#Random> <http://cbo.biocomplexity.indiana.edu/svn/cbo/trunk/CBO_1_0.owl#StatisticalProperty>);0.0;0.0;0;0
ore_ont_4400.owl;SubClassOf(<http://www.aiai.ed.ac.uk/resources/go/cell.owl#CL.0000510> <http://www.aiai.ed.ac.uk/resources/go/cell.owl#CL.0000075>);1.0;0.0;0;1
ore_ont_4400.owl;SubClassOf(<http://www.aiai.ed.ac.uk/resources/go/cell.owl#CL.0000154> <http://www.aiai.ed.ac.uk/resources/go/cell.owl#CL.0000152>);0.0;0.0;0;0
ore_ont_4400.owl;SubClassOf(<http://www.aiai.ed.ac.uk/resources/go/cell.owl#CL.0000056> <http://www.aiai.ed.ac.uk/resources/go/cell.owl#CL.0000055>);0.0;0.0;0;0
ore_ont_4400.owl;SubClassOf(<http://www.aiai.ed.ac.uk/resources/go/cell.owl#CL.0000167> <http://www.aiai.ed.ac.uk/resources/go/cell.owl#CL.0000163>);0.0;0.0;0;0
ore_ont_4400.owl;SubClassOf(<http://www.aiai.ed.ac.uk/resources/go/cell.owl#CL.0000152> <http://www.aiai.ed.ac.uk/resources/go/cell.owl#CL.0000548>);0.0;0.0;0;0
ore_ont_4400.owl;SubClassOf(<http://www.aiai.ed.ac.uk/resources/go/cell.owl#CL.0000117> <http://www.aiai.ed.ac.uk/resources/go/cell.owl#CL.0000540>);0.0;0.0;0;0
ore_ont_4400.owl;SubClassOf(<http://www.aiai.ed.ac.uk/resources/go/cell.owl#CL.0000392> <http://www.aiai.ed.ac.uk/resources/go/cell.owl#CL.0000009>);0.0;0.0;0;0
ore_ont_4400.owl;SubClassOf(<http://www.aiai.ed.ac.uk/resources/go/cell.owl#CL.0000172> <http://www.aiai.ed.ac.uk/resources/go/cell.owl#CL.0000167>);0.0;0.0;0;0
ore_ont_4400.owl;SubClassOf(<http://www.aiai.ed.ac.uk/resources/go/cell.owl#CL.0000075> <http://www.aiai.ed.ac.uk/resources/go/cell.owl#CL.0000066>);0.0;0.0;0;0
ore_ont_4400.owl;SubClassOf(<http://www.aiai.ed.ac.uk/resources/go/cell.owl#CL.0000152> <http://www.aiai.ed.ac.uk/resources/go/cell.owl#CL.0000144>);0.0;0.0;0;0
ore_ont_15397.owl;SubClassOf(<http://ccdb.ucsd.edu/NIF/NIF-Subcellular2.owl#sao1687101204> <http://ccdb.ucsd.edu/NIF/NIF-Subcellular2.owl#sao830981606>);0.0;0.0;0;0
ore_ont_15397.owl;SubClassOf(<http://ccdb.ucsd.edu/NIF/NIF-Subcellular2.owl#sao-343550527> <http://ccdb.ucsd.edu/NIF/NIF-Subcellular2.owl#sao1289190043>);0.0;0.0;0;0
ore_ont_15397.owl;SubClassOf(<http://ccdb.ucsd.edu/NIF/NIF-Subcellular2.owl#sao11978067> <http://www.absoluteiri.edu/RELAPPROXC235>);0.0;0.0;0;0
ore_ont_15397.owl;SubClassOf(<http://ccdb.ucsd.edu/NIF/NIF-Subcellular2.owl#sao1911631652> <http://ccdb.ucsd.edu/NIF/NIF-Subcellular2.owl#sao1784069613>);1.0;0.0;0;1
ore_ont_15397.owl;SubClassOf(<http://ccdb.ucsd.edu/NIF/NIF-Subcellular2.owl#sao1615953555> <http://ccdb.ucsd.edu/NIF/NIF-Subcellular2.owl#sao628508602>);1.0;0.0;0;1
ore_ont_15397.owl;SubClassOf(<http://ccdb.ucsd.edu/NIF/NIF-Subcellular2.owl#sao414196390> <http://ccdb.ucsd.edu/NIF/NIF-Subcellular2.owl#sao1539965131>);0.0;0.0;0;0
ore_ont_15397.owl;SubClassOf(<http://ccdb.ucsd.edu/NIF/NIF-Subcellular2.owl#sao730872736> <http://www.absoluteiri.edu/RELAPPROXC235>);0.0;0.0;0;0
ore_ont_15397.owl;SubClassOf(<http://ccdb.ucsd.edu/NIF/NIF-Subcellular2.owl#sao4933778419> <http://ccdb.ucsd.edu/NIF/NIF-Subcellular2.owl#sao120573470>);0.0;0.0;0;0
ore_ont_15397.owl;SubClassOf(<http://ccdb.ucsd.edu/NIF/NIF-Subcellular2.owl#sao1362520468> <http://ccdb.ucsd.edu/NIF/NIF-Subcellular2.owl#sao221389602>);0.0;1.0;1;0
ore_ont_15397.owl;SubClassOf(<http://ccdb.ucsd.edu/NIF/NIF-Subcellular2.owl#sao1846835077> <http://ccdb.ucsd.edu/NIF/NIF-Subcellular2.owl#sao1635329413>);0.0;0.0;0;0
ore_ont_15985.owl;SubClassOf(<http://purl.obolibrary.org/obo/TO_0000454> <http://purl.obolibrary.org/obo/TO_0000261>);0.0;0.0;0;0
ore_ont_15985.owl;SubClassOf(<http://purl.obolibrary.org/obo/TO_0000654> <http://purl.obolibrary.org/obo/TO_0000357>);0.0;0.0;0;0
ore_ont_15985.owl;SubClassOf(<http://purl.obolibrary.org/obo/TO_0012006> <http://purl.obolibrary.org/obo/TO_0000349>);0.0;0.0;0;0
ore_ont_15985.owl;SubClassOf(<http://purl.obolibrary.org/obo/TO_0000327> <http://purl.obolibrary.org/obo/TO_0000371>);0.0;0.0;0;0
ore_ont_15985.owl;SubClassOf(<http://purl.obolibrary.org/obo/TO_0002625> <http://purl.obolibrary.org/obo/TO_0002728>);0.0;0.0;0;0
ore_ont_15985.owl;SubClassOf(<http://purl.obolibrary.org/obo/TO_0000084> <http://purl.obolibrary.org/obo/TO_0000168>);0.0;0.0;0;0
ore_ont_15985.owl;SubClassOf(<http://purl.obolibrary.org/obo/TO_0000667> <http://purl.obolibrary.org/obo/TO_0000162>);0.0;0.0;0;0
ore_ont_15985.owl;SubClassOf(<http://purl.obolibrary.org/obo/TO_0000657> <http://purl.obolibrary.org/obo/TO_0000373>);0.0;0.0;0;0
ore_ont_15985.owl;SubClassOf(<http://purl.obolibrary.org/obo/TO_0001024> <http://purl.obolibrary.org/obo/TO_0000465>);0.0;0.0;0;0
ore_ont_15985.owl;SubClassOf(<http://purl.obolibrary.org/obo/TO_0000664> <http://purl.obolibrary.org/obo/TO_0000439>);0.0;0.0;0;0
ore_ont_10283.owl;SubClassOf(<http://www.lornet.org/ACM-CSS.owl#G.3.0> <http://www.lornet.org/ACM-CSS.owl#G.3>);0.0;0.0;0;0
ore_ont_10283.owl;SubClassOf(<http://www.lornet.org/ACM-CSS.owl#D.2.2> <http://www.lornet.org/ACM-CSS.owl#D.2>);0.0;0.0;0;0
ore_ont_10283.owl;SubClassOf(<http://www.lornet.org/ACM-CSS.owl#D.3.3.15> <http://www.lornet.org/ACM-CSS.owl#D.3.3>);0.0;0.0;0;0
ore_ont_10283.owl;SubClassOf(<http://www.lornet.org/ACM-CSS.owl#D.3.4.8> <http://www.lornet.org/ACM-CSS.owl#D.3.4>);0.0;0.0;0;0
ore_ont_10283.owl;SubClassOf(<http://www.lornet.org/ACM-CSS.owl#I.2.10> <http://www.lornet.org/ACM-CSS.owl#I.2>);0.0;0.0;0;0
ore_ont_10283.owl;SubClassOf(<http://www.lornet.org/ACM-CSS.owl#D.2.2.0> <http://www.lornet.org/ACM-CSS.owl#D.2.2>);0.0;0.0;0;0
ore_ont_10283.owl;SubClassOf(<http://www.lornet.org/ACM-CSS.owl#I.4.8.9> <http://www.lornet.org/ACM-CSS.owl#I.4.8>);0.0;0.0;0;0
ore_ont_10283.owl;SubClassOf(<http://www.lornet.org/ACM-CSS.owl#H.5.2.1> <http://www.lornet.org/ACM-CSS.owl#H.5.2>);0.0;0.0;0;0
ore_ont_10283.owl;SubClassOf(<http://www.lornet.org/ACM-CSS.owl#D.3.2.13> <http://www.lornet.org/ACM-CSS.owl#D.3.2>);0.0;0.0;0;0
ore_ont_10283.owl;SubClassOf(<http://www.lornet.org/ACM-CSS.owl#G.1.2> <http://www.lornet.org/ACM-CSS.owl#G.1>);0.0;0.0;0;0
ore_ont_1473.owl;SubClassOf(<http://purl.obolibrary.org/obo/DIS_2322> <http://purl.obolibrary.org/obo/DIS_0298>);1.0;0.0;0;1
ore_ont_1473.owl;SubClassOf(<http://purl.obolibrary.org/obo/DIS_1613> <http://purl.obolibrary.org/obo/DIS_1246>);0.3855140186915888;0.0;0;1
ore_ont_1473.owl;SubClassOf(<http://purl.obolibrary.org/obo/DIS_0331> <http://purl.obolibrary.org/obo/DIS_0455>);0.0;0.0;0;0
ore_ont_1473.owl;SubClassOf(<http://purl.obolibrary.org/obo/DIS_1242> <http://purl.obolibrary.org/obo/DIS_1613>);0.0;0.0;0;0
ore_ont_1473.owl;SubClassOf(<http://purl.obolibrary.org/obo/DIS_0952> <http://purl.obolibrary.org/obo/DIS_0155>);0.0;0.0;0;0
ore_ont_1473.owl;SubClassOf(<http://purl.obolibrary.org/obo/DIS_0455> <http://purl.obolibrary.org/obo/DIS_1947>);0.0;0.0;0;0
ore_ont_1473.owl;SubClassOf(<http://purl.obolibrary.org/obo/DIS_0428> <http://purl.obolibrary.org/obo/DIS_0067>);0.0;0.0;0;0
ore_ont_1473.owl;SubClassOf(<http://purl.obolibrary.org/obo/DIS_1140> <http://purl.obolibrary.org/obo/DIS_0361>);0.0;0.0;0;0
ore_ont_1473.owl;SubClassOf(<http://purl.obolibrary.org/obo/DIS_0106> <http://purl.obolibrary.org/obo/DIS_0255>);0.0;0.0;0;0
ore_ont_1473.owl;SubClassOf(<http://purl.obolibrary.org/obo/DIS_0574> <http://purl.obolibrary.org/obo/DIS_0428>);0.0;0.0;0;0
ore_ont_12009.owl;SubClassOf(<http://doe-generated-ontology.com/OntoPneumo#Cystectomie> <http://doe-generated-ontology.com/OntoPneumo#InterventionChirurgicale>);0.0;0.0;0;0
ore_ont_12009.owl;SubClassOf(<http://doe-generated-ontology.com/OntoPneumo#PseudomonasAeruginosa> <http://doe-generated-ontology.com/OntoPneumo#Bacterie>);0.0;0.0;0;0
ore_ont_12009.owl;SubClassOf(<http://doe-generated-ontology.com/OntoPneumo#Tete> <http://doe-generated-ontology.com/OntoPneumo#RegionAnatomique>);0.0;0.0;0;0
ore_ont_12009.owl;SubClassOf(<http://doe-generated-ontology.com/OntoPneumo#Poumon> <http://doe-generated-ontology.com/OntoPneumo#Organe>);0.0;0.0;0;0
ore_ont_12009.owl;SubClassOf(<http://doe-generated-ontology.com/OntoPneumo#Bisolvon> <http://doe-generated-ontology.com/OntoPneumo#Fluidifiant>);0.0;0.0;0;0
ore_ont_12009.owl;SubClassOf(<http://doe-generated-ontology.com/OntoPneumo#Vertebre> <http://doe-generated-ontology.com/OntoPneumo#Os>);0.0;0.0;0;0
ore_ont_12009.owl;SubClassOf(<http://doe-generated-ontology.com/OntoPneumo#PathologieRespiratoireTumoraleBenigne> <http://doe-generated-ontology.com/OntoPneumo#PathologieRespiratoire>);0.0;0.0;0;0
ore_ont_12009.owl;SubClassOf(<http://doe-generated-ontology.com/OntoPneumo#ArtereBronchique> <http://doe-generated-ontology.com/OntoPneumo#Artere>);0.0;0.0;0;0
ore_ont_12009.owl;SubClassOf(<http://doe-generated-ontology.com/OntoPneumo#ComposantDeLExplorationDeLHemostase> <http://doe-generated-ontology.com/OntoPneumo#PrelevementSanguin>);0.0;0.0;0;0
ore_ont_12009.owl;SubClassOf(<http://doe-generated-ontology.com/OntoPneumo#PseudoLymphomePulmonaire> <http://doe-generated-ontology.com/OntoPneumo#PathologieRespiratoireTumoraleBenigne>);0.0;0.0;0;0
ore_ont_8135.owl;SubClassOf(<http://www.ebi.ac.uk/efo/swo/SWO_0000595> <http://purl.obolibrary.org/obo/IAO_0000064>);0.0;0.0;0;0
ore_ont_8135.owl;SubClassOf(<http://www.ebi.ac.uk/efo/swo/SWO_0000084> <http://purl.obolibrary.org/obo/IAO_0000098>);0.0;0.0;0;0
ore_ont_8135.owl;SubClassOf(<http://www.ebi.ac.uk/efo/swo/SWO_0000182> <http://purl.obolibrary.org/obo/IAO_0000010>);0.0;1.0;1;0
ore_ont_8135.owl;SubClassOf(<http://www.ebi.ac.uk/efo/swo/SWO_0000554> <http://purl.obolibrary.org/obo/IAO_0000027>);0.0;0.0;0;0
ore_ont_8135.owl;SubClassOf(<http://www.ebi.ac.uk/efo/swo/SWO_0000409> <http://purl.obolibrary.org/obo/IAO_0000098>);0.0;0.0;0;0
ore_ont_8135.owl;SubClassOf(<http://purl.obolibrary.org/obo/OBI_0200031> <http://purl.obolibrary.org/obo/IAO_0000005>);0.0;0.0;0;0
ore_ont_8135.owl;SubClassOf(<http://www.ebi.ac.uk/efo/swo/SWO_0000624> <http://purl.obolibrary.org/obo/IAO_0000027>);0.0;0.0;0;0
ore_ont_8135.owl;SubClassOf(<http://www.ebi.ac.uk/efo/swo/SWO_0000116> <http://purl.obolibrary.org/obo/IAO_0000027>);0.0;0.0;0;0
ore_ont_8135.owl;SubClassOf(<http://www.ebi.ac.uk/efo/swo/SWO_0000661> <http://purl.obolibrary.org/obo/IAO_0000027>);0.0;0.0;0;0
ore_ont_8135.owl;SubClassOf(<http://www.ebi.ac.uk/efo/swo/SWO_0000415> <http://purl.obolibrary.org/obo/IAO_0000030>);0.0;1.0;1;0
ore_ont_11014.owl;SubClassOf(<http://purl.obolibrary.org/obo/MS_1001371> <http://purl.obolibrary.org/obo/MS_1001143>);0.0;0.0;0;0
ore_ont_11014.owl;SubClassOf(<http://purl.obolibrary.org/obo/MS_1001371> <http://purl.obolibrary.org/obo/MS_1001153>);0.0;0.0;0;0
ore_ont_11014.owl;SubClassOf(<http://purl.obolibrary.org/obo/MS_1000752> <http://purl.obolibrary.org/obo/MS_1001457>);0.0;0.0;0;0
ore_ont_11014.owl;SubClassOf(<http://purl.obolibrary.org/obo/MS_1000719> <http://purl.obolibrary.org/obo/MS_1000692>);0.0;0.0;0;0
ore_ont_11014.owl;SubClassOf(<http://purl.obolibrary.org/obo/MS_1000752> <http://purl.obolibrary.org/obo/MS_1001456>);0.0;0.0;0;0
ore_ont_11014.owl;SubClassOf(<http://purl.obolibrary.org/obo/MS_1000242> <http://purl.obolibrary.org/obo/MS_1000437>);0.0;0.0;0;0
ore_ont_11014.owl;SubClassOf(<http://purl.obolibrary.org/obo/MS_1000247> <http://purl.obolibrary.org/obo/MS_1000008>);0.0;0.0;0;0
ore_ont_11014.owl;SubClassOf(<http://purl.obolibrary.org/obo/MS_1000293> <http://purl.obolibrary.org/obo/MS_1000479>);0.0;0.0;0;0
ore_ont_11014.owl;SubClassOf(<http://purl.obolibrary.org/obo/MS_1001227> <http://purl.obolibrary.org/obo/MS_1001221>);0.0;0.0;0;0
ore_ont_11014.owl;SubClassOf(<http://purl.obolibrary.org/obo/MS_1001041> <http://purl.obolibrary.org/obo/MS_1001302>);1.0;0.0;0;1
ore_ont_13578.owl;SubClassOf(<http://purl.obolibrary.org/obo/VHOG_0000319> <http://purl.obolibrary.org/obo/VHOG_0001245>);0.0;0.0;0;0
ore_ont_13578.owl;SubClassOf(<http://purl.obolibrary.org/obo/VHOG_0000334> <http://purl.obolibrary.org/obo/VHOG_0001190>);0.0;0.0;0;0
ore_ont_13578.owl;SubClassOf(<http://purl.obolibrary.org/obo/VHOG_0000726> <http://purl.obolibrary.org/obo/VHOG_0001725>);1.0;0.0;0;1
ore_ont_13578.owl;SubClassOf(<http://purl.obolibrary.org/obo/VHOG_0000725> <http://purl.obolibrary.org/obo/VHOG_0001725>);1.0;0.0;0;1
ore_ont_13578.owl;SubClassOf(<http://purl.obolibrary.org/obo/VHOG_0000319> <http://purl.obolibrary.org/obo/VHOG_0001757>);0.0;1.0;1;0
ore_ont_13578.owl;SubClassOf(<http://purl.obolibrary.org/obo/VHOG_0000713> <http://purl.obolibrary.org/obo/VHOG_0000319>);0.0;0.0;0;0
ore_ont_13578.owl;SubClassOf(<http://purl.obolibrary.org/obo/VHOG_0000288> <http://purl.obolibrary.org/obo/VHOG_0001737>);0.0;0.0;0;0
ore_ont_13578.owl;SubClassOf(<http://purl.obolibrary.org/obo/VHOG_0000276> <http://purl.obolibrary.org/obo/VHOG_0001730>);0.0;0.0;0;0
ore_ont_13578.owl;SubClassOf(<http://purl.obolibrary.org/obo/VHOG_0001535> <http://purl.obolibrary.org/obo/VHOG_0001533>);0.0;0.0;0;0
ore_ont_13578.owl;SubClassOf(<http://purl.obolibrary.org/obo/VHOG_0000275> <http://purl.obolibrary.org/obo/VHOG_0001730>);0.0;0.0;0;0
ore_ont_3635.owl;SubClassOf(<http://purl.obolibrary.org/obo/HAO_0000461> <http://purl.obolibrary.org/obo/HAO_0000397>);0.0;0.0;0;0
ore_ont_3635.owl;SubClassOf(<http://purl.obolibrary.org/obo/HAO_0000864> <http://purl.obolibrary.org/obo/HAO_0000188>);0.0;0.0;0;0
ore_ont_3635.owl;SubClassOf(<http://purl.obolibrary.org/obo/HAO_0000234> <http://purl.obolibrary.org/obo/HAO_0000003>);0.0;1.0;1;0
ore_ont_3635.owl;SubClassOf(<http://purl.obolibrary.org/obo/HAO_0000505> <http://purl.obolibrary.org/obo/HAO_0000003>);0.0;1.0;1;0
ore_ont_3635.owl;SubClassOf(<http://purl.obolibrary.org/obo/HAO_0000853> <http://purl.obolibrary.org/obo/HAO_0000003>);1.0;0.0;0;1
ore_ont_3635.owl;SubClassOf(<http://purl.obolibrary.org/obo/HAO_0000822> <http://purl.obolibrary.org/obo/HAO_0000146>);0.0;0.0;0;0
ore_ont_3635.owl;SubClassOf(<http://purl.obolibrary.org/obo/HAO_0000234> <http://purl.obolibrary.org/obo/HAO_0000909>);0.0;0.0;0;0
ore_ont_3635.owl;SubClassOf(<http://purl.obolibrary.org/obo/HAO_0000244> <http://purl.obolibrary.org/obo/HAO_0000978>);0.0;0.0;0;0
ore_ont_3635.owl;SubClassOf(<http://purl.obolibrary.org/obo/HAO_0000853> <http://purl.obolibrary.org/obo/HAO_0000041>);1.0;0.0;0;1
ore_ont_3635.owl;SubClassOf(<http://purl.obolibrary.org/obo/HAO_0000925> <http://purl.obolibrary.org/obo/HAO_0000641>);0.0;0.0;0;0
ore_ont_725.owl;SubClassOf(<http://purl.obolibrary.org/obo/MOD_00707> <http://purl.obolibrary.org/obo/MOD_00919>);0.0;0.0;0;0
ore_ont_725.owl;SubClassOf(<http://purl.obolibrary.org/obo/MOD_00134> <http://purl.obolibrary.org/obo/MOD_00912>);0.0;0.0;0;0
ore_ont_725.owl;SubClassOf(<http://purl.obolibrary.org/obo/MOD_00002> <http://purl.obolibrary.org/obo/MOD_00916>);0.0;0.0;0;0
ore_ont_725.owl;SubClassOf(<http://purl.obolibrary.org/obo/MI_0612> <http://purl.obolibrary.org/obo/MI_0664>);0.0;0.0;0;0
ore_ont_725.owl;SubClassOf(<http://purl.obolibrary.org/obo/MI_0212> <http://purl.obolibrary.org/obo/MI_0414>);0.0;1.0;1;0
ore_ont_725.owl;SubClassOf(<http://purl.obolibrary.org/obo/MOD_00687> <http://purl.obolibrary.org/obo/MOD_00905>);0.0;0.0;0;0
ore_ont_725.owl;SubClassOf(<http://purl.obolibrary.org/obo/MOD_00298> <http://purl.obolibrary.org/obo/MOD_00909>);0.0;0.0;0;0
ore_ont_725.owl;SubClassOf(<http://purl.obolibrary.org/obo/MI_2064> <http://purl.obolibrary.org/obo/MI_0640>);0.0;0.0;0;0
ore_ont_725.owl;SubClassOf(<http://purl.obolibrary.org/obo/MI_0434> <http://purl.obolibrary.org/obo/MI_0415>);0.0;0.0;0;0
ore_ont_725.owl;SubClassOf(<http://purl.obolibrary.org/obo/MOD_00134> <http://purl.obolibrary.org/obo/MOD_00908>);0.0;0.0;0;0
ore_ont_15950.owl;SubClassOf(<http://purl.obolibrary.org/obo/WBPhenotype_0000717> <http://purl.obolibrary.org/obo/WBPhenotype_0000027>);0.0;0.0;0;0
ore_ont_15950.owl;SubClassOf(<http://purl.obolibrary.org/obo/WBPhenotype_0001344> <http://purl.obolibrary.org/obo/WBPhenotype_0000533>);0.0;1.0;1;0
ore_ont_15950.owl;SubClassOf(<http://purl.obolibrary.org/obo/WBPhenotype_0000011> <http://purl.obolibrary.org/obo/WBPhenotype_0000631>);0.0;0.0;0;0
ore_ont_15950.owl;SubClassOf(<http://purl.obolibrary.org/obo/WBPhenotype_0001438> <http://purl.obolibrary.org/obo/WBPhenotype_0000525>);0.0;0.937062937062936;1;0
ore_ont_15950.owl;SubClassOf(<http://purl.obolibrary.org/obo/WBPhenotype_0001102> <http://purl.obolibrary.org/obo/WBPhenotype_0001100>);1.0;0.0;0;1
ore_ont_15950.owl;SubClassOf(<http://purl.obolibrary.org/obo/WBPhenotype_0000024> <http://purl.obolibrary.org/obo/WBPhenotype_0000011>);0.0;0.0;0;0
ore_ont_15950.owl;SubClassOf(<http://purl.obolibrary.org/obo/WBPhenotype_0001100> <http://purl.obolibrary.org/obo/WBPhenotype_0000749>);1.0;0.0;0;1
ore_ont_15950.owl;SubClassOf(<http://purl.obolibrary.org/obo/WBPhenotype_0000146> <http://purl.obolibrary.org/obo/WBPhenotype_0000067>);0.0;0.0;0;0
ore_ont_15950.owl;SubClassOf(<http://purl.obolibrary.org/obo/WBPhenotype_0000825> <http://purl.obolibrary.org/obo/WBPhenotype_0000529>);1.0;0.0;0;1
ore_ont_15950.owl;SubClassOf(<http://purl.obolibrary.org/obo/WBPhenotype_0000746> <http://purl.obolibrary.org/obo/WBPhenotype_0000536>);0.0;0.0;0;0
ore_ont_12397.owl;SubClassOf(<http://purl.obolibrary.org/obo/CMO_0000119> <http://purl.obolibrary.org/obo/CMO_0000028>);0.0;0.0;0;0
ore_ont_12397.owl;SubClassOf(<http://purl.obolibrary.org/obo/CMO_0000265> <http://purl.obolibrary.org/obo/CMO_0000230>);0.0;0.0;0;0
ore_ont_12397.owl;SubClassOf(<http://purl.obolibrary.org/obo/CMO_0000230> <http://purl.obolibrary.org/obo/CMO_0000000>);0.0;1.0;1;0
ore_ont_12397.owl;SubClassOf(<http://purl.obolibrary.org/obo/CMO_0000758> <http://purl.obolibrary.org/obo/CMO_0000256>);0.0;0.4879518072289157;1;0
ore_ont_12397.owl;SubClassOf(<http://purl.obolibrary.org/obo/CMO_0000927> <http://purl.obolibrary.org/obo/CMO_0000926>);0.0;0.0;0;0
ore_ont_12397.owl;SubClassOf(<http://purl.obolibrary.org/obo/CMO_0000518> <http://purl.obolibrary.org/obo/CMO_0000119>);0.0;0.0;0;0
ore_ont_12397.owl;SubClassOf(<http://purl.obolibrary.org/obo/CMO_0000110> <http://purl.obolibrary.org/obo/CMO_0000227>);1.0;0.478405315614618;0;1
ore_ont_12397.owl;SubClassOf(<http://purl.obolibrary.org/obo/CMO_0000951> <http://purl.obolibrary.org/obo/CMO_0000068>);1.0;0.0;0;1
ore_ont_12397.owl;SubClassOf(<http://purl.obolibrary.org/obo/CMO_0000068> <http://purl.obolibrary.org/obo/CMO_0000021>);0.0;0.0;0;0
ore_ont_12397.owl;SubClassOf(<http://purl.obolibrary.org/obo/CMO_0000230> <http://purl.obolibrary.org/obo/CMO_0000669>);0.0;0.0;0;0
ore_ont_412.owl;SubClassOf(<http://purl.org/biotop/biotop.owl#Population> <http://www.absoluteiri.edu/RELAPPROXC443>);0.3076923076925983;1.0;1;0
ore_ont_412.owl;SubClassOf(<http://purl.org/biotop/biotop.owl#Population> <http://purl.org/biotop/biotop.owl#MaterialEntity>);0.0;0.3308823529405657;1;0
ore_ont_412.owl;SubClassOf(<http://purl.org/biotop/biotop.owl#TaxonQuality> <http://www.absoluteiri.edu/RELAPPROXC409>);0.0;1.0;1;0
ore_ont_412.owl;SubClassOf(<http://purl.org/biotop/biotop.owl#AnimalPopulation> <http://purl.org/biotop/biotop.owl#Population>);0.0;0.0;0;0
ore_ont_412.owl;SubClassOf(<http://purl.org/biotop/biotop.owl#Action> <http://purl.org/biotop/biotop.owl#ProcessualEntity>);0.0;0.0;0;0
ore_ont_412.owl;SubClassOf(<http://purl.org/biotop/biotop.owl#BacterialCell> <http://purl.org/biotop/biotop.owl#Cell>);1.0;0.0;0;1
ore_ont_412.owl;SubClassOf(<http://www.absoluteiri.edu/RELAPPROXC1149> <http://purl.org/biotop/biotop.owl#TaxonQuality>);0.0;0.0;0;0
ore_ont_412.owl;SubClassOf(<http://purl.org/biotop/biotop.owl#SubmolecularGroup> <http://purl.org/biotop/biotop.owl#MonoMolecularEntity>);0.0;1.0;1;0
ore_ont_412.owl;SubClassOf(<http://purl.org/biotop/biotop.owl#AnimalIncludingHuman> <http://purl.org/biotop/biotop.owl#Organism>);0.0;1.0;1;0
ore_ont_412.owl;SubClassOf(<http://purl.org/biotop/biotop.owl#Organism> <http://purl.org/biotop/biotop.owl#StructuredBiologicalEntity>);1.0;0.0;0;1
ore_ont_670.owl;SubClassOf(<http://purl.obolibrary.org/obo/WBPhenotype_0001441> <http://purl.obolibrary.org/obo/WBPhenotype_0000525>);0.0;1.0;1;0
ore_ont_670.owl;SubClassOf(<http://purl.obolibrary.org/obo/WBPhenotype_0000631> <http://purl.obolibrary.org/obo/WBPhenotype_0000577>);1.0;0.0;0;1
ore_ont_670.owl;SubClassOf(<http://purl.obolibrary.org/obo/WBPhenotype_0000717> <http://purl.obolibrary.org/obo/WBPhenotype_0000027>);0.0;0.0;0;0
ore_ont_670.owl;SubClassOf(<http://purl.obolibrary.org/obo/WBPhenotype_0000011> <http://purl.obolibrary.org/obo/WBPhenotype_0000631>);0.0;0.0;0;0
ore_ont_670.owl;SubClassOf(<http://purl.obolibrary.org/obo/WBPhenotype_0001260> <http://purl.obolibrary.org/obo/WBPhenotype_0000533>);0.0;1.0;1;0
ore_ont_670.owl;SubClassOf(<http://purl.obolibrary.org/obo/WBPhenotype_0001102> <http://purl.obolibrary.org/obo/WBPhenotype_0001100>);1.0;0.0;0;1
ore_ont_670.owl;SubClassOf(<http://purl.obolibrary.org/obo/WBPhenotype_0000024> <http://purl.obolibrary.org/obo/WBPhenotype_0000011>);0.0;0.0;0;0
ore_ont_670.owl;SubClassOf(<http://purl.obolibrary.org/obo/WBPhenotype_0001100> <http://purl.obolibrary.org/obo/WBPhenotype_0000749>);1.0;0.0;0;1
ore_ont_670.owl;SubClassOf(<http://purl.obolibrary.org/obo/WBPhenotype_0000825> <http://purl.obolibrary.org/obo/WBPhenotype_0000529>);1.0;0.0;0;1
ore_ont_670.owl;SubClassOf(<http://purl.obolibrary.org/obo/WBPhenotype_0000746> <http://purl.obolibrary.org/obo/WBPhenotype_0000536>);0.0;0.0;0;0
ore_ont_15292.owl;SubClassOf(<http://purl.obolibrary.org/obo/MOD_00964> <http://purl.obolibrary.org/obo/MOD_00947>);0.0;0.0;0;0
ore_ont_15292.owl;SubClassOf(<http://purl.obolibrary.org/obo/MOD_01426> <http://purl.obolibrary.org/obo/MOD_00848>);0.0;0.0;0;0
ore_ont_15292.owl;SubClassOf(<http://purl.obolibrary.org/obo/MOD_00134> <http://purl.obolibrary.org/obo/MOD_01875>);0.0;0.0;0;0
ore_ont_15292.owl;SubClassOf(<http://purl.obolibrary.org/obo/MOD_00002> <http://purl.obolibrary.org/obo/MOD_00916>);0.0;0.0;0;0
ore_ont_15292.owl;SubClassOf(<http://purl.obolibrary.org/obo/MOD_01875> <http://purl.obolibrary.org/obo/MOD_00912>);0.0;0.0;0;0
ore_ont_15292.owl;SubClassOf(<http://purl.obolibrary.org/obo/MOD_00985> <http://purl.obolibrary.org/obo/MOD_00919>);0.0;0.0;0;0
ore_ont_15292.owl;SubClassOf(<http://purl.obolibrary.org/obo/MOD_00005> <http://purl.obolibrary.org/obo/MOD_00917>);0.0;0.0;0;0
ore_ont_15292.owl;SubClassOf(<http://purl.obolibrary.org/obo/MOD_00687> <http://purl.obolibrary.org/obo/MOD_00905>);0.0;0.0;0;0
ore_ont_15292.owl;SubClassOf(<http://purl.obolibrary.org/obo/MOD_00298> <http://purl.obolibrary.org/obo/MOD_00909>);0.0;0.0;0;0
ore_ont_15292.owl;SubClassOf(<http://purl.obolibrary.org/obo/MOD_01453> <http://purl.obolibrary.org/obo/MOD_00906>);0.0;0.0;0;0
ore_ont_5080.owl;SubClassOf(<http://purl.obolibrary.org/obo/PO_0025018> <http://purl.obolibrary.org/obo/PO_0025001>);1.0;0.0;0;1
ore_ont_5080.owl;SubClassOf(<http://purl.obolibrary.org/obo/PO_0000010> <http://purl.obolibrary.org/obo/PO_0009009>);0.0;0.0;0;0
ore_ont_5080.owl;SubClassOf(<http://purl.obolibrary.org/obo/PO_0025030> <http://purl.obolibrary.org/obo/PO_0009002>);0.0;0.0;0;0
ore_ont_5080.owl;SubClassOf(<http://purl.obolibrary.org/obo/PO_0006016> <http://purl.obolibrary.org/obo/PO_0005679>);0.920774647887324;0.0;0;1
ore_ont_5080.owl;SubClassOf(<http://purl.obolibrary.org/obo/PO_0005679> <http://purl.obolibrary.org/obo/PO_0009007>);0.0;0.0;0;0
ore_ont_5080.owl;SubClassOf(<http://purl.obolibrary.org/obo/PO_0020030> <http://purl.obolibrary.org/obo/PO_0009025>);0.0;0.0;0;0
ore_ont_5080.owl;SubClassOf(<http://purl.obolibrary.org/obo/PO_0025128> <http://purl.obolibrary.org/obo/PO_0009013>);0.0;1.0;1;0
ore_ont_5080.owl;SubClassOf(<http://purl.obolibrary.org/obo/PO_0020121> <http://purl.obolibrary.org/obo/PO_0009005>);0.0;0.0;0;0
ore_ont_5080.owl;SubClassOf(<http://purl.obolibrary.org/obo/PO_0009081> <http://purl.obolibrary.org/obo/PO_0025029>);0.0;0.0;0;0
ore_ont_5080.owl;SubClassOf(<http://purl.obolibrary.org/obo/PO_0005421> <http://purl.obolibrary.org/obo/PO_0025059>);0.0;0.0;0;0
ore_ont_9598.owl;SubClassOf(<http://purl.obolibrary.org/obo/AAO_0000137> <http://purl.obolibrary.org/obo/AAO_0000138>);0.0;1.0;1;0
ore_ont_9598.owl;SubClassOf(<http://purl.obolibrary.org/obo/AAO_0010603> <http://purl.obolibrary.org/obo/AAO_0000977>);0.0;0.0;0;0
ore_ont_9598.owl;SubClassOf(<http://purl.obolibrary.org/obo/AAO_0010714> <http://purl.obolibrary.org/obo/AAO_0010687>);0.0;0.0;0;0
ore_ont_9598.owl;SubClassOf(<http://purl.obolibrary.org/obo/AAO_0000320> <http://purl.obolibrary.org/obo/AAO_0010841>);0.0;1.0;1;0
ore_ont_9598.owl;SubClassOf(<http://purl.obolibrary.org/obo/AAO_0000192> <http://purl.obolibrary.org/obo/AAO_0000051>);0.0;0.0;0;0
ore_ont_9598.owl;SubClassOf(<http://purl.obolibrary.org/obo/AAO_0010517> <http://purl.obolibrary.org/obo/AAO_0010212>);0.0;0.0;0;0
ore_ont_9598.owl;SubClassOf(<http://purl.obolibrary.org/obo/AAO_0010758> <http://purl.obolibrary.org/obo/AAO_0000218>);0.0;0.0;0;0
ore_ont_9598.owl;SubClassOf(<http://purl.obolibrary.org/obo/AAO_0000052> <http://purl.obolibrary.org/obo/AAO_0010009>);0.0;1.0;1;0
ore_ont_9598.owl;SubClassOf(<http://purl.obolibrary.org/obo/AAO_0010324> <http://purl.obolibrary.org/obo/AAO_0010012>);0.0;0.0;0;0
ore_ont_9598.owl;SubClassOf(<http://purl.obolibrary.org/obo/AAO_0010146> <http://purl.obolibrary.org/obo/AAO_0000320>);0.0;0.0;0;0
ore_ont_380.owl;SubClassOf(<http://rhizomik.net/ontologies/2006/01/NewsCodes-SubjectsOnto.owl#04005003> <http://rhizomik.net/ontologies/2006/01/NewsCodes-SubjectsOnto.owl#SubjectDetail>);0.0;0.0;0;0
ore_ont_380.owl;SubClassOf(<http://rhizomik.net/ontologies/2006/01/NewsCodes-SubjectsOnto.owl#15005000> <http://rhizomik.net/ontologies/2006/01/NewsCodes-SubjectsOnto.owl#15000000>);0.0;0.0;0;0
ore_ont_380.owl;SubClassOf(<http://rhizomik.net/ontologies/2006/01/NewsCodes-SubjectsOnto.owl#04008018> <http://rhizomik.net/ontologies/2006/01/NewsCodes-SubjectsOnto.owl#04008000>);0.0;0.0;0;0
ore_ont_380.owl;SubClassOf(<http://rhizomik.net/ontologies/2006/01/NewsCodes-SubjectsOnto.owl#04016019> <http://rhizomik.net/ontologies/2006/01/NewsCodes-SubjectsOnto.owl#04016000>);0.0;0.0;0;0
ore_ont_380.owl;SubClassOf(<http://rhizomik.net/ontologies/2006/01/NewsCodes-SubjectsOnto.owl#15005013> <http://rhizomik.net/ontologies/2006/01/NewsCodes-SubjectsOnto.owl#15005000>);0.0;0.0;0;0
ore_ont_380.owl;SubClassOf(<http://rhizomik.net/ontologies/2006/01/NewsCodes-SubjectsOnto.owl#15062009> <http://rhizomik.net/ontologies/2006/01/NewsCodes-SubjectsOnto.owl#15062000>);0.0;0.0;0;0
ore_ont_380.owl;SubClassOf(<http://rhizomik.net/ontologies/2006/01/NewsCodes-SubjectsOnto.owl#14006000> <http://rhizomik.net/ontologies/2006/01/NewsCodes-SubjectsOnto.owl#14000000>);0.0;0.0;0;0
ore_ont_380.owl;SubClassOf(<http://rhizomik.net/ontologies/2006/01/NewsCodes-SubjectsOnto.owl#15073025> <http://rhizomik.net/ontologies/2006/01/NewsCodes-SubjectsOnto.owl#15073000>);0.0;0.0;0;0
ore_ont_380.owl;SubClassOf(<http://rhizomik.net/ontologies/2006/01/NewsCodes-SubjectsOnto.owl#SubjectDetail> <http://rhizomik.net/ontologies/2006/01/NewsCodes-SubjectsOnto.owl#SubjectMatter>);0.0;0.0;0;0
ore_ont_380.owl;SubClassOf(<http://rhizomik.net/ontologies/2006/01/NewsCodes-SubjectsOnto.owl#01011000> <http://rhizomik.net/ontologies/2006/01/NewsCodes-SubjectsOnto.owl#01000000>);0.0;0.0;0;0
ore_ont_566.owl;SubClassOf(<http://rhizomik.net/ontologies/2006/01/NewsCodes-SubjectsOnto.owl#04005003> <http://rhizomik.net/ontologies/2006/01/NewsCodes-SubjectsOnto.owl#SubjectDetail>);0.0;0.0;0;0
ore_ont_566.owl;SubClassOf(<http://rhizomik.net/ontologies/2006/01/NewsCodes-SubjectsOnto.owl#15005000> <http://rhizomik.net/ontologies/2006/01/NewsCodes-SubjectsOnto.owl#15000000>);0.0;0.0;0;0
ore_ont_566.owl;SubClassOf(<http://rhizomik.net/ontologies/2006/01/NewsCodes-SubjectsOnto.owl#04008018> <http://rhizomik.net/ontologies/2006/01/NewsCodes-SubjectsOnto.owl#04008000>);0.0;0.0;0;0
ore_ont_566.owl;SubClassOf(<http://rhizomik.net/ontologies/2006/01/NewsCodes-SubjectsOnto.owl#15005057> <http://rhizomik.net/ontologies/2006/01/NewsCodes-SubjectsOnto.owl#15005000>);0.0;0.0;0;0
ore_ont_566.owl;SubClassOf(<http://rhizomik.net/ontologies/2006/01/NewsCodes-SubjectsOnto.owl#04016019> <http://rhizomik.net/ontologies/2006/01/NewsCodes-SubjectsOnto.owl#04016000>);0.0;0.0;0;0
ore_ont_566.owl;SubClassOf(<http://rhizomik.net/ontologies/2006/01/NewsCodes-SubjectsOnto.owl#15062009> <http://rhizomik.net/ontologies/2006/01/NewsCodes-SubjectsOnto.owl#15062000>);0.0;0.0;0;0
ore_ont_566.owl;SubClassOf(<http://rhizomik.net/ontologies/2006/01/NewsCodes-SubjectsOnto.owl#14006000> <http://rhizomik.net/ontologies/2006/01/NewsCodes-SubjectsOnto.owl#14000000>);0.0;0.0;0;0
ore_ont_566.owl;SubClassOf(<http://rhizomik.net/ontologies/2006/01/NewsCodes-SubjectsOnto.owl#15073025> <http://rhizomik.net/ontologies/2006/01/NewsCodes-SubjectsOnto.owl#15073000>);0.0;0.0;0;0
ore_ont_566.owl;SubClassOf(<http://rhizomik.net/ontologies/2006/01/NewsCodes-SubjectsOnto.owl#SubjectDetail> <http://rhizomik.net/ontologies/2006/01/NewsCodes-SubjectsOnto.owl#SubjectMatter>);0.0;0.0;0;0
ore_ont_566.owl;SubClassOf(<http://rhizomik.net/ontologies/2006/01/NewsCodes-SubjectsOnto.owl#01011000> <http://rhizomik.net/ontologies/2006/01/NewsCodes-SubjectsOnto.owl#01000000>);0.0;0.0;0;0
ore_ont_7120.owl;SubClassOf(<http://purl.obolibrary.org/obo/UniProtKB_Q9Y169> <http://purl.obolibrary.org/obo/PR_000000001>);0.0;0.0;0;0
ore_ont_7120.owl;SubClassOf(<http://purl.obolibrary.org/obo/UniProtKB_Q9VVI3> <http://purl.obolibrary.org/obo/PR_000000001>);0.0;0.0;0;0
ore_ont_7120.owl;SubClassOf(<http://purl.obolibrary.org/obo/UniProtKB_Q9VEG9> <http://purl.obolibrary.org/obo/PR_000000001>);0.0;0.0;0;0
ore_ont_7120.owl;SubClassOf(<http://purl.obolibrary.org/obo/UniProtKB_P28465> <http://purl.obolibrary.org/obo/PR_000000001>);0.0;0.0;0;0
ore_ont_7120.owl;SubClassOf(<http://purl.obolibrary.org/obo/UniProtKB_Q9VEG6> <http://purl.obolibrary.org/obo/PR_000000001>);0.0;0.0;0;0
ore_ont_7120.owl;SubClassOf(<http://purl.obolibrary.org/obo/UniProtKB_Q05192> <http://purl.obolibrary.org/obo/PR_000000001>);0.0;0.0;0;0
ore_ont_7120.owl;SubClassOf(<http://purl.obolibrary.org/obo/UniProtKB_Q95RC0> <http://purl.obolibrary.org/obo/PR_000000001>);0.0;0.0;0;0
ore_ont_7120.owl;SubClassOf(<http://purl.obolibrary.org/obo/UniProtKB_Q9VVI2> <http://purl.obolibrary.org/obo/PR_000000001>);0.0;0.0;0;0
ore_ont_7120.owl;SubClassOf(<http://purl.obolibrary.org/obo/UniProtKB_P17336> <http://purl.obolibrary.org/obo/PR_000000001>);0.0;0.0;0;0
ore_ont_7120.owl;SubClassOf(<http://purl.obolibrary.org/obo/UniProtKB_Q9VJ07> <http://purl.obolibrary.org/obo/PR_000000001>);0.0;0.0;0;0
ore_ont_2440.owl;SubClassOf(<http://purl.obolibrary.org/obo/TGMA_0000527> <http://purl.obolibrary.org/obo/TGMA_0001835>);0.0;0.0;0;0
ore_ont_2440.owl;SubClassOf(<http://purl.obolibrary.org/obo/TGMA_0000883> <http://purl.obolibrary.org/obo/TGMA_0001842>);0.0;0.0;0;0
ore_ont_2440.owl;SubClassOf(<http://purl.obolibrary.org/obo/TGMA_0000527> <http://purl.obolibrary.org/obo/TGMA_0001823>);1.0;0.0;0;1
ore_ont_2440.owl;SubClassOf(<http://purl.obolibrary.org/obo/TGMA_0001044> <http://purl.obolibrary.org/obo/TGMA_0001013>);0.0;0.0;0;0
ore_ont_2440.owl;SubClassOf(<http://purl.obolibrary.org/obo/TGMA_0000470> <http://purl.obolibrary.org/obo/TGMA_0001825>);0.0;0.0;0;0
ore_ont_2440.owl;SubClassOf(<http://purl.obolibrary.org/obo/TGMA_0000878> <http://purl.obolibrary.org/obo/TGMA_0001828>);0.0;0.0;0;0
ore_ont_2440.owl;SubClassOf(<http://purl.obolibrary.org/obo/TGMA_0000003> <http://purl.obolibrary.org/obo/TGMA_0001842>);0.0;0.0;0;0
ore_ont_2440.owl;SubClassOf(<http://purl.obolibrary.org/obo/TGMA_0001587> <http://purl.obolibrary.org/obo/TGMA_0000809>);0.0;1.0;1;0
ore_ont_2440.owl;SubClassOf(<http://purl.obolibrary.org/obo/TGMA_0000829> <http://purl.obolibrary.org/obo/TGMA_0001363>);0.0;0.0;0;0
ore_ont_2440.owl;SubClassOf(<http://purl.obolibrary.org/obo/TGMA_0000720> <http://purl.obolibrary.org/obo/TGMA_0001830>);0.0;0.0;0;0
ore_ont_8298.owl;SubClassOf(<http://purl.obolibrary.org/obo/CHEBI_25708> <http://purl.obolibrary.org/obo/MIRO_10000169>);0.0;0.0;0;0
ore_ont_8298.owl;SubClassOf(<http://purl.obolibrary.org/obo/MIRO_40003478> <http://purl.obolibrary.org/obo/MIRO_40002217>);0.0;0.0;0;0
ore_ont_8298.owl;SubClassOf(<http://purl.obolibrary.org/obo/CHEBI_39314> <http://purl.obolibrary.org/obo/CHEBI_26413>);0.0;0.0;0;0
ore_ont_8298.owl;SubClassOf(<http://purl.obolibrary.org/obo/IDOMAL_0000380> <http://purl.obolibrary.org/obo/IDOMAL_0000340>);0.0;0.0;0;0
ore_ont_8298.owl;SubClassOf(<http://purl.obolibrary.org/obo/IDOMAL_0001061> <http://purl.obolibrary.org/obo/IDOMAL_0000001>);0.0;0.0;0;0
ore_ont_8298.owl;SubClassOf(<http://purl.obolibrary.org/obo/CHEBI_6651> <http://purl.obolibrary.org/obo/CHEBI_25708>);0.0;0.0;0;0
ore_ont_8298.owl;SubClassOf(<http://purl.obolibrary.org/obo/MIRO_40000121> <http://purl.obolibrary.org/obo/MIRO_40000016>);0.0;0.0;0;0
ore_ont_8298.owl;SubClassOf(<http://purl.obolibrary.org/obo/IDOMAL_0000503> <http://purl.obolibrary.org/obo/IDOMAL_0001242>);0.0;0.0;0;0
ore_ont_8298.owl;SubClassOf(<http://purl.obolibrary.org/obo/IDOMAL_0001134> <http://purl.obolibrary.org/obo/IDOMAL_0001069>);0.0;0.0;0;0
ore_ont_8298.owl;SubClassOf(<http://purl.obolibrary.org/obo/IDOMAL_0000258> <http://purl.obolibrary.org/obo/IDOMAL_0000001>);1.0;0.0;0;1
ore_ont_2377.owl;SubClassOf(<http://purl.obolibrary.org/obo/FYPO_0000949> <http://purl.obolibrary.org/obo/FYPO_0000287>);0.0;0.0;0;0
ore_ont_2377.owl;SubClassOf(<http://purl.obolibrary.org/obo/FYPO_0000953> <http://purl.obolibrary.org/obo/FYPO_0000627>);0.0;0.0;0;0
ore_ont_2377.owl;SubClassOf(<http://purl.obolibrary.org/obo/FYPO_0000287> <http://purl.obolibrary.org/obo/FYPO_0000136>);0.0;0.0;0;0
ore_ont_2377.owl;SubClassOf(<http://purl.obolibrary.org/obo/FYPO_0000663> <http://purl.obolibrary.org/obo/FYPO_0000661>);0.0;0.0;0;0
ore_ont_2377.owl;SubClassOf(<http://purl.obolibrary.org/obo/FYPO_0000540> <http://purl.obolibrary.org/obo/FYPO_0000443>);0.0;0.0;0;0
ore_ont_2377.owl;SubClassOf(<http://purl.obolibrary.org/obo/FYPO_0000127> <http://purl.obolibrary.org/obo/FYPO_0000002>);0.0;0.0;0;0
ore_ont_2377.owl;SubClassOf(<http://purl.obolibrary.org/obo/FYPO_0000841> <http://purl.obolibrary.org/obo/FYPO_0000127>);0.0;0.0;0;0
ore_ont_2377.owl;SubClassOf(<http://purl.obolibrary.org/obo/FYPO_0000924> <http://purl.obolibrary.org/obo/FYPO_0000126>);0.0;0.0;0;0
ore_ont_2377.owl;SubClassOf(<http://purl.obolibrary.org/obo/FYPO_0001113> <http://purl.obolibrary.org/obo/FYPO_0000953>);0.0;0.0;0;0
ore_ont_2377.owl;SubClassOf(<http://purl.obolibrary.org/obo/FYPO_0000443> <http://purl.obolibrary.org/obo/FYPO_0000628>);1.0;0.0;0;1
ore_ont_3313.owl;SubClassOf(<http://biomanta.sourceforge.net/celltype_instance_edit.owl#lymphoblast_CL_0000229> <http://www.geneontology.org/formats/oboInOwl#ObsoleteClass>);0.0;0.0;0;0
ore_ont_3313.owl;SubClassOf(<http://biomanta.sourceforge.net/celltype_instance_edit.owl#epidermal_initial_CL_0000538> <http://biomanta.sourceforge.net/celltype_instance_edit.owl#plant_cell_CL_0000610>);1.0;0.0;0;1
ore_ont_3313.owl;SubClassOf(<http://biomanta.sourceforge.net/celltype_instance_edit.owl#CNS_neuron__sensu_Vertebrata__CL_0000117> <http://biomanta.sourceforge.net/celltype_instance_edit.owl#neuron_CL_0000540>);0.0;0.0;0;0
ore_ont_3313.owl;SubClassOf(<http://biomanta.sourceforge.net/celltype_instance_edit.owl#peptide_hormone_secreting_cell_CL_0000167> <http://biomanta.sourceforge.net/celltype_instance_edit.owl#secretory_cell_CL_0000151>);1.0;0.0;0;1
ore_ont_3313.owl;SubClassOf(<http://biomanta.sourceforge.net/celltype_instance_edit.owl#columnar_cuboidal_epithelial_cell_CL_0000075> <http://biomanta.sourceforge.net/celltype_instance_edit.owl#epithelial_cell_CL_0000066>);0.0;0.0;0;0
ore_ont_3313.owl;SubClassOf(<http://biomanta.sourceforge.net/celltype_instance_edit.owl#myeloid_progenitor_cell_CL_0000839> <http://biomanta.sourceforge.net/celltype_instance_edit.owl#non_terminally_differentiated_cell_CL_0000055>);0.0;1.0;1;0
ore_ont_3313.owl;SubClassOf(<http://biomanta.sourceforge.net/celltype_instance_edit.owl#neuron_CL_0000540> <http://biomanta.sourceforge.net/celltype_instance_edit.owl#animal_cell_CL_0000548>);0.0;1.0;1;0
ore_ont_3313.owl;SubClassOf(<http://biomanta.sourceforge.net/celltype_instance_edit.owl#enterochromaffin_cell_CL_0000504> <http://biomanta.sourceforge.net/celltype_instance_edit.owl#peptide_hormone_secreting_cell_CL_0000167>);1.0;0.0;0;1
ore_ont_3313.owl;SubClassOf(<http://biomanta.sourceforge.net/celltype_instance_edit.owl#secretory_cell_CL_0000151> <http://biomanta.sourceforge.net/celltype_instance_edit.owl#cell_by_function_CL_0000144>);0.0;0.0;0;0
ore_ont_3313.owl;SubClassOf(<http://biomanta.sourceforge.net/celltype_instance_edit.owl#support_cell__sensu_Nematoda_and_Protostomia__CL_0000378> <http://biomanta.sourceforge.net/celltype_instance_edit.owl#supportive_cell_CL_0000630>);0.0;0.0;0;0
ore_ont_9435.owl;SubClassOf(<http://purl.obolibrary.org/obo/MA_0001472> <http://purl.obolibrary.org/obo/MA_0001478>);0.0;0.0;0;0
ore_ont_9435.owl;SubClassOf(<http://purl.obolibrary.org/obo/MA_0001407> <http://purl.obolibrary.org/obo/MA_0000315>);0.0;0.0;0;0
ore_ont_9435.owl;SubClassOf(<http://purl.obolibrary.org/obo/MA_0002949> <http://purl.obolibrary.org/obo/MA_0000261>);0.0;0.0;0;0
ore_ont_9435.owl;SubClassOf(<http://purl.obolibrary.org/obo/MA_0001953> <http://purl.obolibrary.org/obo/MA_0000064>);0.0;0.0;0;0
ore_ont_9435.owl;SubClassOf(<http://purl.obolibrary.org/obo/MA_0001040> <http://purl.obolibrary.org/obo/MA_0000821>);0.0;0.0;0;0
ore_ont_9435.owl;SubClassOf(<http://purl.obolibrary.org/obo/MA_0000736> <http://purl.obolibrary.org/obo/MA_0000139>);0.0;0.0;0;0
ore_ont_9435.owl;SubClassOf(<http://purl.obolibrary.org/obo/MA_0000168> <http://purl.obolibrary.org/obo/MA_0000581>);0.0;0.0;0;0
ore_ont_9435.owl;SubClassOf(<http://purl.obolibrary.org/obo/MA_0002120> <http://purl.obolibrary.org/obo/MA_0000067>);0.0;0.0;0;0
ore_ont_9435.owl;SubClassOf(<http://purl.obolibrary.org/obo/MA_0002324> <http://purl.obolibrary.org/obo/MA_0000015>);0.0;0.0;0;0
ore_ont_9435.owl;SubClassOf(<http://purl.obolibrary.org/obo/MA_0002512> <http://purl.obolibrary.org/obo/MA_0002450>);0.0;0.0;0;0
ore_ont_11619.owl;SubClassOf(<http://purl.obolibrary.org/obo/RS_0000285> <http://purl.obolibrary.org/obo/RS_0000459>);0.0;0.0;0;0
ore_ont_11619.owl;SubClassOf(<http://purl.obolibrary.org/obo/RS_0000121> <http://purl.obolibrary.org/obo/RS_0000765>);0.0;0.0;0;0
ore_ont_11619.owl;SubClassOf(<http://purl.obolibrary.org/obo/RS_0003515> <http://purl.obolibrary.org/obo/RS_0001229>);0.0;0.0;0;0
ore_ont_11619.owl;SubClassOf(<http://purl.obolibrary.org/obo/RS_0003146> <http://purl.obolibrary.org/obo/RS_0003396>);0.0;0.0;0;0
ore_ont_11619.owl;SubClassOf(<http://purl.obolibrary.org/obo/RS_0003147> <http://purl.obolibrary.org/obo/RS_0003397>);0.0;0.0;0;0
ore_ont_11619.owl;SubClassOf(<http://purl.obolibrary.org/obo/RS_0000878> <http://purl.obolibrary.org/obo/RS_0000818>);0.0;0.0;0;0
ore_ont_11619.owl;SubClassOf(<http://purl.obolibrary.org/obo/RS_0002576> <http://purl.obolibrary.org/obo/RS_0000461>);0.474609375;1.0;1;0
ore_ont_11619.owl;SubClassOf(<http://purl.obolibrary.org/obo/RS_0001734> <http://purl.obolibrary.org/obo/RS_0000285>);0.0;0.0;0;0
ore_ont_11619.owl;SubClassOf(<http://purl.obolibrary.org/obo/RS_0002437> <http://purl.obolibrary.org/obo/RS_0002576>);0.0;0.0;0;0
ore_ont_11619.owl;SubClassOf(<http://purl.obolibrary.org/obo/RS_0001609> <http://purl.obolibrary.org/obo/RS_0001231>);0.0;0.0;0;0
ore_ont_15222.owl;SubClassOf(<http://purl.obolibrary.org/obo/MIRO_40002652> <http://purl.obolibrary.org/obo/MIRO_40002482>);0.0;0.0;0;0
ore_ont_15222.owl;SubClassOf(<http://purl.obolibrary.org/obo/MIRO_40003478> <http://purl.obolibrary.org/obo/MIRO_40002217>);0.0;0.0;0;0
ore_ont_15222.owl;SubClassOf(<http://purl.obolibrary.org/obo/MIRO_40000800> <http://purl.obolibrary.org/obo/MIRO_40000648>);0.0;0.0;0;0
ore_ont_15222.owl;SubClassOf(<http://purl.obolibrary.org/obo/MIRO_40002010> <http://purl.obolibrary.org/obo/MIRO_40001928>);0.0;0.0;0;0
ore_ont_15222.owl;SubClassOf(<http://purl.obolibrary.org/obo/MIRO_40000590> <http://purl.obolibrary.org/obo/MIRO_40000517>);0.0;0.0;0;0
ore_ont_15222.owl;SubClassOf(<http://purl.obolibrary.org/obo/MIRO_40002090> <http://purl.obolibrary.org/obo/MIRO_40002031>);0.0;0.0;0;0
ore_ont_15222.owl;SubClassOf(<http://purl.obolibrary.org/obo/MIRO_40002890> <http://purl.obolibrary.org/obo/MIRO_40002860>);0.0;0.0;0;0
ore_ont_15222.owl;SubClassOf(<http://purl.obolibrary.org/obo/MIRO_40003737> <http://purl.obolibrary.org/obo/MIRO_40000960>);0.0;0.0;0;0
ore_ont_15222.owl;SubClassOf(<http://purl.obolibrary.org/obo/MIRO_40000110> <http://purl.obolibrary.org/obo/MIRO_40000016>);0.0;0.0;0;0
ore_ont_15222.owl;SubClassOf(<http://purl.obolibrary.org/obo/MIRO_40003062> <http://purl.obolibrary.org/obo/MIRO_40002995>);0.0;0.0;0;0
ore_ont_4798.owl;SubClassOf(<http://purl.obolibrary.org/obo/MIRO_40002652> <http://purl.obolibrary.org/obo/MIRO_40002482>);0.0;0.0;0;0
ore_ont_4798.owl;SubClassOf(<http://purl.obolibrary.org/obo/MIRO_40003478> <http://purl.obolibrary.org/obo/MIRO_40002217>);0.0;0.0;0;0
ore_ont_4798.owl;SubClassOf(<http://purl.obolibrary.org/obo/MIRO_40000800> <http://purl.obolibrary.org/obo/MIRO_40000648>);0.0;0.0;0;0
ore_ont_4798.owl;SubClassOf(<http://purl.obolibrary.org/obo/MIRO_40002010> <http://purl.obolibrary.org/obo/MIRO_40001928>);0.0;0.0;0;0
ore_ont_4798.owl;SubClassOf(<http://purl.obolibrary.org/obo/MIRO_40000590> <http://purl.obolibrary.org/obo/MIRO_40000517>);0.0;0.0;0;0
ore_ont_4798.owl;SubClassOf(<http://purl.obolibrary.org/obo/MIRO_40002090> <http://purl.obolibrary.org/obo/MIRO_40002031>);0.0;0.0;0;0
ore_ont_4798.owl;SubClassOf(<http://purl.obolibrary.org/obo/MIRO_40002890> <http://purl.obolibrary.org/obo/MIRO_40002860>);0.0;0.0;0;0
ore_ont_4798.owl;SubClassOf(<http://purl.obolibrary.org/obo/MIRO_40003737> <http://purl.obolibrary.org/obo/MIRO_40000960>);0.0;0.0;0;0
ore_ont_4798.owl;SubClassOf(<http://purl.obolibrary.org/obo/MIRO_40000110> <http://purl.obolibrary.org/obo/MIRO_40000016>);0.0;0.0;0;0
ore_ont_4798.owl;SubClassOf(<http://purl.obolibrary.org/obo/MIRO_40003062> <http://purl.obolibrary.org/obo/MIRO_40002995>);0.0;0.0;0;0
ore_ont_9646.owl;SubClassOf(<http://purl.obolibrary.org/obo/MA_0001472> <http://purl.obolibrary.org/obo/MA_0001478>);0.0;0.0;0;0
ore_ont_9646.owl;SubClassOf(<http://purl.obolibrary.org/obo/MA_0001407> <http://purl.obolibrary.org/obo/MA_0000315>);0.0;0.0;0;0
ore_ont_9646.owl;SubClassOf(<http://purl.obolibrary.org/obo/MA_0002949> <http://purl.obolibrary.org/obo/MA_0000261>);0.0;0.0;0;0
ore_ont_9646.owl;SubClassOf(<http://purl.obolibrary.org/obo/MA_0001953> <http://purl.obolibrary.org/obo/MA_0000064>);0.0;0.0;0;0
ore_ont_9646.owl;SubClassOf(<http://purl.obolibrary.org/obo/MA_0001040> <http://purl.obolibrary.org/obo/MA_0000821>);0.0;0.0;0;0
ore_ont_9646.owl;SubClassOf(<http://purl.obolibrary.org/obo/MA_0000736> <http://purl.obolibrary.org/obo/MA_0000139>);0.0;0.0;0;0
ore_ont_9646.owl;SubClassOf(<http://purl.obolibrary.org/obo/MA_0000168> <http://purl.obolibrary.org/obo/MA_0000581>);0.0;0.0;0;0
ore_ont_9646.owl;SubClassOf(<http://purl.obolibrary.org/obo/MA_0002120> <http://purl.obolibrary.org/obo/MA_0000067>);0.0;0.0;0;0
ore_ont_9646.owl;SubClassOf(<http://purl.obolibrary.org/obo/MA_0003024> <http://purl.obolibrary.org/obo/MA_0003148>);0.0;0.0;0;0
ore_ont_9646.owl;SubClassOf(<http://purl.obolibrary.org/obo/MA_0002512> <http://purl.obolibrary.org/obo/MA_0002450>);0.0;0.0;0;0
ore_ont_10742.owl;SubClassOf(<http://purl.obolibrary.org/obo/XAO_0000437> <http://purl.obolibrary.org/obo/XAO_1000000>);0.0;0.0;0;0
ore_ont_10742.owl;SubClassOf(<http://purl.obolibrary.org/obo/XAO_1000020> <http://purl.obolibrary.org/obo/XAO_1000094>);0.0;0.0;0;0
ore_ont_10742.owl;SubClassOf(<http://purl.obolibrary.org/obo/XAO_0000001> <http://purl.obolibrary.org/obo/XAO_0003040>);1.0;0.0;0;1
ore_ont_10742.owl;SubClassOf(<http://purl.obolibrary.org/obo/XAO_1000078> <http://purl.obolibrary.org/obo/XAO_1000094>);0.0;0.0;0;0
ore_ont_10742.owl;SubClassOf(<http://purl.obolibrary.org/obo/XAO_0000115> <http://purl.obolibrary.org/obo/XAO_0003037>);1.0;0.0;0;1
ore_ont_10742.owl;SubClassOf(<http://purl.obolibrary.org/obo/XAO_1000052> <http://purl.obolibrary.org/obo/XAO_1000094>);0.0;0.0;0;0
ore_ont_10742.owl;SubClassOf(<http://purl.obolibrary.org/obo/XAO_1000059> <http://purl.obolibrary.org/obo/XAO_1000094>);0.0;0.0;0;0
ore_ont_10742.owl;SubClassOf(<http://purl.obolibrary.org/obo/XAO_1000057> <http://purl.obolibrary.org/obo/XAO_1000094>);0.0;0.0;0;0
ore_ont_10742.owl;SubClassOf(<http://purl.obolibrary.org/obo/XAO_1000038> <http://purl.obolibrary.org/obo/XAO_1000094>);0.0;0.0;0;0
ore_ont_10742.owl;SubClassOf(<http://purl.obolibrary.org/obo/XAO_1000049> <http://purl.obolibrary.org/obo/XAO_1000094>);0.0;0.0;0;0
ore_ont_10968.owl;SubClassOf(<http://purl.obolibrary.org/obo/BTO_0001912> <http://purl.obolibrary.org/obo/BTO_0000356>);0.0;0.0;0;0
ore_ont_10968.owl;SubClassOf(<http://purl.obolibrary.org/obo/BTO_0000379> <http://purl.obolibrary.org/obo/BTO_0000284>);1.0;0.0;0;1
ore_ont_10968.owl;SubClassOf(<http://purl.obolibrary.org/obo/BTO_0000300> <http://purl.obolibrary.org/obo/BTO_0000713>);0.0;0.0;0;0
ore_ont_10968.owl;SubClassOf(<http://purl.obolibrary.org/obo/BTO_0002559> <http://purl.obolibrary.org/obo/BTO_0002553>);0.0;0.0;0;0
ore_ont_10968.owl;SubClassOf(<http://purl.obolibrary.org/obo/BTO_0001080> <http://purl.obolibrary.org/obo/BTO_0000578>);0.0;0.0;0;0
ore_ont_10968.owl;SubClassOf(<http://purl.obolibrary.org/obo/BTO_0003825> <http://purl.obolibrary.org/obo/BTO_0001479>);0.0;0.0;0;0
ore_ont_10968.owl;SubClassOf(<http://purl.obolibrary.org/obo/BTO_0000720> <http://purl.obolibrary.org/obo/BTO_0001461>);0.0;0.0;0;0
ore_ont_10968.owl;SubClassOf(<http://purl.obolibrary.org/obo/BTO_0002130> <http://purl.obolibrary.org/obo/BTO_0000849>);0.0;0.0;0;0
ore_ont_10968.owl;SubClassOf(<http://purl.obolibrary.org/obo/BTO_0001521> <http://purl.obolibrary.org/obo/BTO_0000794>);0.0;0.0;0;0
ore_ont_10968.owl;SubClassOf(<http://purl.obolibrary.org/obo/BTO_0000419> <http://purl.obolibrary.org/obo/BTO_0000416>);0.0;0.0;0;0
ore_ont_9790.owl;SubClassOf(<http://purl.obolibrary.org/obo/DOID_11104> <http://purl.obolibrary.org/obo/DOID_0050338>);0.0;0.0;0;0
ore_ont_9790.owl;SubClassOf(<http://purl.obolibrary.org/obo/DOID_2723> <http://purl.obolibrary.org/obo/DOID_37>);0.0;0.0;0;0
ore_ont_9790.owl;SubClassOf(<http://purl.obolibrary.org/obo/DOID_5353> <http://purl.obolibrary.org/obo/DOID_5295>);0.0;0.0;0;0
ore_ont_9790.owl;SubClassOf(<http://purl.obolibrary.org/obo/DOID_4953> <http://purl.obolibrary.org/obo/DOID_934>);0.0;0.0;0;0
ore_ont_9790.owl;SubClassOf(<http://purl.obolibrary.org/obo/DOID_2921> <http://purl.obolibrary.org/obo/DOID_557>);0.0;1.0;1;0
ore_ont_9790.owl;SubClassOf(<http://purl.obolibrary.org/obo/DOID_0080014> <http://purl.obolibrary.org/obo/DOID_0050177>);0.0;0.0;0;0
ore_ont_9790.owl;SubClassOf(<http://purl.obolibrary.org/obo/DOID_6713> <http://purl.obolibrary.org/obo/DOID_936>);0.0;0.0;0;0
ore_ont_9790.owl;SubClassOf(<http://purl.obolibrary.org/obo/DOID_1080> <http://purl.obolibrary.org/obo/DOID_883>);0.0;0.0;0;0
ore_ont_9790.owl;SubClassOf(<http://purl.obolibrary.org/obo/DOID_6686> <http://purl.obolibrary.org/obo/DOID_225>);0.0;0.0;0;0
ore_ont_9790.owl;SubClassOf(<http://purl.obolibrary.org/obo/DOID_1682> <http://purl.obolibrary.org/obo/DOID_0080015>);0.0;0.0;0;0
ore_ont_1493.owl;SubClassOf(<http://purl.obolibrary.org/obo/FBsp_00001388> <http://purl.obolibrary.org/obo/FBsp_30000076>);0.0;0.0;0;0
ore_ont_1493.owl;SubClassOf(<http://purl.obolibrary.org/obo/FBsp_00002350> <http://purl.obolibrary.org/obo/FBsp_00002343>);0.0;0.0;0;0
ore_ont_1493.owl;SubClassOf(<http://purl.obolibrary.org/obo/FBsp_00001815> <http://purl.obolibrary.org/obo/FBsp_20000031>);0.0;0.0;0;0
ore_ont_1493.owl;SubClassOf(<http://purl.obolibrary.org/obo/FBsp_00001222> <http://purl.obolibrary.org/obo/FBsp_30000101>);0.0;1.0;1;0
ore_ont_1493.owl;SubClassOf(<http://purl.obolibrary.org/obo/FBsp_30003589> <http://purl.obolibrary.org/obo/FBsp_30000146>);0.0;0.0;0;0
ore_ont_1493.owl;SubClassOf(<http://purl.obolibrary.org/obo/FBsp_00001180> <http://purl.obolibrary.org/obo/FBsp_30000093>);0.0;0.0;0;0
ore_ont_1493.owl;SubClassOf(<http://purl.obolibrary.org/obo/FBsp_10000100> <http://purl.obolibrary.org/obo/FBsp_30000112>);0.0;0.0;0;0
ore_ont_1493.owl;SubClassOf(<http://purl.obolibrary.org/obo/FBsp_30000101> <http://purl.obolibrary.org/obo/FBsp_00000751>);0.0;0.0;0;0
ore_ont_1493.owl;SubClassOf(<http://purl.obolibrary.org/obo/FBsp_00001340> <http://purl.obolibrary.org/obo/FBsp_00001337>);0.0;0.0;0;0
ore_ont_1493.owl;SubClassOf(<http://purl.obolibrary.org/obo/FBsp_10000075> <http://purl.obolibrary.org/obo/FBsp_30000013>);0.0;0.0;0;0
ore_ont_8641.owl;SubClassOf(<http://purl.org/obo/owl/IEV#IEV_0000027> <http://purl.org/obo/owl/IEV#IEV_0001842>);0.0;0.0;0;0
ore_ont_8641.owl;SubClassOf(<http://purl.org/obo/owl/IEV#IEV_0000345> <http://purl.org/obo/owl/IEV#IEV_0000293>);0.0;0.0;0;0
ore_ont_8641.owl;SubClassOf(<http://purl.org/obo/owl/IEV#IEV_0000583> <http://purl.org/obo/owl/IEV#IEV_0000013>);0.0;0.0;0;0
ore_ont_8641.owl;SubClassOf(<http://purl.org/obo/owl/IEV#IEV_0002269> <http://purl.org/obo/owl/IEV#IEV_0000027>);0.0;0.0;0;0
ore_ont_8641.owl;SubClassOf(<http://purl.org/obo/owl/IEV#IEV_0000867> <http://purl.org/obo/owl/IEV#IEV_0000044>);0.0;0.0;0;0
ore_ont_8641.owl;SubClassOf(<http://purl.org/obo/owl/IEV#IEV_0001676> <http://purl.org/obo/owl/IEV#IEV_0001670>);0.0;0.0;0;0
ore_ont_8641.owl;SubClassOf(<http://purl.org/obo/owl/IEV#IEV_0001669> <http://purl.org/obo/owl/IEV#IEV_0000145>);0.0;0.0;0;0
ore_ont_8641.owl;SubClassOf(<http://purl.org/obo/owl/IEV#IEV_0000053> <http://purl.org/obo/owl/IEV#IEV_0000025>);0.0;0.0;0;0
ore_ont_8641.owl;SubClassOf(<http://purl.org/obo/owl/IEV#IEV_0000045> <http://purl.org/obo/owl/IEV#IEV_0000016>);0.0;0.0;0;0
ore_ont_8641.owl;SubClassOf(<http://purl.org/obo/owl/IEV#IEV_0001479> <http://purl.org/obo/owl/IEV#IEV_0001669>);0.249999999999621;0.0;0;1
ore_ont_4655.owl;SubClassOf(<http://purl.obolibrary.org/obo/MFO_0000030> <http://purl.obolibrary.org/obo/MFO_0000010>);0.0;0.0;0;0
ore_ont_4655.owl;SubClassOf(<http://purl.obolibrary.org/obo/MFO_0002980> <http://purl.obolibrary.org/obo/MFO_0002880>);0.0;0.0;0;0
ore_ont_4655.owl;SubClassOf(<http://purl.obolibrary.org/obo/MFO_0002880> <http://purl.obolibrary.org/obo/MFO_0001620>);0.0;0.0;0;0
ore_ont_4655.owl;SubClassOf(<http://purl.obolibrary.org/obo/MFO_0005020> <http://purl.obolibrary.org/obo/MFO_0005000>);0.0;0.0;0;0
ore_ont_4655.owl;SubClassOf(<http://purl.obolibrary.org/obo/MFO_0002660> <http://purl.obolibrary.org/obo/MFO_0002520>);0.0;0.0;0;0
ore_ont_4655.owl;SubClassOf(<http://purl.obolibrary.org/obo/MFO_0002980> <http://purl.obolibrary.org/obo/MFO_0001620>);0.0;1.0;1;0
ore_ont_4655.owl;SubClassOf(<http://purl.obolibrary.org/obo/MFO_0001340> <http://purl.obolibrary.org/obo/MFO_0001020>);0.0;0.0;0;0
ore_ont_4655.owl;SubClassOf(<http://purl.obolibrary.org/obo/MFO_0002000> <http://purl.obolibrary.org/obo/MFO_0001860>);0.0;0.0;0;0
ore_ont_4655.owl;SubClassOf(<http://purl.obolibrary.org/obo/MFO_0001780> <http://purl.obolibrary.org/obo/MFO_0001740>);0.0;0.0;0;0
ore_ont_4655.owl;SubClassOf(<http://purl.obolibrary.org/obo/MFO_0002220> <http://purl.obolibrary.org/obo/MFO_0001620>);0.0;0.0;0;0
ore_ont_5792.owl;SubClassOf(<http://purl.obolibrary.org/obo/MP_0005118> <http://purl.obolibrary.org/obo/MP_0005418>);0.0;0.0;0;0
ore_ont_5792.owl;SubClassOf(<http://purl.obolibrary.org/obo/MP_0002206> <http://purl.obolibrary.org/obo/MP_0003633>);0.0;1.0;1;0
ore_ont_5792.owl;SubClassOf(<http://purl.obolibrary.org/obo/MP_0000965> <http://purl.obolibrary.org/obo/MP_0002882>);0.0;0.0;0;0
ore_ont_5792.owl;SubClassOf(<http://purl.obolibrary.org/obo/MP_0004896> <http://purl.obolibrary.org/obo/MP_0001120>);0.0;0.0;0;0
ore_ont_5792.owl;SubClassOf(<http://purl.obolibrary.org/obo/MP_0002191> <http://purl.obolibrary.org/obo/MP_0001614>);0.0;0.0;0;0
ore_ont_5792.owl;SubClassOf(<http://purl.obolibrary.org/obo/MP_0004175> <http://purl.obolibrary.org/obo/MP_0002106>);1.0;0.0;0;1
ore_ont_5792.owl;SubClassOf(<http://purl.obolibrary.org/obo/MP_0005418> <http://purl.obolibrary.org/obo/MP_0001764>);0.0;1.0;1;0
ore_ont_5792.owl;SubClassOf(<http://purl.obolibrary.org/obo/MP_0001846> <http://purl.obolibrary.org/obo/MP_0000001>);0.0;1.0;1;0
ore_ont_5792.owl;SubClassOf(<http://purl.obolibrary.org/obo/MP_0001851> <http://purl.obolibrary.org/obo/MP_0001846>);0.0;0.0;0;0
ore_ont_5792.owl;SubClassOf(<http://purl.obolibrary.org/obo/MP_0002703> <http://purl.obolibrary.org/obo/MP_0002135>);1.0;0.0;0;1
ore_ont_3106.owl;SubClassOf(<http://purl.obolibrary.org/obo/GO_0004672> <http://purl.obolibrary.org/obo/GO_0016773>);0.0;0.0;0;0
ore_ont_3106.owl;SubClassOf(<http://purl.obolibrary.org/obo/GO_0004672> <http://purl.obolibrary.org/obo/GO_0016301>);0.0;0.0;0;0
ore_ont_3106.owl;SubClassOf(<http://purl.obolibrary.org/obo/GO_0019113> <http://purl.obolibrary.org/obo/GO_0016709>);0.0;0.0;0;0
ore_ont_3106.owl;SubClassOf(<http://purl.obolibrary.org/obo/GO_0004407> <http://purl.obolibrary.org/obo/GO_0016811>);0.0;0.0;0;0
ore_ont_3106.owl;SubClassOf(<http://purl.obolibrary.org/obo/GO_0016274> <http://purl.obolibrary.org/obo/GO_0008757>);0.0;0.0;0;0
ore_ont_3106.owl;SubClassOf(<http://purl.obolibrary.org/obo/GO_0019171> <http://purl.obolibrary.org/obo/GO_0016836>);0.0;0.0;0;0
ore_ont_3106.owl;SubClassOf(<http://purl.obolibrary.org/obo/GO_0033764> <http://purl.obolibrary.org/obo/GO_0016616>);0.0;0.0;0;0
ore_ont_3106.owl;SubClassOf(<http://purl.obolibrary.org/obo/GO_0004611> <http://purl.obolibrary.org/obo/GO_0016831>);0.0;0.0;0;0
ore_ont_3106.owl;SubClassOf(<http://purl.obolibrary.org/obo/GO_0001664> <http://purl.obolibrary.org/obo/GO_0005515>);1.0;0.0;0;1
ore_ont_3106.owl;SubClassOf(<http://purl.obolibrary.org/obo/GO_0016709> <http://purl.obolibrary.org/obo/GO_0016705>);0.0;0.0;0;0
ore_ont_10389.owl;SubClassOf(<http://purl.obolibrary.org/obo/MP_0002962> <http://purl.obolibrary.org/obo/MP_0009643>);1.0;0.0;0;1
ore_ont_10389.owl;SubClassOf(<http://purl.obolibrary.org/obo/MP_0005118> <http://purl.obolibrary.org/obo/MP_0005418>);0.0;0.0;0;0
ore_ont_10389.owl;SubClassOf(<http://purl.obolibrary.org/obo/MP_0009643> <http://purl.obolibrary.org/obo/MP_0000001>);0.0;0.8181818181818182;1;0
ore_ont_10389.owl;SubClassOf(<http://purl.obolibrary.org/obo/MP_0002206> <http://purl.obolibrary.org/obo/MP_0003633>);0.0;1.0;1;0
ore_ont_10389.owl;SubClassOf(<http://purl.obolibrary.org/obo/MP_0005563> <http://purl.obolibrary.org/obo/MP_0002447>);0.0;1.0;1;0
ore_ont_10389.owl;SubClassOf(<http://purl.obolibrary.org/obo/MP_0000965> <http://purl.obolibrary.org/obo/MP_0002882>);0.0;0.0;0;0
ore_ont_10389.owl;SubClassOf(<http://purl.obolibrary.org/obo/MP_0009643> <http://purl.obolibrary.org/obo/MP_0001764>);0.0;0.0;0;0
ore_ont_10389.owl;SubClassOf(<http://purl.obolibrary.org/obo/MP_0005325> <http://purl.obolibrary.org/obo/MP_0002135>);0.0;1.0;1;0
ore_ont_10389.owl;SubClassOf(<http://purl.obolibrary.org/obo/MP_0006042> <http://purl.obolibrary.org/obo/MP_0001648>);0.0;0.0;0;0
ore_ont_10389.owl;SubClassOf(<http://purl.obolibrary.org/obo/MP_0001851> <http://purl.obolibrary.org/obo/MP_0001846>);0.0;0.0;0;0
ore_ont_8329.owl;SubClassOf(<http://purl.obolibrary.org/obo/ZFS_0000027> <http://purl.obolibrary.org/obo/ZFS_0100000>);0.0;0.0;0;0
ore_ont_8329.owl;SubClassOf(<http://purl.obolibrary.org/obo/ZFA_0000005> <http://purl.obolibrary.org/obo/ZFA_0001488>);1.0;0.0;0;1
ore_ont_8329.owl;SubClassOf(<http://purl.obolibrary.org/obo/ZFS_0000024> <http://purl.obolibrary.org/obo/ZFS_0100000>);0.0;0.0;0;0
ore_ont_8329.owl;SubClassOf(<http://purl.obolibrary.org/obo/ZFS_0000025> <http://purl.obolibrary.org/obo/ZFS_0100000>);0.0;0.0;0;0
ore_ont_8329.owl;SubClassOf(<http://purl.obolibrary.org/obo/ZFS_0000034> <http://purl.obolibrary.org/obo/ZFS_0100000>);0.0;0.0;0;0
ore_ont_8329.owl;SubClassOf(<http://purl.obolibrary.org/obo/ZFS_0000044> <http://purl.obolibrary.org/obo/ZFS_0100000>);0.0;0.0;0;0
ore_ont_8329.owl;SubClassOf(<http://purl.obolibrary.org/obo/ZFS_0000000> <http://purl.obolibrary.org/obo/ZFS_0100000>);0.0;0.0;0;0
ore_ont_8329.owl;SubClassOf(<http://purl.obolibrary.org/obo/ZFA_0001591> <http://purl.obolibrary.org/obo/ZFA_0001477>);1.0;0.0;0;1
ore_ont_8329.owl;SubClassOf(<http://purl.obolibrary.org/obo/ZFS_0000028> <http://purl.obolibrary.org/obo/ZFS_0100000>);0.0;0.0;0;0
ore_ont_8329.owl;SubClassOf(<http://purl.obolibrary.org/obo/ZFS_0000029> <http://purl.obolibrary.org/obo/ZFS_0100000>);0.0;0.0;0;0
ore_ont_13141.owl;SubClassOf(<http://www.ontologydesignpatterns.org/ont/fao/asfa.owl#Rifting> <http://www.ontologydesignpatterns.org/ont/own/own16.owl#PHENOMENON_1>);0.0;0.0;0;0
ore_ont_13141.owl;SubClassOf(<http://www.ontologydesignpatterns.org/ont/fao/asfa.owl#Environmental_assessment> <http://www.ontologydesignpatterns.org/ont/own/own16.owl#ACT%24HUMAN_ACTION%24HUMAN_ACTIVITY>);0.0;0.0;0;0
ore_ont_13141.owl;SubClassOf(<http://www.ontologydesignpatterns.org/ont/fao/asfa.owl#Organic_compounds> <http://www.ontologydesignpatterns.org/ont/fao/asfa.owl#Chemical_compounds>);0.0;0.0;0;0
ore_ont_13141.owl;SubClassOf(<http://www.ontologydesignpatterns.org/ont/fao/asfa.owl#Uranium-234%2Furanium-238_ratio> <http://www.ontologydesignpatterns.org/ont/own/own16.owl#MEASURE%24QUANTITY%24AMOUNT%24QUANTUM>);0.0;0.0;0;0
ore_ont_13141.owl;SubClassOf(<http://www.ontologydesignpatterns.org/ont/fao/asfa.owl#Navigational_aids> <http://www.ontologydesignpatterns.org/ont/own/own16.owl#INSTRUMENTALITY%24INSTRUMENTATION>);0.0;0.0;0;0
ore_ont_13141.owl;SubClassOf(<http://www.ontologydesignpatterns.org/ont/fao/asfa.owl#Nickel> <http://www.ontologydesignpatterns.org/ont/fao/asfa.owl#Heavy_metals>);0.0;0.0;0;0
ore_ont_13141.owl;SubClassOf(<http://www.ontologydesignpatterns.org/ont/fao/asfa.owl#Measuring_devices> <http://www.ontologydesignpatterns.org/ont/fao/asfa.owl#Equipment>);0.0;0.0;0;0
ore_ont_13141.owl;SubClassOf(<http://www.ontologydesignpatterns.org/ont/fao/asfa.owl#Carbon_isotopes> <http://www.ontologydesignpatterns.org/ont/fao/asfa.owl#Isotopes>);0.0;0.0;0;0
ore_ont_13141.owl;SubClassOf(<http://www.ontologydesignpatterns.org/ont/fao/asfa.owl#Separation_processes> <http://www.ontologydesignpatterns.org/ont/own/own16.owl#NATURAL_PROCESS%24NATURAL_ACTION%24ACTION%24ACTIVITY>);0.0;0.0;0;0
ore_ont_13141.owl;SubClassOf(<http://www.ontologydesignpatterns.org/ont/fao/asfa.owl#Light_measuring_instruments> <http://www.ontologydesignpatterns.org/ont/fao/asfa.owl#Measuring_devices>);0.0;0.0;0;0
ore_ont_10280.owl;SubClassOf(<http://purl.obolibrary.org/obo/FB_FBgn0039805> <http://purl.obolibrary.org/obo/PANTHER_PTHR10380>);0.0;0.0;0;0
ore_ont_10280.owl;SubClassOf(<http://purl.obolibrary.org/obo/FB_FBgn0028517> <http://purl.obolibrary.org/obo/PANTHER_PTHR24268>);0.0;0.0;0;0
ore_ont_10280.owl;SubClassOf(<http://purl.obolibrary.org/obo/FB_FBgn0043550> <http://purl.obolibrary.org/obo/PANTHER_PTHR19282>);0.0;0.0;0;0
ore_ont_10280.owl;SubClassOf(<http://purl.obolibrary.org/obo/FB_FBgn0029928> <http://purl.obolibrary.org/obo/PANTHER_PTHR11389>);0.0;0.0;0;0
ore_ont_10280.owl;SubClassOf(<http://purl.obolibrary.org/obo/FB_FBgn0040383> <http://purl.obolibrary.org/obo/PANTHER_PTHR24089>);0.0;0.0;0;0
ore_ont_10280.owl;SubClassOf(<http://purl.obolibrary.org/obo/FB_FBgn0051876> <http://purl.obolibrary.org/obo/PANTHER_PTHR12236>);0.0;0.0;0;0
ore_ont_10280.owl;SubClassOf(<http://purl.obolibrary.org/obo/FB_FBgn0038020> <http://purl.obolibrary.org/obo/PANTHER_PTHR11260>);0.0;0.0;0;0
ore_ont_10280.owl;SubClassOf(<http://purl.obolibrary.org/obo/FB_FBgn0037591> <http://purl.obolibrary.org/obo/PANTHER_PTHR21137>);0.0;0.0;0;0
ore_ont_10280.owl;SubClassOf(<http://purl.obolibrary.org/obo/FB_FBgn0051975> <http://purl.obolibrary.org/obo/PANTHER_PTHR11012>);0.0;0.0;0;0
ore_ont_10280.owl;SubClassOf(<http://purl.obolibrary.org/obo/FB_FBgn0038481> <http://purl.obolibrary.org/obo/PANTHER_PTHR24260>);0.0;0.0;0;0
ore_ont_12161.owl;SubClassOf(<http://purl.obolibrary.org/obo/MP_0002962> <http://purl.obolibrary.org/obo/MP_0009643>);1.0;0.0;0;1
ore_ont_12161.owl;SubClassOf(<http://purl.obolibrary.org/obo/MP_0002151> <http://purl.obolibrary.org/obo/MP_0002085>);0.0;0.0;0;0
ore_ont_12161.owl;SubClassOf(<http://purl.obolibrary.org/obo/MP_0009643> <http://purl.obolibrary.org/obo/MP_0000001>);0.0;1.0;1;0
ore_ont_12161.owl;SubClassOf(<http://purl.obolibrary.org/obo/MP_0002206> <http://purl.obolibrary.org/obo/MP_0003633>);0.0;1.0;1;0
ore_ont_12161.owl;SubClassOf(<http://purl.obolibrary.org/obo/MP_0005563> <http://purl.obolibrary.org/obo/MP_0002447>);0.0;1.0;1;0
ore_ont_12161.owl;SubClassOf(<http://purl.obolibrary.org/obo/MP_0008987> <http://purl.obolibrary.org/obo/MP_0000598>);1.0;0.0;0;1
ore_ont_12161.owl;SubClassOf(<http://purl.obolibrary.org/obo/MP_0000965> <http://purl.obolibrary.org/obo/MP_0002882>);0.0;0.0;0;0
ore_ont_12161.owl;SubClassOf(<http://purl.obolibrary.org/obo/MP_0000352> <http://purl.obolibrary.org/obo/MP_0000350>);0.0;0.0;0;0
ore_ont_12161.owl;SubClassOf(<http://purl.obolibrary.org/obo/MP_0005325> <http://purl.obolibrary.org/obo/MP_0002135>);0.0;1.0;1;0
ore_ont_12161.owl;SubClassOf(<http://purl.obolibrary.org/obo/MP_0001851> <http://purl.obolibrary.org/obo/MP_0001846>);0.0;0.0;0;0
ore_ont_6751.owl;SubClassOf(<http://purl.obolibrary.org/obo/MP_0002962> <http://purl.obolibrary.org/obo/MP_0009643>);1.0;0.0;0;1
ore_ont_6751.owl;SubClassOf(<http://purl.obolibrary.org/obo/MP_0002151> <http://purl.obolibrary.org/obo/MP_0002085>);0.0;0.0;0;0
ore_ont_6751.owl;SubClassOf(<http://purl.obolibrary.org/obo/MP_0009643> <http://purl.obolibrary.org/obo/MP_0000001>);0.0;0.7219251336898395;1;0
ore_ont_6751.owl;SubClassOf(<http://purl.obolibrary.org/obo/MP_0002206> <http://purl.obolibrary.org/obo/MP_0003633>);0.0;1.0;1;0
ore_ont_6751.owl;SubClassOf(<http://purl.obolibrary.org/obo/MP_0005563> <http://purl.obolibrary.org/obo/MP_0002447>);0.0;1.0;1;0
ore_ont_6751.owl;SubClassOf(<http://purl.obolibrary.org/obo/MP_0008987> <http://purl.obolibrary.org/obo/MP_0000598>);1.0;0.0;0;1
ore_ont_6751.owl;SubClassOf(<http://purl.obolibrary.org/obo/MP_0000965> <http://purl.obolibrary.org/obo/MP_0002882>);0.0;0.0;0;0
ore_ont_6751.owl;SubClassOf(<http://purl.obolibrary.org/obo/MP_0000352> <http://purl.obolibrary.org/obo/MP_0000350>);0.0;0.0;0;0
ore_ont_6751.owl;SubClassOf(<http://purl.obolibrary.org/obo/MP_0005325> <http://purl.obolibrary.org/obo/MP_0002135>);0.0;1.0;1;0
ore_ont_6751.owl;SubClassOf(<http://purl.obolibrary.org/obo/MP_0001851> <http://purl.obolibrary.org/obo/MP_0001846>);0.0;0.0;0;0
ore_ont_11452.owl;SubClassOf(<http://purl.obolibrary.org/obo/MP_0002962> <http://purl.obolibrary.org/obo/MP_0009643>);1.0;0.0;0;1
ore_ont_11452.owl;SubClassOf(<http://purl.obolibrary.org/obo/MP_0002151> <http://purl.obolibrary.org/obo/MP_0002085>);0.0;0.0;0;0
ore_ont_11452.owl;SubClassOf(<http://purl.obolibrary.org/obo/MP_0009643> <http://purl.obolibrary.org/obo/MP_0000001>);0.0;0.7219251336898395;1;0
ore_ont_11452.owl;SubClassOf(<http://purl.obolibrary.org/obo/MP_0002206> <http://purl.obolibrary.org/obo/MP_0003633>);0.0;1.0;1;0
ore_ont_11452.owl;SubClassOf(<http://purl.obolibrary.org/obo/MP_0005563> <http://purl.obolibrary.org/obo/MP_0002447>);0.0;1.0;1;0
ore_ont_11452.owl;SubClassOf(<http://purl.obolibrary.org/obo/MP_0008987> <http://purl.obolibrary.org/obo/MP_0000598>);1.0;0.0;0;1
ore_ont_11452.owl;SubClassOf(<http://purl.obolibrary.org/obo/MP_0000965> <http://purl.obolibrary.org/obo/MP_0002882>);0.0;0.0;0;0
ore_ont_11452.owl;SubClassOf(<http://purl.obolibrary.org/obo/MP_0000352> <http://purl.obolibrary.org/obo/MP_0000350>);0.0;0.0;0;0
ore_ont_11452.owl;SubClassOf(<http://purl.obolibrary.org/obo/MP_0005325> <http://purl.obolibrary.org/obo/MP_0002135>);0.0;1.0;1;0
ore_ont_11452.owl;SubClassOf(<http://purl.obolibrary.org/obo/MP_0001851> <http://purl.obolibrary.org/obo/MP_0001846>);0.0;0.0;0;0
ore_ont_6869.owl;SubClassOf(<http://purl.obolibrary.org/obo/HP_0003907> <http://purl.obolibrary.org/obo/HP_0003063>);0.0;0.0;0;0
ore_ont_6869.owl;SubClassOf(<http://purl.obolibrary.org/obo/HP_0000107> <http://purl.obolibrary.org/obo/HP_0000077>);0.0;0.0;0;0
ore_ont_6869.owl;SubClassOf(<http://purl.obolibrary.org/obo/HP_0001167> <http://purl.obolibrary.org/obo/HP_0001155>);0.0;0.0;0;0
ore_ont_6869.owl;SubClassOf(<http://purl.obolibrary.org/obo/HP_0000926> <http://purl.obolibrary.org/obo/HP_0003312>);0.0;0.0;0;0
ore_ont_6869.owl;SubClassOf(<http://purl.obolibrary.org/obo/HP_0010161> <http://purl.obolibrary.org/obo/HP_0001780>);0.0;0.0;0;0
ore_ont_6869.owl;SubClassOf(<http://purl.obolibrary.org/obo/HP_0001780> <http://purl.obolibrary.org/obo/HP_0001760>);0.0;0.0;0;0
ore_ont_6869.owl;SubClassOf(<http://purl.obolibrary.org/obo/HP_0003355> <http://purl.obolibrary.org/obo/HP_0003110>);0.0;0.0;0;0
ore_ont_6869.owl;SubClassOf(<http://purl.obolibrary.org/obo/HP_0002093> <http://purl.obolibrary.org/obo/HP_0002088>);0.0;0.0;0;0
ore_ont_6869.owl;SubClassOf(<http://purl.obolibrary.org/obo/HP_0001103> <http://purl.obolibrary.org/obo/HP_0000479>);0.0;0.0;0;0
ore_ont_6869.owl;SubClassOf(<http://purl.obolibrary.org/obo/HP_0003110> <http://purl.obolibrary.org/obo/HP_0001939>);0.0;0.0;0;0
ore_ont_3712.owl;SubClassOf(<http://purl.obolibrary.org/obo/HP_0003907> <http://purl.obolibrary.org/obo/HP_0003063>);0.0;0.0;0;0
ore_ont_3712.owl;SubClassOf(<http://purl.obolibrary.org/obo/HP_0000107> <http://purl.obolibrary.org/obo/HP_0000077>);0.0;0.0;0;0
ore_ont_3712.owl;SubClassOf(<http://purl.obolibrary.org/obo/HP_0000926> <http://purl.obolibrary.org/obo/HP_0003312>);0.0;0.0;0;0
ore_ont_3712.owl;SubClassOf(<http://purl.obolibrary.org/obo/HP_0001780> <http://purl.obolibrary.org/obo/HP_0001760>);0.0;0.0;0;0
ore_ont_3712.owl;SubClassOf(<http://purl.obolibrary.org/obo/HP_0003355> <http://purl.obolibrary.org/obo/HP_0003110>);0.0;0.0;0;0
ore_ont_3712.owl;SubClassOf(<http://purl.obolibrary.org/obo/HP_0002514> <http://purl.obolibrary.org/obo/HP_0010766>);0.0;0.0;0;0
ore_ont_3712.owl;SubClassOf(<http://purl.obolibrary.org/obo/HP_0002093> <http://purl.obolibrary.org/obo/HP_0002088>);0.0;0.0;0;0
ore_ont_3712.owl;SubClassOf(<http://purl.obolibrary.org/obo/HP_0001103> <http://purl.obolibrary.org/obo/HP_0000479>);0.0;0.0;0;0
ore_ont_3712.owl;SubClassOf(<http://purl.obolibrary.org/obo/HP_0003110> <http://purl.obolibrary.org/obo/HP_0001939>);0.0;0.0;0;0
ore_ont_3712.owl;SubClassOf(<http://purl.obolibrary.org/obo/HP_0011001> <http://purl.obolibrary.org/obo/HP_0004348>);0.0;0.0;0;0
ore_ont_4732.owl;SubClassOf(<http://purl.obolibrary.org/obo/MP_0002962> <http://purl.obolibrary.org/obo/MP_0009643>);1.0;0.0;0;1
ore_ont_4732.owl;SubClassOf(<http://purl.obolibrary.org/obo/MP_0002151> <http://purl.obolibrary.org/obo/MP_0002085>);0.0;0.0;0;0
ore_ont_4732.owl;SubClassOf(<http://purl.obolibrary.org/obo/MP_0009643> <http://purl.obolibrary.org/obo/MP_0000001>);0.0;1.0;1;0
ore_ont_4732.owl;SubClassOf(<http://purl.obolibrary.org/obo/MP_0012579> <http://purl.obolibrary.org/obo/MP_0005584>);0.0;0.0;0;0
ore_ont_4732.owl;SubClassOf(<http://purl.obolibrary.org/obo/MP_0002206> <http://purl.obolibrary.org/obo/MP_0003633>);0.0;1.0;1;0
ore_ont_4732.owl;SubClassOf(<http://purl.obolibrary.org/obo/MP_0005563> <http://purl.obolibrary.org/obo/MP_0002447>);0.0;1.0;1;0
ore_ont_4732.owl;SubClassOf(<http://purl.obolibrary.org/obo/MP_0000965> <http://purl.obolibrary.org/obo/MP_0002882>);0.0;0.0;0;0
ore_ont_4732.owl;SubClassOf(<http://purl.obolibrary.org/obo/MP_0011368> <http://purl.obolibrary.org/obo/MP_0006042>);0.0;0.0;0;0
ore_ont_4732.owl;SubClassOf(<http://purl.obolibrary.org/obo/MP_0005325> <http://purl.obolibrary.org/obo/MP_0002135>);0.0;1.0;1;0
ore_ont_4732.owl;SubClassOf(<http://purl.obolibrary.org/obo/MP_0001851> <http://purl.obolibrary.org/obo/MP_0001846>);0.0;0.0;0;0
ore_ont_9612.owl;SubClassOf(<http://purl.obolibrary.org/obo/IMR_0000299> <http://purl.obolibrary.org/obo/IMR_0010044>);1.0;0.6477732793521123;0;1
ore_ont_9612.owl;SubClassOf(<http://purl.obolibrary.org/obo/IMR_0000397> <http://purl.obolibrary.org/obo/IMR_0000369>);0.0;0.0;0;0
ore_ont_9612.owl;SubClassOf(<http://purl.obolibrary.org/obo/IMR_0010047> <http://purl.obolibrary.org/obo/IMR_0000952>);0.0;0.0;0;0
ore_ont_9612.owl;SubClassOf(<http://purl.obolibrary.org/obo/IMR_0002102> <http://purl.obolibrary.org/obo/IMR_0002096>);0.0;0.0;0;0
ore_ont_9612.owl;SubClassOf(<http://purl.obolibrary.org/obo/IMR_0010489> <http://purl.obolibrary.org/obo/IMR_0000897>);0.0;0.0;0;0
ore_ont_9612.owl;SubClassOf(<http://purl.obolibrary.org/obo/IMR_0000191> <http://purl.obolibrary.org/obo/IMR_0000949>);1.0;0.2668539325842806;0;1
ore_ont_9612.owl;SubClassOf(<http://purl.obolibrary.org/obo/IMR_0002103> <http://purl.obolibrary.org/obo/IMR_0002096>);0.0;0.0;0;0
ore_ont_9612.owl;SubClassOf(<http://purl.obolibrary.org/obo/IMR_0002818> <http://purl.obolibrary.org/obo/IMR_0001998>);0.0;0.0;0;0
ore_ont_9612.owl;SubClassOf(<http://purl.obolibrary.org/obo/IMR_0001577> <http://purl.obolibrary.org/obo/IMR_0000299>);0.0;0.0;0;0
ore_ont_9612.owl;SubClassOf(<http://purl.obolibrary.org/obo/IMR_0010046> <http://purl.obolibrary.org/obo/IMR_0010053>);0.0;0.0;0;0
ore_ont_6358.owl;SubClassOf(<http://purl.obolibrary.org/obo/HP_0005920> <http://purl.obolibrary.org/obo/HP_0001155>);0.0;1.0;1;0
ore_ont_6358.owl;SubClassOf(<http://purl.obolibrary.org/obo/HP_0003907> <http://purl.obolibrary.org/obo/HP_0003063>);0.0;0.0;0;0
ore_ont_6358.owl;SubClassOf(<http://purl.obolibrary.org/obo/HP_0010161> <http://purl.obolibrary.org/obo/HP_0001780>);0.0;0.0;0;0
ore_ont_6358.owl;SubClassOf(<http://purl.obolibrary.org/obo/HP_0000926> <http://purl.obolibrary.org/obo/HP_0003312>);0.0;0.0;0;0
ore_ont_6358.owl;SubClassOf(<http://purl.obolibrary.org/obo/HP_0001780> <http://purl.obolibrary.org/obo/HP_0001760>);0.0;0.0;0;0
ore_ont_6358.owl;SubClassOf(<http://purl.obolibrary.org/obo/HP_0003355> <http://purl.obolibrary.org/obo/HP_0003110>);1.0;0.0;0;1
ore_ont_6358.owl;SubClassOf(<http://purl.obolibrary.org/obo/HP_0002360> <http://purl.obolibrary.org/obo/HP_0000708>);0.0;0.0;0;0
ore_ont_6358.owl;SubClassOf(<http://purl.obolibrary.org/obo/HP_0002093> <http://purl.obolibrary.org/obo/HP_0002088>);0.0;0.0;0;0
ore_ont_6358.owl;SubClassOf(<http://purl.obolibrary.org/obo/HP_0001103> <http://purl.obolibrary.org/obo/HP_0000479>);0.0;0.0;0;0
ore_ont_6358.owl;SubClassOf(<http://purl.obolibrary.org/obo/HP_0003110> <http://purl.obolibrary.org/obo/HP_0001939>);0.0;0.0;0;0
ore_ont_7218.owl;SubClassOf(<http://purl.obolibrary.org/obo/ZFS_0000027> <http://purl.obolibrary.org/obo/ZFS_0100000>);0.0;0.0;0;0
ore_ont_7218.owl;SubClassOf(<http://purl.obolibrary.org/obo/ZFA_0000005> <http://purl.obolibrary.org/obo/ZFA_0001488>);1.0;0.0;0;1
ore_ont_7218.owl;SubClassOf(<http://purl.obolibrary.org/obo/ZFS_0000024> <http://purl.obolibrary.org/obo/ZFS_0100000>);0.0;0.0;0;0
ore_ont_7218.owl;SubClassOf(<http://purl.obolibrary.org/obo/ZFS_0000025> <http://purl.obolibrary.org/obo/ZFS_0100000>);0.0;0.0;0;0
ore_ont_7218.owl;SubClassOf(<http://purl.obolibrary.org/obo/ZFS_0000034> <http://purl.obolibrary.org/obo/ZFS_0100000>);0.0;0.0;0;0
ore_ont_7218.owl;SubClassOf(<http://purl.obolibrary.org/obo/ZFS_0000044> <http://purl.obolibrary.org/obo/ZFS_0100000>);0.0;0.0;0;0
ore_ont_7218.owl;SubClassOf(<http://purl.obolibrary.org/obo/ZFS_0000000> <http://purl.obolibrary.org/obo/ZFS_0100000>);0.0;0.0;0;0
ore_ont_7218.owl;SubClassOf(<http://purl.obolibrary.org/obo/ZFA_0001591> <http://purl.obolibrary.org/obo/ZFA_0001477>);1.0;0.0;0;1
ore_ont_7218.owl;SubClassOf(<http://purl.obolibrary.org/obo/ZFS_0000028> <http://purl.obolibrary.org/obo/ZFS_0100000>);0.0;0.0;0;0
ore_ont_7218.owl;SubClassOf(<http://purl.obolibrary.org/obo/ZFS_0000029> <http://purl.obolibrary.org/obo/ZFS_0100000>);0.0;0.0;0;0
ore_ont_4460.owl;SubClassOf(<http://purl.obolibrary.org/obo/HP_0003907> <http://purl.obolibrary.org/obo/HP_0003063>);0.0;0.0;0;0
ore_ont_4460.owl;SubClassOf(<http://purl.obolibrary.org/obo/HP_0010161> <http://purl.obolibrary.org/obo/HP_0001780>);0.0;0.0;0;0
ore_ont_4460.owl;SubClassOf(<http://purl.obolibrary.org/obo/HP_0000926> <http://purl.obolibrary.org/obo/HP_0003312>);0.0;0.0;0;0
ore_ont_4460.owl;SubClassOf(<http://purl.obolibrary.org/obo/HP_0001780> <http://purl.obolibrary.org/obo/HP_0001760>);0.0;0.0;0;0
ore_ont_4460.owl;SubClassOf(<http://purl.obolibrary.org/obo/HP_0003355> <http://purl.obolibrary.org/obo/HP_0003110>);1.0;0.0;0;1
ore_ont_4460.owl;SubClassOf(<http://purl.obolibrary.org/obo/HP_0002360> <http://purl.obolibrary.org/obo/HP_0000708>);0.0;0.0;0;0
ore_ont_4460.owl;SubClassOf(<http://purl.obolibrary.org/obo/HP_0002093> <http://purl.obolibrary.org/obo/HP_0002088>);0.0;0.0;0;0
ore_ont_4460.owl;SubClassOf(<http://purl.obolibrary.org/obo/HP_0001103> <http://purl.obolibrary.org/obo/HP_0000479>);0.0;0.0;0;0
ore_ont_4460.owl;SubClassOf(<http://purl.obolibrary.org/obo/HP_0003110> <http://purl.obolibrary.org/obo/HP_0001939>);0.0;0.0;0;0
ore_ont_4460.owl;SubClassOf(<http://purl.obolibrary.org/obo/HP_0005918> <http://purl.obolibrary.org/obo/HP_0001155>);0.0;1.0;1;0
ore_ont_8492.owl;SubClassOf(<http://purl.obolibrary.org/obo/WBbt_0004400> <http://purl.obolibrary.org/obo/WBbt_0008069>);0.0;0.0;0;0
ore_ont_8492.owl;SubClassOf(<http://purl.obolibrary.org/obo/WBbt_0008070> <http://purl.obolibrary.org/obo/WBbt_0005757>);0.0;0.0;0;0
ore_ont_8492.owl;SubClassOf(<http://purl.obolibrary.org/obo/WBbt_0004047> <http://purl.obolibrary.org/obo/WBbt_0005154>);0.0;0.0;0;0
ore_ont_8492.owl;SubClassOf(<http://purl.obolibrary.org/obo/WBbt_0005045> <http://purl.obolibrary.org/obo/WBbt_0005113>);0.0;0.0;0;0
ore_ont_8492.owl;SubClassOf(<http://purl.obolibrary.org/obo/WBbt_0003928> <http://purl.obolibrary.org/obo/WBbt_0007028>);0.0;0.0;0;0
ore_ont_8492.owl;SubClassOf(<http://purl.obolibrary.org/obo/WBbt_0004708> <http://purl.obolibrary.org/obo/WBbt_0007030>);0.0;1.0;1;0
ore_ont_8492.owl;SubClassOf(<http://purl.obolibrary.org/obo/WBbt_0007064> <http://purl.obolibrary.org/obo/WBbt_0006925>);0.0;0.0;0;0
ore_ont_8492.owl;SubClassOf(<http://purl.obolibrary.org/obo/WBbt_0005246> <http://purl.obolibrary.org/obo/WBbt_0006751>);0.0;0.0;0;0
ore_ont_8492.owl;SubClassOf(<http://purl.obolibrary.org/obo/WBbt_0008071> <http://purl.obolibrary.org/obo/WBbt_0008074>);0.0;0.0;0;0
ore_ont_8492.owl;SubClassOf(<http://purl.obolibrary.org/obo/WBbt_0005371> <http://purl.obolibrary.org/obo/WBbt_0005135>);0.0;1.0;1;0
ore_ont_13000.owl;SubClassOf(<http://purl.obolibrary.org/obo/WBbt_0004400> <http://purl.obolibrary.org/obo/WBbt_0008069>);0.0;0.0;0;0
ore_ont_13000.owl;SubClassOf(<http://purl.obolibrary.org/obo/WBbt_0008070> <http://purl.obolibrary.org/obo/WBbt_0005757>);0.0;0.0;0;0
ore_ont_13000.owl;SubClassOf(<http://purl.obolibrary.org/obo/WBbt_0007834> <http://purl.obolibrary.org/obo/WBbt_0005113>);0.0;0.0;0;0
ore_ont_13000.owl;SubClassOf(<http://purl.obolibrary.org/obo/WBbt_0003928> <http://purl.obolibrary.org/obo/WBbt_0007028>);0.0;0.0;0;0
ore_ont_13000.owl;SubClassOf(<http://purl.obolibrary.org/obo/WBbt_0007064> <http://purl.obolibrary.org/obo/WBbt_0006925>);0.0;0.0;0;0
ore_ont_13000.owl;SubClassOf(<http://purl.obolibrary.org/obo/WBbt_0005310> <http://purl.obolibrary.org/obo/WBbt_0005300>);0.0;0.0;0;0
ore_ont_13000.owl;SubClassOf(<http://purl.obolibrary.org/obo/WBbt_0004003> <http://purl.obolibrary.org/obo/WBbt_0006751>);0.0;0.0;0;0
ore_ont_13000.owl;SubClassOf(<http://purl.obolibrary.org/obo/WBbt_0008071> <http://purl.obolibrary.org/obo/WBbt_0008074>);0.0;0.0;0;0
ore_ont_13000.owl;SubClassOf(<http://purl.obolibrary.org/obo/WBbt_0005371> <http://purl.obolibrary.org/obo/WBbt_0005135>);0.0;1.0;1;0
ore_ont_13000.owl;SubClassOf(<http://purl.obolibrary.org/obo/WBbt_0007688> <http://purl.obolibrary.org/obo/WBbt_0007030>);0.0;0.048780487804878;1;0
ore_ont_13852.owl;SubClassOf(<http://purl.org/obo/owl/EMAPA#EMAPA_27175> <http://purl.org/obo/owl/UBERON#UBERON_0003350>);0.0;0.0;0;0
ore_ont_13852.owl;SubClassOf(<http://purl.org/obo/owl/EHDAA#EHDAA_524> <http://purl.org/obo/owl/UBERON#UBERON_0000925>);0.0;0.0;0;0
ore_ont_13852.owl;SubClassOf(<http://purl.org/obo/owl/MAT#MAT_0000453> <http://purl.org/obo/owl/UBERON#UBERON_0002349>);0.0;0.0;0;0
ore_ont_13852.owl;SubClassOf(<http://purl.org/obo/owl/EHDAA#EHDAA_703> <http://purl.org/obo/owl/UBERON#UBERON_0003089>);0.0;0.0;0;0
ore_ont_13852.owl;SubClassOf(<http://purl.org/obo/owl/EHDAA#EHDAA_205> <http://purl.org/obo/owl/UBERON#UBERON_0003104>);0.0;0.0;0;0
ore_ont_13852.owl;SubClassOf(<http://purl.org/obo/owl/EHDAA#EHDAA_138> <http://purl.org/obo/owl/UBERON#UBERON_0000924>);0.0;0.0;0;0
ore_ont_13852.owl;SubClassOf(<http://purl.org/obo/owl/EHDAA#EHDAA_8027> <http://purl.org/obo/owl/UBERON#UBERON_0000483>);0.0;0.0;0;0
ore_ont_13852.owl;SubClassOf(<http://purl.org/obo/owl/FMA#FMA_86666> <http://purl.org/obo/owl/UBERON#UBERON_0002342>);0.0;0.0;0;0
ore_ont_13852.owl;SubClassOf(<http://purl.org/obo/owl/EHDAA#EHDAA_3698> <http://purl.org/obo/owl/UBERON#UBERON_0003079>);0.0;0.0;0;0
ore_ont_13852.owl;SubClassOf(<http://purl.org/obo/owl/EHDAA#EHDAA_3494> <http://purl.org/obo/owl/UBERON#UBERON_0003054>);0.0;0.0;0;0
ore_ont_6198.owl;SubClassOf(<http://purl.obolibrary.org/obo/TO_0000454> <http://purl.obolibrary.org/obo/TO_0000261>);0.0;0.0;0;0
ore_ont_6198.owl;SubClassOf(<http://purl.obolibrary.org/obo/VT_0010323> <http://purl.obolibrary.org/obo/VT_0010374>);0.0;0.0;0;0
ore_ont_6198.owl;SubClassOf(<http://purl.obolibrary.org/obo/TO_0000327> <http://purl.obolibrary.org/obo/TO_0000371>);0.0;0.0;0;0
ore_ont_6198.owl;SubClassOf(<http://purl.obolibrary.org/obo/TO_0000419> <http://purl.obolibrary.org/obo/TO_0000748>);0.0;0.0;0;0
ore_ont_6198.owl;SubClassOf(<http://purl.obolibrary.org/obo/TO_0000084> <http://purl.obolibrary.org/obo/TO_0000168>);0.0;0.0;0;0
ore_ont_6198.owl;SubClassOf(<http://purl.obolibrary.org/obo/TO_0000667> <http://purl.obolibrary.org/obo/TO_0000162>);0.0;0.0;0;0
ore_ont_6198.owl;SubClassOf(<http://purl.obolibrary.org/obo/TO_0000439> <http://purl.obolibrary.org/obo/OBA_0000001>);0.0;1.0;1;0
ore_ont_6198.owl;SubClassOf(<http://purl.obolibrary.org/obo/VT_0000104> <http://purl.obolibrary.org/obo/OBA_1000067>);0.0;0.0;0;0
ore_ont_6198.owl;SubClassOf(<http://purl.obolibrary.org/obo/TO_0001024> <http://purl.obolibrary.org/obo/TO_0000465>);0.0;0.0;0;0
ore_ont_6198.owl;SubClassOf(<http://purl.obolibrary.org/obo/TO_0000664> <http://purl.obolibrary.org/obo/TO_0000439>);0.0;0.0;0;0
ore_ont_4226.owl;SubClassOf(<http://purl.obolibrary.org/obo/WBbt_0004400> <http://purl.obolibrary.org/obo/WBbt_0008069>);0.0;0.0;0;0
ore_ont_4226.owl;SubClassOf(<http://purl.obolibrary.org/obo/WBbt_0007834> <http://purl.obolibrary.org/obo/WBbt_0005113>);0.0;0.0;0;0
ore_ont_4226.owl;SubClassOf(<http://purl.obolibrary.org/obo/WBbt_0003928> <http://purl.obolibrary.org/obo/WBbt_0007028>);0.0;0.0;0;0
ore_ont_4226.owl;SubClassOf(<http://purl.obolibrary.org/obo/WBbt_0007064> <http://purl.obolibrary.org/obo/WBbt_0006925>);0.0;0.0;0;0
ore_ont_4226.owl;SubClassOf(<http://purl.obolibrary.org/obo/WBbt_0005310> <http://purl.obolibrary.org/obo/WBbt_0005300>);0.0;0.0;0;0
ore_ont_4226.owl;SubClassOf(<http://purl.obolibrary.org/obo/WBbt_0004003> <http://purl.obolibrary.org/obo/WBbt_0006751>);0.0;0.0;0;0
ore_ont_4226.owl;SubClassOf(<http://purl.obolibrary.org/obo/WBbt_0008070> <http://purl.obolibrary.org/obo/WBbt_0008074>);1.0;0.0;0;1
ore_ont_4226.owl;SubClassOf(<http://purl.obolibrary.org/obo/WBbt_0008071> <http://purl.obolibrary.org/obo/WBbt_0008074>);0.0;0.0;0;0
ore_ont_4226.owl;SubClassOf(<http://purl.obolibrary.org/obo/WBbt_0005371> <http://purl.obolibrary.org/obo/WBbt_0005135>);0.0;1.0;1;0
ore_ont_4226.owl;SubClassOf(<http://purl.obolibrary.org/obo/WBbt_0007686> <http://purl.obolibrary.org/obo/WBbt_0007030>);0.0;0.0;0;0
ore_ont_8864.owl;SubClassOf(<http://purl.obolibrary.org/obo/__spinal_cord_and_meninges> <http://purl.obolibrary.org/obo/MA_0002405>);0.0;0.0;0;0
ore_ont_8864.owl;SubClassOf(<http://purl.obolibrary.org/obo/__spinal_cord_and_meninges> <http://purl.obolibrary.org/obo/__temp_term_holder>);0.0;0.0;0;0
ore_ont_11502.owl;SubClassOf(<http://purl.org/obo/owl/IEV#IEV_0001451> <http://purl.org/obo/owl/IEV#IEV_0000818>);1.0;0.0;0;1
ore_ont_11502.owl;SubClassOf(<http://purl.org/obo/owl/IEV#IEV_0000583> <http://purl.org/obo/owl/IEV#IEV_0000013>);0.0;0.0;0;0
ore_ont_11502.owl;SubClassOf(<http://purl.org/obo/owl/IEV#IEV_0000022> <http://purl.org/obo/owl/IEV#IEV_0000184>);1.0;0.0;0;1
ore_ont_11502.owl;SubClassOf(<http://purl.org/obo/owl/IEV#IEV_0002734> <http://purl.org/obo/owl/IEV#IEV_0000914>);0.0;0.0;0;0
ore_ont_11502.owl;SubClassOf(<http://purl.org/obo/owl/IEV#IEV_0001928> <http://www.geneontology.org/formats/oboInOwl#ObsoleteClass>);0.0;0.0;0;0
ore_ont_11502.owl;SubClassOf(<http://purl.org/obo/owl/IEV#IEV_0001257> <http://purl.org/obo/owl/IEV#IEV_0001842>);1.0;0.0;0;1
ore_ont_11502.owl;SubClassOf(<http://purl.org/obo/owl/IEV#IEV_0001432> <http://purl.org/obo/owl/IEV#IEV_0001450>);0.0;0.0;0;0
ore_ont_11502.owl;SubClassOf(<http://purl.org/obo/owl/IEV#IEV_0000025> <http://purl.org/obo/owl/IEV#IEV_0000913>);0.0;1.0;1;0
ore_ont_11502.owl;SubClassOf(<http://purl.org/obo/owl/IEV#IEV_0000053> <http://purl.org/obo/owl/IEV#IEV_0000025>);0.0;0.0;0;0
ore_ont_11502.owl;SubClassOf(<http://purl.org/obo/owl/IEV#IEV_0000025> <http://purl.org/obo/owl/IEV#IEV_0000005>);1.0;0.0;0;1
ore_ont_14027.owl;SubClassOf(<http://purl.obolibrary.org/obo/WB_WBGene00021708> <http://purl.obolibrary.org/obo/PANTHER_PTHR10664>);0.0;0.0;0;0
ore_ont_14027.owl;SubClassOf(<http://purl.obolibrary.org/obo/WB_WBGene00005500> <http://purl.obolibrary.org/obo/PANTHER_PTHR22941>);0.0;0.0;0;0
ore_ont_14027.owl;SubClassOf(<http://purl.obolibrary.org/obo/WB_WBGene00007483> <http://purl.obolibrary.org/obo/PANTHER_PTHR22751>);0.0;0.0;0;0
ore_ont_14027.owl;SubClassOf(<http://purl.obolibrary.org/obo/WB_WBGene00010410> <http://purl.obolibrary.org/obo/PANTHER_PTHR24082>);0.0;0.0;0;0
ore_ont_14027.owl;SubClassOf(<http://purl.obolibrary.org/obo/WB_WBGene00010099> <http://purl.obolibrary.org/obo/PANTHER_PTHR22899>);0.0;0.0;0;0
ore_ont_14027.owl;SubClassOf(<http://purl.obolibrary.org/obo/WB_WBGene00016515> <http://purl.obolibrary.org/obo/PANTHER_PTHR23015>);0.0;0.0;0;0
ore_ont_14027.owl;SubClassOf(<http://purl.obolibrary.org/obo/WB_WBGene00000050> <http://purl.obolibrary.org/obo/PANTHER_PTHR18945>);0.0;0.0;0;0
ore_ont_14027.owl;SubClassOf(<http://purl.obolibrary.org/obo/WB_WBGene00012036> <http://purl.obolibrary.org/obo/PANTHER_PTHR23124>);0.0;0.0;0;0
ore_ont_14027.owl;SubClassOf(<http://purl.obolibrary.org/obo/WB_WBGene00007360> <http://purl.obolibrary.org/obo/PANTHER_PTHR22943>);0.0;0.0;0;0
ore_ont_14027.owl;SubClassOf(<http://purl.obolibrary.org/obo/WB_WBGene00013489> <http://purl.obolibrary.org/obo/PANTHER_PTHR24023>);0.0;0.0;0;0
ore_ont_16114.owl;SubClassOf(<http://purl.obolibrary.org/obo/NCBIGene_776667> <http://purl.obolibrary.org/obo/PANTHER_PTHR11738>);0.0;0.0;0;0
ore_ont_16114.owl;SubClassOf(<http://purl.obolibrary.org/obo/NCBIGene_396206> <http://purl.obolibrary.org/obo/PANTHER_PTHR23239>);0.0;0.0;0;0
ore_ont_16114.owl;SubClassOf(<http://purl.obolibrary.org/obo/NCBIGene_770043> <http://purl.obolibrary.org/obo/PANTHER_PTHR24023>);0.0;0.0;0;0
ore_ont_16114.owl;SubClassOf(<http://purl.obolibrary.org/obo/NCBIGene_772243> <http://purl.obolibrary.org/obo/PANTHER_PTHR19422>);0.0;0.0;0;0
ore_ont_16114.owl;SubClassOf(<http://purl.obolibrary.org/obo/NCBIGene_770342> <http://purl.obolibrary.org/obo/PANTHER_PTHR24412>);0.0;0.0;0;0
ore_ont_16114.owl;SubClassOf(<http://purl.obolibrary.org/obo/NCBIGene_425531> <http://purl.obolibrary.org/obo/PANTHER_PTHR24073>);0.0;0.0;0;0
ore_ont_16114.owl;SubClassOf(<http://purl.obolibrary.org/obo/NCBIGene_396406> <http://purl.obolibrary.org/obo/PANTHER_PTHR24416>);0.0;0.0;0;0
ore_ont_16114.owl;SubClassOf(<http://purl.obolibrary.org/obo/NCBIGene_777238> <http://purl.obolibrary.org/obo/PANTHER_PTHR19331>);0.0;0.0;0;0
ore_ont_16114.owl;SubClassOf(<http://purl.obolibrary.org/obo/NCBIGene_497221> <http://purl.obolibrary.org/obo/PANTHER_PTHR24028>);0.0;0.0;0;0
ore_ont_16114.owl;SubClassOf(<http://purl.obolibrary.org/obo/NCBIGene_776301> <http://purl.obolibrary.org/obo/PANTHER_PTHR13140>);0.0;0.0;0;0
ore_ont_9590.owl;SubClassOf(<http://purl.obolibrary.org/obo/UniProtKB_P17879> <http://purl.obolibrary.org/obo/PR_000025338>);0.0;0.0;0;0
ore_ont_9590.owl;SubClassOf(<http://purl.obolibrary.org/obo/UniProtKB_Q61699> <http://purl.obolibrary.org/obo/PR_000003410>);0.0;0.0;0;0
ore_ont_9590.owl;SubClassOf(<http://purl.obolibrary.org/obo/UniProtKB_Q61387> <http://purl.obolibrary.org/obo/PR_000025379>);0.0;0.0;0;0
ore_ont_9590.owl;SubClassOf(<http://purl.obolibrary.org/obo/UniProtKB_Q8K4B2> <http://purl.obolibrary.org/obo/PR_000001784>);0.0;0.0;0;0
ore_ont_9590.owl;SubClassOf(<http://purl.obolibrary.org/obo/UniProtKB_Q61696> <http://purl.obolibrary.org/obo/PR_000008871>);0.0;0.0;0;0
ore_ont_9590.owl;SubClassOf(<http://purl.obolibrary.org/obo/UniProtKB_P16627> <http://purl.obolibrary.org/obo/PR_000025289>);0.0;0.0;0;0
ore_ont_9590.owl;SubClassOf(<http://purl.obolibrary.org/obo/UniProtKB_Q9WV04> <http://purl.obolibrary.org/obo/PR_000026969>);0.0;0.0;0;0
ore_ont_9590.owl;SubClassOf(<http://purl.obolibrary.org/obo/UniProtKB_Q9JKR6> <http://purl.obolibrary.org/obo/PR_000025325>);0.0;0.0;0;0
ore_ont_9590.owl;SubClassOf(<http://purl.obolibrary.org/obo/UniProtKB_A6H666> <http://purl.obolibrary.org/obo/PR_000005793>);0.0;0.0;0;0
ore_ont_9590.owl;SubClassOf(<http://purl.obolibrary.org/obo/UniProtKB_P12023> <http://purl.obolibrary.org/obo/PR_000025533>);0.0;0.0;0;0
ore_ont_3406.owl;SubClassOf(<http://purl.obolibrary.org/obo/CHEBI_28868> <http://purl.obolibrary.org/obo/CHEBI_35757>);0.0;0.0;0;0
ore_ont_3406.owl;SubClassOf(<http://purl.obolibrary.org/obo/CHEBI_58945> <http://purl.obolibrary.org/obo/CHEBI_24431>);0.0;1.0;1;0
ore_ont_3406.owl;SubClassOf(<http://purl.obolibrary.org/obo/CHEBI_57299> <http://purl.obolibrary.org/obo/CHEBI_38101>);0.0;0.8404068747807747;1;0
ore_ont_3406.owl;SubClassOf(<http://purl.obolibrary.org/obo/CHEBI_72447> <http://purl.obolibrary.org/obo/CHEBI_35274>);0.0;0.0;0;0
ore_ont_3406.owl;SubClassOf(<http://purl.obolibrary.org/obo/CHEBI_59814> <http://purl.obolibrary.org/obo/CHEBI_33558>);0.0;0.0;0;0
ore_ont_3406.owl;SubClassOf(<http://purl.obolibrary.org/obo/CHEBI_75766> <http://purl.obolibrary.org/obo/CHEBI_26619>);0.0;0.0;0;0
ore_ont_3406.owl;SubClassOf(<http://purl.obolibrary.org/obo/CHEBI_26619> <http://purl.obolibrary.org/obo/CHEBI_25212>);0.0;0.0;0;0
ore_ont_3406.owl;SubClassOf(<http://purl.obolibrary.org/obo/CHEBI_35366> <http://purl.obolibrary.org/obo/CHEBI_25384>);0.0;0.0;0;0
ore_ont_3406.owl;SubClassOf(<http://purl.obolibrary.org/obo/CHEBI_76967> <http://purl.obolibrary.org/obo/CHEBI_75770>);0.0;0.0;0;0
ore_ont_3406.owl;SubClassOf(<http://purl.obolibrary.org/obo/CHEBI_59737> <http://purl.obolibrary.org/obo/CHEBI_58945>);0.0;0.0;0;0
ore_ont_964.owl;SubClassOf(<http://purl.obolibrary.org/obo/ENSEMBL_ENSGALG00000016255> <http://purl.obolibrary.org/obo/SO_0001217>);0.0;0.0;0;0
ore_ont_964.owl;SubClassOf(<http://purl.obolibrary.org/obo/ENSEMBL_ENSGALG00000016256> <http://purl.obolibrary.org/obo/SO_0001217>);0.0;0.0;0;0
ore_ont_964.owl;SubClassOf(<http://purl.obolibrary.org/obo/ENSEMBL_ENSGALG00000000188> <http://purl.obolibrary.org/obo/SO_0000336>);0.0;0.0;0;0
ore_ont_964.owl;SubClassOf(<http://purl.obolibrary.org/obo/ENSEMBL_ENSGALG00000025656> <http://purl.obolibrary.org/obo/SO_0000252>);0.0;0.0;0;0
ore_ont_964.owl;SubClassOf(<http://purl.obolibrary.org/obo/ENSEMBL_ENSGALG00000025527> <http://purl.obolibrary.org/obo/SO_0000275>);0.0;0.0;0;0
ore_ont_964.owl;SubClassOf(<http://purl.obolibrary.org/obo/ENSEMBL_ENSGALG00000025644> <http://purl.obolibrary.org/obo/SO_0000274>);0.0;0.0;0;0
ore_ont_964.owl;SubClassOf(<http://purl.obolibrary.org/obo/ENSEMBL_ENSGALG00000025688> <http://purl.obolibrary.org/obo/SO_0000655>);0.0;0.0;0;0
ore_ont_964.owl;SubClassOf(<http://purl.obolibrary.org/obo/ENSEMBL_ENSGALG00000004269> <http://purl.obolibrary.org/obo/SO_0001217>);0.0;0.0;0;0
ore_ont_964.owl;SubClassOf(<http://purl.obolibrary.org/obo/ENSEMBL_ENSGALG00000021721> <http://purl.obolibrary.org/obo/SO_0000276>);0.0;0.0;0;0
ore_ont_964.owl;SubClassOf(<http://purl.obolibrary.org/obo/ENSEMBL_ENSGALG00000021720> <http://purl.obolibrary.org/obo/SO_0000253>);0.0;0.0;0;0
ore_ont_935.owl;SubClassOf(<http://purl.obolibrary.org/obo/FYPO_0001362> <http://purl.obolibrary.org/obo/FYPO_0000002>);1.0;0.8969465648854018;0;1
ore_ont_935.owl;SubClassOf(<http://purl.obolibrary.org/obo/FYPO_0001330> <http://purl.obolibrary.org/obo/PATO_0001159>);1.0;0.0;0;1
ore_ont_935.owl;SubClassOf(<http://purl.obolibrary.org/obo/FYPO_0001362> <http://purl.obolibrary.org/obo/PATO_0000001>);1.0;1.0;0;0
ore_ont_935.owl;SubClassOf(<http://purl.obolibrary.org/obo/CL_0000334> <http://purl.obolibrary.org/obo/CL_0000000>);0.0;1.0;1;0
ore_ont_935.owl;SubClassOf(<http://purl.obolibrary.org/obo/FYPO_0000663> <http://purl.obolibrary.org/obo/PATO_0002052>);0.0;0.0;0;0
ore_ont_935.owl;SubClassOf(<http://purl.obolibrary.org/obo/FYPO_0000662> <http://purl.obolibrary.org/obo/PATO_0002051>);0.0;0.0;0;0
ore_ont_935.owl;SubClassOf(<http://purl.obolibrary.org/obo/FYPO_0001330> <http://purl.obolibrary.org/obo/PATO_0001162>);1.0;1.0;0;0
ore_ont_935.owl;SubClassOf(<http://purl.obolibrary.org/obo/GO_0072690> <http://purl.obolibrary.org/obo/GO_0044763>);0.0;0.0;0;0
ore_ont_935.owl;SubClassOf(<http://purl.obolibrary.org/obo/GO_0071850> <http://purl.obolibrary.org/obo/GO_0065007>);0.0;0.336617405582855;1;0
ore_ont_935.owl;SubClassOf(<http://purl.obolibrary.org/obo/FYPO_0000664> <http://purl.obolibrary.org/obo/PATO_0001558>);0.0;0.0;0;0
ore_ont_2317.owl;SubClassOf(<http://purl.obolibrary.org/obo/GO_0045289> <http://purl.obolibrary.org/obo/GO_0004497>);0.0;0.0;0;0
ore_ont_2317.owl;SubClassOf(<http://purl.obolibrary.org/obo/GO_0004601> <http://purl.obolibrary.org/obo/GO_0003824>);0.0;0.0;0;0
ore_ont_2317.owl;SubClassOf(<http://purl.obolibrary.org/obo/GO_0008233> <http://purl.obolibrary.org/obo/GO_0016787>);0.0;0.0;0;0
ore_ont_2317.owl;SubClassOf(<http://purl.obolibrary.org/obo/GO_0015075> <http://purl.obolibrary.org/obo/GO_0022857>);0.0;0.0;0;0
ore_ont_2317.owl;SubClassOf(<http://purl.obolibrary.org/obo/GO_0016502> <http://purl.obolibrary.org/obo/GO_0004872>);0.0;0.0;0;0
ore_ont_2317.owl;SubClassOf(<http://purl.obolibrary.org/obo/GO_0018611> <http://purl.obolibrary.org/obo/GO_0051213>);0.0;0.0;0;0
ore_ont_2317.owl;SubClassOf(<http://purl.obolibrary.org/obo/GO_0015197> <http://purl.obolibrary.org/obo/GO_0005215>);0.0;0.0;0;0
ore_ont_2317.owl;SubClassOf(<http://purl.obolibrary.org/obo/GO_0043167> <http://purl.obolibrary.org/obo/GO_0005488>);0.0;0.0;0;0
ore_ont_2317.owl;SubClassOf(<http://purl.obolibrary.org/obo/GO_0051427> <http://purl.obolibrary.org/obo/GO_0005102>);0.0;0.0;0;0
ore_ont_2317.owl;SubClassOf(<http://purl.obolibrary.org/obo/GO_0008976> <http://purl.obolibrary.org/obo/GO_0016301>);0.0;0.0;0;0
ore_ont_5487.owl;SubClassOf(<http://purl.obolibrary.org/obo/ENSEMBL_ENSXETG00000008493> <http://purl.obolibrary.org/obo/SO_0000336>);0.0;0.0;0;0
ore_ont_5487.owl;SubClassOf(<http://purl.obolibrary.org/obo/ENSEMBL_ENSXETG00000032084> <http://purl.obolibrary.org/obo/SO_0000274>);0.0;0.0;0;0
ore_ont_5487.owl;SubClassOf(<http://purl.obolibrary.org/obo/ENSEMBL_ENSXETG00000033179> <http://purl.obolibrary.org/obo/SO_0000276>);0.0;0.0;0;0
ore_ont_5487.owl;SubClassOf(<http://purl.obolibrary.org/obo/ENSEMBL_ENSXETG00000017801> <http://purl.obolibrary.org/obo/SO_0001217>);0.0;0.0;0;0
ore_ont_5487.owl;SubClassOf(<http://purl.obolibrary.org/obo/ENSEMBL_ENSXETG00000017800> <http://purl.obolibrary.org/obo/SO_0001217>);0.0;0.0;0;0
ore_ont_5487.owl;SubClassOf(<http://purl.obolibrary.org/obo/ENSEMBL_ENSXETG00000033293> <http://purl.obolibrary.org/obo/SO_0000180>);0.0;0.0;0;0
ore_ont_5487.owl;SubClassOf(<http://purl.obolibrary.org/obo/ENSEMBL_ENSXETG00000032760> <http://purl.obolibrary.org/obo/SO_0000252>);0.0;0.0;0;0
ore_ont_5487.owl;SubClassOf(<http://purl.obolibrary.org/obo/ENSEMBL_ENSXETG00000029473> <http://purl.obolibrary.org/obo/SO_0000275>);0.0;0.0;0;0
ore_ont_5487.owl;SubClassOf(<http://purl.obolibrary.org/obo/ENSEMBL_ENSXETG00000033032> <http://purl.obolibrary.org/obo/SO_0000655>);0.0;0.0;0;0
ore_ont_5487.owl;SubClassOf(<http://purl.obolibrary.org/obo/ENSEMBL_ENSXETG00000017809> <http://purl.obolibrary.org/obo/SO_0001217>);0.0;0.0;0;0
ore_ont_9513.owl;SubClassOf(<http://purl.obolibrary.org/obo/MGI_MGI%3A1935227> <http://purl.obolibrary.org/obo/PANTHER_PTHR24028>);0.0;0.0;0;0
ore_ont_9513.owl;SubClassOf(<http://purl.obolibrary.org/obo/MGI_MGI%3A3710610> <http://purl.obolibrary.org/obo/PANTHER_PTHR21558>);0.0;0.0;0;0
ore_ont_9513.owl;SubClassOf(<http://purl.obolibrary.org/obo/MGI_MGI%3A1277212> <http://purl.obolibrary.org/obo/PANTHER_PTHR24402>);0.0;0.0;0;0
ore_ont_9513.owl;SubClassOf(<http://purl.obolibrary.org/obo/MGI_MGI%3A2684869> <http://purl.obolibrary.org/obo/PANTHER_PTHR24103>);0.0;0.0;0;0
ore_ont_9513.owl;SubClassOf(<http://purl.obolibrary.org/obo/MGI_MGI%3A3648662> <http://purl.obolibrary.org/obo/PANTHER_PTHR24062>);0.0;0.0;0;0
ore_ont_9513.owl;SubClassOf(<http://purl.obolibrary.org/obo/MGI_MGI%3A2444913> <http://purl.obolibrary.org/obo/PANTHER_PTHR23239>);0.0;0.0;0;0
ore_ont_9513.owl;SubClassOf(<http://purl.obolibrary.org/obo/MGI_MGI%3A2681831> <http://purl.obolibrary.org/obo/PANTHER_PTHR24329>);0.0;0.0;0;0
ore_ont_9513.owl;SubClassOf(<http://purl.obolibrary.org/obo/MGI_MGI%3A3703084> <http://purl.obolibrary.org/obo/PANTHER_PTHR24061>);0.0;0.0;0;0
ore_ont_9513.owl;SubClassOf(<http://purl.obolibrary.org/obo/MGI_MGI%3A3649399> <http://purl.obolibrary.org/obo/PANTHER_PTHR14224>);0.0;0.0;0;0
ore_ont_9513.owl;SubClassOf(<http://purl.obolibrary.org/obo/MGI_MGI%3A894696> <http://purl.obolibrary.org/obo/PANTHER_PTHR11461>);0.0;0.0;0;0
ore_ont_6433.owl;SubClassOf(<http://www.ontologydesignpatterns.org/ont/fao/agrovoc.owl#Chlorsulfuron> <http://www.ontologydesignpatterns.org/ont/fao/agrovoc.owl#Agricultural_Chemicals>);0.0;0.0;0;0
ore_ont_6433.owl;SubClassOf(<http://www.ontologydesignpatterns.org/ont/fao/agrovoc.owl#Measuring_Instruments> <http://www.ontologydesignpatterns.org/ont/fao/agrovoc.owl#Equipment>);0.0;0.0;0;0
ore_ont_6433.owl;SubClassOf(<http://www.ontologydesignpatterns.org/ont/fao/agrovoc.owl#Paspalum> <http://www.ontologydesignpatterns.org/ont/fao/agrovoc.owl#Poaceae>);0.0;0.0;0;0
ore_ont_6433.owl;SubClassOf(<http://www.ontologydesignpatterns.org/ont/fao/agrovoc.owl#Flatfish> <http://www.ontologydesignpatterns.org/ont/fao/agrovoc.owl#Saltwater_Fishes>);0.0;0.0;0;0
ore_ont_6433.owl;SubClassOf(<http://www.ontologydesignpatterns.org/ont/fao/agrovoc.owl#Vigna> <http://www.ontologydesignpatterns.org/ont/fao/agrovoc.owl#Papilionoideae>);0.0;0.0;0;0
ore_ont_6433.owl;SubClassOf(<http://www.ontologydesignpatterns.org/ont/fao/agrovoc.owl#Squashes> <http://www.ontologydesignpatterns.org/ont/fao/agrovoc.owl#Vegetables>);0.0;0.0;0;0
ore_ont_6433.owl;SubClassOf(<http://www.ontologydesignpatterns.org/ont/fao/agrovoc.owl#Penicillium> <http://www.ontologydesignpatterns.org/ont/fao/agrovoc.owl#Deuteromycotina>);0.0;0.0;0;0
ore_ont_6433.owl;SubClassOf(<http://www.ontologydesignpatterns.org/ont/fao/agrovoc.owl#Agricultural_Chemicals> <http://www.ontologydesignpatterns.org/ont/fao/agrovoc.owl#AGTOP>);0.0;0.0;0;0
ore_ont_6433.owl;SubClassOf(<http://www.ontologydesignpatterns.org/ont/fao/agrovoc.owl#Drying> <http://www.ontologydesignpatterns.org/ont/fao/agrovoc.owl#Processing>);0.0;0.0;0;0
ore_ont_6433.owl;SubClassOf(<http://www.ontologydesignpatterns.org/ont/fao/agrovoc.owl#Oreochromis> <http://www.ontologydesignpatterns.org/ont/fao/agrovoc.owl#Percoidei>);0.0;0.0;0;0
ore_ont_4235.owl;SubClassOf(<http://purl.obolibrary.org/obo/UniProtKB#_F4JHB3> <http://purl.obolibrary.org/obo/PR_000000001>);0.0;0.0;0;0
ore_ont_4235.owl;SubClassOf(<http://purl.obolibrary.org/obo/UniProtKB#_Q9FPT1> <http://purl.obolibrary.org/obo/PR_000000001>);0.0;0.0;0;0
ore_ont_4235.owl;SubClassOf(<http://purl.obolibrary.org/obo/UniProtKB#_Q9SVY4> <http://purl.obolibrary.org/obo/PR_000000001>);0.0;0.0;0;0
ore_ont_4235.owl;SubClassOf(<http://purl.obolibrary.org/obo/UniProtKB#_Q9SVY1> <http://purl.obolibrary.org/obo/PR_000000001>);0.0;0.0;0;0
ore_ont_4235.owl;SubClassOf(<http://purl.obolibrary.org/obo/UniProtKB#_Q9FPS2> <http://purl.obolibrary.org/obo/PR_000000001>);0.0;0.0;0;0
ore_ont_4235.owl;SubClassOf(<http://purl.obolibrary.org/obo/UniProtKB#_Q9FPS3> <http://purl.obolibrary.org/obo/PR_000000001>);0.0;0.0;0;0
ore_ont_4235.owl;SubClassOf(<http://purl.obolibrary.org/obo/UniProtKB#_Q9FPS4> <http://purl.obolibrary.org/obo/PR_000000001>);0.0;0.0;0;0
ore_ont_4235.owl;SubClassOf(<http://purl.obolibrary.org/obo/UniProtKB#_Q9SVY0> <http://purl.obolibrary.org/obo/PR_000000001>);0.0;0.0;0;0
ore_ont_4235.owl;SubClassOf(<http://purl.obolibrary.org/obo/UniProtKB#_Q9SVY8> <http://purl.obolibrary.org/obo/PR_000000001>);0.0;0.0;0;0
ore_ont_4235.owl;SubClassOf(<http://purl.obolibrary.org/obo/UniProtKB#_Q9SVY5> <http://purl.obolibrary.org/obo/PR_000000001>);0.0;0.0;0;0
ore_ont_11081.owl;SubClassOf(<http://purl.obolibrary.org/obo/FYPO_0001362> <http://purl.obolibrary.org/obo/FYPO_0000002>);0.2174959871590288;0.2463884430177088;1;0
ore_ont_11081.owl;SubClassOf(<http://purl.obolibrary.org/obo/PATO_0002052> <http://purl.obolibrary.org/obo/PATO_0000001>);0.1990324809951563;0.0;0;1
ore_ont_11081.owl;SubClassOf(<http://purl.obolibrary.org/obo/CL_0000334> <http://purl.obolibrary.org/obo/CL_0000000>);0.9268292682927082;1.0;1;0
ore_ont_11081.owl;SubClassOf(<http://purl.obolibrary.org/obo/GO_0072690> <http://purl.obolibrary.org/obo/GO_0008150>);1.0;0.0;0;1
ore_ont_11081.owl;SubClassOf(<http://purl.obolibrary.org/obo/FYPO_0000663> <http://purl.obolibrary.org/obo/PATO_0002052>);0.0;0.0;0;0
ore_ont_11081.owl;SubClassOf(<http://purl.obolibrary.org/obo/PATO_0000461> <http://purl.obolibrary.org/obo/PATO_0000001>);0.0;1.0;1;0
ore_ont_11081.owl;SubClassOf(<http://purl.obolibrary.org/obo/FYPO_0000662> <http://purl.obolibrary.org/obo/PATO_0002051>);0.0;0.0;0;0
ore_ont_11081.owl;SubClassOf(<http://purl.obolibrary.org/obo/PATO_0000460> <http://purl.obolibrary.org/obo/PATO_0000001>);0.0;0.0;0;0
ore_ont_11081.owl;SubClassOf(<http://purl.obolibrary.org/obo/FYPO_0000127> <http://purl.obolibrary.org/obo/PATO_0001551>);0.0;0.0;0;0
ore_ont_11081.owl;SubClassOf(<http://purl.obolibrary.org/obo/FYPO_0000664> <http://purl.obolibrary.org/obo/PATO_0001558>);0.0;0.0;0;0
ore_ont_7716.owl;SubClassOf(<http://purl.obolibrary.org/obo/FMA_20328> <http://purl.obolibrary.org/obo/FMA_9653>);0.0;0.0;0;0
ore_ont_7716.owl;SubClassOf(<http://purl.obolibrary.org/obo/FMA_10681> <http://purl.obolibrary.org/obo/FMA_10663>);0.0;0.0;0;0
ore_ont_7716.owl;SubClassOf(<http://purl.obolibrary.org/obo/FMA_10698> <http://purl.obolibrary.org/obo/FMA_70353>);1.0;0.0;0;1
ore_ont_7716.owl;SubClassOf(<http://purl.obolibrary.org/obo/FMA_14151> <http://purl.obolibrary.org/obo/FMA_9337>);0.0;0.0;0;0
ore_ont_7716.owl;SubClassOf(<http://purl.obolibrary.org/obo/FMA_223915> <http://purl.obolibrary.org/obo/FMA_62865>);0.0;0.0;0;0
ore_ont_7716.owl;SubClassOf(<http://purl.obolibrary.org/obo/FMA_224106> <http://purl.obolibrary.org/obo/FMA_224058>);0.0;0.0;0;0
ore_ont_7716.owl;SubClassOf(<http://purl.obolibrary.org/obo/FMA_232916> <http://purl.obolibrary.org/obo/FMA_63815>);0.0;0.0;0;0
ore_ont_7716.owl;SubClassOf(<http://purl.obolibrary.org/obo/FMA_18332> <http://purl.obolibrary.org/obo/FMA_86103>);0.0;0.0;0;0
ore_ont_7716.owl;SubClassOf(<http://purl.obolibrary.org/obo/FMA_10698> <http://purl.obolibrary.org/obo/FMA_10663>);0.0;0.0;0;0
ore_ont_7716.owl;SubClassOf(<http://purl.obolibrary.org/obo/FMA_20347> <http://purl.obolibrary.org/obo/FMA_20346>);0.0;0.0;0;0
ore_ont_2661.owl;SubClassOf(<http://purl.obolibrary.org/obo/ENSEMBL_F26G5.4> <http://purl.obolibrary.org/obo/ENSEMBL_ENSFM00500000271667>);0.0;0.0;0;0
ore_ont_2661.owl;SubClassOf(<http://purl.obolibrary.org/obo/ENSEMBL_F54B8.16> <http://purl.obolibrary.org/obo/ENSEMBL_ENSFM00500000270898>);0.0;0.0;0;0
ore_ont_2661.owl;SubClassOf(<http://purl.obolibrary.org/obo/ENSEMBL_T23F1.4> <http://purl.obolibrary.org/obo/ENSEMBL_ENSFM00500000270900>);0.0;0.0;0;0
ore_ont_2661.owl;SubClassOf(<http://purl.obolibrary.org/obo/ENSEMBL_Y49C4A.8> <http://purl.obolibrary.org/obo/ENSEMBL_ENSFM00250000000580>);0.0;0.0;0;0
ore_ont_2661.owl;SubClassOf(<http://purl.obolibrary.org/obo/ENSEMBL_Y119D3B.8> <http://purl.obolibrary.org/obo/ENSEMBL_ENSFM00500000271108>);0.0;0.0;0;0
ore_ont_2661.owl;SubClassOf(<http://purl.obolibrary.org/obo/ENSEMBL_ZK1251.6> <http://purl.obolibrary.org/obo/ENSEMBL_ENSFM00250000001200>);0.0;0.0;0;0
ore_ont_2661.owl;SubClassOf(<http://purl.obolibrary.org/obo/ENSEMBL_ZK354.9> <http://purl.obolibrary.org/obo/ENSEMBL_ENSFM00420000140518>);0.0;0.0;0;0
ore_ont_2661.owl;SubClassOf(<http://purl.obolibrary.org/obo/ENSEMBL_C53B4.5> <http://purl.obolibrary.org/obo/ENSEMBL_ENSFM00600000921403>);0.0;0.0;0;0
ore_ont_2661.owl;SubClassOf(<http://purl.obolibrary.org/obo/ENSEMBL_F44C8.8> <http://purl.obolibrary.org/obo/ENSEMBL_ENSFM00500000270071>);0.0;0.0;0;0
ore_ont_2661.owl;SubClassOf(<http://purl.obolibrary.org/obo/ENSEMBL_F35E2.6> <http://purl.obolibrary.org/obo/ENSEMBL_ENSFM00250000000481>);0.0;0.0;0;0
ore_ont_12194.owl;SubClassOf(<http://www.loria.fr/~coulet/ontology/sopharm/version2.0/disease_ontology.owl#DOID_15977> <http://www.loria.fr/~coulet/ontology/sopharm/version2.0/disease_ontology.owl#DOID_19120>);0.0;0.0;0;0
ore_ont_12194.owl;SubClassOf(<http://www.loria.fr/~coulet/ontology/sopharm/version2.0/disease_ontology.owl#DOID_2405> <http://www.loria.fr/~coulet/ontology/sopharm/version2.0/disease_ontology.owl#DOID_19132>);0.0;0.0;0;0
ore_ont_12194.owl;SubClassOf(<http://www.loria.fr/~coulet/ontology/sopharm/version2.0/disease_ontology.owl#DOID_1097> <http://www.loria.fr/~coulet/ontology/sopharm/version2.0/disease_ontology.owl#DOID_21>);0.0;0.0;0;0
ore_ont_12194.owl;SubClassOf(<http://www.loria.fr/~coulet/ontology/sopharm/version2.0/disease_ontology.owl#DOID_11245> <http://www.loria.fr/~coulet/ontology/sopharm/version2.0/disease_ontology.owl#DOID_19119>);0.0;0.0;0;0
ore_ont_12194.owl;SubClassOf(<http://www.loria.fr/~coulet/ontology/sopharm/version2.0/disease_ontology.owl#DOID_2037> <http://www.loria.fr/~coulet/ontology/sopharm/version2.0/disease_ontology.owl#DOID_1228>);0.0;0.0;0;0
ore_ont_12194.owl;SubClassOf(<http://www.loria.fr/~coulet/ontology/sopharm/version2.0/disease_ontology.owl#DOID_225> <http://www.loria.fr/~coulet/ontology/sopharm/version2.0/disease_ontology.owl#DOID_1150>);0.0;0.0;0;0
ore_ont_12194.owl;SubClassOf(<http://www.loria.fr/~coulet/ontology/sopharm/version2.0/disease_ontology.owl#DOID_1150> <http://www.loria.fr/~coulet/ontology/sopharm/version2.0/disease_ontology.owl#DOID_1493>);0.0;0.0;0;0
ore_ont_12194.owl;SubClassOf(<http://www.loria.fr/~coulet/ontology/sopharm/version2.0/disease_ontology.owl#DOID_19119> <http://www.loria.fr/~coulet/ontology/sopharm/version2.0/disease_ontology.owl#DOID_19129>);0.0;0.0;0;0
ore_ont_12194.owl;SubClassOf(<http://www.loria.fr/~coulet/ontology/sopharm/version2.0/disease_ontology.owl#DOID_2315> <http://www.loria.fr/~coulet/ontology/sopharm/version2.0/disease_ontology.owl#DOID_7345>);0.0;0.0;0;0
ore_ont_12194.owl;SubClassOf(<http://www.loria.fr/~coulet/ontology/sopharm/version2.0/disease_ontology.owl#DOID_5375> <http://www.loria.fr/~coulet/ontology/sopharm/version2.0/disease_ontology.owl#DOID_1234>);0.0;0.0;0;0
ore_ont_16687.owl;SubClassOf(<http://purl.obolibrary.org/obo/ENSEMBL_ENSDARG00000091091> <http://purl.obolibrary.org/obo/SO_0000655>);0.0;0.0;0;0
ore_ont_16687.owl;SubClassOf(<http://purl.obolibrary.org/obo/ENSEMBL_ENSDARG00000082738> <http://purl.obolibrary.org/obo/SO_0000276>);0.0;0.0;0;0
ore_ont_16687.owl;SubClassOf(<http://purl.obolibrary.org/obo/ENSEMBL_ENSDARG00000082618> <http://purl.obolibrary.org/obo/SO_0000252>);0.0;0.0;0;0
ore_ont_16687.owl;SubClassOf(<http://purl.obolibrary.org/obo/ENSEMBL_ENSDARG00000082739> <http://purl.obolibrary.org/obo/SO_0000275>);0.0;0.0;0;0
ore_ont_16687.owl;SubClassOf(<http://purl.obolibrary.org/obo/ENSEMBL_ENSDARG00000095931> <http://purl.obolibrary.org/obo/SO_0001503>);0.0;0.0;0;0
ore_ont_16687.owl;SubClassOf(<http://purl.obolibrary.org/obo/ENSEMBL_ENSDARG00000094481> <http://purl.obolibrary.org/obo/SO_0000704>);0.0;0.0;0;0
ore_ont_16687.owl;SubClassOf(<http://purl.obolibrary.org/obo/ENSEMBL_ENSDARG00000015807> <http://purl.obolibrary.org/obo/SO_0001217>);0.0;0.0;0;0
ore_ont_16687.owl;SubClassOf(<http://purl.obolibrary.org/obo/ENSEMBL_ENSDARG00000082614> <http://purl.obolibrary.org/obo/SO_0000274>);0.0;0.0;0;0
ore_ont_16687.owl;SubClassOf(<http://purl.obolibrary.org/obo/ENSEMBL_ENSDARG00000031703> <http://purl.obolibrary.org/obo/SO_0000336>);0.0;0.0;0;0
ore_ont_16687.owl;SubClassOf(<http://purl.obolibrary.org/obo/ENSEMBL_ENSDARG00000080329> <http://purl.obolibrary.org/obo/SO_0000253>);0.0;0.0;0;0
ore_ont_12149.owl;SubClassOf(<http://purl.obolibrary.org/obo/TTO_107911> <http://purl.obolibrary.org/obo/TTO_14030>);0.0;0.0;0;0
ore_ont_12149.owl;SubClassOf(<http://purl.obolibrary.org/obo/TTO_100867> <http://purl.obolibrary.org/obo/TTO_10760>);0.0;0.0;0;0
ore_ont_12149.owl;SubClassOf(<http://purl.obolibrary.org/obo/TTO_1068919> <http://purl.obolibrary.org/obo/TTO_101503>);0.0;0.0;0;0
ore_ont_12149.owl;SubClassOf(<http://purl.obolibrary.org/obo/TTO_1001818> <http://purl.obolibrary.org/obo/TTO_100867>);0.0;0.0;0;0
ore_ont_12149.owl;SubClassOf(<http://purl.obolibrary.org/obo/TTO_1068514> <http://purl.obolibrary.org/obo/TTO_100490>);0.0;0.0;0;0
ore_ont_12149.owl;SubClassOf(<http://purl.obolibrary.org/obo/TTO_1004808> <http://purl.obolibrary.org/obo/TTO_100552>);0.0;0.0;0;0
ore_ont_12149.owl;SubClassOf(<http://purl.obolibrary.org/obo/TTO_104345> <http://purl.obolibrary.org/obo/TTO_13440>);0.0;0.0;0;0
ore_ont_12149.owl;SubClassOf(<http://purl.obolibrary.org/obo/TTO_1069967> <http://purl.obolibrary.org/obo/TTO_104345>);0.0;0.0;0;0
ore_ont_12149.owl;SubClassOf(<http://purl.obolibrary.org/obo/TTO_14030> <http://purl.obolibrary.org/obo/TTO_1630>);0.0;0.0;0;0
ore_ont_12149.owl;SubClassOf(<http://purl.obolibrary.org/obo/TTO_102171> <http://purl.obolibrary.org/obo/TTO_10910>);0.0;0.0;0;0
ore_ont_7493.owl;SubClassOf(<http://purl.obolibrary.org/obo/TTO_107911> <http://purl.obolibrary.org/obo/TTO_14030>);0.0;0.0;0;0
ore_ont_7493.owl;SubClassOf(<http://purl.obolibrary.org/obo/TTO_100867> <http://purl.obolibrary.org/obo/TTO_10760>);0.0;0.0;0;0
ore_ont_7493.owl;SubClassOf(<http://purl.obolibrary.org/obo/TTO_1068919> <http://purl.obolibrary.org/obo/TTO_101503>);0.0;0.0;0;0
ore_ont_7493.owl;SubClassOf(<http://purl.obolibrary.org/obo/TTO_1001818> <http://purl.obolibrary.org/obo/TTO_100867>);0.0;0.0;0;0
ore_ont_7493.owl;SubClassOf(<http://purl.obolibrary.org/obo/TTO_1068514> <http://purl.obolibrary.org/obo/TTO_100490>);0.0;0.0;0;0
ore_ont_7493.owl;SubClassOf(<http://purl.obolibrary.org/obo/TTO_1004808> <http://purl.obolibrary.org/obo/TTO_100552>);0.0;0.0;0;0
ore_ont_7493.owl;SubClassOf(<http://purl.obolibrary.org/obo/TTO_104345> <http://purl.obolibrary.org/obo/TTO_13440>);0.0;0.0;0;0
ore_ont_7493.owl;SubClassOf(<http://purl.obolibrary.org/obo/TTO_1069967> <http://purl.obolibrary.org/obo/TTO_104345>);0.0;0.0;0;0
ore_ont_7493.owl;SubClassOf(<http://purl.obolibrary.org/obo/TTO_14030> <http://purl.obolibrary.org/obo/TTO_1630>);0.0;0.0;0;0
ore_ont_7493.owl;SubClassOf(<http://purl.obolibrary.org/obo/TTO_102171> <http://purl.obolibrary.org/obo/TTO_10910>);0.0;0.0;0;0
ore_ont_6310.owl;SubClassOf(<http://ncicb.nci.nih.gov/xml/owl/EVS/Hugo.owl#HGNC_4149> <http://ncicb.nci.nih.gov/xml/owl/EVS/Hugo.owl#pseudogene>);0.0;0.0;0;0
ore_ont_6310.owl;SubClassOf(<http://ncicb.nci.nih.gov/xml/owl/EVS/Hugo.owl#HGNC_2089> <http://ncicb.nci.nih.gov/xml/owl/EVS/Hugo.owl#phenotype_only>);0.0;0.0;0;0
ore_ont_6310.owl;SubClassOf(<http://ncicb.nci.nih.gov/xml/owl/EVS/Hugo.owl#HGNC_32988> <http://ncicb.nci.nih.gov/xml/owl/EVS/Hugo.owl#RNA,_small_nucleolar>);0.0;0.0;0;0
ore_ont_6310.owl;SubClassOf(<http://ncicb.nci.nih.gov/xml/owl/EVS/Hugo.owl#HGNC_8509> <http://ncicb.nci.nih.gov/xml/owl/EVS/Hugo.owl#withdrawn>);0.0;0.0;0;0
ore_ont_6310.owl;SubClassOf(<http://ncicb.nci.nih.gov/xml/owl/EVS/Hugo.owl#HGNC_34124> <http://ncicb.nci.nih.gov/xml/owl/EVS/Hugo.owl#RNA,_pseudogene>);0.0;0.0;0;0
ore_ont_6310.owl;SubClassOf(<http://ncicb.nci.nih.gov/xml/owl/EVS/Hugo.owl#HGNC_26066> <http://ncicb.nci.nih.gov/xml/owl/EVS/Hugo.owl#gene_with_no_protein_product>);0.0;0.0;0;0
ore_ont_6310.owl;SubClassOf(<http://ncicb.nci.nih.gov/xml/owl/EVS/Hugo.owl#HGNC_5477> <http://ncicb.nci.nih.gov/xml/owl/EVS/Hugo.owl#gene_with_protein_product>);0.0;0.0;0;0
ore_ont_6310.owl;SubClassOf(<http://ncicb.nci.nih.gov/xml/owl/EVS/Hugo.owl#HGNC_9838> <http://ncicb.nci.nih.gov/xml/owl/EVS/Hugo.owl#unknown>);0.0;0.0;0;0
ore_ont_6310.owl;SubClassOf(<http://ncicb.nci.nih.gov/xml/owl/EVS/Hugo.owl#HGNC_12332> <http://ncicb.nci.nih.gov/xml/owl/EVS/Hugo.owl#RNA,_transfer>);0.0;0.0;0;0
ore_ont_6310.owl;SubClassOf(<http://ncicb.nci.nih.gov/xml/owl/EVS/Hugo.owl#HGNC_32144> <http://ncicb.nci.nih.gov/xml/owl/EVS/Hugo.owl#RNA,_micro>);0.0;0.0;0;0
ore_ont_13664.owl;SubClassOf(<http://purl.obolibrary.org/obo/ENSEMBL_ENSMUSG00000082488> <http://purl.obolibrary.org/obo/SO_0001217>);0.0;0.0;0;0
ore_ont_13664.owl;SubClassOf(<http://purl.obolibrary.org/obo/ENSEMBL_ENSMUSG00000084545> <http://purl.obolibrary.org/obo/SO_0000252>);0.0;0.0;0;0
ore_ont_13664.owl;SubClassOf(<http://purl.obolibrary.org/obo/ENSEMBL_ENSMUSG00000093140> <http://purl.obolibrary.org/obo/SO_0000276>);0.0;0.0;0;0
ore_ont_13664.owl;SubClassOf(<http://purl.obolibrary.org/obo/ENSEMBL_ENSMUSG00000086846> <http://purl.obolibrary.org/obo/SO_0000336>);0.0;0.0;0;0
ore_ont_13664.owl;SubClassOf(<http://purl.obolibrary.org/obo/ENSEMBL_ENSMUSG00000084667> <http://purl.obolibrary.org/obo/SO_0000275>);0.0;0.0;0;0
ore_ont_13664.owl;SubClassOf(<http://purl.obolibrary.org/obo/ENSEMBL_ENSMUSG00000084666> <http://purl.obolibrary.org/obo/SO_0000655>);0.0;0.0;0;0
ore_ont_13664.owl;SubClassOf(<http://purl.obolibrary.org/obo/ENSEMBL_ENSMUSG00000085515> <http://purl.obolibrary.org/obo/SO_0001503>);0.0;0.0;0;0
ore_ont_13664.owl;SubClassOf(<http://purl.obolibrary.org/obo/ENSEMBL_ENSMUSG00000065906> <http://purl.obolibrary.org/obo/SO_0000274>);0.0;0.0;0;0
ore_ont_13664.owl;SubClassOf(<http://purl.obolibrary.org/obo/ENSEMBL_ENSMUSG00000086604> <http://purl.obolibrary.org/obo/SO_0001463>);0.0;0.0;0;0
ore_ont_13664.owl;SubClassOf(<http://purl.obolibrary.org/obo/ENSEMBL_ENSMUSG00000091087> <http://purl.obolibrary.org/obo/SO_0000704>);0.0;0.0;0;0
ore_ont_6102.owl;SubClassOf(<http://www.absoluteiri.edu/RELAPPROXC11685> <http://purl.obolibrary.org/obo/TAO_0001834>);0.0;0.0;0;0
ore_ont_6102.owl;SubClassOf(<http://www.absoluteiri.edu/RELAPPROXC11797> <http://purl.obolibrary.org/obo/PATO_0000117>);0.0;0.0;0;0
ore_ont_6102.owl;SubClassOf(<http://www.absoluteiri.edu/RELAPPROXC11976> <http://purl.obolibrary.org/obo/PATO_0000141>);0.0;0.0;0;0
ore_ont_6102.owl;SubClassOf(<http://www.absoluteiri.edu/RELAPPROXC11767> <http://purl.obolibrary.org/obo/BFO_0000004>);0.0;0.0;0;0
ore_ont_6102.owl;SubClassOf(<http://www.absoluteiri.edu/RELAPPROXC12189> <http://purl.obolibrary.org/obo/TAO_0000240>);0.0;0.0;0;0
ore_ont_6102.owl;SubClassOf(<http://www.absoluteiri.edu/RELAPPROXC11818> <http://purl.obolibrary.org/obo/TAO_0000226>);0.0;0.0;0;0
ore_ont_6102.owl;SubClassOf(<http://www.absoluteiri.edu/RELAPPROXC11887> <http://purl.obolibrary.org/obo/TAO_0000672>);0.0;0.0;0;0
ore_ont_6102.owl;SubClassOf(<http://www.absoluteiri.edu/RELAPPROXC11778> <http://purl.obolibrary.org/obo/TAO_0002053>);0.0;0.0;0;0
ore_ont_6102.owl;SubClassOf(<http://www.absoluteiri.edu/RELAPPROXC11966> <http://purl.obolibrary.org/obo/TAO_0001114>);0.0;0.0;0;0
ore_ont_6102.owl;SubClassOf(<http://www.absoluteiri.edu/RELAPPROXC12150> <http://purl.obolibrary.org/obo/TAO_0002019>);0.0;0.0;0;0
ore_ont_7455.owl;SubClassOf(<http://purl.obolibrary.org/obo/ENSEMBL_YLR157C-A> <http://purl.obolibrary.org/obo/SO_0001217>);0.0;0.0;0;0
ore_ont_7455.owl;SubClassOf(<http://purl.obolibrary.org/obo/CHROMOSOME-4932_IV> <http://purl.obolibrary.org/obo/SO_0000340>);0.0;0.0;0;0
ore_ont_7455.owl;SubClassOf(<http://purl.obolibrary.org/obo/CHROMOSOME-4932_XVI> <http://purl.obolibrary.org/obo/SO_0000340>);0.0;0.0;0;0
ore_ont_7455.owl;SubClassOf(<http://purl.obolibrary.org/obo/CHROMOSOME-4932_II> <http://purl.obolibrary.org/obo/SO_0000340>);0.0;0.0;0;0
ore_ont_7455.owl;SubClassOf(<http://purl.obolibrary.org/obo/CHROMOSOME-4932_VII> <http://purl.obolibrary.org/obo/SO_0000340>);0.0;0.0;0;0
ore_ont_7455.owl;SubClassOf(<http://purl.obolibrary.org/obo/CHROMOSOME-4932_XII> <http://purl.obolibrary.org/obo/SO_0000340>);0.0;0.0;0;0
ore_ont_7455.owl;SubClassOf(<http://purl.obolibrary.org/obo/CHROMOSOME-4932_XIV> <http://purl.obolibrary.org/obo/SO_0000340>);0.0;0.0;0;0
ore_ont_7455.owl;SubClassOf(<http://purl.obolibrary.org/obo/CHROMOSOME-4932_XV> <http://purl.obolibrary.org/obo/SO_0000340>);0.0;0.0;0;0
ore_ont_7455.owl;SubClassOf(<http://purl.obolibrary.org/obo/CHROMOSOME-4932_XIII> <http://purl.obolibrary.org/obo/SO_0000340>);0.0;0.0;0;0
ore_ont_7455.owl;SubClassOf(<http://purl.obolibrary.org/obo/CHROMOSOME-4932_X> <http://purl.obolibrary.org/obo/SO_0000340>);0.0;0.0;0;0
ore_ont_10778.owl;SubClassOf(<http://purl.obolibrary.org/obo/GO_0019113> <http://purl.obolibrary.org/obo/GO_0016709>);0.0;0.0;0;0
ore_ont_10778.owl;SubClassOf(<http://purl.obolibrary.org/obo/GO_0048468> <http://purl.obolibrary.org/obo/GO_0048856>);0.0;0.0;0;0
ore_ont_10778.owl;SubClassOf(<http://purl.obolibrary.org/obo/GO_0022402> <http://purl.obolibrary.org/obo/GO_0044763>);0.0;0.0;0;0
ore_ont_10778.owl;SubClassOf(<http://purl.obolibrary.org/obo/GO_0030154> <http://purl.obolibrary.org/obo/GO_0044767>);0.0;0.0;0;0
ore_ont_10778.owl;SubClassOf(<http://purl.obolibrary.org/obo/GO_0005887> <http://purl.obolibrary.org/obo/GO_0044459>);0.0;0.0;0;0
ore_ont_10778.owl;SubClassOf(<http://purl.obolibrary.org/obo/GO_0033764> <http://purl.obolibrary.org/obo/GO_0016616>);0.0;0.0;0;0
ore_ont_10778.owl;SubClassOf(<http://purl.obolibrary.org/obo/GO_0007338> <http://purl.obolibrary.org/obo/GO_0044702>);0.0;1.0;1;0
ore_ont_10778.owl;SubClassOf(<http://purl.obolibrary.org/obo/GO_1902494> <http://purl.obolibrary.org/obo/GO_0043234>);0.0;0.0;0;0
ore_ont_10778.owl;SubClassOf(<http://purl.obolibrary.org/obo/GO_0044445> <http://purl.obolibrary.org/obo/GO_0044444>);0.0;0.0;0;0
ore_ont_10778.owl;SubClassOf(<http://purl.obolibrary.org/obo/GO_0048608> <http://purl.obolibrary.org/obo/GO_0003006>);0.0;0.0;0;0
ore_ont_13243.owl;SubClassOf(<http://purl.obolibrary.org/obo/GO_0019113> <http://purl.obolibrary.org/obo/GO_0016709>);0.0;0.0;0;0
ore_ont_13243.owl;SubClassOf(<http://purl.obolibrary.org/obo/GO_0048468> <http://purl.obolibrary.org/obo/GO_0048856>);0.0;0.0;0;0
ore_ont_13243.owl;SubClassOf(<http://purl.obolibrary.org/obo/GO_0022402> <http://purl.obolibrary.org/obo/GO_0044763>);0.0;0.0;0;0
ore_ont_13243.owl;SubClassOf(<http://purl.obolibrary.org/obo/GO_0030154> <http://purl.obolibrary.org/obo/GO_0044767>);0.0;0.0;0;0
ore_ont_13243.owl;SubClassOf(<http://purl.obolibrary.org/obo/GO_0005887> <http://purl.obolibrary.org/obo/GO_0044459>);0.0;0.0;0;0
ore_ont_13243.owl;SubClassOf(<http://purl.obolibrary.org/obo/GO_0033764> <http://purl.obolibrary.org/obo/GO_0016616>);0.0;0.0;0;0
ore_ont_13243.owl;SubClassOf(<http://purl.obolibrary.org/obo/GO_0022412> <http://purl.obolibrary.org/obo/GO_0048610>);0.0;0.0;0;0
ore_ont_13243.owl;SubClassOf(<http://purl.obolibrary.org/obo/GO_1902494> <http://purl.obolibrary.org/obo/GO_0043234>);0.0;0.0;0;0
ore_ont_13243.owl;SubClassOf(<http://purl.obolibrary.org/obo/GO_0044445> <http://purl.obolibrary.org/obo/GO_0044444>);0.0;0.0;0;0
ore_ont_13243.owl;SubClassOf(<http://purl.obolibrary.org/obo/GO_0048608> <http://purl.obolibrary.org/obo/GO_0003006>);0.0;0.0;0;0
ore_ont_14934.owl;SubClassOf(<http://purl.obolibrary.org/obo/ENSEMBL#_FBgn0011870> <http://purl.obolibrary.org/obo/SO_0000253>);0.0;0.0;0;0
ore_ont_14934.owl;SubClassOf(<http://purl.obolibrary.org/obo/SO_0000593> <http://purl.obolibrary.org/obo/SO_0000275>);0.0;0.0;0;0
ore_ont_14934.owl;SubClassOf(<http://purl.obolibrary.org/obo/CHROMOSOME-7227#_3L> <http://purl.obolibrary.org/obo/SO_0000340>);0.0;0.0;0;0
ore_ont_14934.owl;SubClassOf(<http://purl.obolibrary.org/obo/CHROMOSOME-7227#_2L> <http://purl.obolibrary.org/obo/SO_0000340>);0.0;0.0;0;0
ore_ont_14934.owl;SubClassOf(<http://purl.obolibrary.org/obo/ENSEMBL#_FBgn0005630> <http://purl.obolibrary.org/obo/SO_0001217>);0.0;0.0;0;0
ore_ont_14934.owl;SubClassOf(<http://purl.obolibrary.org/obo/CHROMOSOME-7227#_2R> <http://purl.obolibrary.org/obo/SO_0000340>);0.0;0.0;0;0
ore_ont_14934.owl;SubClassOf(<http://purl.obolibrary.org/obo/CHROMOSOME-7227#_X> <http://purl.obolibrary.org/obo/SO_0000340>);0.0;0.0;0;0
ore_ont_14934.owl;SubClassOf(<http://purl.obolibrary.org/obo/SO_0000651> <http://purl.obolibrary.org/obo/SO_0000252>);0.0;0.0;0;0
ore_ont_14934.owl;SubClassOf(<http://purl.obolibrary.org/obo/CHROMOSOME-7227#_3R> <http://purl.obolibrary.org/obo/SO_0000340>);0.0;0.0;0;0
ore_ont_14934.owl;SubClassOf(<http://purl.obolibrary.org/obo/SO_0000253> <http://purl.obolibrary.org/obo/SO_0000655>);0.0;0.0;0;0
ore_ont_10175.owl;SubClassOf(<http://purl.obolibrary.org/obo/GO_0004517> <http://purl.obolibrary.org/obo/GO_0016709>);0.0;0.0;0;0
ore_ont_10175.owl;SubClassOf(<http://purl.obolibrary.org/obo/GO_0048468> <http://purl.obolibrary.org/obo/GO_0048856>);0.0;0.0;0;0
ore_ont_10175.owl;SubClassOf(<http://purl.obolibrary.org/obo/GO_0022402> <http://purl.obolibrary.org/obo/GO_0044763>);0.0;0.0;0;0
ore_ont_10175.owl;SubClassOf(<http://purl.obolibrary.org/obo/GO_0030154> <http://purl.obolibrary.org/obo/GO_0044767>);0.0;0.0;0;0
ore_ont_10175.owl;SubClassOf(<http://purl.obolibrary.org/obo/GO_0005739> <http://purl.obolibrary.org/obo/GO_0044444>);0.0;0.0;0;0
ore_ont_10175.owl;SubClassOf(<http://purl.obolibrary.org/obo/GO_0048523> <http://purl.obolibrary.org/obo/GO_0065007>);0.7347826086956527;0.7347826086956527;0;0
ore_ont_10175.owl;SubClassOf(<http://purl.obolibrary.org/obo/GO_0005887> <http://purl.obolibrary.org/obo/GO_0044459>);1.0;1.0;0;0
ore_ont_10175.owl;SubClassOf(<http://purl.obolibrary.org/obo/GO_0033764> <http://purl.obolibrary.org/obo/GO_0016616>);0.0;0.0;0;0
ore_ont_10175.owl;SubClassOf(<http://purl.obolibrary.org/obo/GO_0022412> <http://purl.obolibrary.org/obo/GO_0048610>);0.0;0.0;0;0
ore_ont_10175.owl;SubClassOf(<http://purl.obolibrary.org/obo/GO_1902494> <http://purl.obolibrary.org/obo/GO_0043234>);0.0;0.0;0;0
ore_ont_5781.owl;SubClassOf(<http://purl.org/obo/owl/IMR#IMR_0000299> <http://purl.org/obo/owl/IMR#IMR_0010044>);1.0;0.0;0;1
ore_ont_5781.owl;SubClassOf(<http://purl.org/obo/owl/IMR#IMR_0010047> <http://purl.org/obo/owl/IMR#IMR_0000952>);0.0;0.0;0;0
ore_ont_5781.owl;SubClassOf(<http://purl.org/obo/owl/IMR#IMR_0002102> <http://purl.org/obo/owl/IMR#IMR_0002096>);0.0;0.0;0;0
ore_ont_5781.owl;SubClassOf(<http://purl.org/obo/owl/IMR#IMR_0000825> <http://purl.org/obo/owl/IMR#IMR_0000369>);0.0;0.0;0;0
ore_ont_5781.owl;SubClassOf(<http://purl.org/obo/owl/IMR#IMR_0200273> <http://purl.org/obo/owl/IMR#IMR_0001998>);0.0;0.0;0;0
ore_ont_5781.owl;SubClassOf(<http://purl.org/obo/owl/IMR#IMR_0002103> <http://purl.org/obo/owl/IMR#IMR_0002096>);0.0;0.0;0;0
ore_ont_5781.owl;SubClassOf(<http://purl.org/obo/owl/IMR#IMR_0001586> <http://purl.org/obo/owl/IMR#IMR_0000299>);0.0;0.0;0;0
ore_ont_5781.owl;SubClassOf(<http://purl.org/obo/owl/IMR#IMR_0010046> <http://purl.org/obo/owl/IMR#IMR_0010053>);0.0;0.0;0;0
ore_ont_5781.owl;SubClassOf(<http://purl.org/obo/owl/IMR#IMR_0010462> <http://purl.org/obo/owl/IMR#IMR_0000897>);0.0;0.0;0;0
ore_ont_5781.owl;SubClassOf(<http://purl.org/obo/owl/IMR#IMR_0000191> <http://purl.org/obo/owl/IMR#IMR_0000949>);1.0;0.4545454545453438;0;1
ore_ont_15696.owl;SubClassOf(<http://purl.obolibrary.org/obo/VTO_0048285> <http://purl.obolibrary.org/obo/VTO_0046983>);0.0;0.0;0;0
ore_ont_15696.owl;SubClassOf(<http://purl.obolibrary.org/obo/VTO_0005670> <http://purl.obolibrary.org/obo/VTO_0005565>);0.0;0.0;0;0
ore_ont_15696.owl;SubClassOf(<http://purl.obolibrary.org/obo/VTO_0012881> <http://purl.obolibrary.org/obo/VTO_0012653>);0.0;0.0;0;0
ore_ont_15696.owl;SubClassOf(<http://purl.obolibrary.org/obo/VTO_0009112> <http://purl.obolibrary.org/obo/VTO_0008913>);0.0;0.0;0;0
ore_ont_15696.owl;SubClassOf(<http://purl.obolibrary.org/obo/VTO_0073595> <http://purl.obolibrary.org/obo/VTO_0048285>);0.0;0.0;0;0
ore_ont_15696.owl;SubClassOf(<http://purl.obolibrary.org/obo/VTO_0049816> <http://purl.obolibrary.org/obo/VTO_0042306>);0.0;0.0;0;0
ore_ont_15696.owl;SubClassOf(<http://purl.obolibrary.org/obo/VTO_0040541> <http://purl.obolibrary.org/obo/VTO_0038680>);0.0;0.0;0;0
ore_ont_15696.owl;SubClassOf(<http://purl.obolibrary.org/obo/VTO_0050032> <http://purl.obolibrary.org/obo/VTO_0049816>);0.0;0.0;0;0
ore_ont_15696.owl;SubClassOf(<http://purl.obolibrary.org/obo/VTO_0063796> <http://purl.obolibrary.org/obo/VTO_0040541>);0.0;0.0;0;0
ore_ont_15696.owl;SubClassOf(<http://purl.obolibrary.org/obo/VTO_9024755> <http://purl.obolibrary.org/obo/VTO_9024187>);0.0;1.0;1;0
ore_ont_11293.owl;SubClassOf(<http://purl.obolibrary.org/obo/CHEBI_53000> <http://purl.obolibrary.org/obo/CHEBI_24432>);0.0;0.0;0;0
ore_ont_11293.owl;SubClassOf(<http://purl.obolibrary.org/obo/CHEBI_75766> <http://purl.obolibrary.org/obo/CHEBI_25212>);0.0;0.8463356973995271;1;0
ore_ont_11293.owl;SubClassOf(<http://purl.obolibrary.org/obo/CHEBI_15904> <http://purl.obolibrary.org/obo/CHEBI_25384>);0.0;1.0;1;0
ore_ont_11293.owl;SubClassOf(<http://purl.obolibrary.org/obo/CHEBI_58945> <http://purl.obolibrary.org/obo/CHEBI_50860>);0.0;1.0;1;0
ore_ont_11293.owl;SubClassOf(<http://purl.obolibrary.org/obo/CHEBI_25705> <http://purl.obolibrary.org/obo/CHEBI_36683>);0.0;1.0;1;0
ore_ont_11293.owl;SubClassOf(<http://purl.obolibrary.org/obo/CHEBI_35610> <http://purl.obolibrary.org/obo/CHEBI_23888>);0.0;0.0;0;0
ore_ont_11293.owl;SubClassOf(<http://purl.obolibrary.org/obo/CHEBI_58342> <http://purl.obolibrary.org/obo/CHEBI_58945>);1.0;0.0;0;1
ore_ont_11293.owl;SubClassOf(<http://purl.obolibrary.org/obo/CHEBI_75766> <http://purl.obolibrary.org/obo/CHEBI_26619>);0.0;0.0;0;0
ore_ont_11293.owl;SubClassOf(<http://purl.obolibrary.org/obo/CHEBI_26619> <http://purl.obolibrary.org/obo/CHEBI_25212>);0.0;0.0;0;0
ore_ont_11293.owl;SubClassOf(<http://purl.obolibrary.org/obo/CHEBI_26195> <http://purl.obolibrary.org/obo/CHEBI_33853>);0.0;0.0;0;0
ore_ont_15929.owl;SubClassOf(<http://purl.obolibrary.org/obo/CHEBI_53000> <http://purl.obolibrary.org/obo/CHEBI_24432>);0.0;0.0;0;0
ore_ont_15929.owl;SubClassOf(<http://purl.obolibrary.org/obo/CHEBI_75766> <http://purl.obolibrary.org/obo/CHEBI_25212>);0.0;0.8250591016548444;1;0
ore_ont_15929.owl;SubClassOf(<http://purl.obolibrary.org/obo/CHEBI_15904> <http://purl.obolibrary.org/obo/CHEBI_25384>);0.0;1.0;1;0
ore_ont_15929.owl;SubClassOf(<http://purl.obolibrary.org/obo/CHEBI_58945> <http://purl.obolibrary.org/obo/CHEBI_50860>);0.0;1.0;1;0
ore_ont_15929.owl;SubClassOf(<http://purl.obolibrary.org/obo/CHEBI_25705> <http://purl.obolibrary.org/obo/CHEBI_36683>);0.0;1.0;1;0
ore_ont_15929.owl;SubClassOf(<http://purl.obolibrary.org/obo/CHEBI_35610> <http://purl.obolibrary.org/obo/CHEBI_23888>);0.0;0.0;0;0
ore_ont_15929.owl;SubClassOf(<http://purl.obolibrary.org/obo/CHEBI_58342> <http://purl.obolibrary.org/obo/CHEBI_58945>);1.0;0.0;0;1
ore_ont_15929.owl;SubClassOf(<http://purl.obolibrary.org/obo/CHEBI_75766> <http://purl.obolibrary.org/obo/CHEBI_26619>);0.0;0.0;0;0
ore_ont_15929.owl;SubClassOf(<http://purl.obolibrary.org/obo/CHEBI_26619> <http://purl.obolibrary.org/obo/CHEBI_25212>);0.0;0.0;0;0
ore_ont_15929.owl;SubClassOf(<http://purl.obolibrary.org/obo/CHEBI_26195> <http://purl.obolibrary.org/obo/CHEBI_33853>);0.0;0.0;0;0
ore_ont_10248.owl;SubClassOf(<http://purl.obolibrary.org/obo/CHEBI_53000> <http://purl.obolibrary.org/obo/CHEBI_24432>);0.0;0.0;0;0
ore_ont_10248.owl;SubClassOf(<http://purl.obolibrary.org/obo/CHEBI_75766> <http://purl.obolibrary.org/obo/CHEBI_25212>);0.0;0.6103896103896104;1;0
ore_ont_10248.owl;SubClassOf(<http://purl.obolibrary.org/obo/CHEBI_58945> <http://purl.obolibrary.org/obo/CHEBI_50860>);0.0;1.0;1;0
ore_ont_10248.owl;SubClassOf(<http://purl.obolibrary.org/obo/CHEBI_25705> <http://purl.obolibrary.org/obo/CHEBI_36683>);0.0;1.0;1;0
ore_ont_10248.owl;SubClassOf(<http://purl.obolibrary.org/obo/CHEBI_35610> <http://purl.obolibrary.org/obo/CHEBI_23888>);0.0;0.0;0;0
ore_ont_10248.owl;SubClassOf(<http://purl.obolibrary.org/obo/CHEBI_75766> <http://purl.obolibrary.org/obo/CHEBI_26619>);0.0;0.0;0;0
ore_ont_10248.owl;SubClassOf(<http://purl.obolibrary.org/obo/CHEBI_26619> <http://purl.obolibrary.org/obo/CHEBI_25212>);0.0;0.0;0;0
ore_ont_10248.owl;SubClassOf(<http://purl.obolibrary.org/obo/CHEBI_76967> <http://purl.obolibrary.org/obo/CHEBI_75770>);0.0;0.0;0;0
ore_ont_10248.owl;SubClassOf(<http://purl.obolibrary.org/obo/CHEBI_59737> <http://purl.obolibrary.org/obo/CHEBI_58945>);0.0;0.0;0;0
ore_ont_10248.owl;SubClassOf(<http://purl.obolibrary.org/obo/CHEBI_26195> <http://purl.obolibrary.org/obo/CHEBI_33853>);0.0;0.0;0;0
ore_ont_5612.owl;SubClassOf(<http://purl.obolibrary.org/obo/CHEBI_53000> <http://purl.obolibrary.org/obo/CHEBI_24432>);0.0;0.0;0;0
ore_ont_5612.owl;SubClassOf(<http://purl.obolibrary.org/obo/CHEBI_75766> <http://purl.obolibrary.org/obo/CHEBI_25212>);0.0;0.6101083032490975;1;0
ore_ont_5612.owl;SubClassOf(<http://purl.obolibrary.org/obo/CHEBI_58945> <http://purl.obolibrary.org/obo/CHEBI_50860>);0.0;1.0;1;0
ore_ont_5612.owl;SubClassOf(<http://purl.obolibrary.org/obo/CHEBI_25705> <http://purl.obolibrary.org/obo/CHEBI_36683>);0.0;1.0;1;0
ore_ont_5612.owl;SubClassOf(<http://purl.obolibrary.org/obo/CHEBI_35610> <http://purl.obolibrary.org/obo/CHEBI_23888>);0.0;0.0;0;0
ore_ont_5612.owl;SubClassOf(<http://purl.obolibrary.org/obo/CHEBI_75766> <http://purl.obolibrary.org/obo/CHEBI_26619>);0.0;0.0;0;0
ore_ont_5612.owl;SubClassOf(<http://purl.obolibrary.org/obo/CHEBI_26619> <http://purl.obolibrary.org/obo/CHEBI_25212>);0.0;0.0;0;0
ore_ont_5612.owl;SubClassOf(<http://purl.obolibrary.org/obo/CHEBI_76967> <http://purl.obolibrary.org/obo/CHEBI_75770>);0.0;0.0;0;0
ore_ont_5612.owl;SubClassOf(<http://purl.obolibrary.org/obo/CHEBI_59737> <http://purl.obolibrary.org/obo/CHEBI_58945>);0.0;0.0;0;0
ore_ont_5612.owl;SubClassOf(<http://purl.obolibrary.org/obo/CHEBI_26195> <http://purl.obolibrary.org/obo/CHEBI_33853>);0.0;0.0;0;0
ore_ont_2803.owl;SubClassOf(<http://purl.obolibrary.org/obo/CHEBI_53000> <http://purl.obolibrary.org/obo/CHEBI_24432>);0.0;0.0;0;0
ore_ont_2803.owl;SubClassOf(<http://purl.obolibrary.org/obo/CHEBI_75766> <http://purl.obolibrary.org/obo/CHEBI_25212>);0.0;1.0;1;0
ore_ont_2803.owl;SubClassOf(<http://purl.obolibrary.org/obo/CHEBI_15904> <http://purl.obolibrary.org/obo/CHEBI_25384>);0.0;1.0;1;0
ore_ont_2803.owl;SubClassOf(<http://purl.obolibrary.org/obo/CHEBI_58945> <http://purl.obolibrary.org/obo/CHEBI_50860>);0.5001968503937005;1.0;1;0
ore_ont_2803.owl;SubClassOf(<http://purl.obolibrary.org/obo/CHEBI_25705> <http://purl.obolibrary.org/obo/CHEBI_36683>);0.0;1.0;1;0
ore_ont_2803.owl;SubClassOf(<http://purl.obolibrary.org/obo/CHEBI_35610> <http://purl.obolibrary.org/obo/CHEBI_23888>);0.0;0.0;0;0
ore_ont_2803.owl;SubClassOf(<http://purl.obolibrary.org/obo/CHEBI_58342> <http://purl.obolibrary.org/obo/CHEBI_58945>);1.0;0.0;0;1
ore_ont_2803.owl;SubClassOf(<http://purl.obolibrary.org/obo/CHEBI_75766> <http://purl.obolibrary.org/obo/CHEBI_26619>);0.0;0.0;0;0
ore_ont_2803.owl;SubClassOf(<http://purl.obolibrary.org/obo/CHEBI_26619> <http://purl.obolibrary.org/obo/CHEBI_25212>);0.0;0.0;0;0
ore_ont_2803.owl;SubClassOf(<http://purl.obolibrary.org/obo/CHEBI_26195> <http://purl.obolibrary.org/obo/CHEBI_33853>);0.0;0.0;0;0
ore_ont_5927.owl;SubClassOf(<http://purl.obolibrary.org/obo/FMA_78551> <http://purl.obolibrary.org/obo/FMA_63819>);0.0;0.0;0;0
ore_ont_5927.owl;SubClassOf(<http://purl.obolibrary.org/obo/FMA_42164> <http://purl.obolibrary.org/obo/FMA_21792>);0.0;0.0;0;0
ore_ont_5927.owl;SubClassOf(<http://purl.obolibrary.org/obo/FMA_7085> <http://purl.obolibrary.org/obo/FMA_29733>);0.0;0.0;0;0
ore_ont_5927.owl;SubClassOf(<http://purl.obolibrary.org/obo/FMA_58279> <http://purl.obolibrary.org/obo/FMA_9721>);0.0;0.0;0;0
ore_ont_5927.owl;SubClassOf(<http://purl.obolibrary.org/obo/FMA_9140> <http://purl.obolibrary.org/obo/FMA_85544>);1.0;0.4400684931506839;0;1
ore_ont_5927.owl;SubClassOf(<http://purl.obolibrary.org/obo/FMA_7480> <http://purl.obolibrary.org/obo/FMA_85544>);0.0;0.0;0;0
ore_ont_5927.owl;SubClassOf(<http://purl.obolibrary.org/obo/FMA_42163> <http://purl.obolibrary.org/obo/FMA_68013>);0.0;0.0;0;0
ore_ont_5927.owl;SubClassOf(<http://purl.obolibrary.org/obo/FMA_4687> <http://purl.obolibrary.org/obo/FMA_63812>);1.0;0.0;0;1
ore_ont_5927.owl;SubClassOf(<http://purl.obolibrary.org/obo/FMA_241733> <http://purl.obolibrary.org/obo/FMA_63814>);0.0;0.0;0;0
ore_ont_5927.owl;SubClassOf(<http://purl.obolibrary.org/obo/FMA_49894> <http://purl.obolibrary.org/obo/FMA_55672>);0.0;1.0;1;0
ore_ont_6722.owl;SubClassOf(<http://purl.obolibrary.org/obo/SO_0000593> <http://purl.obolibrary.org/obo/SO_0000275>);0.0;0.0;0;0
ore_ont_6722.owl;SubClassOf(<http://purl.obolibrary.org/obo/SO_0000965> <http://purl.obolibrary.org/obo/SO_0000340>);1.0;0.0;0;1
ore_ont_6722.owl;SubClassOf(<http://purl.obolibrary.org/obo/ENSEMBL_ENSXETG00000032084> <http://purl.obolibrary.org/obo/SO_0000274>);0.0;0.0;0;0
ore_ont_6722.owl;SubClassOf(<http://purl.obolibrary.org/obo/ENSEMBL_ENSXETG00000033179> <http://purl.obolibrary.org/obo/SO_0000276>);0.0;0.0;0;0
ore_ont_6722.owl;SubClassOf(<http://purl.obolibrary.org/obo/ENSEMBL_ENSXETG00000034312> <http://purl.obolibrary.org/obo/ENSEMBL_ENSFM00660001157157>);0.0;0.0;0;0
ore_ont_6722.owl;SubClassOf(<http://purl.obolibrary.org/obo/NCBIGene_100485052> <http://purl.obolibrary.org/obo/ENSEMBL_ENSFM00250000000002>);0.0;0.0;0;0
ore_ont_6722.owl;SubClassOf(<http://purl.obolibrary.org/obo/SO_0000651> <http://purl.obolibrary.org/obo/SO_0000252>);0.0;0.0;0;0
ore_ont_6722.owl;SubClassOf(<http://purl.obolibrary.org/obo/NCBIGene_100485030> <http://purl.obolibrary.org/obo/SO_0001217>);0.0;0.0;0;0
ore_ont_6722.owl;SubClassOf(<http://purl.obolibrary.org/obo/SO_0001760> <http://purl.obolibrary.org/obo/SO_0000336>);0.0;0.0;0;0
ore_ont_6722.owl;SubClassOf(<http://purl.obolibrary.org/obo/ENSEMBL_ENSXETG00000016680> <http://purl.obolibrary.org/obo/ENSEMBL_ENSFM00480000262756>);0.0;0.0;0;0
ore_ont_7868.owl;SubClassOf(<http://purl.obolibrary.org/obo/GO_0005515> <http://purl.obolibrary.org/obo/GO_0005488>);0.0;0.0;0;0
ore_ont_7868.owl;SubClassOf(<http://purl.obolibrary.org/obo/GO_0048523> <http://purl.obolibrary.org/obo/GO_0065007>);0.0;0.7639751552797529;1;0
ore_ont_7868.owl;SubClassOf(<http://purl.obolibrary.org/obo/GO_0044249> <http://purl.obolibrary.org/obo/GO_0009058>);0.0;0.0;0;0
ore_ont_7868.owl;SubClassOf(<http://purl.obolibrary.org/obo/CHEBI_36683> <http://purl.obolibrary.org/obo/CHEBI_50860>);1.0;0.0;0;1
ore_ont_7868.owl;SubClassOf(<http://purl.obolibrary.org/obo/GO_0015291> <http://purl.obolibrary.org/obo/GO_0022857>);0.0;1.0;1;0
ore_ont_7868.owl;SubClassOf(<http://purl.obolibrary.org/obo/GO_0009058> <http://purl.obolibrary.org/obo/GO_0008152>);0.0;0.0;0;0
ore_ont_7868.owl;SubClassOf(<http://purl.obolibrary.org/obo/GO_0044248> <http://purl.obolibrary.org/obo/GO_0009056>);0.0;0.0;0;0
ore_ont_7868.owl;SubClassOf(<http://purl.obolibrary.org/obo/GO_0043235> <http://purl.obolibrary.org/obo/GO_0043234>);0.0;0.0;0;0
ore_ont_7868.owl;SubClassOf(<http://purl.obolibrary.org/obo/GO_0046903> <http://purl.obolibrary.org/obo/GO_0006810>);0.0;0.0;0;0
ore_ont_7868.owl;SubClassOf(<http://purl.obolibrary.org/obo/CHEBI_37512> <http://purl.obolibrary.org/obo/CHEBI_26079>);1.0;0.0;0;1
ore_ont_11519.owl;SubClassOf(<http://purl.obolibrary.org/obo/FMA_86594> <http://purl.obolibrary.org/obo/FMA_45688>);0.0;0.0;0;0
ore_ont_11519.owl;SubClassOf(<http://purl.obolibrary.org/obo/FMA_78551> <http://purl.obolibrary.org/obo/FMA_63819>);0.0;0.0;0;0
ore_ont_11519.owl;SubClassOf(<http://purl.obolibrary.org/obo/FMA_269094> <http://purl.obolibrary.org/obo/FMA_49894>);0.0;0.0;0;0
ore_ont_11519.owl;SubClassOf(<http://purl.obolibrary.org/obo/FMA_42164> <http://purl.obolibrary.org/obo/FMA_21792>);0.0;0.0;0;0
ore_ont_11519.owl;SubClassOf(<http://purl.obolibrary.org/obo/FMA_58279> <http://purl.obolibrary.org/obo/FMA_9721>);0.0;0.0;0;0
ore_ont_11519.owl;SubClassOf(<http://purl.obolibrary.org/obo/FMA_9140> <http://purl.obolibrary.org/obo/FMA_85544>);1.0;0.0;0;1
ore_ont_11519.owl;SubClassOf(<http://purl.obolibrary.org/obo/FMA_7480> <http://purl.obolibrary.org/obo/FMA_85544>);0.0;0.0;0;0
ore_ont_11519.owl;SubClassOf(<http://purl.obolibrary.org/obo/FMA_4687> <http://purl.obolibrary.org/obo/FMA_63812>);1.0;0.0;0;1
ore_ont_11519.owl;SubClassOf(<http://purl.obolibrary.org/obo/FMA_42163> <http://purl.obolibrary.org/obo/FMA_68013>);0.0;0.0;0;0
ore_ont_11519.owl;SubClassOf(<http://purl.obolibrary.org/obo/FMA_241733> <http://purl.obolibrary.org/obo/FMA_63814>);0.0;0.0;0;0
ore_ont_1357.owl;SubClassOf(<http://purl.obolibrary.org/obo/CHROMOSOME-10116#_4> <http://purl.obolibrary.org/obo/SO_0000340>);0.0;0.0;0;0
ore_ont_1357.owl;SubClassOf(<http://purl.obolibrary.org/obo/CHROMOSOME-10116#_3> <http://purl.obolibrary.org/obo/SO_0000340>);0.0;0.0;0;0
ore_ont_1357.owl;SubClassOf(<http://purl.obolibrary.org/obo/CHROMOSOME-10116#_2> <http://purl.obolibrary.org/obo/SO_0000340>);0.0;0.0;0;0
ore_ont_1357.owl;SubClassOf(<http://purl.obolibrary.org/obo/CHROMOSOME-10116#_1> <http://purl.obolibrary.org/obo/SO_0000340>);0.0;0.0;0;0
ore_ont_1357.owl;SubClassOf(<http://purl.obolibrary.org/obo/CHROMOSOME-10116#_10> <http://purl.obolibrary.org/obo/SO_0000340>);0.0;0.0;0;0
ore_ont_1357.owl;SubClassOf(<http://purl.obolibrary.org/obo/CHROMOSOME-10116#_8> <http://purl.obolibrary.org/obo/SO_0000340>);0.0;0.0;0;0
ore_ont_1357.owl;SubClassOf(<http://purl.obolibrary.org/obo/CHROMOSOME-10116#_7> <http://purl.obolibrary.org/obo/SO_0000340>);0.0;0.0;0;0
ore_ont_1357.owl;SubClassOf(<http://purl.obolibrary.org/obo/RGD_1549728> <http://purl.obolibrary.org/obo/SO_0001217>);0.0;0.0;0;0
ore_ont_1357.owl;SubClassOf(<http://purl.obolibrary.org/obo/CHROMOSOME-10116#_5> <http://purl.obolibrary.org/obo/SO_0000340>);0.0;0.0;0;0
ore_ont_1357.owl;SubClassOf(<http://purl.obolibrary.org/obo/ENSEMBL#_ENSRNOG00000035759> <http://purl.obolibrary.org/obo/SO_0000275>);0.0;0.0;0;0
ore_ont_4802.owl;SubClassOf(<http://purl.obolibrary.org/obo/CHEBI_33853> <http://purl.obolibrary.org/obo/CHEBI_50860>);0.9744762662423762;0.0;0;1
ore_ont_4802.owl;SubClassOf(<http://purl.obolibrary.org/obo/CHEBI_76967> <http://purl.obolibrary.org/obo/CHEBI_77746>);0.0;0.0;0;0
ore_ont_4802.owl;SubClassOf(<http://purl.obolibrary.org/obo/CHEBI_15904> <http://purl.obolibrary.org/obo/CHEBI_25384>);0.0;1.0;1;0
ore_ont_4802.owl;SubClassOf(<http://purl.obolibrary.org/obo/CHEBI_64477> <http://purl.obolibrary.org/obo/CHEBI_76924>);0.0;0.0;0;0
ore_ont_4802.owl;SubClassOf(<http://purl.obolibrary.org/obo/CHEBI_35610> <http://purl.obolibrary.org/obo/CHEBI_23888>);0.0;0.0;0;0
ore_ont_4802.owl;SubClassOf(<http://purl.obolibrary.org/obo/CHEBI_78954> <http://purl.obolibrary.org/obo/CHEBI_35681>);0.0;0.0;0;0
ore_ont_4802.owl;SubClassOf(<http://purl.obolibrary.org/obo/CHEBI_77746> <http://purl.obolibrary.org/obo/CHEBI_25212>);0.0;0.4334763948497853;1;0
ore_ont_4802.owl;SubClassOf(<http://purl.obolibrary.org/obo/CHEBI_26195> <http://purl.obolibrary.org/obo/CHEBI_33853>);0.0;0.0;0;0
ore_ont_4802.owl;SubClassOf(<http://purl.obolibrary.org/obo/CHEBI_25235> <http://purl.obolibrary.org/obo/CHEBI_35618>);1.0;0.0;0;1
ore_ont_4802.owl;SubClassOf(<http://purl.obolibrary.org/obo/CHEBI_59737> <http://purl.obolibrary.org/obo/CHEBI_58945>);0.0;0.0;0;0
ore_ont_2828.owl;SubClassOf(<http://purl.obolibrary.org/obo/PR_000036818> <http://purl.obolibrary.org/obo/PR_000018264>);0.0;0.0;0;0
ore_ont_2828.owl;SubClassOf(<http://purl.obolibrary.org/obo/PR_000029067> <http://purl.obolibrary.org/obo/PR_000000001>);0.0;0.0;0;0
ore_ont_2828.owl;SubClassOf(<http://purl.obolibrary.org/obo/PR_Q8IUC6RELAPPROXQ2> <http://purl.obolibrary.org/obo/PR_000029067>);0.0;0.4940219158606364;1;0
ore_ont_2828.owl;SubClassOf(<http://purl.obolibrary.org/obo/PR_000027172> <http://purl.obolibrary.org/obo/PR_000029032>);0.0;0.0;0;0
ore_ont_2828.owl;SubClassOf(<http://purl.obolibrary.org/obo/NCBITaxon_83333> <http://purl.obolibrary.org/obo/OBI_0100026>);0.0;0.0;0;0
ore_ont_2828.owl;SubClassOf(<http://purl.obolibrary.org/obo/PR_P39453> <http://purl.obolibrary.org/obo/PR_000029062>);1.0;0.0;0;1
ore_ont_2828.owl;SubClassOf(<http://purl.obolibrary.org/obo/NCBITaxon_10090> <http://purl.obolibrary.org/obo/OBI_0100026>);0.0;0.0;0;0
ore_ont_2828.owl;SubClassOf(<http://purl.obolibrary.org/obo/SO_0000418> <http://purl.obolibrary.org/obo/PR_000021935>);0.0;0.0;0;0
ore_ont_2828.owl;SubClassOf(<http://purl.obolibrary.org/obo/NCBITaxon_9606> <http://purl.obolibrary.org/obo/OBI_0100026>);0.0;0.0;0;0
ore_ont_2828.owl;SubClassOf(<http://purl.obolibrary.org/obo/PR_000021937> <http://purl.obolibrary.org/obo/PR_000021935>);0.0;0.0;0;0
ore_ont_2469.owl;SubClassOf(<http://purl.obolibrary.org/obo/SO_0000593> <http://purl.obolibrary.org/obo/SO_0000275>);0.0;0.0;0;0
ore_ont_2469.owl;SubClassOf(<http://purl.obolibrary.org/obo/SO_0000186> <http://purl.obolibrary.org/obo/SO_0000180>);0.0;0.0;0;0
ore_ont_2469.owl;SubClassOf(<http://purl.obolibrary.org/obo/SO_0001217> <http://purl.obolibrary.org/obo/SO_0000704>);0.0;0.0;0;0
ore_ont_2469.owl;SubClassOf(<http://purl.obolibrary.org/obo/SO_0000693> <http://purl.obolibrary.org/obo/SO_0001217>);0.0;0.0;0;0
ore_ont_2469.owl;SubClassOf(<http://purl.obolibrary.org/obo/ENSEMBL#_ENSRNOG00000034426> <http://purl.obolibrary.org/obo/SO_0000274>);0.0;0.0;0;0
ore_ont_2469.owl;SubClassOf(<http://purl.obolibrary.org/obo/SO_0000651> <http://purl.obolibrary.org/obo/SO_0000252>);0.0;0.0;0;0
ore_ont_2469.owl;SubClassOf(<http://purl.obolibrary.org/obo/ENSEMBL#_ENSRNOG00000033932> <http://purl.obolibrary.org/obo/SO_0000253>);0.0;0.0;0;0
ore_ont_2469.owl;SubClassOf(<http://purl.obolibrary.org/obo/SO_0001760> <http://purl.obolibrary.org/obo/SO_0000336>);0.0;0.0;0;0
ore_ont_2469.owl;SubClassOf(<http://purl.obolibrary.org/obo/ENSEMBL#_ENSRNOG00000035516> <http://purl.obolibrary.org/obo/SO_0000276>);0.0;0.0;0;0
ore_ont_2469.owl;SubClassOf(<http://purl.obolibrary.org/obo/SO_0000275> <http://purl.obolibrary.org/obo/SO_0000655>);0.0;0.0;0;0
ore_ont_9400.owl;SubClassOf(<http://purl.org/obo/owl/GO#GO_0019113> <http://purl.org/obo/owl/GO#GO_0016709>);0.0;0.0;0;0
ore_ont_9400.owl;SubClassOf(<http://purl.org/obo/owl/GO#GO_0008439> <http://www.geneontology.org/formats/oboInOwl#ObsoleteClass>);0.0;0.0;0;0
ore_ont_9400.owl;SubClassOf(<http://purl.org/obo/owl/GO#GO_0016274> <http://purl.org/obo/owl/GO#GO_0008757>);1.0;0.0;0;1
ore_ont_9400.owl;SubClassOf(<http://purl.org/obo/owl/GO#GO_0004672> <http://purl.org/obo/owl/GO#GO_0016301>);0.0;0.0;0;0
ore_ont_9400.owl;SubClassOf(<http://purl.org/obo/owl/GO#GO_0033764> <http://purl.org/obo/owl/GO#GO_0016616>);0.0;0.0;0;0
ore_ont_9400.owl;SubClassOf(<http://purl.org/obo/owl/GO#GO_0048468> <http://purl.org/obo/owl/GO#GO_0048856>);0.0;0.0;0;0
ore_ont_9400.owl;SubClassOf(<http://purl.org/obo/owl/GO#GO_0048608> <http://purl.org/obo/owl/GO#GO_0003006>);0.0;0.0;0;0
ore_ont_9400.owl;SubClassOf(<http://purl.org/obo/owl/GO#GO_0019171> <http://purl.org/obo/owl/GO#GO_0016836>);0.0;0.0;0;0
ore_ont_9400.owl;SubClassOf(<http://purl.org/obo/owl/GO#GO_0016616> <http://purl.org/obo/owl/GO#GO_0003674>);0.0;1.0;1;0
ore_ont_9400.owl;SubClassOf(<http://purl.org/obo/owl/GO#GO_0022412> <http://purl.org/obo/owl/GO#GO_0048610>);0.0;0.0;0;0
ore_ont_1579.owl;SubClassOf(<http://purl.obolibrary.org/obo/SO_0000965> <http://purl.obolibrary.org/obo/SO_0000340>);1.0;0.0;0;1
ore_ont_1579.owl;SubClassOf(<http://purl.obolibrary.org/obo/SO_0000108> <http://purl.obolibrary.org/obo/SO_0000234>);0.0;0.0;0;0
ore_ont_1579.owl;SubClassOf(<http://purl.obolibrary.org/obo/SO_0001271> <http://purl.obolibrary.org/obo/SO_0001263>);0.0;0.0;0;0
ore_ont_1579.owl;SubClassOf(<http://purl.obolibrary.org/obo/SO_0000234> <http://purl.obolibrary.org/obo/SO_0000673>);0.0;1.0;1;0
ore_ont_1579.owl;SubClassOf(<http://purl.obolibrary.org/obo/SO_0000470> <http://purl.obolibrary.org/obo/SO_0001411>);1.0;0.0;0;1
ore_ont_1579.owl;SubClassOf(<http://purl.obolibrary.org/obo/SO_0001370> <http://purl.obolibrary.org/obo/SO_0001277>);0.0;0.0;0;0
ore_ont_1579.owl;SubClassOf(<http://purl.obolibrary.org/obo/SO_0001385> <http://purl.obolibrary.org/obo/SO_0001237>);0.0;0.0;0;0
ore_ont_1579.owl;SubClassOf(<http://purl.obolibrary.org/obo/SO_0000704> <http://purl.obolibrary.org/obo/SO_0001411>);0.0;0.0;0;0
ore_ont_1579.owl;SubClassOf(<http://purl.obolibrary.org/obo/SO_0001263> <http://purl.obolibrary.org/obo/SO_0000704>);0.0;0.0;0;0
ore_ont_1579.owl;SubClassOf(<http://purl.obolibrary.org/obo/SO_0000529> <http://purl.obolibrary.org/obo/SO_0000938>);0.0;0.0;0;0
ore_ont_9499.owl;SubClassOf(<http://purl.org/obo/owl/GO#GO_0019113> <http://purl.org/obo/owl/GO#GO_0016709>);0.0;0.0;0;0
ore_ont_9499.owl;SubClassOf(<http://purl.org/obo/owl/GO#GO_0005887> <http://purl.org/obo/owl/GO#GO_0044459>);0.0;0.0;0;0
ore_ont_9499.owl;SubClassOf(<http://purl.org/obo/owl/GO#GO_0044444> <http://purl.org/obo/owl/GO#GO_0044424>);0.0;0.0;0;0
ore_ont_9499.owl;SubClassOf(<http://purl.org/obo/owl/GO#GO_0033764> <http://purl.org/obo/owl/GO#GO_0016616>);0.0;0.0;0;0
ore_ont_9499.owl;SubClassOf(<http://purl.org/obo/owl/GO#GO_0044432> <http://purl.org/obo/owl/GO#GO_0044444>);0.0;0.0;0;0
ore_ont_9499.owl;SubClassOf(<http://purl.org/obo/owl/GO#GO_0048468> <http://purl.org/obo/owl/GO#GO_0048856>);0.0;0.0;0;0
ore_ont_9499.owl;SubClassOf(<http://purl.org/obo/owl/GO#GO_0043235> <http://purl.org/obo/owl/GO#GO_0043234>);0.0;0.0;0;0
ore_ont_9499.owl;SubClassOf(<http://purl.org/obo/owl/GO#GO_0048608> <http://purl.org/obo/owl/GO#GO_0003006>);0.0;0.0;0;0
ore_ont_9499.owl;SubClassOf(<http://purl.org/obo/owl/GO#GO_0004086> <http://www.geneontology.org/formats/oboInOwl#ObsoleteClass>);0.0;0.0;0;0
ore_ont_9499.owl;SubClassOf(<http://purl.org/obo/owl/GO#GO_0022412> <http://purl.org/obo/owl/GO#GO_0048610>);0.0;0.0;0;0
ore_ont_12387.owl;SubClassOf(<http://purl.obolibrary.org/obo/CHROMOSOME-9606_6> <http://purl.obolibrary.org/obo/SO_0000340>);0.0;0.0;0;0
ore_ont_12387.owl;SubClassOf(<http://purl.obolibrary.org/obo/ENSEMBL_ENSG00000206029> <http://purl.obolibrary.org/obo/SO_0001463>);0.0;0.0;0;0
ore_ont_12387.owl;SubClassOf(<http://purl.obolibrary.org/obo/CHROMOSOME-9606_2> <http://purl.obolibrary.org/obo/SO_0000340>);0.0;0.0;0;0
ore_ont_12387.owl;SubClassOf(<http://purl.obolibrary.org/obo/CHROMOSOME-9606_3> <http://purl.obolibrary.org/obo/SO_0000340>);0.0;0.0;0;0
ore_ont_12387.owl;SubClassOf(<http://purl.obolibrary.org/obo/NCBIGene_8368> <http://purl.obolibrary.org/obo/SO_0001217>);0.0;0.0;0;0
ore_ont_12387.owl;SubClassOf(<http://purl.obolibrary.org/obo/NCBIGene_7177> <http://purl.obolibrary.org/obo/SO_0000336>);1.0;0.3333333333225541;0;1
ore_ont_12387.owl;SubClassOf(<http://purl.obolibrary.org/obo/PR_000017341> <http://purl.obolibrary.org/obo/PR_000000001>);0.0;0.0;0;0
ore_ont_12387.owl;SubClassOf(<http://purl.obolibrary.org/obo/NCBIGene_721> <http://purl.obolibrary.org/obo/SO_0001503>);0.0;0.0;0;0
ore_ont_12387.owl;SubClassOf(<http://purl.obolibrary.org/obo/CHROMOSOME-9606_1> <http://purl.obolibrary.org/obo/SO_0000340>);0.0;0.0;0;0
ore_ont_12387.owl;SubClassOf(<http://purl.obolibrary.org/obo/CHROMOSOME-9606_11> <http://purl.obolibrary.org/obo/SO_0000340>);0.0;0.0;0;0
ore_ont_3560.owl;SubClassOf(<http://purl.org/obo/owl/GAZ#GAZ_00002793> <http://purl.org/obo/owl/GAZ#GAZ_00002785>);0.0;0.0;0;0
ore_ont_3560.owl;SubClassOf(<http://purl.org/obo/owl/GAZ#GAZ_00003320> <http://purl.org/obo/owl/GAZ#GAZ_00002648>);0.0;0.0;0;0
ore_ont_3560.owl;SubClassOf(<http://purl.org/obo/owl/GAZ#GAZ_00003122> <http://purl.org/obo/owl/GAZ#GAZ_00002722>);0.0;0.0;0;0
ore_ont_3560.owl;SubClassOf(<http://purl.org/obo/owl/GAZ#GAZ_00052028> <http://purl.org/obo/owl/GAZ#GAZ_00002644>);0.0;0.0;0;0
ore_ont_3560.owl;SubClassOf(<http://purl.org/obo/owl/GAZ#GAZ_00050243> <http://purl.org/obo/owl/GAZ#GAZ_00003138>);0.0;0.0;0;0
ore_ont_3560.owl;SubClassOf(<http://purl.org/obo/owl/GAZ#GAZ_00002792> <http://purl.org/obo/owl/GAZ#GAZ_00002785>);0.0;0.0;0;0
ore_ont_3560.owl;SubClassOf(<http://purl.org/obo/owl/GAZ#GAZ_00005785> <http://purl.org/obo/owl/GAZ#GAZ_00002855>);0.0;0.0;0;0
ore_ont_3560.owl;SubClassOf(<http://purl.org/obo/owl/GAZ#GAZ_00091581> <http://purl.org/obo/owl/GAZ#GAZ_00091359>);0.0;0.0;0;0
ore_ont_3560.owl;SubClassOf(<http://purl.org/obo/owl/GAZ#GAZ_00089467> <http://purl.org/obo/owl/GAZ#GAZ_00089473>);0.0;0.0;0;0
ore_ont_3560.owl;SubClassOf(<http://purl.org/obo/owl/GAZ#GAZ_00086738> <http://www.geneontology.org/formats/oboInOwl#ObsoleteClass>);0.0;0.0;0;0
ore_ont_13355.owl;SubClassOf(<http://sadi-ontology.semanticscience.org#C450150> <http://sadi-ontology.semanticscience.org#D029681>);0.0;0.0;0;0
ore_ont_13355.owl;SubClassOf(<http://sadi-ontology.semanticscience.org#C083884> <http://sadi-ontology.semanticscience.org#D014157>);0.0;0.0;0;0
ore_ont_13355.owl;SubClassOf(<http://sadi-ontology.semanticscience.org#C436684> <http://sadi-ontology.semanticscience.org#D029701>);0.0;0.0;0;0
ore_ont_13355.owl;SubClassOf(<http://sadi-ontology.semanticscience.org#C453299> <http://sadi-ontology.semanticscience.org#D002352>);0.0;0.0;0;0
ore_ont_13355.owl;SubClassOf(<http://sadi-ontology.semanticscience.org#C011295> <http://sadi-ontology.semanticscience.org#D009942>);0.0;0.0;0;0
ore_ont_13355.owl;SubClassOf(<http://sadi-ontology.semanticscience.org#C427323> <http://sadi-ontology.semanticscience.org#D008565>);0.0;0.0;0;0
ore_ont_13355.owl;SubClassOf(<http://sadi-ontology.semanticscience.org#C445661> <http://sadi-ontology.semanticscience.org#D009842>);0.0;0.0;0;0
ore_ont_13355.owl;SubClassOf(<http://sadi-ontology.semanticscience.org#C083884> <http://sadi-ontology.semanticscience.org#D029721>);0.0;0.0;0;0
ore_ont_13355.owl;SubClassOf(<http://sadi-ontology.semanticscience.org#C067989> <http://sadi-ontology.semanticscience.org#D001426>);0.0;0.0;0;0
ore_ont_13355.owl;SubClassOf(<http://sadi-ontology.semanticscience.org#C083884> <http://sadi-ontology.semanticscience.org#D004268>);0.0;0.0;0;0
ore_ont_9498.owl;SubClassOf(<http://phenomebrowser.net/ontologies/mesh/mesh.owl#C085655> <http://phenomebrowser.net/ontologies/mesh/mesh.owl#D001426>);0.0;0.0;0;0
ore_ont_9498.owl;SubClassOf(<http://phenomebrowser.net/ontologies/mesh/mesh.owl#C067989> <http://phenomebrowser.net/ontologies/mesh/mesh.owl#D002352>);0.0;0.0;0;0
ore_ont_9498.owl;SubClassOf(<http://phenomebrowser.net/ontologies/mesh/mesh.owl#C401395> <http://phenomebrowser.net/ontologies/mesh/mesh.owl#D008565>);0.0;0.0;0;0
ore_ont_9498.owl;SubClassOf(<http://phenomebrowser.net/ontologies/mesh/mesh.owl#C109641> <http://phenomebrowser.net/ontologies/mesh/mesh.owl#D011725>);0.0;0.0;0;0
ore_ont_9498.owl;SubClassOf(<http://phenomebrowser.net/ontologies/mesh/mesh.owl#C465438> <http://phenomebrowser.net/ontologies/mesh/mesh.owl#D029681>);0.0;0.0;0;0
ore_ont_9498.owl;SubClassOf(<http://phenomebrowser.net/ontologies/mesh/mesh.owl#C083884> <http://phenomebrowser.net/ontologies/mesh/mesh.owl#D029721>);0.0;0.0;0;0
ore_ont_9498.owl;SubClassOf(<http://phenomebrowser.net/ontologies/mesh/mesh.owl#C585587> <http://phenomebrowser.net/ontologies/mesh/mesh.owl#D009942>);0.0;0.0;0;0
ore_ont_9498.owl;SubClassOf(<http://phenomebrowser.net/ontologies/mesh/mesh.owl#C494789> <http://phenomebrowser.net/ontologies/mesh/mesh.owl#D029701>);0.0;0.0;0;0
ore_ont_9498.owl;SubClassOf(<http://phenomebrowser.net/ontologies/mesh/mesh.owl#C083884> <http://phenomebrowser.net/ontologies/mesh/mesh.owl#D014157>);0.0;0.0;0;0
ore_ont_9498.owl;SubClassOf(<http://phenomebrowser.net/ontologies/mesh/mesh.owl#C445661> <http://phenomebrowser.net/ontologies/mesh/mesh.owl#D009842>);0.0;0.0;0;0
ore_ont_11739.owl;SubClassOf(<http://purl.obolibrary.org/obo/ENSEMBL_ENSMUSG00000023175> <http://purl.obolibrary.org/obo/UBERON_0002062-OMEO-0000001>);0.0;0.0;0;0
ore_ont_11739.owl;SubClassOf(<http://purl.obolibrary.org/obo/ENSEMBL_ENSMUSG00000023175> <http://purl.obolibrary.org/obo/UBERON_0002116-OMEO-0000001>);0.0;0.0;0;0
ore_ont_11739.owl;SubClassOf(<http://purl.obolibrary.org/obo/ENSEMBL_ENSMUSG00000023175> <http://purl.obolibrary.org/obo/UBERON_0001255-OMEO-0000001>);0.0;0.0;0;0
ore_ont_11739.owl;SubClassOf(<http://purl.obolibrary.org/obo/ENSEMBL_ENSMUSG00000023175> <http://purl.obolibrary.org/obo/UBERON_0000044-OMEO-0000001>);0.0;0.0;0;0
ore_ont_11739.owl;SubClassOf(<http://purl.obolibrary.org/obo/UBERON_0002257-OMEO-0000001> <http://purl.obolibrary.org/obo/UBERON_0002240-OMEO-0000001>);0.0;1.0;1;0
ore_ont_11739.owl;SubClassOf(<http://purl.obolibrary.org/obo/UBERON_0002979-OMEO-0000001> <http://purl.obolibrary.org/obo/UBERON_0002037-OMEO-0000001>);0.0;1.0;1;0
ore_ont_11739.owl;SubClassOf(<http://purl.obolibrary.org/obo/ENSEMBL_ENSMUSG00000023175> <http://purl.obolibrary.org/obo/UBERON_0005619-OMEO-0000001>);0.0;0.0;0;0
ore_ont_11739.owl;SubClassOf(<http://purl.obolibrary.org/obo/ENSEMBL_ENSMUSG00000023175> <http://purl.obolibrary.org/obo/UBERON_0005418-OMEO-0000001>);0.0;0.0;0;0
ore_ont_11739.owl;SubClassOf(<http://purl.obolibrary.org/obo/ENSEMBL_ENSMUSG00000023175> <http://purl.obolibrary.org/obo/UBERON_0007223-OMEO-0000001>);0.0;0.0;0;0
ore_ont_11739.owl;SubClassOf(<http://purl.obolibrary.org/obo/ENSEMBL_ENSMUSG00000023175> <http://purl.obolibrary.org/obo/UBERON_0001000-OMEO-0000001>);0.0;0.0;0;0
ore_ont_16008.owl;SubClassOf(<http://purl.obolibrary.org/obo/NCBITaxon_663130> <http://purl.obolibrary.org/obo/NCBITaxon_49928>);0.0;0.0;0;0
ore_ont_16008.owl;SubClassOf(<http://purl.obolibrary.org/obo/NCBITaxon_843199> <http://purl.obolibrary.org/obo/NCBITaxon_500585>);0.0;0.0;0;0
ore_ont_16008.owl;SubClassOf(<http://purl.obolibrary.org/obo/NCBITaxon_65119> <http://purl.obolibrary.org/obo/NCBITaxon_1386>);0.0;0.0;0;0
ore_ont_16008.owl;SubClassOf(<http://purl.obolibrary.org/obo/NCBITaxon_371608> <http://purl.obolibrary.org/obo/NCBITaxon_1883>);0.0;0.0;0;0
ore_ont_16008.owl;SubClassOf(<http://purl.obolibrary.org/obo/NCBITaxon_62104> <http://purl.obolibrary.org/obo/NCBITaxon_286>);0.0;0.0;0;0
ore_ont_16008.owl;SubClassOf(<http://purl.obolibrary.org/obo/NCBITaxon_826630> <http://purl.obolibrary.org/obo/NCBITaxon_156408>);0.0;0.0;0;0
ore_ont_16008.owl;SubClassOf(<http://purl.obolibrary.org/obo/NCBITaxon_211044> <http://purl.obolibrary.org/obo/NCBITaxon_114727>);0.0;0.0;0;0
ore_ont_16008.owl;SubClassOf(<http://purl.obolibrary.org/obo/NCBITaxon_383597> <http://purl.obolibrary.org/obo/NCBITaxon_119210>);0.0;0.0;0;0
ore_ont_16008.owl;SubClassOf(<http://purl.obolibrary.org/obo/NCBITaxon_666> <http://purl.obolibrary.org/obo/NCBITaxon_662>);0.0;0.0;0;0
ore_ont_16008.owl;SubClassOf(<http://purl.obolibrary.org/obo/NCBITaxon_150467> <http://purl.obolibrary.org/obo/NCBITaxon_48479>);0.0;0.0;0;0
ore_ont_14459.owl;SubClassOf(<http://purl.obolibrary.org/obo/NCBITaxon_663130> <http://purl.obolibrary.org/obo/NCBITaxon_49928>);0.0;0.0;0;0
ore_ont_14459.owl;SubClassOf(<http://purl.obolibrary.org/obo/NCBITaxon_560265> <http://purl.obolibrary.org/obo/NCBITaxon_265461>);0.0;0.0;0;0
ore_ont_14459.owl;SubClassOf(<http://purl.obolibrary.org/obo/NCBITaxon_65119> <http://purl.obolibrary.org/obo/NCBITaxon_1386>);0.0;0.0;0;0
ore_ont_14459.owl;SubClassOf(<http://purl.obolibrary.org/obo/NCBITaxon_89304> <http://purl.obolibrary.org/obo/NCBITaxon_1883>);0.0;0.0;0;0
ore_ont_14459.owl;SubClassOf(<http://purl.obolibrary.org/obo/NCBITaxon_902034> <http://purl.obolibrary.org/obo/NCBITaxon_500585>);0.0;0.0;0;0
ore_ont_14459.owl;SubClassOf(<http://purl.obolibrary.org/obo/NCBITaxon_62104> <http://purl.obolibrary.org/obo/NCBITaxon_286>);0.0;0.0;0;0
ore_ont_14459.owl;SubClassOf(<http://purl.obolibrary.org/obo/NCBITaxon_385624> <http://purl.obolibrary.org/obo/NCBITaxon_119210>);0.0;0.0;0;0
ore_ont_14459.owl;SubClassOf(<http://purl.obolibrary.org/obo/NCBITaxon_211044> <http://purl.obolibrary.org/obo/NCBITaxon_114727>);0.0;0.0;0;0
ore_ont_14459.owl;SubClassOf(<http://purl.obolibrary.org/obo/NCBITaxon_966941> <http://purl.obolibrary.org/obo/NCBITaxon_156408>);0.0;0.0;0;0
ore_ont_14459.owl;SubClassOf(<http://purl.obolibrary.org/obo/NCBITaxon_150467> <http://purl.obolibrary.org/obo/NCBITaxon_48479>);0.0;0.0;0;0
ore_ont_14042.owl;SubClassOf(<http://purl.obolibrary.org/obo/GAZ_00047663> <http://purl.obolibrary.org/obo/GAZ_00002593>);0.0;0.0;0;0
ore_ont_14042.owl;SubClassOf(<http://purl.obolibrary.org/obo/GAZ_00007824> <http://purl.obolibrary.org/obo/GAZ_00007826>);0.0;0.0;0;0
ore_ont_14042.owl;SubClassOf(<http://purl.obolibrary.org/obo/GAZ_00003145> <http://purl.obolibrary.org/obo/GAZ_00003138>);0.0;0.0;0;0
ore_ont_14042.owl;SubClassOf(<http://purl.obolibrary.org/obo/GAZ_00003122> <http://purl.obolibrary.org/obo/GAZ_00002722>);0.0;0.0;0;0
ore_ont_14042.owl;SubClassOf(<http://purl.obolibrary.org/obo/GAZ_00044677> <http://purl.obolibrary.org/obo/GAZ_00008188>);0.0;0.0;0;0
ore_ont_14042.owl;SubClassOf(<http://purl.obolibrary.org/obo/GAZ_00003466> <http://purl.obolibrary.org/obo/GAZ_00006607>);0.0;0.0;0;0
ore_ont_14042.owl;SubClassOf(<http://purl.obolibrary.org/obo/GAZ_00091581> <http://purl.obolibrary.org/obo/GAZ_00091359>);0.0;0.0;0;0
ore_ont_14042.owl;SubClassOf(<http://purl.obolibrary.org/obo/GAZ_00008078> <http://purl.obolibrary.org/obo/GAZ_00000448>);0.0;0.0;0;0
ore_ont_14042.owl;SubClassOf(<http://purl.obolibrary.org/obo/GAZ_00002793> <http://purl.obolibrary.org/obo/GAZ_00002785>);0.0;0.0;0;0
ore_ont_14042.owl;SubClassOf(<http://purl.obolibrary.org/obo/GAZ_00047663> <http://purl.obolibrary.org/obo/GAZ_00004574>);0.0;0.0;0;0
ore_ont_8486.owl;SubClassOf(<http://purl.obolibrary.org/obo/NCBITaxon_65119> <http://purl.obolibrary.org/obo/NCBITaxon_1386>);0.0;0.0;0;0
ore_ont_8486.owl;SubClassOf(<http://purl.obolibrary.org/obo/NCBITaxon_89304> <http://purl.obolibrary.org/obo/NCBITaxon_1883>);0.0;0.0;0;0
ore_ont_8486.owl;SubClassOf(<http://purl.obolibrary.org/obo/NCBITaxon_560271> <http://purl.obolibrary.org/obo/NCBITaxon_265461>);0.0;0.0;0;0
ore_ont_8486.owl;SubClassOf(<http://purl.obolibrary.org/obo/NCBITaxon_62104> <http://purl.obolibrary.org/obo/NCBITaxon_286>);0.0;0.0;0;0
ore_ont_8486.owl;SubClassOf(<http://purl.obolibrary.org/obo/NCBITaxon_385624> <http://purl.obolibrary.org/obo/NCBITaxon_119210>);0.0;0.0;0;0
ore_ont_8486.owl;SubClassOf(<http://purl.obolibrary.org/obo/NCBITaxon_211044> <http://purl.obolibrary.org/obo/NCBITaxon_114727>);0.0;0.0;0;0
ore_ont_8486.owl;SubClassOf(<http://purl.obolibrary.org/obo/NCBITaxon_1130479> <http://purl.obolibrary.org/obo/NCBITaxon_49928>);0.0;0.0;0;0
ore_ont_8486.owl;SubClassOf(<http://purl.obolibrary.org/obo/NCBITaxon_1085682> <http://purl.obolibrary.org/obo/NCBITaxon_500585>);0.0;0.0;0;0
ore_ont_8486.owl;SubClassOf(<http://purl.obolibrary.org/obo/NCBITaxon_150467> <http://purl.obolibrary.org/obo/NCBITaxon_48479>);0.0;0.0;0;0
ore_ont_8486.owl;SubClassOf(<http://purl.obolibrary.org/obo/NCBITaxon_966941> <http://purl.obolibrary.org/obo/NCBITaxon_156408>);0.0;0.0;0;0
ore_ont_11395.owl;SubClassOf(<http://purl.obolibrary.org/obo/GAZ_00047663> <http://purl.obolibrary.org/obo/GAZ_00002593>);0.0;0.0;0;0
ore_ont_11395.owl;SubClassOf(<http://purl.obolibrary.org/obo/GAZ_00007824> <http://purl.obolibrary.org/obo/GAZ_00007826>);0.0;0.0;0;0
ore_ont_11395.owl;SubClassOf(<http://purl.obolibrary.org/obo/GAZ_00003145> <http://purl.obolibrary.org/obo/GAZ_00003138>);0.0;0.0;0;0
ore_ont_11395.owl;SubClassOf(<http://purl.obolibrary.org/obo/GAZ_00003122> <http://purl.obolibrary.org/obo/GAZ_00002722>);0.0;0.0;0;0
ore_ont_11395.owl;SubClassOf(<http://purl.obolibrary.org/obo/GAZ_00044677> <http://purl.obolibrary.org/obo/GAZ_00008188>);0.0;0.0;0;0
ore_ont_11395.owl;SubClassOf(<http://purl.obolibrary.org/obo/GAZ_00003466> <http://purl.obolibrary.org/obo/GAZ_00006607>);0.0;0.0;0;0
ore_ont_11395.owl;SubClassOf(<http://purl.obolibrary.org/obo/GAZ_00091581> <http://purl.obolibrary.org/obo/GAZ_00091359>);0.0;0.0;0;0
ore_ont_11395.owl;SubClassOf(<http://purl.obolibrary.org/obo/GAZ_00008078> <http://purl.obolibrary.org/obo/GAZ_00000448>);0.0;0.0;0;0
ore_ont_11395.owl;SubClassOf(<http://purl.obolibrary.org/obo/GAZ_00002793> <http://purl.obolibrary.org/obo/GAZ_00002785>);0.0;0.0;0;0
ore_ont_11395.owl;SubClassOf(<http://purl.obolibrary.org/obo/GAZ_00047663> <http://purl.obolibrary.org/obo/GAZ_00004574>);0.0;0.0;0;0
ore_ont_10689.owl;SubClassOf(<http://purl.obolibrary.org/obo/NCBITaxon_387158> <http://purl.obolibrary.org/obo/NCBITaxon_119210>);0.0;0.0;0;0
ore_ont_10689.owl;SubClassOf(<http://purl.obolibrary.org/obo/NCBITaxon_65119> <http://purl.obolibrary.org/obo/NCBITaxon_1386>);0.0;0.0;0;0
ore_ont_10689.owl;SubClassOf(<http://purl.obolibrary.org/obo/NCBITaxon_89304> <http://purl.obolibrary.org/obo/NCBITaxon_1883>);0.0;0.0;0;0
ore_ont_10689.owl;SubClassOf(<http://purl.obolibrary.org/obo/NCBITaxon_62104> <http://purl.obolibrary.org/obo/NCBITaxon_286>);0.0;0.0;0;0
ore_ont_10689.owl;SubClassOf(<http://purl.obolibrary.org/obo/NCBITaxon_211044> <http://purl.obolibrary.org/obo/NCBITaxon_114727>);0.0;0.0;0;0
ore_ont_10689.owl;SubClassOf(<http://purl.obolibrary.org/obo/NCBITaxon_1130479> <http://purl.obolibrary.org/obo/NCBITaxon_49928>);0.0;0.0;0;0
ore_ont_10689.owl;SubClassOf(<http://purl.obolibrary.org/obo/NCBITaxon_1085682> <http://purl.obolibrary.org/obo/NCBITaxon_500585>);0.0;0.0;0;0
ore_ont_10689.owl;SubClassOf(<http://purl.obolibrary.org/obo/NCBITaxon_150467> <http://purl.obolibrary.org/obo/NCBITaxon_48479>);0.0;0.0;0;0
ore_ont_10689.owl;SubClassOf(<http://purl.obolibrary.org/obo/NCBITaxon_966941> <http://purl.obolibrary.org/obo/NCBITaxon_156408>);0.0;0.0;0;0
ore_ont_10689.owl;SubClassOf(<http://purl.obolibrary.org/obo/NCBITaxon_666> <http://purl.obolibrary.org/obo/NCBITaxon_662>);0.0;0.0;0;0
ore_ont_9674.owl;SubClassOf(<http://purl.obolibrary.org/obo/NCBITaxon_387158> <http://purl.obolibrary.org/obo/NCBITaxon_119210>);0.0;0.0;0;0
ore_ont_9674.owl;SubClassOf(<http://purl.obolibrary.org/obo/NCBITaxon_65119> <http://purl.obolibrary.org/obo/NCBITaxon_1386>);0.0;0.0;0;0
ore_ont_9674.owl;SubClassOf(<http://purl.obolibrary.org/obo/NCBITaxon_89304> <http://purl.obolibrary.org/obo/NCBITaxon_1883>);0.0;0.0;0;0
ore_ont_9674.owl;SubClassOf(<http://purl.obolibrary.org/obo/NCBITaxon_62104> <http://purl.obolibrary.org/obo/NCBITaxon_286>);0.0;0.0;0;0
ore_ont_9674.owl;SubClassOf(<http://purl.obolibrary.org/obo/NCBITaxon_211044> <http://purl.obolibrary.org/obo/NCBITaxon_114727>);0.0;0.0;0;0
ore_ont_9674.owl;SubClassOf(<http://purl.obolibrary.org/obo/NCBITaxon_1130479> <http://purl.obolibrary.org/obo/NCBITaxon_49928>);0.0;0.0;0;0
ore_ont_9674.owl;SubClassOf(<http://purl.obolibrary.org/obo/NCBITaxon_1085682> <http://purl.obolibrary.org/obo/NCBITaxon_500585>);0.0;0.0;0;0
ore_ont_9674.owl;SubClassOf(<http://purl.obolibrary.org/obo/NCBITaxon_150467> <http://purl.obolibrary.org/obo/NCBITaxon_48479>);0.0;0.0;0;0
ore_ont_9674.owl;SubClassOf(<http://purl.obolibrary.org/obo/NCBITaxon_966941> <http://purl.obolibrary.org/obo/NCBITaxon_156408>);0.0;0.0;0;0
ore_ont_9674.owl;SubClassOf(<http://purl.obolibrary.org/obo/NCBITaxon_666> <http://purl.obolibrary.org/obo/NCBITaxon_662>);0.0;0.0;0;0
ore_ont_868.owl;SubClassOf(<http://purl.obolibrary.org/obo/NCBITaxon_387158> <http://purl.obolibrary.org/obo/NCBITaxon_119210>);0.0;0.0;0;0
ore_ont_868.owl;SubClassOf(<http://purl.obolibrary.org/obo/NCBITaxon_65119> <http://purl.obolibrary.org/obo/NCBITaxon_1386>);0.0;0.0;0;0
ore_ont_868.owl;SubClassOf(<http://purl.obolibrary.org/obo/NCBITaxon_89304> <http://purl.obolibrary.org/obo/NCBITaxon_1883>);0.0;0.0;0;0
ore_ont_868.owl;SubClassOf(<http://purl.obolibrary.org/obo/NCBITaxon_62104> <http://purl.obolibrary.org/obo/NCBITaxon_286>);0.0;0.0;0;0
ore_ont_868.owl;SubClassOf(<http://purl.obolibrary.org/obo/NCBITaxon_211044> <http://purl.obolibrary.org/obo/NCBITaxon_114727>);0.0;0.0;0;0
ore_ont_868.owl;SubClassOf(<http://purl.obolibrary.org/obo/NCBITaxon_1130479> <http://purl.obolibrary.org/obo/NCBITaxon_49928>);0.0;0.0;0;0
ore_ont_868.owl;SubClassOf(<http://purl.obolibrary.org/obo/NCBITaxon_1085682> <http://purl.obolibrary.org/obo/NCBITaxon_500585>);0.0;0.0;0;0
ore_ont_868.owl;SubClassOf(<http://purl.obolibrary.org/obo/NCBITaxon_150467> <http://purl.obolibrary.org/obo/NCBITaxon_48479>);0.0;0.0;0;0
ore_ont_868.owl;SubClassOf(<http://purl.obolibrary.org/obo/NCBITaxon_966941> <http://purl.obolibrary.org/obo/NCBITaxon_156408>);0.0;0.0;0;0
ore_ont_868.owl;SubClassOf(<http://purl.obolibrary.org/obo/NCBITaxon_666> <http://purl.obolibrary.org/obo/NCBITaxon_662>);0.0;0.0;0;0
ore_ont_3524.owl;SubClassOf(<http://phenoscape.org/not_has_part/http://www.w3.org/2002/07/owl#Thing> <http://purl.obolibrary.org/obo/GO_0008150>);0.0;0.0;0;0
ore_ont_3524.owl;SubClassOf(<http://phenoscape.org/not_has_part/http://www.w3.org/2002/07/owl#Thing> <http://purl.obolibrary.org/obo/BFO_0000050_some_http://purl.obolibrary.org/obo/GO_0008152>);0.0;0.0;0;0
ore_ont_3524.owl;SubClassOf(<http://phenoscape.org/not_has_part/http://www.w3.org/2002/07/owl#Thing> <http://purl.obolibrary.org/obo/BFO_0000050_some_http://purl.obolibrary.org/obo/GO_0065007>);0.0;0.0;0;0
ore_ont_3524.owl;SubClassOf(<http://phenoscape.org/not_has_part/http://www.w3.org/2002/07/owl#Thing> <http://purl.obolibrary.org/obo/BFO_0000050_some_http://purl.obolibrary.org/obo/GO_0008150>);0.0;0.0;0;0
ore_ont_3524.owl;SubClassOf(<http://phenoscape.org/not_has_part/http://www.w3.org/2002/07/owl#Thing> <http://purl.obolibrary.org/obo/BFO_0000050_some_http://purl.obolibrary.org/obo/GO_0009987>);0.0;0.0;0;0
ore_ont_3524.owl;SubClassOf(<http://phenoscape.org/not_has_part/http://www.w3.org/2002/07/owl#Thing> <http://purl.obolibrary.org/obo/BFO_0000050_some_http://purl.obolibrary.org/obo/BFO_0000004>);0.0;0.0;0;0
ore_ont_3524.owl;SubClassOf(<http://phenoscape.org/not_has_part/http://www.w3.org/2002/07/owl#Thing> <http://purl.obolibrary.org/obo/BFO_0000050_some_http://purl.obolibrary.org/obo/BFO_0000002>);0.0;0.0;0;0
ore_ont_3524.owl;SubClassOf(<http://phenoscape.org/not_has_part/http://www.w3.org/2002/07/owl#Thing> <http://purl.obolibrary.org/obo/BFO_0000050_some_http://purl.obolibrary.org/obo/BFO_0000001>);0.0;0.0;0;0
ore_ont_3524.owl;SubClassOf(<http://phenoscape.org/not_has_part/http://www.w3.org/2002/07/owl#Thing> <http://purl.obolibrary.org/obo/BFO_0000050_some_http://www.w3.org/2002/07/owl#Thing>);0.0;0.0;0;0
ore_ont_3524.owl;SubClassOf(<http://purl.obolibrary.org/obo/BFO_0000050_some_http://purl.obolibrary.org/obo/GO_0008150> <http://purl.obolibrary.org/obo/BFO_0000050_some_http://www.w3.org/2002/07/owl#Thing>);0.0;0.0;0;0
ore_ont_3836.owl;SubClassOf(<http://purl.obolibrary.org/obo/ENSEMBL#_ENSMUSG00000021835> <http://purl.obolibrary.org/obo/SO_0001217>);0.0;0.0;0;0
ore_ont_3836.owl;SubClassOf(<http://purl.obolibrary.org/obo/ENSEMBL#_ENSMUSG00000002633> <http://purl.obolibrary.org/obo/SO_0001217>);0.0;0.0;0;0
ore_ont_3836.owl;SubClassOf(<http://purl.obolibrary.org/obo/ENSEMBL#_ENSMUSG00000030849> <http://purl.obolibrary.org/obo/SO_0001217>);0.0;0.0;0;0
ore_ont_3836.owl;SubClassOf(<http://purl.obolibrary.org/obo/ENSEMBL#_ENSMUSG00000048769> <http://purl.obolibrary.org/obo/SO_0000336>);0.0;0.0;0;0
ore_ont_3836.owl;SubClassOf(<http://purl.obolibrary.org/obo/ENSEMBL#_ENSMUSG00000065453> <http://purl.obolibrary.org/obo/SO_0000276>);0.0;0.0;0;0
ore_ont_3836.owl;SubClassOf(<http://purl.obolibrary.org/obo/ENSEMBL#_ENSMUSG00000000031> <http://purl.obolibrary.org/obo/SO_0001503>);0.0;0.0;0;0
ore_ont_3836.owl;SubClassOf(<http://purl.obolibrary.org/obo/ENSEMBL#_ENSMUSG00000086429> <http://purl.obolibrary.org/obo/SO_0001463>);0.0;0.0;0;0
ore_ont_3836.owl;SubClassOf(<http://purl.obolibrary.org/obo/ENSEMBL#_ENSMUSG00000006932> <http://purl.obolibrary.org/obo/SO_0001217>);0.0;0.0;0;0
ore_ont_3836.owl;SubClassOf(<http://purl.obolibrary.org/obo/ENSEMBL#_ENSMUSG00000087938> <http://purl.obolibrary.org/obo/SO_0000274>);0.0;0.0;0;0
ore_ont_3836.owl;SubClassOf(<http://purl.obolibrary.org/obo/ENSEMBL#_ENSMUSG00000064493> <http://purl.obolibrary.org/obo/SO_0000275>);0.0;0.0;0;0
ore_ont_1559.owl;SubClassOf(<http://purl.obolibrary.org/obo/UniProt#_P11484> <http://purl.obolibrary.org/obo/SIO_010043>);0.0;0.0;0;0
ore_ont_1559.owl;SubClassOf(<http://purl.obolibrary.org/obo/NCBITaxon_10090> <http://purl.obolibrary.org/obo/SIO_010000>);0.0;0.0;0;0
ore_ont_1559.owl;SubClassOf(<http://purl.obolibrary.org/obo/GO_0005515> <http://purl.obolibrary.org/obo/GO_0003674>);0.0;0.0;0;0
ore_ont_1559.owl;SubClassOf(<http://purl.obolibrary.org/obo/NCBITaxon_3702> <http://purl.obolibrary.org/obo/SIO_010000>);0.0;0.0;0;0
ore_ont_1559.owl;SubClassOf(<http://purl.obolibrary.org/obo/NCBIGene_7404> <http://purl.obolibrary.org/obo/SIO_010035>);0.0;0.0;0;0
ore_ont_1559.owl;SubClassOf(<http://purl.obolibrary.org/obo/GO_0007049> <http://purl.obolibrary.org/obo/GO_0008150>);0.0;0.0;0;0
ore_ont_1559.owl;SubClassOf(<http://purl.obolibrary.org/obo/NCBITaxon_7227> <http://purl.obolibrary.org/obo/SIO_010000>);0.0;0.0;0;0
ore_ont_1559.owl;SubClassOf(<http://purl.obolibrary.org/obo/MI_0407> <http://purl.obolibrary.org/obo/MI_0915>);0.0;0.0;0;0
ore_ont_1559.owl;SubClassOf(<http://purl.obolibrary.org/obo/NCBITaxon_9606> <http://purl.obolibrary.org/obo/SIO_010000>);0.0;0.0;0;0
ore_ont_1559.owl;SubClassOf(<http://purl.obolibrary.org/obo/GO_0001673> <http://purl.obolibrary.org/obo/GO_0005634>);0.0;0.0;0;0
