Example;Defect Axiom;Axiom Count;Cost;option1;option1_repairTime;option1_evaluationTime;option2;option2_repairTime;option2_evaluationTime;option3;option3_repairTime;option3_evaluationTime;user;user_repairTime;user_evaluationTime;Attempts;mix;mix_repairTime;mix_evaluationTime
ore_ont_8937.owl;SubClassOf(<http://a.com/ontology#WorksOn> <http://a.com/ontology#ReifiedRelationshipClass>);84;1621.5000000000002;;3248;0;;3311.0;0.0;;3436.0;0.0;;3305.0;0.0;0.0;;3288.0;0.0
ore_ont_8937.owl;SubClassOf(<http://www.absoluteiri.edu/RELAPPROXC20> <http://www.absoluteiri.edu/RELAPPROXC41>);84;2090.2000000000003;1.1047268203999618;7738;221;1.1047268203999618;5425.0;127.0;1.1047268203999618;5332.0;85.0;1.1047268203999618;5071.0;90.0;4.0;1.1047268203999618;7467.0;100.0
ore_ont_8937.owl;SubClassOf(<http://www.absoluteiri.edu/RELAPPROXC45> <http://www.absoluteiri.edu/RELAPPROXC41>);84;1041.7;1.1012767591437074;7268;84;1.1012767591437074;5336.0;85.0;1.1012767591437074;5327.0;83.0;1.1012767591437074;5062.0;77.0;2.0;1.1012767591437074;7428.0;69.0
ore_ont_8937.owl;SubClassOf(<http://www.absoluteiri.edu/RELAPPROXC47> <http://www.absoluteiri.edu/RELAPPROXC21>);84;1397.6999999999998;;3023;0;;3015.0;0.0;;3023.0;0.0;;3011.0;0.0;0.0;;3004.0;0.0
ore_ont_8937.owl;SubClassOf(<http://www.absoluteiri.edu/RELAPPROXC21> <http://www.absoluteiri.edu/RELAPPROXC43>);84;1276.9;1.1025139008536293;7244;72;1.1025139008536293;5278.0;80.0;1.1025139008536293;5329.0;64.0;1.1025139008536293;5065.0;69.0;1.0;1.1025139008536293;7417.0;63.0
ore_ont_8937.owl;SubClassOf(<http://a.com/ontology#Manages> <http://a.com/ontology#ReifiedRelationshipClass>);84;1552.5000000000002;;3044;0;;3015.0;0.0;;3019.0;0.0;;3021.0;0.0;0.0;;3005.0;0.0
ore_ont_8937.owl;SubClassOf(<http://a.com/ontology#ReifiedRelationshipClass> <http://www.absoluteiri.edu/RELAPPROXC43>);84;1500.7000000000005;1.1037515825947886;7258;63;1.1037515825947886;5270.0;75.0;1.1037515825947886;5360.0;80.0;1.1037515825947886;5109.0;64.0;3.0;1.1037515825947886;7410.0;64.0
ore_ont_8937.owl;SubClassOf(<http://www.absoluteiri.edu/RELAPPROXC45> <http://www.absoluteiri.edu/RELAPPROXC21>);84;1216.7999999999995;;3054;0;;3046.0;0.0;;3009.0;0.0;;3008.0;0.0;0.0;;2999.0;0.0
ore_ont_8937.owl;SubClassOf(<http://www.absoluteiri.edu/RELAPPROXC21> <http://www.absoluteiri.edu/RELAPPROXC23>);84;536.5;1.0997204100652376;7256;66;1.0997204100652376;5255.0;79.0;1.0997204100652376;5346.0;74.0;1.0997204100652376;5114.0;60.0;1.0;1.0997204100652376;7442.0;64.0
ore_ont_8937.owl;SubClassOf(<http://www.absoluteiri.edu/RELAPPROXC21> <http://www.absoluteiri.edu/RELAPPROXC25>);84;1431.7000000000005;1.106656422434867;7256;72;1.106656422434867;5259.0;74.0;1.106656422434867;5399.0;73.0;1.106656422434867;5092.0;77.0;3.0;1.106656422434867;7491.0;81.0
ore_ont_9509.owl;SubClassOf(<http://www.lexinfo.net/lmf#RelatedForm> <http://www.lexinfo.net/lmf#Form>);86;329.9;;3028;0;;3073.0;0.0;;3039.0;0.0;;3085.0;0.0;0.0;;3009.0;0.0
ore_ont_9509.owl;SubClassOf(<http://www.lexinfo.net/lmf#Component> <http://www.lexinfo.net/lmf#LMFClass>);86;280.8;;3002;0;;3095.0;0.0;;3022.0;0.0;;3029.0;0.0;0.0;;3073.0;0.0
ore_ont_9509.owl;SubClassOf(<http://www.absoluteiri.edu/RELAPPROXC159> <http://www.absoluteiri.edu/RELAPPROXC156>);86;345.9;;3019;0;;3006.0;0.0;;3066.0;0.0;;2997.0;0.0;0.0;;3046.0;0.0
ore_ont_9509.owl;SubClassOf(<http://www.lexinfo.net/lmf#ParadigmPattern> <http://www.lexinfo.net/lmf#LMFClass>);86;158.29999999999998;;3011;0;;2998.0;0.0;;3041.0;0.0;;3013.0;0.0;0.0;;3006.0;0.0
ore_ont_9509.owl;SubClassOf(<http://www.lexinfo.net/lmf#ReferredRoot> <http://www.lexinfo.net/lmf#RelatedForm>);86;465.3;;3038;0;;3029.0;0.0;;3004.0;0.0;;3040.0;0.0;0.0;;3032.0;0.0
ore_ont_9509.owl;SubClassOf(<http://www.lexinfo.net/lmf#Lexicon> <http://www.lexinfo.net/lmf#LMFClass>);86;324.29999999999995;;3002;0;;3007.0;0.0;;3025.0;0.0;;3023.0;0.0;0.0;;2992.0;0.0
ore_ont_9509.owl;SubClassOf(<http://www.lexinfo.net/lmf#LexicalEntry> <http://www.lexinfo.net/lmf#LMFClass>);86;226.0;;3019;0;;2982.0;0.0;;3020.0;0.0;;3018.0;0.0;0.0;;3029.0;0.0
ore_ont_9509.owl;SubClassOf(<http://www.lexinfo.net/lmf#Form> <http://www.lexinfo.net/lmf#LMFClass>);86;200.2;;3019;0;;3039.0;0.0;;3027.0;0.0;;3194.0;0.0;0.0;;3034.0;0.0
ore_ont_9509.owl;SubClassOf(<http://www.lexinfo.net/lmf#TextRepresentation> <http://www.lexinfo.net/lmf#Representation>);86;437.3;;3019;0;;3002.0;0.0;;3025.0;0.0;;3029.0;0.0;0.0;;3007.0;0.0
ore_ont_9509.owl;SubClassOf(<http://www.absoluteiri.edu/RELAPPROXC155> <http://www.absoluteiri.edu/RELAPPROXC158>);86;390.4;;3039;0;;3055.0;0.0;;3023.0;0.0;;3027.0;0.0;0.0;;3050.0;0.0
ore_ont_10309.owl;SubClassOf(<http://www.absoluteiri.edu/RELAPPROXC18> <http://www.absoluteiri.edu/RELAPPROXC27>);55;84.30000000000001;;3036;0;;3093.0;0.0;;3027.0;0.0;;3089.0;0.0;0.0;;3041.0;0.0
ore_ont_10309.owl;SubClassOf(<http://www.absoluteiri.edu/RELAPPROXC18> <http://www.absoluteiri.edu/RELAPPROXC29>);55;61.39999999999999;;3077;0;;3088.0;0.0;;3010.0;0.0;;3022.0;0.0;0.0;;3070.0;0.0
ore_ont_10309.owl;SubClassOf(<http://rs.tdwg.org/ontology/voc/OccurrenceRecord#OccurrenceRecord> <http://rs.tdwg.org/ontology/Base#BaseThing>);55;53.3;;3060;0;;3024.0;0.0;;3012.0;0.0;;3008.0;0.0;0.0;;3014.0;0.0
ore_ont_10309.owl;SubClassOf(<http://rs.tdwg.org/ontology/voc/OccurrenceRecord#Identification> <http://rs.tdwg.org/ontology/Base#BaseThing>);55;39.900000000000006;;3017;0;;3064.0;0.0;;3050.0;0.0;;3011.0;0.0;0.0;;3060.0;0.0
ore_ont_10309.owl;SubClassOf(<http://www.absoluteiri.edu/RELAPPROXC28> <http://www.absoluteiri.edu/RELAPPROXC19>);55;116.4;;3052;0;;2986.0;0.0;;2997.0;0.0;;3008.0;0.0;0.0;;2994.0;0.0
ore_ont_10309.owl;SubClassOf(<http://www.absoluteiri.edu/RELAPPROXC26> <http://www.absoluteiri.edu/RELAPPROXC19>);55;111.1;;3057;0;;2995.0;0.0;;2992.0;0.0;;2990.0;0.0;0.0;;3010.0;0.0
ore_ont_1420.owl;SubClassOf(<http://www.opengis.net/gml/LinearRing> <http://www.opengis.net/gml/_Geometry>);81;894.9;;3027;0;;2992.0;0.0;;3002.0;0.0;;3005.0;0.0;0.0;;2994.0;0.0
ore_ont_1420.owl;SubClassOf(<http://purl.org/mets/onts/2010/12/gml.owl#LinearRing> <http://www.absoluteiri.edu/RELAPPROXC66>);81;669.6;;3036;0;;3031.0;0.0;;3021.0;0.0;;3012.0;0.0;0.0;;3008.0;0.0
ore_ont_1420.owl;SubClassOf(<http://purl.org/mets/onts/2010/12/gml.owl#LineString> <http://www.absoluteiri.edu/RELAPPROXC66>);81;1078.8;;3065;0;;3000.0;0.0;;3010.0;0.0;;3006.0;0.0;0.0;;2992.0;0.0
ore_ont_1420.owl;SubClassOf(<http://www.absoluteiri.edu/RELAPPROXC47RELAPPROXQ2> <http://www.absoluteiri.edu/RELAPPROXC47>);81;483.3;;3036;0;;2983.0;0.0;;2996.0;0.0;;2999.0;0.0;0.0;;2989.0;0.0
ore_ont_1420.owl;SubClassOf(<http://purl.org/mets/onts/2010/12/gml.owl#Point> <http://purl.org/mets/onts/2010/12/gml.owl#_Geometry>);81;599.3999999999999;;3016;0;;3004.0;0.0;;3037.0;0.0;;3015.0;0.0;0.0;;2997.0;0.0
ore_ont_1420.owl;SubClassOf(<http://www.opengis.net/gml/LineString> <http://www.opengis.net/gml/_Geometry>);81;976.5;;3047;0;;2999.0;0.0;;3026.0;0.0;;3015.0;0.0;0.0;;3018.0;0.0
ore_ont_1420.owl;SubClassOf(<http://purl.org/mets/onts/2010/12/gml.owl#Point> <http://www.w3.org/2005/Incubator/geo/XGR-geo/W3C_XGR_Geo_files/geo_2007.owl#_Geometry>);81;859.5;0.9661431064572426;11481;62;0.9972076788830716;5424.0;59.0;0.9661431064572426;5540.0;68.0;0.9661431064572426;5073.0;64.0;2.0;0.9661431064572426;11961.0;69.0
ore_ont_1420.owl;SubClassOf(<http://www.absoluteiri.edu/RELAPPROXC47RELAPPROXQ2> <http://www.absoluteiri.edu/RELAPPROXC64>);81;615.4;1.1615209619759506;7310;79;1.1615209619759506;5396.0;61.0;1.1615209619759506;5342.0;64.0;1.1615209619759506;5084.0;57.0;3.0;1.1615209619759506;7448.0;52.0
ore_ont_1420.owl;SubClassOf(<http://purl.org/mets/onts/2010/12/gml.owl#_Feature> <http://www.absoluteiri.edu/RELAPPROXC64>);81;941.5;1.182899628252788;7344;71;1.182899628252788;5281.0;70.0;1.182899628252788;5319.0;61.0;1.182899628252788;5106.0;67.0;1.0;1.182899628252788;7435.0;61.0
ore_ont_1420.owl;SubClassOf(<http://purl.org/mets/onts/2010/12/gml.owl#Polygon> <http://purl.org/mets/onts/2010/12/gml.owl#_Geometry>);81;517.8000000000001;;3066;0;;2990.0;0.0;;2989.0;0.0;;3000.0;0.0;0.0;;2990.0;0.0
ore_ont_13429.owl;SubClassOf(<http://www.cidoc-crm.org/cidoc-crm/E36_Visual_Item> <http://www.cidoc-crm.org/cidoc-crm/E73_Information_Object>);98;99.0;;3066;0;;3013.0;0.0;;2992.0;0.0;;2994.0;0.0;0.0;;3019.0;0.0
ore_ont_13429.owl;SubClassOf(<http://www.cidoc-crm.org/cidoc-crm/E7_Activity> <http://www.cidoc-crm.org/cidoc-crm/E1_CRM_Entity>);98;31.1;0.7073954983922829;19718;59;0.6205787781350482;5402.0;59.0;0.7073954983922829;5951.0;53.0;0.7073954983922829;5075.0;57.0;1.0;0.7073954983922829;20872.0;76.0
ore_ont_13429.owl;SubClassOf(<http://www.cidoc-crm.org/cidoc-crm/E65_Creation> <http://www.cidoc-crm.org/cidoc-crm/E63_Beginning_of_Existence>);98;49.3;;3677;0;;3113.0;0.0;;3063.0;0.0;;3071.0;0.0;0.0;;3056.0;0.0
ore_ont_13429.owl;SubClassOf(<http://www.cidoc-crm.org/cidoc-crm/E13_Attribute_Assignment> <http://www.cidoc-crm.org/cidoc-crm/E7_Activity>);98;38.8;;3069;0;;3023.0;0.0;;3033.0;0.0;;3039.0;0.0;0.0;;2984.0;0.0
ore_ont_13429.owl;SubClassOf(<http://www.cidoc-crm.org/cidoc-crm/E44_Place_Appellation> <http://www.cidoc-crm.org/cidoc-crm/E41_Appellation>);98;84.0;;3065;0;;2987.0;0.0;;2985.0;0.0;;3110.0;0.0;0.0;;3053.0;0.0
ore_ont_13429.owl;SubClassOf(<http://www.cidoc-crm.org/cidoc-crm/E45_Address> <http://www.cidoc-crm.org/cidoc-crm/E44_Place_Appellation>);98;135.8;;3089;0;;3055.0;0.0;;2991.0;0.0;;3009.0;0.0;0.0;;3014.0;0.0
ore_ont_13429.owl;SubClassOf(<http://www.cidoc-crm.org/cidoc-crm/E81_Transformation> <http://www.cidoc-crm.org/cidoc-crm/E64_End_of_Existence>);98;49.3;;3104;0;;3019.0;0.0;;2966.0;0.0;;3023.0;0.0;0.0;;2995.0;0.0
ore_ont_13429.owl;SubClassOf(<http://www.cidoc-crm.org/cidoc-crm/E17_Type_Assignment> <http://www.cidoc-crm.org/cidoc-crm/E13_Attribute_Assignment>);98;55.5;;3072;0;;3001.0;0.0;;2976.0;0.0;;3011.0;0.0;0.0;;3152.0;0.0
ore_ont_13429.owl;SubClassOf(<http://www.cidoc-crm.org/cidoc-crm/E22_Man-Made_Object> <http://www.cidoc-crm.org/cidoc-crm/E24_Physical_Man-Made_Thing>);98;77.9;;3056;0;;3031.0;0.0;;2990.0;0.0;;3029.0;0.0;0.0;;3023.0;0.0
ore_ont_13429.owl;SubClassOf(<http://www.cidoc-crm.org/cidoc-crm/E24_Physical_Man-Made_Thing> <http://www.cidoc-crm.org/cidoc-crm/E18_Physical_Thing>);98;45.900000000000006;;3041;0;;3040.0;0.0;;3020.0;0.0;;3013.0;0.0;0.0;;3041.0;0.0
ore_ont_9854.owl;SubClassOf(<http://www.owl-ontologies.com/unnamed.owl#_1º_quadrante> <http://www.owl-ontologies.com/unnamed.owl#Circulo>);96;6.8;;3071;0;;3054.0;0.0;;2996.0;0.0;;3006.0;0.0;0.0;;2996.0;0.0
ore_ont_9854.owl;SubClassOf(<http://www.owl-ontologies.com/unnamed.owl#Ansiedade-Confidente> <http://www.owl-ontologies.com/unnamed.owl#Emoção>);96;7.999999999999999;;3050;0;;3014.0;0.0;;3035.0;0.0;;3010.0;0.0;0.0;;3036.0;0.0
ore_ont_9854.owl;SubClassOf(<http://www.owl-ontologies.com/unnamed.owl#Conforto> <http://www.owl-ontologies.com/unnamed.owl#Ansiedade-Confidente>);96;91.5;;3060;0;;3036.0;0.0;;3027.0;0.0;;2993.0;0.0;0.0;;3007.0;0.0
ore_ont_9854.owl;SubClassOf(<http://www.owl-ontologies.com/unnamed.owl#Conforto> <http://www.owl-ontologies.com/unnamed.owl#Exito_relevante>);96;84.3;0.7330960854092526;11460;63;0.8588374851720046;5415.0;61.0;0.7330960854092526;5573.0;61.0;0.8588374851720046;5074.0;59.0;1.0;0.7330960854092526;11915.0;58.0
ore_ont_9854.owl;SubClassOf(<http://www.owl-ontologies.com/unnamed.owl#Exito_relevante> <http://www.owl-ontologies.com/unnamed.owl#Satisfeito_Insatisfeito>);96;33.3;0.5315315315315315;11460;56;0.7267267267267269;5391.0;59.0;0.5315315315315315;5521.0;61.0;0.7267267267267269;5075.0;62.0;2.0;0.5315315315315315;12007.0;55.0
ore_ont_9854.owl;SubClassOf(<http://www.owl-ontologies.com/unnamed.owl#Conforto> <http://www.owl-ontologies.com/unnamed.owl#_1º_quadrante>);96;92.70000000000002;;3065;0;;3015.0;0.0;;3033.0;0.0;;3045.0;0.0;0.0;;3018.0;0.0
ore_ont_9854.owl;SubClassOf(<http://www.owl-ontologies.com/unnamed.owl#Persistencia> <http://www.owl-ontologies.com/unnamed.owl#Frustração-Euforia>);96;19.5;;3026;0;;3034.0;0.0;;3011.0;0.0;;2992.0;0.0;0.0;;3023.0;0.0
ore_ont_9854.owl;SubClassOf(<http://www.owl-ontologies.com/unnamed.owl#Conforto> <http://www.owl-ontologies.com/unnamed.owl#Categorias_de_emoções>);96;94.9;1.0;11476;65;1.0;5425.0;59.0;1.0;5558.0;61.0;1.0;5130.0;66.0;1.0;1.0;11984.0;63.0
ore_ont_9854.owl;SubClassOf(<http://www.owl-ontologies.com/unnamed.owl#Conforto> <http://www.owl-ontologies.com/unnamed.owl#Base_de_Perspectiva>);96;92.7;;3069;0;;3029.0;0.0;;3028.0;0.0;;2992.0;0.0;0.0;;3017.0;0.0
ore_ont_9854.owl;SubClassOf(<http://www.owl-ontologies.com/unnamed.owl#Chateado> <http://www.owl-ontologies.com/unnamed.owl#Tedio-Fasinacao>);96;19.5;;3087;0;;3063.0;0.0;;3034.0;0.0;;3032.0;0.0;0.0;;3017.0;0.0
ore_ont_8974.owl;SubClassOf(<http://www.absoluteiri.edu/RELAPPROXC18> <http://www.absoluteiri.edu/RELAPPROXC27>);95;143.9;;3097;0;;3003.0;0.0;;3022.0;0.0;;3032.0;0.0;0.0;;3029.0;0.0
ore_ont_8974.owl;SubClassOf(<http://www.absoluteiri.edu/RELAPPROXC18> <http://www.absoluteiri.edu/RELAPPROXC29>);95;154.2;;3047;0;;3018.0;0.0;;3032.0;0.0;;3021.0;0.0;0.0;;3027.0;0.0
ore_ont_8974.owl;SubClassOf(<http://rs.tdwg.org/ontology/voc/OccurrenceRecord#OccurrenceRecord> <http://rs.tdwg.org/ontology/Base#BaseThing>);95;151.7;;3095;0;;3000.0;0.0;;3026.0;0.0;;2990.0;0.0;0.0;;2994.0;0.0
ore_ont_8974.owl;SubClassOf(<http://rs.tdwg.org/ontology/voc/OccurrenceRecord#Identification> <http://rs.tdwg.org/ontology/Base#BaseThing>);95;138.8;;3038;0;;2999.0;0.0;;3007.0;0.0;;3016.0;0.0;0.0;;3024.0;0.0
ore_ont_8974.owl;SubClassOf(<http://www.absoluteiri.edu/RELAPPROXC28> <http://www.absoluteiri.edu/RELAPPROXC19>);95;100.1;;3068;0;;3031.0;0.0;;3024.0;0.0;;3014.0;0.0;0.0;;2987.0;0.0
ore_ont_8974.owl;SubClassOf(<http://www.absoluteiri.edu/RELAPPROXC26> <http://www.absoluteiri.edu/RELAPPROXC19>);95;185.2;;3081;0;;3029.0;0.0;;3014.0;0.0;;3016.0;0.0;0.0;;3019.0;0.0
ore_ont_3909.owl;SubClassOf(<file:/media/owl/Seagate%20Expansion%20Drive/mowlcorp_rep/mowlcorp_2014.10.07_orig/files/F22_Self_Contained_Expression> <file:/media/owl/Seagate%20Expansion%20Drive/mowlcorp_rep/mowlcorp_2014.10.07_orig/files/F2_Expression>);62;20.9;;3072;0;;3032.0;0.0;;3018.0;0.0;;3027.0;0.0;0.0;;3024.0;0.0
ore_ont_3909.owl;SubClassOf(<file:/media/owl/Seagate%20Expansion%20Drive/mowlcorp_rep/mowlcorp_2014.10.07_orig/files/F34_KOS> <file:/media/owl/Seagate%20Expansion%20Drive/mowlcorp_rep/mowlcorp_2014.10.07_orig/files/E29_Design_or_Procedure>);62;38.8;;3123;0;;2997.0;0.0;;3010.0;0.0;;3033.0;0.0;0.0;;3011.0;0.0
ore_ont_3909.owl;SubClassOf(<file:/media/owl/Seagate%20Expansion%20Drive/mowlcorp_rep/mowlcorp_2014.10.07_orig/files/F18_Serial_Work> <file:/media/owl/Seagate%20Expansion%20Drive/mowlcorp_rep/mowlcorp_2014.10.07_orig/files/F16_Container_Work>);62;157.6;0.9631979695431472;11472;71;0.9784263959390863;5424.0;66.0;0.9631979695431472;5531.0;64.0;0.9631979695431472;5097.0;64.0;1.0;0.9631979695431472;11988.0;65.0
ore_ont_3909.owl;SubClassOf(<file:/media/owl/Seagate%20Expansion%20Drive/mowlcorp_rep/mowlcorp_2014.10.07_orig/files/F30_Publication_Event> <file:/media/owl/Seagate%20Expansion%20Drive/mowlcorp_rep/mowlcorp_2014.10.07_orig/files/F28_Expression_Creation>);62;170.20000000000005;;3058;0;;3058.0;0.0;;3027.0;0.0;;3039.0;0.0;0.0;;3032.0;0.0
ore_ont_3909.owl;SubClassOf(<file:/media/owl/Seagate%20Expansion%20Drive/mowlcorp_rep/mowlcorp_2014.10.07_orig/files/F52_Name_Use_Activity> <file:/media/owl/Seagate%20Expansion%20Drive/mowlcorp_rep/mowlcorp_2014.10.07_orig/files/E13_Attribute_Assignment>);62;198.6;;3085;0;;3021.0;0.0;;3012.0;0.0;;3042.0;0.0;0.0;;3008.0;0.0
ore_ont_3909.owl;SubClassOf(<file:/media/owl/Seagate%20Expansion%20Drive/mowlcorp_rep/mowlcorp_2014.10.07_orig/files/F34_KOS> <file:/media/owl/Seagate%20Expansion%20Drive/mowlcorp_rep/mowlcorp_2014.10.07_orig/files/F2_Expression>);62;225.9;;3092;0;;3004.0;0.0;;3037.0;0.0;;3042.0;0.0;0.0;;3017.0;0.0
ore_ont_3909.owl;SubClassOf(<file:/media/owl/Seagate%20Expansion%20Drive/mowlcorp_rep/mowlcorp_2014.10.07_orig/files/F28_Expression_Creation> <file:/media/owl/Seagate%20Expansion%20Drive/mowlcorp_rep/mowlcorp_2014.10.07_orig/files/E12_Production>);62;254.0;;3057;0;;3014.0;0.0;;3030.0;0.0;;3035.0;0.0;0.0;;3072.0;0.0
ore_ont_3909.owl;SubClassOf(<file:/media/owl/Seagate%20Expansion%20Drive/mowlcorp_rep/mowlcorp_2014.10.07_orig/files/F50_Controlled_Access_Point> <file:/media/owl/Seagate%20Expansion%20Drive/mowlcorp_rep/mowlcorp_2014.10.07_orig/files/F13_Identifier>);62;275.4;;3059;0;;3014.0;0.0;;3025.0;0.0;;3000.0;0.0;0.0;;3003.0;0.0
ore_ont_3909.owl;SubClassOf(<file:/media/owl/Seagate%20Expansion%20Drive/mowlcorp_rep/mowlcorp_2014.10.07_orig/files/F16_Container_Work> <file:/media/owl/Seagate%20Expansion%20Drive/mowlcorp_rep/mowlcorp_2014.10.07_orig/files/F1_Work>);62;114.79999999999998;;3068;0;;3025.0;0.0;;3015.0;0.0;;2995.0;0.0;0.0;;3005.0;0.0
ore_ont_3909.owl;SubClassOf(<file:/media/owl/Seagate%20Expansion%20Drive/mowlcorp_rep/mowlcorp_2014.10.07_orig/files/F25_Performance_Plan> <file:/media/owl/Seagate%20Expansion%20Drive/mowlcorp_rep/mowlcorp_2014.10.07_orig/files/F22_Self_Contained_Expression>);62;230.1;;3056;0;;3006.0;0.0;;3014.0;0.0;;2976.0;0.0;0.0;;2992.0;0.0
ore_ont_2036.owl;SubClassOf(<http://www.owl-ontologies.com/Ontology1324330201.owl#Artifact> <http://www.owl-ontologies.com/Ontology1324330201.owl#CommonCoreObject>);94;660.7;1.0205842288481912;11480;73;1.0205842288481912;5478.0;69.0;1.0205842288481912;5474.0;73.0;1.0290600877856815;5087.0;70.0;1.0;1.0205842288481912;11972.0;83.0
ore_ont_2036.owl;SubClassOf(<http://www.owl-ontologies.com/Ontology1324330201.owl#Flow> <http://www.owl-ontologies.com/Ontology1324330201.owl#CoreProperty>);94;489.1000000000001;;3070;0;;3001.0;0.0;;3015.0;0.0;;3022.0;0.0;0.0;;3028.0;0.0
ore_ont_2036.owl;SubClassOf(<http://www.owl-ontologies.com/Ontology1324330201.owl#subArtifacts> <http://www.owl-ontologies.com/Ontology1324330201.owl#Artifact>);94;848.6;;3081;0;;3020.0;0.0;;3006.0;0.0;;3071.0;0.0;0.0;;3014.0;0.0
ore_ont_2036.owl;SubClassOf(<http://www.owl-ontologies.com/Ontology1324330201.owl#Artifact> <http://www.owl-ontologies.com/Ontology1324330201.owl#CoreEntity>);94;487.9000000000001;;3050;0;;3063.0;0.0;;3266.0;0.0;;3126.0;0.0;0.0;;3174.0;0.0
ore_ont_2036.owl;SubClassOf(<http://www.owl-ontologies.com/Ontology1324330201.owl#Form> <http://www.owl-ontologies.com/Ontology1324330201.owl#CoreProperty>);94;489.1000000000001;;3150;0;;3080.0;0.0;;3575.0;0.0;;3288.0;0.0;0.0;;3294.0;0.0
ore_ont_2036.owl;SubClassOf(<http://www.owl-ontologies.com/Ontology1324330201.owl#Properties> <http://www.owl-ontologies.com/Ontology1324330201.owl#Information>);94;976.8;;3215;0;;3529.0;0.0;;3253.0;0.0;;3294.0;0.0;0.0;;3155.0;0.0
ore_ont_2036.owl;SubClassOf(<http://www.owl-ontologies.com/Ontology1324330201.owl#Port> <http://www.owl-ontologies.com/Ontology1324330201.owl#Feature>);94;510.00000000000006;;3119;0;;3123.0;0.0;;3116.0;0.0;;3123.0;0.0;0.0;;3077.0;0.0
ore_ont_2036.owl;SubClassOf(<http://www.owl-ontologies.com/Ontology1324330201.owl#Constraint> <http://www.owl-ontologies.com/Ontology1324330201.owl#CommonCoreRelationship>);94;299.90000000000003;;3200;0;;3109.0;0.0;;3134.0;0.0;;3066.0;0.0;0.0;;3064.0;0.0
ore_ont_2036.owl;SubClassOf(<http://www.owl-ontologies.com/Ontology1324330201.owl#Form> <http://www.owl-ontologies.com/Ontology1324330201.owl#CommonCoreObject>);94;1000.5;0.9658170914542729;11715;108;0.9658170914542729;5954.0;109.0;0.9658170914542729;6055.0;91.0;0.9658170914542729;5253.0;130.0;1.0;0.9658170914542729;12664.0;119.0
ore_ont_2036.owl;SubClassOf(<http://www.owl-ontologies.com/Ontology1324330201.owl#TransferFunction> <http://www.owl-ontologies.com/Ontology1324330201.owl#Function>);94;849.8;;3562;0;;3528.0;0.0;;3506.0;0.0;;3139.0;0.0;0.0;;3146.0;0.0
ore_ont_508.owl;SubClassOf(<http://www.owl-ontologies.com/Ontology1324330201.owl#Artifact> <http://www.owl-ontologies.com/Ontology1324330201.owl#CommonCoreObject>);95;512.4;1.0136612021857923;11666;128;1.0136612021857923;6321.0;115.0;1.0136612021857923;6098.0;113.0;1.0136612021857923;5448.0;116.0;1.0;1.0136612021857923;12586.0;92.0
ore_ont_508.owl;SubClassOf(<http://www.owl-ontologies.com/Ontology1324330201.owl#Flow> <http://www.owl-ontologies.com/Ontology1324330201.owl#CoreProperty>);95;1039.6;;3387;0;;3315.0;0.0;;3153.0;0.0;;3473.0;0.0;0.0;;3487.0;0.0
ore_ont_508.owl;SubClassOf(<http://www.owl-ontologies.com/Ontology1324330201.owl#subArtifacts> <http://www.owl-ontologies.com/Ontology1324330201.owl#Artifact>);95;355.1;;3449;0;;3301.0;0.0;;3582.0;0.0;;3354.0;0.0;0.0;;3337.0;0.0
ore_ont_508.owl;SubClassOf(<http://www.owl-ontologies.com/Ontology1324330201.owl#Artifact> <http://www.owl-ontologies.com/Ontology1324330201.owl#CoreEntity>);95;1391.4;;3244;0;;3546.0;0.0;;3562.0;0.0;;3566.0;0.0;0.0;;3047.0;0.0
ore_ont_508.owl;SubClassOf(<http://www.owl-ontologies.com/Ontology1324330201.owl#Form> <http://www.owl-ontologies.com/Ontology1324330201.owl#CoreProperty>);95;510.1;;3540;0;;3319.0;0.0;;3315.0;0.0;;3029.0;0.0;0.0;;3580.0;0.0
ore_ont_508.owl;SubClassOf(<http://www.owl-ontologies.com/Ontology1324330201.owl#Properties> <http://www.owl-ontologies.com/Ontology1324330201.owl#Information>);95;489.3;;3637;0;;3518.0;0.0;;3030.0;0.0;;3432.0;0.0;0.0;;3552.0;0.0
ore_ont_508.owl;SubClassOf(<http://www.owl-ontologies.com/Ontology1324330201.owl#Port> <http://www.owl-ontologies.com/Ontology1324330201.owl#Feature>);95;531.5999999999999;;3613;0;;3073.0;0.0;;3546.0;0.0;;3250.0;0.0;0.0;;3261.0;0.0
ore_ont_508.owl;SubClassOf(<http://www.owl-ontologies.com/Ontology1324330201.owl#Constraint> <http://www.owl-ontologies.com/Ontology1324330201.owl#CommonCoreRelationship>);95;1901.6;;3387;0;;3488.0;0.0;;3555.0;0.0;;3450.0;0.0;0.0;;3260.0;0.0
ore_ont_508.owl;SubClassOf(<http://www.owl-ontologies.com/Ontology1324330201.owl#Form> <http://www.owl-ontologies.com/Ontology1324330201.owl#CommonCoreObject>);95;1219.6;0.9673663496228274;11891;98;0.9673663496228274;5899.0;142.0;0.9673663496228274;6184.0;107.0;0.9673663496228274;5624.0;127.0;2.0;0.9673663496228274;12524.0;125.0
ore_ont_508.owl;SubClassOf(<http://www.owl-ontologies.com/Ontology1324330201.owl#TransferFunction> <http://www.owl-ontologies.com/Ontology1324330201.owl#Function>);95;709.3;;3426;0;;3246.0;0.0;;3189.0;0.0;;3533.0;0.0;0.0;;3233.0;0.0
ore_ont_16076.owl;SubClassOf(<http://semanticscience.org/RNA> <http://semanticscience.org/NucleicAcid>);186;35.5;;3326;0;;3085.0;0.0;;3277.0;0.0;;3305.0;0.0;0.0;;3266.0;0.0
ore_ont_16076.owl;SubClassOf(<http://semanticscience.org/O4pEndoRole> <http://semanticscience.org/EndoRole>);186;13.9;;3186;0;;3422.0;0.0;;3512.0;0.0;;3251.0;0.0;0.0;;3199.0;0.0
ore_ont_16076.owl;SubClassOf(<http://semanticscience.org/WatsonSugarBasePair> <http://semanticscience.org/EdgeInteraction>);186;37.9;;3319;0;;3284.0;0.0;;3283.0;0.0;;3215.0;0.0;0.0;;3289.0;0.0
ore_ont_16076.owl;SubClassOf(<http://semanticscience.org/C2pExoRole> <http://semanticscience.org/ExoRole>);186;13.9;;3400;0;;3203.0;0.0;;3174.0;0.0;;3117.0;0.0;0.0;;3230.0;0.0
ore_ont_16076.owl;SubClassOf(<http://semanticscience.org/EdgeInteraction> <http://semanticscience.org/NucleotideBasePair>);186;25.4;;3314;0;;3212.0;0.0;;3043.0;0.0;;3552.0;0.0;0.0;;3229.0;0.0
ore_ont_16076.owl;SubClassOf(<http://semanticscience.org/mRNA> <http://semanticscience.org/RNA>);186;54.900000000000006;;3338;0;;3185.0;0.0;;3271.0;0.0;;3264.0;0.0;0.0;;3263.0;0.0
ore_ont_16076.owl;SubClassOf(<http://semanticscience.org/Hexose> <http://semanticscience.org/Monosaccharide>);186;34.900000000000006;;3235;0;;3254.0;0.0;;3249.0;0.0;;3258.0;0.0;0.0;;3146.0;0.0
ore_ont_16076.owl;SubClassOf(<http://semanticscience.org/BifurcatedFace> <http://semanticscience.org/NucleotideFace>);186;10.7;;3294;0;;3191.0;0.0;;3381.0;0.0;;3071.0;0.0;0.0;;3527.0;0.0
ore_ont_16076.owl;SubClassOf(<http://semanticscience.org/GTP> <http://semanticscience.org/Ribonucleotide>);186;53.7;;3406;0;;3307.0;0.0;;3226.0;0.0;;3546.0;0.0;0.0;;3286.0;0.0
ore_ont_16076.owl;SubClassOf(<http://semanticscience.org/Ribonucleotide> <http://semanticscience.org/Nucleotide>);186;35.5;;3487;0;;3153.0;0.0;;3249.0;0.0;;3351.0;0.0;0.0;;3248.0;0.0
ore_ont_7270.owl;SubClassOf(<http://www.lia.deis.unibo.it/research/MIDAS/Ontologies/MIDAS_Preference.owl#ValuePreference> <http://www.lia.deis.unibo.it/research/MIDAS/Ontologies/MIDAS_Preference.owl#Preference>);99;492.2;;3158;0;;3274.0;0.0;;3266.0;0.0;;3242.0;0.0;0.0;;3198.0;0.0
ore_ont_7270.owl;SubClassOf(<http://www.lia.deis.unibo.it/research/MIDAS/Ontologies/ZefiroRequest.owl#ExampleCapability> <http://www.lia.deis.unibo.it/research/MIDAS/Ontologies/MIDAS_Profile.owl#Capability>);99;781.9;1.008696764292109;20577;120;1.008696764292109;6702.0;108.0;1.008696764292109;6258.0;118.0;1.008696764292109;5278.0;121.0;1.0;1.008696764292109;22242.0;92.0
ore_ont_7270.owl;SubClassOf(<http://www.lia.deis.unibo.it/research/MIDAS/Ontologies/TFLEOntology.owl#Cottage_Rental> <http://www.lia.deis.unibo.it/research/MIDAS/Ontologies/TFLEOntology.owl#Hotel_Motel_Inn>);99;729.9;;3126;0;;3513.0;0.0;;3230.0;0.0;;3287.0;0.0;0.0;;3147.0;0.0
ore_ont_7270.owl;SubClassOf(<http://www.lia.deis.unibo.it/research/MIDAS/Ontologies/TFLEOntology.owl#Restaurant> <http://www.lia.deis.unibo.it/research/MIDAS/Ontologies/TFLEOntology.owl#Eating_Establishment>);99;451.8;;3300;0;;3233.0;0.0;;3285.0;0.0;;3201.0;0.0;0.0;;3528.0;0.0
ore_ont_7270.owl;SubClassOf(<http://www.lia.deis.unibo.it/research/MIDAS/Ontologies/MIDAS_Request.owl#Request_Profile> <http://www.lia.deis.unibo.it/research/MIDAS/Ontologies/MIDAS_Profile.owl#Profile>);99;605.2;1.0302379378717779;11878;110;1.0302379378717779;5991.0;144.0;1.0302379378717779;5773.0;148.0;1.0302379378717779;5728.0;125.0;1.0;1.0302379378717779;12836.0;121.0
ore_ont_7270.owl;SubClassOf(<http://www.lia.deis.unibo.it/research/MIDAS/Ontologies/TFLEOntology.owl#Catering> <http://www.lia.deis.unibo.it/research/MIDAS/Ontologies/TFLEOntology.owl#Banquet_Catering>);99;285.8;;3460;0;;3181.0;0.0;;3242.0;0.0;;3320.0;0.0;0.0;;3315.0;0.0
ore_ont_7270.owl;SubClassOf(<http://www.lia.deis.unibo.it/research/MIDAS/Ontologies/TFLEOntology.owl#Campsites> <http://www.lia.deis.unibo.it/research/MIDAS/Ontologies/TFLEOntology.owl#Camping_Wilderness>);99;333.3;;3095;0;;3543.0;0.0;;3528.0;0.0;;3289.0;0.0;0.0;;3257.0;0.0
ore_ont_7270.owl;SubClassOf(<http://www.lia.deis.unibo.it/research/MIDAS/Ontologies/TFLEOntology.owl#Hotel_Motel_Inn> <http://www.lia.deis.unibo.it/research/MIDAS/Ontologies/TFLEOntology.owl#Hotel_Meeting_Facilities>);99;420.6;;3400;0;;3290.0;0.0;;3273.0;0.0;;3146.0;0.0;0.0;;3250.0;0.0
ore_ont_7270.owl;SubClassOf(<http://www.lia.deis.unibo.it/research/MIDAS/Ontologies/TFLEOntology.owl#Banquet_Catering> <http://www.lia.deis.unibo.it/research/MIDAS/Ontologies/TFLEOntology.owl#Restaurant_Catering>);99;260.7;;3309;0;;3318.0;0.0;;3120.0;0.0;;3594.0;0.0;0.0;;3536.0;0.0
ore_ont_7270.owl;SubClassOf(<http://www.absoluteiri.edu/RELAPPROXC153> <http://www.absoluteiri.edu/RELAPPROXC134>);99;279.0;;3226;0;;3219.0;0.0;;3277.0;0.0;;3184.0;0.0;0.0;;3148.0;0.0
ore_ont_13643.owl;SubClassOf(<http://www.bioassayontology.org/bao#BAO_0002374> <http://www.bioassayontology.org/bao#BAO_0002094>);181;30.2;0.5298013245033112;9460;131;0.5298013245033112;5761.0;138.0;0.42384105960264906;6451.0;120.0;0.6788079470198676;5319.0;154.0;2.0;0.5298013245033112;10481.0;110.0
ore_ont_13643.owl;SubClassOf(<http://www.bioassayontology.org/bao#BAO_0002379> <http://www.bioassayontology.org/bao#BAO_0002374>);181;35.8;;3307;0;;3249.0;0.0;;3238.0;0.0;;3166.0;0.0;0.0;;3319.0;0.0
ore_ont_13643.owl;SubClassOf(<http://www.bioassayontology.org/bao#BAO_0002330> <http://www.bioassayontology.org/bao#BAO_0002329>);181;23.3;;3462;0;;3220.0;0.0;;3173.0;0.0;;3429.0;0.0;0.0;;3454.0;0.0
ore_ont_13643.owl;SubClassOf(<http://www.bioassayontology.org/bao#BAO_0002273> <http://www.bioassayontology.org/bao#BAO_0002272>);181;25.700000000000003;;3318;0;;3251.0;0.0;;3389.0;0.0;;3298.0;0.0;0.0;;3254.0;0.0
ore_ont_13643.owl;SubClassOf(<http://www.bioassayontology.org/bao#BAO_0002343> <http://www.bioassayontology.org/bao#BAO_0002341>);181;14.2;;3114;0;;3423.0;0.0;;3540.0;0.0;;3421.0;0.0;0.0;;3124.0;0.0
ore_ont_13643.owl;SubClassOf(<http://www.bioassayontology.org/bao#BAO_0002209> <http://www.bioassayontology.org/bao#BAO_0002206>);181;14.500000000000002;;3602;0;;3405.0;0.0;;3285.0;0.0;;3176.0;0.0;0.0;;3548.0;0.0
ore_ont_13643.owl;SubClassOf(<http://www.bioassayontology.org/bao#BAO_0002297> <http://www.bioassayontology.org/bao#BAO_0002282>);181;16.900000000000002;0.272189349112426;12076;146;0.5562130177514792;6247.0;152.0;0.272189349112426;5760.0;119.0;0.5562130177514792;5277.0;119.0;2.0;0.272189349112426;12495.0;124.0
ore_ont_13643.owl;SubClassOf(<http://www.bioassayontology.org/bao#BAO_0002340> <http://www.bioassayontology.org/bao#BAO_0002336>);181;13.9;;3197;0;;3319.0;0.0;;3523.0;0.0;;3325.0;0.0;0.0;;3113.0;0.0
ore_ont_13643.owl;SubClassOf(<http://www.bioassayontology.org/bao#BAO_0002272> <http://www.bioassayontology.org/bao#BAO_0002269>);181;14.8;;3525;0;;3157.0;0.0;;3215.0;0.0;;3104.0;0.0;0.0;;3177.0;0.0
ore_ont_13643.owl;SubClassOf(<http://www.bioassayontology.org/bao#BAO_0002272> <http://www.bioassayontology.org/bao#BAO_0002248>);181;17.8;0.5280898876404494;11872;118;0.3089887640449438;5785.0;116.0;0.5280898876404494;5813.0;103.0;0.5280898876404494;5274.0;118.0;2.0;0.5280898876404494;12510.0;118.0
ore_ont_6735.owl;SubClassOf(<http://purl.obolibrary.org/obo/sep_00121> <http://purl.obolibrary.org/obo/sep_00118>);213;74.5;;3175;0;;3150.0;0.0;;3285.0;0.0;;3232.0;0.0;0.0;;3321.0;0.0
ore_ont_6735.owl;SubClassOf(<http://purl.obolibrary.org/obo/sep_00086> <http://purl.obolibrary.org/obo/sep_00013>);213;63.1;;3249;0;;3521.0;0.0;;3375.0;0.0;;3335.0;0.0;0.0;;3097.0;0.0
ore_ont_6735.owl;SubClassOf(<http://purl.obolibrary.org/obo/sep_00160> <http://purl.obolibrary.org/obo/sep_00101>);213;40.7;0.30466830466830463;11897;179;0.606879606879607;6256.0;163.0;0.30466830466830463;6013.0;159.0;0.30466830466830463;5387.0;141.0;2.0;0.30466830466830463;12707.0;146.0
ore_ont_6735.owl;SubClassOf(<http://purl.obolibrary.org/obo/sep_00030> <http://purl.obolibrary.org/obo/sep_00004>);213;41.5;0.4048192771084337;15972;125;0.6650602409638554;5977.0;130.0;0.4048192771084337;6315.0;121.0;0.3204819277108434;5439.0;138.0;2.0;0.4048192771084337;17179.0;130.0
ore_ont_6735.owl;SubClassOf(<http://purl.obolibrary.org/obo/sep_00118> <http://purl.obolibrary.org/obo/sep_00076>);213;59.8;0.6839464882943145;16025;126;0.29264214046822745;5981.0;137.0;0.6839464882943145;6316.0;133.0;0.6839464882943145;5324.0;120.0;1.0;0.6839464882943145;17643.0;143.0
ore_ont_6735.owl;SubClassOf(<http://purl.obolibrary.org/obo/sep_00213> <http://purl.obolibrary.org/obo/sep_00210>);213;33.7;;3287;0;;3258.0;0.0;;3149.0;0.0;;3217.0;0.0;0.0;;3212.0;0.0
ore_ont_6735.owl;SubClassOf(<http://purl.obolibrary.org/obo/sep_00053> <http://purl.obolibrary.org/obo/sep_00048>);213;46.5;;3209;0;;3151.0;0.0;;3382.0;0.0;;3402.0;0.0;0.0;;3239.0;0.0
ore_ont_6735.owl;SubClassOf(<http://purl.obolibrary.org/obo/sep_00013> <http://purl.obolibrary.org/obo/sep_00078>);213;43.8;;3229;0;;3167.0;0.0;;3252.0;0.0;;3237.0;0.0;0.0;;3182.0;0.0
ore_ont_6735.owl;SubClassOf(<http://purl.obolibrary.org/obo/sep_00165> <http://purl.obolibrary.org/obo/sep_00160>);213;53.1;;3184;0;;3210.0;0.0;;3224.0;0.0;;3206.0;0.0;0.0;;3221.0;0.0
ore_ont_6735.owl;SubClassOf(<http://purl.obolibrary.org/obo/sep_00096> <http://purl.obolibrary.org/obo/sep_00075>);213;19.7;;3505;0;;3287.0;0.0;;3326.0;0.0;;3292.0;0.0;0.0;;3292.0;0.0
ore_ont_3082.owl;SubClassOf(<http://ontology.dumontierlab.com/biological-measure-primitive-1.0.owl#MontgomeryAsbergDepressionRating> <http://ontology.dumontierlab.com/biological-measure-primitive-1.0.owl#DepressionMeasure>);120;29.8;0.34563758389261745;11521;104;0.6140939597315438;5730.0;95.0;0.34563758389261745;5834.0;102.0;0.34563758389261745;5341.0;85.0;1.0;0.34563758389261745;12310.0;90.0
ore_ont_3082.owl;SubClassOf(<http://ontology.dumontierlab.com/biological-measure-primitive-1.0.owl#CoagulationProfile> <http://ontology.dumontierlab.com/biological-measure-primitive-1.0.owl#TissueMeasure>);120;9.8;;3097;0;;3593.0;0.0;;3261.0;0.0;;3237.0;0.0;0.0;;3089.0;0.0
ore_ont_3082.owl;SubClassOf(<http://ontology.dumontierlab.com/biological-measure-primitive-1.0.owl#SatietyDifference> <http://ontology.dumontierlab.com/biological-measure-primitive-1.0.owl#SatietyMeasure>);120;16.3;;3250;0;;3306.0;0.0;;3222.0;0.0;;3168.0;0.0;0.0;;3216.0;0.0
ore_ont_3082.owl;SubClassOf(<http://ontology.dumontierlab.com/biological-measure-primitive-1.0.owl#RemissionFrequency> <http://ontology.dumontierlab.com/biological-measure-primitive-1.0.owl#ClinicalOutcomeMeasure>);120;21.4;0.22897196261682246;11683;109;0.5373831775700935;5817.0;106.0;0.22897196261682246;5816.0;120.0;0.22897196261682246;5628.0;111.0;1.0;0.22897196261682246;12602.0;117.0
ore_ont_3082.owl;SubClassOf(<http://ontology.dumontierlab.com/biological-measure-primitive-1.0.owl#HighRemissionOddsRatio> <http://ontology.dumontierlab.com/biological-measure-primitive-1.0.owl#RemissionOddsRatio>);120;29.9;;3345;0;;3231.0;0.0;;3192.0;0.0;;3226.0;0.0;0.0;;3241.0;0.0
ore_ont_3082.owl;SubClassOf(<http://ontology.dumontierlab.com/biological-measure-primitive-1.0.owl#ModerateReductionInHamiltonAnxietyScore> <http://ontology.dumontierlab.com/biological-measure-primitive-1.0.owl#HamiltonAnxietyScoreDifference>);120;26.9;;3090;0;;3282.0;0.0;;3570.0;0.0;;3264.0;0.0;0.0;;3222.0;0.0
ore_ont_3082.owl;SubClassOf(<http://ontology.dumontierlab.com/biological-measure-primitive-1.0.owl#TissueMeasure> <http://ontology.dumontierlab.com/biological-measure-primitive-1.0.owl#BiologicalMeasure>);120;5.1;;3168;0;;3208.0;0.0;;3263.0;0.0;;3175.0;0.0;0.0;;3214.0;0.0
ore_ont_3082.owl;SubClassOf(<http://ontology.dumontierlab.com/biological-measure-primitive-1.0.owl#BloodPressure> <http://ontology.dumontierlab.com/biological-measure-primitive-1.0.owl#BiophysicalMeasure>);120;8.9;;3499;0;;3269.0;0.0;;3170.0;0.0;;3379.0;0.0;0.0;;3289.0;0.0
ore_ont_3082.owl;SubClassOf(<http://ontology.dumontierlab.com/biological-measure-primitive-1.0.owl#ModerateRemission> <http://ontology.dumontierlab.com/biological-measure-primitive-1.0.owl#RemissionFrequency>);120;30.2;;3331;0;;3177.0;0.0;;3586.0;0.0;;3314.0;0.0;0.0;;3346.0;0.0
ore_ont_3082.owl;SubClassOf(<http://ontology.dumontierlab.com/biological-measure-primitive-1.0.owl#IncreasedGeneExpression> <http://ontology.dumontierlab.com/biological-measure-primitive-1.0.owl#GeneExpressionDifference>);120;26.3;;3338;0;;3085.0;0.0;;3586.0;0.0;;3428.0;0.0;0.0;;3316.0;0.0
ore_ont_9031.owl;SubClassOf(<http://purl.obolibrary.org/obo/MFOEM_000188> <http://purl.obolibrary.org/obo/MFOEM_000183>);216;34.3;;3243;0;;3308.0;0.0;;3308.0;0.0;;3186.0;0.0;0.0;;3335.0;0.0
ore_ont_9031.owl;SubClassOf(<http://purl.obolibrary.org/obo/MFOEM_000080> <http://purl.obolibrary.org/obo/MFOEM_000006>);216;12.5;;3274;0;;3417.0;0.0;;3192.0;0.0;;3554.0;0.0;0.0;;3247.0;0.0
ore_ont_9031.owl;SubClassOf(<http://purl.obolibrary.org/obo/MFOEM_000034> <http://purl.obolibrary.org/obo/MFOEM_000042>);216;27.1;;3352;0;;3271.0;0.0;;3640.0;0.0;;3269.0;0.0;0.0;;3321.0;0.0
ore_ont_9031.owl;SubClassOf(<http://purl.obolibrary.org/obo/MFOEM_000174> <http://purl.obolibrary.org/obo/MFOEM_000125>);216;19.0;;3090;0;;3222.0;0.0;;3548.0;0.0;;3359.0;0.0;0.0;;3107.0;0.0
ore_ont_9031.owl;SubClassOf(<http://purl.obolibrary.org/obo/MFOEM_000152> <http://purl.obolibrary.org/obo/MFOEM_000004>);216;13.0;;3563;0;;3764.0;0.0;;3384.0;0.0;;3326.0;0.0;0.0;;3383.0;0.0
ore_ont_9031.owl;SubClassOf(<http://purl.obolibrary.org/obo/MFOEM_000183> <http://purl.obolibrary.org/obo/MFOEM_000152>);216;22.8;;3278;0;;3207.0;0.0;;3237.0;0.0;;3254.0;0.0;0.0;;3295.0;0.0
ore_ont_9031.owl;SubClassOf(<http://purl.obolibrary.org/obo/MFOEM_000042> <http://purl.obolibrary.org/obo/MFOEM_000001>);216;18.8;;3134;0;;3402.0;0.0;;3236.0;0.0;;3251.0;0.0;0.0;;3159.0;0.0
ore_ont_9031.owl;SubClassOf(<http://purl.obolibrary.org/obo/MFOEM_000075> <http://purl.obolibrary.org/obo/MFOEM_000005>);216;14.0;;3297;0;;3353.0;0.0;;3235.0;0.0;;3193.0;0.0;0.0;;3250.0;0.0
ore_ont_9031.owl;SubClassOf(<http://purl.obolibrary.org/obo/MFOEM_000144> <http://purl.obolibrary.org/obo/MFOEM_000003>);216;13.1;;3275;0;;3373.0;0.0;;3188.0;0.0;;3492.0;0.0;0.0;;3313.0;0.0
ore_ont_9031.owl;SubClassOf(<http://purl.obolibrary.org/obo/MFOEM_000190> <http://purl.obolibrary.org/obo/MFOEM_000174>);216;30.5;;3332;0;;3207.0;0.0;;3569.0;0.0;;3364.0;0.0;0.0;;3352.0;0.0
ore_ont_13530.owl;SubClassOf(<http://purl.obolibrary.org/obo/GRO_0007132> <http://purl.obolibrary.org/obo/GRO_0007124>);235;9.8;;3101;0;;3462.0;0.0;;3245.0;0.0;;3177.0;0.0;0.0;;3155.0;0.0
ore_ont_13530.owl;SubClassOf(<http://purl.obolibrary.org/obo/GRO_0007058> <http://purl.obolibrary.org/obo/GRO_0007156>);235;9.5;;3193;0;;3201.0;0.0;;3118.0;0.0;;3136.0;0.0;0.0;;3347.0;0.0
ore_ont_13530.owl;SubClassOf(<http://purl.obolibrary.org/obo/GRO_0007185> <http://purl.obolibrary.org/obo/GRO_0007160>);235;26.0;;3293;0;;3399.0;0.0;;3167.0;0.0;;3306.0;0.0;0.0;;3254.0;0.0
ore_ont_13530.owl;SubClassOf(<http://purl.obolibrary.org/obo/GRO_0007086> <http://purl.obolibrary.org/obo/GRO_0007080>);235;17.799999999999997;;3192;0;;3184.0;0.0;;3226.0;0.0;;3199.0;0.0;0.0;;3180.0;0.0
ore_ont_13530.owl;SubClassOf(<http://purl.obolibrary.org/obo/GRO_0007119> <http://purl.obolibrary.org/obo/GRO_0007114>);235;17.799999999999997;;3081;0;;3215.0;0.0;;3248.0;0.0;;3245.0;0.0;0.0;;3197.0;0.0
ore_ont_13530.owl;SubClassOf(<http://purl.obolibrary.org/obo/GRO_0007174> <http://purl.obolibrary.org/obo/GRO_0007137>);235;25.7;;3602;0;;3227.0;0.0;;3205.0;0.0;;3132.0;0.0;0.0;;3220.0;0.0
ore_ont_13530.owl;SubClassOf(<http://purl.obolibrary.org/obo/GRO_0007064> <http://purl.obolibrary.org/obo/GRO_0007058>);235;18.1;;3286;0;;3145.0;0.0;;3153.0;0.0;;3240.0;0.0;0.0;;3248.0;0.0
ore_ont_13530.owl;SubClassOf(<http://purl.obolibrary.org/obo/GRO_0007196> <http://purl.obolibrary.org/obo/GRO_0007157>);235;25.1;;3209;0;;3106.0;0.0;;3278.0;0.0;;3251.0;0.0;0.0;;3357.0;0.0
ore_ont_13530.owl;SubClassOf(<http://purl.obolibrary.org/obo/GRO_0007075> <http://purl.obolibrary.org/obo/GRO_0007069>);235;18.1;;3149;0;;3369.0;0.0;;3337.0;0.0;;3312.0;0.0;0.0;;3227.0;0.0
ore_ont_13530.owl;SubClassOf(<http://purl.obolibrary.org/obo/GRO_0007012> <http://purl.obolibrary.org/obo/GRO_0007002>);235;9.5;;3301;0;;3295.0;0.0;;3250.0;0.0;;3176.0;0.0;0.0;;3353.0;0.0
ore_ont_3463.owl;SubClassOf(<https://raw.github.com/ontohub/OOR_Ontohub_API/master/Domain_Fields_Core.owl#Sport> <https://raw.github.com/ontohub/OOR_Ontohub_API/master/Domain_Fields_Core.owl#Personal_services>);122;17.799999999999997;;3307;0;;3234.0;0.0;;3271.0;0.0;;3255.0;0.0;0.0;;3236.0;0.0
ore_ont_3463.owl;SubClassOf(<https://raw.github.com/ontohub/OOR_Ontohub_API/master/Domain_Fields_Core.owl#Motor_vehicle_ship_and_aircraft> <https://raw.github.com/ontohub/OOR_Ontohub_API/master/Domain_Fields_Core.owl#Engineering_and_engineering_trade>);122;17.799999999999997;;3262;0;;3588.0;0.0;;3328.0;0.0;;3310.0;0.0;0.0;;3131.0;0.0
ore_ont_3463.owl;SubClassOf(<https://raw.github.com/ontohub/OOR_Ontohub_API/master/Domain_Fields_Core.owl#Personal_services> <https://raw.github.com/ontohub/OOR_Ontohub_API/master/Domain_Fields_Core.owl#Services>);122;8.9;;3369;0;;3279.0;0.0;;3271.0;0.0;;3181.0;0.0;0.0;;3599.0;0.0
ore_ont_3463.owl;SubClassOf(<https://raw.github.com/ontohub/OOR_Ontohub_API/master/Domain_Fields_Core.owl#Business_and_administration> <https://raw.github.com/ontohub/OOR_Ontohub_API/master/Domain_Fields_Core.owl#Domain_Field>);122;12.9;0.2945736434108527;11900;104;0.5271317829457364;5935.0;106.0;0.2945736434108527;5787.0;136.0;0.5271317829457364;5657.0;110.0;1.0;0.2945736434108527;12644.0;110.0
ore_ont_3463.owl;SubClassOf(<https://raw.github.com/ontohub/OOR_Ontohub_API/master/Domain_Fields_Core.owl#Physical_science> <https://raw.github.com/ontohub/OOR_Ontohub_API/master/Domain_Fields_Core.owl#Natural_science_mathematics_and_statistics>);122;8.9;;3285;0;;3129.0;0.0;;3483.0;0.0;;3327.0;0.0;0.0;;3315.0;0.0
ore_ont_3463.owl;SubClassOf(<https://raw.github.com/ontohub/OOR_Ontohub_API/master/Domain_Fields_Core.owl#Economics> <https://raw.github.com/ontohub/OOR_Ontohub_API/master/Domain_Fields_Core.owl#Social_and_behavioural_science>);122;16.9;;3279;0;;3577.0;0.0;;3259.0;0.0;;3329.0;0.0;0.0;;3281.0;0.0
ore_ont_3463.owl;SubClassOf(<https://raw.github.com/ontohub/OOR_Ontohub_API/master/Domain_Fields_Core.owl#Management_and_administration> <https://raw.github.com/ontohub/OOR_Ontohub_API/master/Domain_Fields_Core.owl#Business_and_administration>);122;17.8;;3404;0;;3315.0;0.0;;3350.0;0.0;;3170.0;0.0;0.0;;3442.0;0.0
ore_ont_3463.owl;SubClassOf(<https://raw.github.com/ontohub/OOR_Ontohub_API/master/Domain_Fields_Core.owl#Medical_diagnostic_and_treatment_technology> <https://raw.github.com/ontohub/OOR_Ontohub_API/master/Domain_Fields_Core.owl#Health>);122;17.799999999999997;;3327;0;;3304.0;0.0;;3091.0;0.0;;3563.0;0.0;0.0;;3278.0;0.0
ore_ont_3463.owl;SubClassOf(<https://raw.github.com/ontohub/OOR_Ontohub_API/master/Domain_Fields_Core.owl#Fine_arts> <https://raw.github.com/ontohub/OOR_Ontohub_API/master/Domain_Fields_Core.owl#Arts>);122;17.5;;3390;0;;3069.0;0.0;;3581.0;0.0;;3366.0;0.0;0.0;;3324.0;0.0
ore_ont_3463.owl;SubClassOf(<https://raw.github.com/ontohub/OOR_Ontohub_API/master/Domain_Fields_Core.owl#Material_processing> <https://raw.github.com/ontohub/OOR_Ontohub_API/master/Domain_Fields_Core.owl#ManufacturingAndProcessing>);122;17.199999999999996;;3023;0;;3339.0;0.0;;3305.0;0.0;;3233.0;0.0;0.0;;3134.0;0.0
ore_ont_5090.owl;SubClassOf(<http://purl.obolibrary.org/obo/XEO_00050> <http://purl.obolibrary.org/obo/XEO_00004>);237;98.2;0.9725050916496945;11856;105;0.9236252545824847;5980.0;140.0;0.9725050916496945;5891.0;113.0;0.9236252545824847;5417.0;148.0;1.0;0.9725050916496945;12882.0;143.0
ore_ont_5090.owl;SubClassOf(<http://purl.obolibrary.org/obo/XEO_00054> <http://purl.obolibrary.org/obo/XEO_00049>);237;145.1;;3294;0;;3126.0;0.0;;3310.0;0.0;;3353.0;0.0;0.0;;3294.0;0.0
ore_ont_5090.owl;SubClassOf(<http://purl.obolibrary.org/obo/XEO_00127> <http://purl.obolibrary.org/obo/XEO_00005>);237;36.0;;3217;0;;3149.0;0.0;;3273.0;0.0;;3183.0;0.0;0.0;;3088.0;0.0
ore_ont_5090.owl;SubClassOf(<http://purl.obolibrary.org/obo/XEO_00135> <http://purl.obolibrary.org/obo/XEO_00002>);237;90.29999999999998;0.9689922480620157;11706;117;0.7331118493909193;5890.0;143.0;0.9689922480620157;5944.0;143.0;0.7331118493909193;5306.0;116.0;2.0;0.9689922480620157;12456.0;113.0
ore_ont_5090.owl;SubClassOf(<http://purl.obolibrary.org/obo/XEO_00081> <http://purl.obolibrary.org/obo/XEO_00050>);237;107.0;;3194;0;;3164.0;0.0;;3075.0;0.0;;3333.0;0.0;0.0;;3232.0;0.0
ore_ont_5090.owl;SubClassOf(<http://purl.obolibrary.org/obo/XEO_00135> <http://purl.obolibrary.org/obo/XEO_00005>);237;49.1;;3213;0;;3147.0;0.0;;3595.0;0.0;;3616.0;0.0;0.0;;3442.0;0.0
ore_ont_5090.owl;SubClassOf(<http://purl.obolibrary.org/obo/XEO_00067> <http://purl.obolibrary.org/obo/XEO_00054>);237;107.6;;3151;0;;3661.0;0.0;;3365.0;0.0;;3347.0;0.0;0.0;;3174.0;0.0
ore_ont_5090.owl;SubClassOf(<http://purl.obolibrary.org/obo/XEO_00119> <http://purl.obolibrary.org/obo/XEO_00046>);237;133.9;;3552;0;;3477.0;0.0;;3217.0;0.0;;3160.0;0.0;0.0;;3271.0;0.0
ore_ont_5090.owl;SubClassOf(<http://purl.obolibrary.org/obo/XEO_00152> <http://purl.obolibrary.org/obo/XEO_00005>);237;62.19999999999999;;3164;0;;3193.0;0.0;;3567.0;0.0;;3457.0;0.0;0.0;;3211.0;0.0
ore_ont_5090.owl;SubClassOf(<http://purl.obolibrary.org/obo/XEO_00171> <http://purl.obolibrary.org/obo/XEO_00237>);237;72.29999999999998;;3132;0;;3268.0;0.0;;3171.0;0.0;;3215.0;0.0;0.0;;3095.0;0.0
ore_ont_10536.owl;SubClassOf(<http://www.absoluteiri.edu/RELAPPROXC198> <http://www.absoluteiri.edu/RELAPPROXC197>);191;27.9;;3236;0;;3196.0;0.0;;3264.0;0.0;;3139.0;0.0;0.0;;3240.0;0.0
ore_ont_10536.owl;SubClassOf(<http://www.absoluteiri.edu/RELAPPROXC196> <http://www.absoluteiri.edu/RELAPPROXC195>);191;41.3;;3249;0;;3274.0;0.0;;3168.0;0.0;;3140.0;0.0;0.0;;3161.0;0.0
ore_ont_10536.owl;SubClassOf(<http://www.absoluteiri.edu/RELAPPROXC196> <http://www.absoluteiri.edu/RELAPPROXC199>);191;45.5;;3149;0;;3106.0;0.0;;3147.0;0.0;;3181.0;0.0;0.0;;3193.0;0.0
ore_ont_10536.owl;SubClassOf(<http://www.absoluteiri.edu/RELAPPROXC194> <http://www.absoluteiri.edu/RELAPPROXC197>);191;65.6;;3175;0;;3451.0;0.0;;3217.0;0.0;;3226.0;0.0;0.0;;3162.0;0.0
ore_ont_2876.owl;SubClassOf(<file:/media/owl/Seagate%20Expansion%20Drive/mowlcorp_rep/mowlcorp_2014.10.07_orig/files/15142ae8-c9b2-4e1a-ac58-284d3db0504a_CIDOC1.rdf#E65.Conceptual_Creation> <file:/media/owl/Seagate%20Expansion%20Drive/mowlcorp_rep/mowlcorp_2014.10.07_orig/files/15142ae8-c9b2-4e1a-ac58-284d3db0504a_CIDOC1.rdf#E63.Beginning_of_Existence>);93;57.400000000000006;;3447;0;;3316.0;0.0;;3300.0;0.0;;3092.0;0.0;0.0;;3608.0;0.0
ore_ont_2876.owl;SubClassOf(<file:/media/owl/Seagate%20Expansion%20Drive/mowlcorp_rep/mowlcorp_2014.10.07_orig/files/15142ae8-c9b2-4e1a-ac58-284d3db0504a_CIDOC1.rdf#E44.Place_Appellation> <file:/media/owl/Seagate%20Expansion%20Drive/mowlcorp_rep/mowlcorp_2014.10.07_orig/files/15142ae8-c9b2-4e1a-ac58-284d3db0504a_CIDOC1.rdf#E41.Appellation>);93;19.9;;3249;0;;3292.0;0.0;;3143.0;0.0;;3273.0;0.0;0.0;;3420.0;0.0
ore_ont_2876.owl;SubClassOf(<file:/media/owl/Seagate%20Expansion%20Drive/mowlcorp_rep/mowlcorp_2014.10.07_orig/files/15142ae8-c9b2-4e1a-ac58-284d3db0504a_CIDOC1.rdf#E13.Attribute_Assignment> <file:/media/owl/Seagate%20Expansion%20Drive/mowlcorp_rep/mowlcorp_2014.10.07_orig/files/15142ae8-c9b2-4e1a-ac58-284d3db0504a_CIDOC1.rdf#E7.Activity>);93;44.8;;3352;0;;3365.0;0.0;;3336.0;0.0;;3374.0;0.0;0.0;;3318.0;0.0
ore_ont_2876.owl;SubClassOf(<file:/media/owl/Seagate%20Expansion%20Drive/mowlcorp_rep/mowlcorp_2014.10.07_orig/files/15142ae8-c9b2-4e1a-ac58-284d3db0504a_CIDOC1.rdf#E24.Physical_Man-Made_Stuff> <file:/media/owl/Seagate%20Expansion%20Drive/mowlcorp_rep/mowlcorp_2014.10.07_orig/files/15142ae8-c9b2-4e1a-ac58-284d3db0504a_CIDOC1.rdf#E18.Physical_Stuff>);93;46.9;;3193;0;;3287.0;0.0;;3278.0;0.0;;3211.0;0.0;0.0;;3437.0;0.0
ore_ont_2876.owl;SubClassOf(<file:/media/owl/Seagate%20Expansion%20Drive/mowlcorp_rep/mowlcorp_2014.10.07_orig/files/15142ae8-c9b2-4e1a-ac58-284d3db0504a_CIDOC1.rdf#E7.Activity> <file:/media/owl/Seagate%20Expansion%20Drive/mowlcorp_rep/mowlcorp_2014.10.07_orig/files/15142ae8-c9b2-4e1a-ac58-284d3db0504a_CIDOC1.rdf#E1.CRM_Entity>);93;37.1;0.5876010781671159;20294;120;0.6172506738544474;5876.0;121.0;0.5876010781671159;6574.0;140.0;0.6172506738544474;5284.0;146.0;1.0;0.5876010781671159;22368.0;105.0
ore_ont_2876.owl;SubClassOf(<file:/media/owl/Seagate%20Expansion%20Drive/mowlcorp_rep/mowlcorp_2014.10.07_orig/files/15142ae8-c9b2-4e1a-ac58-284d3db0504a_CIDOC1.rdf#E7.Activity> <file:/media/owl/Seagate%20Expansion%20Drive/mowlcorp_rep/mowlcorp_2014.10.07_orig/files/15142ae8-c9b2-4e1a-ac58-284d3db0504a_CIDOC1.rdf#E5.Event>);93;29.6;;3037;0;;3257.0;0.0;;3239.0;0.0;;3223.0;0.0;0.0;;3022.0;0.0
ore_ont_2876.owl;SubClassOf(<file:/media/owl/Seagate%20Expansion%20Drive/mowlcorp_rep/mowlcorp_2014.10.07_orig/files/15142ae8-c9b2-4e1a-ac58-284d3db0504a_CIDOC1.rdf#E56.Language> <file:/media/owl/Seagate%20Expansion%20Drive/mowlcorp_rep/mowlcorp_2014.10.07_orig/files/15142ae8-c9b2-4e1a-ac58-284d3db0504a_CIDOC1.rdf#E55.Type>);93;4.8;;3500;0;;3548.0;0.0;;3368.0;0.0;;3327.0;0.0;0.0;;3524.0;0.0
ore_ont_2876.owl;SubClassOf(<file:/media/owl/Seagate%20Expansion%20Drive/mowlcorp_rep/mowlcorp_2014.10.07_orig/files/15142ae8-c9b2-4e1a-ac58-284d3db0504a_CIDOC1.rdf#E36.Visual_Item> <file:/media/owl/Seagate%20Expansion%20Drive/mowlcorp_rep/mowlcorp_2014.10.07_orig/files/15142ae8-c9b2-4e1a-ac58-284d3db0504a_CIDOC1.rdf#E73.Information_Object>);93;69.0;;3433;0;;3190.0;0.0;;3219.0;0.0;;3414.0;0.0;0.0;;3368.0;0.0
ore_ont_2876.owl;SubClassOf(<file:/media/owl/Seagate%20Expansion%20Drive/mowlcorp_rep/mowlcorp_2014.10.07_orig/files/15142ae8-c9b2-4e1a-ac58-284d3db0504a_CIDOC1.rdf#E15.Identifier_Assignment> <file:/media/owl/Seagate%20Expansion%20Drive/mowlcorp_rep/mowlcorp_2014.10.07_orig/files/15142ae8-c9b2-4e1a-ac58-284d3db0504a_CIDOC1.rdf#E13.Attribute_Assignment>);93;63.0;;3270;0;;3435.0;0.0;;3524.0;0.0;;3487.0;0.0;0.0;;3163.0;0.0
ore_ont_2876.owl;SubClassOf(<file:/media/owl/Seagate%20Expansion%20Drive/mowlcorp_rep/mowlcorp_2014.10.07_orig/files/15142ae8-c9b2-4e1a-ac58-284d3db0504a_CIDOC1.rdf#E45.Address> <file:/media/owl/Seagate%20Expansion%20Drive/mowlcorp_rep/mowlcorp_2014.10.07_orig/files/15142ae8-c9b2-4e1a-ac58-284d3db0504a_CIDOC1.rdf#E44.Place_Appellation>);93;37.4;;3227;0;;3390.0;0.0;;3371.0;0.0;;3288.0;0.0;0.0;;3142.0;0.0
ore_ont_15145.owl;SubClassOf(<file:/media/owl/Seagate%20Expansion%20Drive/mowlcorp_rep/mowlcorp_2014.10.07_orig/files/75a65645-51c9-4fe9-9f71-443fde726c1a__v5.0.1__.rdfs#E65_> <file:/media/owl/Seagate%20Expansion%20Drive/mowlcorp_rep/mowlcorp_2014.10.07_orig/files/75a65645-51c9-4fe9-9f71-443fde726c1a__v5.0.1__.rdfs#E63_>);98;49.3;;3183;0;;3179.0;0.0;;3069.0;0.0;;3534.0;0.0;0.0;;3249.0;0.0
ore_ont_15145.owl;SubClassOf(<file:/media/owl/Seagate%20Expansion%20Drive/mowlcorp_rep/mowlcorp_2014.10.07_orig/files/75a65645-51c9-4fe9-9f71-443fde726c1a__v5.0.1__.rdfs#E45_> <file:/media/owl/Seagate%20Expansion%20Drive/mowlcorp_rep/mowlcorp_2014.10.07_orig/files/75a65645-51c9-4fe9-9f71-443fde726c1a__v5.0.1__.rdfs#E44_>);98;135.8;;3288;0;;3130.0;0.0;;3482.0;0.0;;3363.0;0.0;0.0;;3457.0;0.0
ore_ont_15145.owl;SubClassOf(<file:/media/owl/Seagate%20Expansion%20Drive/mowlcorp_rep/mowlcorp_2014.10.07_orig/files/75a65645-51c9-4fe9-9f71-443fde726c1a__v5.0.1__.rdfs#E24_> <file:/media/owl/Seagate%20Expansion%20Drive/mowlcorp_rep/mowlcorp_2014.10.07_orig/files/75a65645-51c9-4fe9-9f71-443fde726c1a__v5.0.1__.rdfs#E18_>);98;45.9;;3080;0;;3467.0;0.0;;3399.0;0.0;;3438.0;0.0;0.0;;3496.0;0.0
ore_ont_15145.owl;SubClassOf(<file:/media/owl/Seagate%20Expansion%20Drive/mowlcorp_rep/mowlcorp_2014.10.07_orig/files/75a65645-51c9-4fe9-9f71-443fde726c1a__v5.0.1__.rdfs#E7_> <file:/media/owl/Seagate%20Expansion%20Drive/mowlcorp_rep/mowlcorp_2014.10.07_orig/files/75a65645-51c9-4fe9-9f71-443fde726c1a__v5.0.1__.rdfs#E1_>);98;31.1;0.6205787781350482;14068;118;0.4983922829581993;6227.0;122.0;0.5466237942122186;6366.0;114.0;0.7073954983922829;5491.0;128.0;1.0;0.6205787781350482;15423.0;101.0
ore_ont_15145.owl;SubClassOf(<file:/media/owl/Seagate%20Expansion%20Drive/mowlcorp_rep/mowlcorp_2014.10.07_orig/files/75a65645-51c9-4fe9-9f71-443fde726c1a__v5.0.1__.rdfs#E22_> <file:/media/owl/Seagate%20Expansion%20Drive/mowlcorp_rep/mowlcorp_2014.10.07_orig/files/75a65645-51c9-4fe9-9f71-443fde726c1a__v5.0.1__.rdfs#E24_>);98;77.9;;3256;0;;3603.0;0.0;;3645.0;0.0;;3341.0;0.0;0.0;;3275.0;0.0
ore_ont_15145.owl;SubClassOf(<file:/media/owl/Seagate%20Expansion%20Drive/mowlcorp_rep/mowlcorp_2014.10.07_orig/files/75a65645-51c9-4fe9-9f71-443fde726c1a__v5.0.1__.rdfs#E16_> <file:/media/owl/Seagate%20Expansion%20Drive/mowlcorp_rep/mowlcorp_2014.10.07_orig/files/75a65645-51c9-4fe9-9f71-443fde726c1a__v5.0.1__.rdfs#E13_>);98;55.50000000000001;;3300;0;;3376.0;0.0;;3291.0;0.0;;3406.0;0.0;0.0;;3406.0;0.0
ore_ont_15145.owl;SubClassOf(<file:/media/owl/Seagate%20Expansion%20Drive/mowlcorp_rep/mowlcorp_2014.10.07_orig/files/75a65645-51c9-4fe9-9f71-443fde726c1a__v5.0.1__.rdfs#E44_> <file:/media/owl/Seagate%20Expansion%20Drive/mowlcorp_rep/mowlcorp_2014.10.07_orig/files/75a65645-51c9-4fe9-9f71-443fde726c1a__v5.0.1__.rdfs#E41_>);98;84.00000000000001;;3401;0;;3221.0;0.0;;3471.0;0.0;;3459.0;0.0;0.0;;3390.0;0.0
ore_ont_15145.owl;SubClassOf(<file:/media/owl/Seagate%20Expansion%20Drive/mowlcorp_rep/mowlcorp_2014.10.07_orig/files/75a65645-51c9-4fe9-9f71-443fde726c1a__v5.0.1__.rdfs#E36_> <file:/media/owl/Seagate%20Expansion%20Drive/mowlcorp_rep/mowlcorp_2014.10.07_orig/files/75a65645-51c9-4fe9-9f71-443fde726c1a__v5.0.1__.rdfs#E73_>);98;99.0;;3210;0;;3644.0;0.0;;3261.0;0.0;;3318.0;0.0;0.0;;3114.0;0.0
ore_ont_15145.owl;SubClassOf(<file:/media/owl/Seagate%20Expansion%20Drive/mowlcorp_rep/mowlcorp_2014.10.07_orig/files/75a65645-51c9-4fe9-9f71-443fde726c1a__v5.0.1__.rdfs#E81_> <file:/media/owl/Seagate%20Expansion%20Drive/mowlcorp_rep/mowlcorp_2014.10.07_orig/files/75a65645-51c9-4fe9-9f71-443fde726c1a__v5.0.1__.rdfs#E64_>);98;49.3;;3362;0;;3294.0;0.0;;3298.0;0.0;;3137.0;0.0;0.0;;3587.0;0.0
ore_ont_15145.owl;SubClassOf(<file:/media/owl/Seagate%20Expansion%20Drive/mowlcorp_rep/mowlcorp_2014.10.07_orig/files/75a65645-51c9-4fe9-9f71-443fde726c1a__v5.0.1__.rdfs#E13_> <file:/media/owl/Seagate%20Expansion%20Drive/mowlcorp_rep/mowlcorp_2014.10.07_orig/files/75a65645-51c9-4fe9-9f71-443fde726c1a__v5.0.1__.rdfs#E7_>);98;38.8;;3317;0;;3291.0;0.0;;3165.0;0.0;;3342.0;0.0;0.0;;3211.0;0.0
ore_ont_15576.owl;SubClassOf(<http://purl.obolibrary.org/obo/APO_0000003> <http://purl.obolibrary.org/obo/APO_0000002>);266;9.2;;3382;0;;3324.0;0.0;;3680.0;0.0;;3668.0;0.0;0.0;;3536.0;0.0
ore_ont_15576.owl;SubClassOf(<http://purl.obolibrary.org/obo/APO_0000009> <http://purl.obolibrary.org/obo/APO_0000006>);266;5.7;;3047;0;;3618.0;0.0;;3469.0;0.0;;3478.0;0.0;0.0;;3123.0;0.0
ore_ont_15576.owl;SubClassOf(<http://purl.obolibrary.org/obo/APO_0000096> <http://purl.obolibrary.org/obo/APO_0000094>);266;11.6;;3626;0;;3487.0;0.0;;3346.0;0.0;;3301.0;0.0;0.0;;3255.0;0.0
ore_ont_15576.owl;SubClassOf(<http://purl.obolibrary.org/obo/APO_0000102> <http://purl.obolibrary.org/obo/APO_0000096>);266;37.60000000000001;0.6223404255319147;11861;106;0.33776595744680843;6073.0;99.0;0.6223404255319147;6021.0;131.0;0.6223404255319147;5550.0;107.0;1.0;0.6223404255319147;12710.0;113.0
ore_ont_15576.owl;SubClassOf(<http://purl.obolibrary.org/obo/APO_0000180> <http://purl.obolibrary.org/obo/APO_0000187>);266;18.4;;3290;0;;3268.0;0.0;;3385.0;0.0;;3427.0;0.0;0.0;;3311.0;0.0
ore_ont_15576.owl;SubClassOf(<http://purl.obolibrary.org/obo/APO_0000082> <http://purl.obolibrary.org/obo/APO_0000087>);266;32.00000000000001;;3599;0;;3420.0;0.0;;3536.0;0.0;;3278.0;0.0;0.0;;3054.0;0.0
ore_ont_15576.owl;SubClassOf(<http://purl.obolibrary.org/obo/APO_0000118> <http://purl.obolibrary.org/obo/APO_0000296>);266;31.100000000000005;;3057;0;;3635.0;0.0;;3629.0;0.0;;3480.0;0.0;0.0;;3544.0;0.0
ore_ont_15576.owl;SubClassOf(<http://purl.obolibrary.org/obo/APO_0000087> <http://purl.obolibrary.org/obo/APO_0000080>);266;19.6;;3359;0;;3465.0;0.0;;3553.0;0.0;;3465.0;0.0;0.0;;3516.0;0.0
ore_ont_15576.owl;SubClassOf(<http://purl.obolibrary.org/obo/APO_0000303> <http://purl.obolibrary.org/obo/APO_0000226>);266;28.4;;3292;0;;3337.0;0.0;;3426.0;0.0;;3387.0;0.0;0.0;;3390.0;0.0
ore_ont_15576.owl;SubClassOf(<http://purl.obolibrary.org/obo/APO_0000171> <http://purl.obolibrary.org/obo/APO_0000186>);266;16.0;;3440;0;;3375.0;0.0;;3247.0;0.0;;3713.0;0.0;0.0;;3529.0;0.0
ore_ont_11522.owl;SubClassOf(<http://www.opentox.org/api/1.1#Conformer> <http://www.opentox.org/api/1.1#Compound>);271;396.5000000000001;;3378;0;;3635.0;0.0;;3525.0;0.0;;3660.0;0.0;0.0;;3531.0;0.0
ore_ont_11522.owl;SubClassOf(<http://www.absoluteiri.edu/RELAPPROXC100> <http://www.opentox.org/api/1.1#Dataset>);271;453.8000000000001;;3189;0;;3492.0;0.0;;3628.0;0.0;;3542.0;0.0;0.0;;3623.0;0.0
ore_ont_11522.owl;SubClassOf(<http://www.opentox.org/api/1.1#ClassValueStatistics> <http://www.opentox.org/api/1.1#Validation>);271;279.20000000000005;0.9312320916905441;16214;94;0.9247851002865327;5919.0;153.0;0.9312320916905441;6728.0;139.0;0.9247851002865327;5288.0;151.0;2.0;0.9312320916905441;17879.0;121.0
ore_ont_11522.owl;SubClassOf(<http://www.opentox.org/api/1.1#ClassValueStatistics> <http://www.opentox.org/api/1.1#OpentoxResource>);271;284.6000000000001;0.9325368938861557;20318;135;0.931482782853127;6188.0;121.0;0.9325368938861557;6703.0;138.0;0.931482782853127;5640.0;107.0;2.0;0.9325368938861557;21884.0;117.0
ore_ont_11522.owl;SubClassOf(<http://www.opentox.org/api/1.1#NumericAlgorithm> <http://www.opentox.org/api/1.1#Algorithm>);271;453.8000000000002;;3229;0;;3091.0;0.0;;3207.0;0.0;;3251.0;0.0;0.0;;3215.0;0.0
ore_ont_11522.owl;SubClassOf(<http://www.opentox.org/api/1.1#FeatureValue> <http://www.opentox.org/api/1.1#FeatureValuePair>);271;426.8000000000001;;3151;0;;3155.0;0.0;;3237.0;0.0;;3216.0;0.0;0.0;;3145.0;0.0
ore_ont_11522.owl;SubClassOf(<http://www.opentox.org/api/1.1#NumericModel> <http://www.opentox.org/api/1.1#Model>);271;599.9;;3248;0;;3293.0;0.0;;3297.0;0.0;;3293.0;0.0;0.0;;3071.0;0.0
ore_ont_11522.owl;SubClassOf(<http://www.opentox.org/api/1.1#Model> <http://www.opentox.org/api/1.1#OpentoxResource>);271;480.60000000000014;;3142;0;;3203.0;0.0;;3170.0;0.0;;3056.0;0.0;0.0;;3284.0;0.0
ore_ont_11522.owl;SubClassOf(<http://www.opentox.org/api/1.1#Identifier> <http://www.opentox.org/api/1.1#Feature>);271;517.1000000000001;1.0;11881;120;0.9912976213498355;6080.0;121.0;1.0;6018.0;126.0;1.0;5433.0;129.0;1.0;1.0;12858.0;130.0
ore_ont_11522.owl;SubClassOf(<http://www.opentox.org/api/1.1#DataEntryNumeric> <http://www.opentox.org/api/1.1#DataEntry>);271;425.9000000000001;;3414;0;;3286.0;0.0;;3681.0;0.0;;3490.0;0.0;0.0;;3472.0;0.0
ore_ont_8806.owl;SubClassOf(<http://purl.obolibrary.org/obo/GO_0030533> <http://purl.obolibrary.org/obo/GO_0003723>);274;269.6;;3424;0;;3365.0;0.0;;3431.0;0.0;;3370.0;0.0;0.0;;3545.0;0.0
ore_ont_8806.owl;SubClassOf(<http://purl.obolibrary.org/obo/GO_0012505> <http://purl.obolibrary.org/obo/GO_0005575>);274;260.7;;3392;0;;3436.0;0.0;;3188.0;0.0;;3372.0;0.0;0.0;;3438.0;0.0
ore_ont_8806.owl;SubClassOf(<http://purl.obolibrary.org/obo/GO_0005739> <http://purl.obolibrary.org/obo/GO_0005575>);274;300.9;;3324;0;;3371.0;0.0;;3437.0;0.0;;3235.0;0.0;0.0;;3101.0;0.0
ore_ont_8806.owl;SubClassOf(<http://purl.obolibrary.org/obo/GO_0005737> <http://purl.obolibrary.org/obo/GO_0005575>);274;240.4;;3149;0;;3585.0;0.0;;3465.0;0.0;;3501.0;0.0;0.0;;3348.0;0.0
ore_ont_8806.owl;SubClassOf(<http://purl.obolibrary.org/obo/GO_0051169> <http://purl.obolibrary.org/obo/GO_0008150>);274;381.4;;3325;0;;3418.0;0.0;;3384.0;0.0;;3287.0;0.0;0.0;;3434.0;0.0
ore_ont_8806.owl;SubClassOf(<http://purl.obolibrary.org/obo/GO_0000054> <http://purl.obolibrary.org/obo/GO_0051169>);274;324.1;;3332;0;;3233.0;0.0;;3404.0;0.0;;3482.0;0.0;0.0;;3312.0;0.0
ore_ont_8806.owl;SubClassOf(<http://purl.obolibrary.org/obo/GO_0051603> <http://purl.obolibrary.org/obo/GO_0051604>);274;314.0999999999999;;3281;0;;3221.0;0.0;;3471.0;0.0;;3385.0;0.0;0.0;;3248.0;0.0
ore_ont_8806.owl;SubClassOf(<http://purl.obolibrary.org/obo/GO_0003723> <http://purl.obolibrary.org/obo/GO_0003674>);274;204.7;;3537;0;;3420.0;0.0;;3352.0;0.0;;3397.0;0.0;0.0;;3365.0;0.0
ore_ont_8806.owl;SubClassOf(<http://purl.obolibrary.org/obo/GO_0055086> <http://purl.obolibrary.org/obo/GO_0008150>);274;139.8;;3321;0;;3340.0;0.0;;3274.0;0.0;;3407.0;0.0;0.0;;3485.0;0.0
ore_ont_8806.owl;SubClassOf(<http://purl.obolibrary.org/obo/GO_0055085> <http://purl.obolibrary.org/obo/GO_0008150>);274;401.5;;3375;0;;3429.0;0.0;;3446.0;0.0;;3534.0;0.0;0.0;;3390.0;0.0
ore_ont_5742.owl;SubClassOf(<file:/media/owl/Seagate%20Expansion%20Drive/mowlcorp_rep/mowlcorp_2014.10.07_orig/files/c6907ef3-a626-4b34-a474-15a4563b7f29_ish_label.rdfs#E16.Measurement> <file:/media/owl/Seagate%20Expansion%20Drive/mowlcorp_rep/mowlcorp_2014.10.07_orig/files/c6907ef3-a626-4b34-a474-15a4563b7f29_ish_label.rdfs#E13.Attribute_Assignment>);98;55.50000000000001;;3379;0;;3456.0;0.0;;3293.0;0.0;;3248.0;0.0;0.0;;3473.0;0.0
ore_ont_5742.owl;SubClassOf(<file:/media/owl/Seagate%20Expansion%20Drive/mowlcorp_rep/mowlcorp_2014.10.07_orig/files/c6907ef3-a626-4b34-a474-15a4563b7f29_ish_label.rdfs#E44.Place_Appellation> <file:/media/owl/Seagate%20Expansion%20Drive/mowlcorp_rep/mowlcorp_2014.10.07_orig/files/c6907ef3-a626-4b34-a474-15a4563b7f29_ish_label.rdfs#E41.Appellation>);98;84.00000000000001;;3372;0;;3292.0;0.0;;3212.0;0.0;;3562.0;0.0;0.0;;3457.0;0.0
ore_ont_5742.owl;SubClassOf(<file:/media/owl/Seagate%20Expansion%20Drive/mowlcorp_rep/mowlcorp_2014.10.07_orig/files/c6907ef3-a626-4b34-a474-15a4563b7f29_ish_label.rdfs#E12.Production> <file:/media/owl/Seagate%20Expansion%20Drive/mowlcorp_rep/mowlcorp_2014.10.07_orig/files/c6907ef3-a626-4b34-a474-15a4563b7f29_ish_label.rdfs#E11.Modification>);98;67.2;;3342;0;;3499.0;0.0;;3354.0;0.0;;3416.0;0.0;0.0;;3204.0;0.0
ore_ont_5742.owl;SubClassOf(<file:/media/owl/Seagate%20Expansion%20Drive/mowlcorp_rep/mowlcorp_2014.10.07_orig/files/c6907ef3-a626-4b34-a474-15a4563b7f29_ish_label.rdfs#E45.Address> <file:/media/owl/Seagate%20Expansion%20Drive/mowlcorp_rep/mowlcorp_2014.10.07_orig/files/c6907ef3-a626-4b34-a474-15a4563b7f29_ish_label.rdfs#E44.Place_Appellation>);98;135.79999999999998;;3539;0;;3353.0;0.0;;3547.0;0.0;;3246.0;0.0;0.0;;3397.0;0.0
ore_ont_5742.owl;SubClassOf(<file:/media/owl/Seagate%20Expansion%20Drive/mowlcorp_rep/mowlcorp_2014.10.07_orig/files/c6907ef3-a626-4b34-a474-15a4563b7f29_ish_label.rdfs#E13.Attribute_Assignment> <file:/media/owl/Seagate%20Expansion%20Drive/mowlcorp_rep/mowlcorp_2014.10.07_orig/files/c6907ef3-a626-4b34-a474-15a4563b7f29_ish_label.rdfs#E7.Activity>);98;38.8;;3195;0;;3330.0;0.0;;3285.0;0.0;;3389.0;0.0;0.0;;3356.0;0.0
ore_ont_5742.owl;SubClassOf(<file:/media/owl/Seagate%20Expansion%20Drive/mowlcorp_rep/mowlcorp_2014.10.07_orig/files/c6907ef3-a626-4b34-a474-15a4563b7f29_ish_label.rdfs#E22.Man-Made_Object> <file:/media/owl/Seagate%20Expansion%20Drive/mowlcorp_rep/mowlcorp_2014.10.07_orig/files/c6907ef3-a626-4b34-a474-15a4563b7f29_ish_label.rdfs#E24.Physical_Man-Made_Thing>);98;77.9;;3392;0;;3363.0;0.0;;3381.0;0.0;;3411.0;0.0;0.0;;3366.0;0.0
ore_ont_5742.owl;SubClassOf(<file:/media/owl/Seagate%20Expansion%20Drive/mowlcorp_rep/mowlcorp_2014.10.07_orig/files/c6907ef3-a626-4b34-a474-15a4563b7f29_ish_label.rdfs#E81.Transformation> <file:/media/owl/Seagate%20Expansion%20Drive/mowlcorp_rep/mowlcorp_2014.10.07_orig/files/c6907ef3-a626-4b34-a474-15a4563b7f29_ish_label.rdfs#E64.End_of_Existence>);98;49.3;;3287;0;;3389.0;0.0;;3391.0;0.0;;3284.0;0.0;0.0;;3295.0;0.0
ore_ont_5742.owl;SubClassOf(<file:/media/owl/Seagate%20Expansion%20Drive/mowlcorp_rep/mowlcorp_2014.10.07_orig/files/c6907ef3-a626-4b34-a474-15a4563b7f29_ish_label.rdfs#E7.Activity> <file:/media/owl/Seagate%20Expansion%20Drive/mowlcorp_rep/mowlcorp_2014.10.07_orig/files/c6907ef3-a626-4b34-a474-15a4563b7f29_ish_label.rdfs#E1.CRM_Entity>);98;31.1;0.6205787781350482;9829;104;0.6205787781350482;6009.0;120.0;0.7073954983922829;6569.0;89.0;0.6205787781350482;5262.0;109.0;1.0;0.6205787781350482;10056.0;131.0
ore_ont_5742.owl;SubClassOf(<file:/media/owl/Seagate%20Expansion%20Drive/mowlcorp_rep/mowlcorp_2014.10.07_orig/files/c6907ef3-a626-4b34-a474-15a4563b7f29_ish_label.rdfs#E33.Linguistic_Object> <file:/media/owl/Seagate%20Expansion%20Drive/mowlcorp_rep/mowlcorp_2014.10.07_orig/files/c6907ef3-a626-4b34-a474-15a4563b7f29_ish_label.rdfs#E73.Information_Object>);98;99.0;;3631;0;;3318.0;0.0;;3295.0;0.0;;3103.0;0.0;0.0;;3540.0;0.0
ore_ont_5742.owl;SubClassOf(<file:/media/owl/Seagate%20Expansion%20Drive/mowlcorp_rep/mowlcorp_2014.10.07_orig/files/c6907ef3-a626-4b34-a474-15a4563b7f29_ish_label.rdfs#E65.Creation> <file:/media/owl/Seagate%20Expansion%20Drive/mowlcorp_rep/mowlcorp_2014.10.07_orig/files/c6907ef3-a626-4b34-a474-15a4563b7f29_ish_label.rdfs#E63.Beginning_of_Existence>);98;49.3;;3354;0;;3346.0;0.0;;3154.0;0.0;;3347.0;0.0;0.0;;3300.0;0.0
ore_ont_6207.owl;SubClassOf(<http://purl.obolibrary.org/obo/ID_0000071> <http://purl.obolibrary.org/obo/ID_0000064>);281;41.2;;3310;0;;3378.0;0.0;;3502.0;0.0;;3510.0;0.0;0.0;;3311.0;0.0
ore_ont_6207.owl;SubClassOf(<http://purl.obolibrary.org/obo/ID_0000192> <http://purl.obolibrary.org/obo/ID_0000175>);281;32.0;;3348;0;;3178.0;0.0;;3311.0;0.0;;3130.0;0.0;0.0;;3534.0;0.0
ore_ont_6207.owl;SubClassOf(<http://purl.obolibrary.org/obo/ID_0000024> <http://purl.obolibrary.org/obo/ID_0000015>);281;17.200000000000003;;3381;0;;3295.0;0.0;;3263.0;0.0;;3166.0;0.0;0.0;;3122.0;0.0
ore_ont_6207.owl;SubClassOf(<http://purl.obolibrary.org/obo/ID_0000194> <http://purl.obolibrary.org/obo/ID_0000179>);281;35.3;;3147;0;;3142.0;0.0;;3071.0;0.0;;3630.0;0.0;0.0;;3591.0;0.0
ore_ont_6207.owl;SubClassOf(<http://purl.obolibrary.org/obo/ID_0000107> <http://purl.obolibrary.org/obo/ID_0000094>);281;58.5;;3438;0;;3912.0;0.0;;3146.0;0.0;;3116.0;0.0;0.0;;3132.0;0.0
ore_ont_6207.owl;SubClassOf(<http://purl.obolibrary.org/obo/ID_0000229> <http://purl.obolibrary.org/obo/ID_0000181>);281;32.0;;3115;0;;3657.0;0.0;;3631.0;0.0;;3564.0;0.0;0.0;;3294.0;0.0
ore_ont_6207.owl;SubClassOf(<http://purl.obolibrary.org/obo/ID_0000179> <http://purl.obolibrary.org/obo/ID_0000136>);281;20.2;;3555;0;;3331.0;0.0;;3254.0;0.0;;3614.0;0.0;0.0;;3608.0;0.0
ore_ont_6207.owl;SubClassOf(<http://purl.obolibrary.org/obo/ID_0000094> <http://purl.obolibrary.org/obo/ID_0000092>);281;40.3;;3323;0;;3316.0;0.0;;3525.0;0.0;;3465.0;0.0;0.0;;3344.0;0.0
ore_ont_6207.owl;SubClassOf(<http://purl.obolibrary.org/obo/ID_0000029> <http://purl.obolibrary.org/obo/ID_0000013>);281;16.0;;3172;0;;3511.0;0.0;;3448.0;0.0;;3370.0;0.0;0.0;;3460.0;0.0
ore_ont_6207.owl;SubClassOf(<http://purl.obolibrary.org/obo/ID_0000240> <http://purl.obolibrary.org/obo/ID_0000180>);281;31.399999999999995;;3303;0;;3334.0;0.0;;3143.0;0.0;;3339.0;0.0;0.0;;3390.0;0.0
ore_ont_5089.owl;SubClassOf(<http://www.sensocomune.org/ontologies/SensoComune.owl#Continuant> <http://www.sensocomune.org/ontologies/SensoComune.owl#Entity>);223;83.89999999999999;0.967818831942789;11884;139;0.967818831942789;6115.0;155.0;0.967818831942789;6137.0;145.0;1.0;5594.0;118.0;1.0;0.967818831942789;12855.0;119.0
ore_ont_5089.owl;SubClassOf(<http://www.sensocomune.org/ontologies/SensoComune.owl#Action> <http://www.sensocomune.org/ontologies/SensoComune.owl#Process>);223;160.29999999999998;;3324;0;;3406.0;0.0;;3414.0;0.0;;3241.0;0.0;0.0;;3372.0;0.0
ore_ont_5089.owl;SubClassOf(<http://www.absoluteiri.edu/RELAPPROXC113> <http://www.sensocomune.org/ontologies/SensoComune.owl#Action>);223;184.5;0.9392953929539297;15788;130;0.9392953929539297;6242.0;117.0;0.9392953929539297;6380.0;146.0;0.9392953929539297;5583.0;116.0;1.0;0.9392953929539297;17572.0;158.0
ore_ont_5089.owl;SubClassOf(<http://www.sensocomune.org/ontologies/SensoComune.owl#Continuant> <http://www.sensocomune.org/ontologies/SensoComune.owl#ConcreteEntity>);223;82.6;;3362;0;;3354.0;0.0;;3381.0;0.0;;3225.0;0.0;0.0;;3396.0;0.0
ore_ont_5089.owl;SubClassOf(<http://www.absoluteiri.edu/RELAPPROXC118> <http://www.sensocomune.org/ontologies/SensoComune.owl#Quale>);223;147.49999999999997;0.9444067796610172;11862;112;0.9389830508474576;5842.0;123.0;0.9444067796610172;5830.0;107.0;0.9389830508474576;5357.0;105.0;3.0;0.9444067796610172;12648.0;114.0
ore_ont_5089.owl;SubClassOf(<http://www.sensocomune.org/ontologies/SensoComune.owl#Quale> <http://www.sensocomune.org/ontologies/SensoComune.owl#Continuant>);223;127.0;;3061;0;;3266.0;0.0;;3412.0;0.0;;3344.0;0.0;0.0;;3094.0;0.0
ore_ont_5089.owl;SubClassOf(<http://www.sensocomune.org/ontologies/SensoComune.owl#Group> <http://www.sensocomune.org/ontologies/SensoComune.owl#Collection>);223;144.1;;3559;0;;3302.0;0.0;;3342.0;0.0;;3244.0;0.0;0.0;;3601.0;0.0
ore_ont_5089.owl;SubClassOf(<http://www.sensocomune.org/ontologies/SensoComune.owl#Process> <http://www.sensocomune.org/ontologies/SensoComune.owl#Occurrent>);223;139.49999999999997;0.9813620071684588;11900;133;0.9813620071684588;6268.0;129.0;0.9813620071684588;5845.0;148.0;0.9577060931899641;5449.0;121.0;1.0;0.9813620071684588;12784.0;120.0
ore_ont_5089.owl;SubClassOf(<http://www.sensocomune.org/ontologies/SensoComune.owl#Characterization> <http://www.sensocomune.org/ontologies/SensoComune.owl#AbstractEntity>);223;56.1;;3218;0;;3117.0;0.0;;3089.0;0.0;;3249.0;0.0;0.0;;3273.0;0.0
ore_ont_5089.owl;SubClassOf(<http://www.sensocomune.org/ontologies/SensoComune.owl#Quality> <http://www.sensocomune.org/ontologies/SensoComune.owl#Characterization>);223;87.4;;3213;0;;3248.0;0.0;;3336.0;0.0;;3293.0;0.0;0.0;;3309.0;0.0
ore_ont_11497.owl;SubClassOf(<http://purl.obolibrary.org/obo/XAO_1000002> <http://purl.obolibrary.org/obo/XAO_1000000>);279;308.7;0.9426627793974733;15867;169;0.6537091026886945;6363.0;155.0;0.9426627793974733;6472.0;136.0;0.7521865889212828;5411.0;121.0;2.0;0.9426627793974733;17547.0;181.0
ore_ont_11497.owl;SubClassOf(<http://purl.obolibrary.org/obo/XAO_1000001> <http://purl.obolibrary.org/obo/XAO_1000000>);279;402.4;0.9247017892644136;12311;193;0.6771868787276343;6344.0;185.0;0.9247017892644136;5850.0;229.0;0.9247017892644136;5707.0;145.0;2.0;0.9247017892644136;12962.0;131.0
ore_ont_11497.owl;SubClassOf(<http://purl.obolibrary.org/obo/XAO_1000001> <http://purl.obolibrary.org/obo/XAO_1000094>);279;283.3;;3138;0;;3539.0;0.0;;3378.0;0.0;;3444.0;0.0;0.0;;3245.0;0.0
ore_ont_11497.owl;SubClassOf(<http://purl.obolibrary.org/obo/XAO_1000006> <http://purl.obolibrary.org/obo/XAO_1000000>);279;297.8;0.9284754869039622;12083;166;0.6725990597716588;6167.0;185.0;0.9284754869039622;6196.0;145.0;0.6725990597716588;5541.0;223.0;3.0;0.9284754869039622;13236.0;135.0
ore_ont_11497.owl;SubClassOf(<http://purl.obolibrary.org/obo/XAO_1000089> <http://purl.obolibrary.org/obo/XAO_1000000>);279;264.20000000000005;0.9330052990158969;11906;202;0.8024224072672217;6440.0;164.0;0.9330052990158969;6281.0;156.0;0.8024224072672217;5495.0;120.0;2.0;0.9330052990158969;12742.0;127.0
ore_ont_11497.owl;SubClassOf(<http://purl.obolibrary.org/obo/XAO_1000083> <http://purl.obolibrary.org/obo/XAO_1000082>);279;366.3;;3138;0;;3504.0;0.0;;3376.0;0.0;;3442.0;0.0;0.0;;3196.0;0.0
ore_ont_11497.owl;SubClassOf(<http://purl.obolibrary.org/obo/XAO_1000005> <http://purl.obolibrary.org/obo/XAO_1000000>);279;309.4;0.9292178409825469;11895;117;0.6405946994182289;5798.0;148.0;0.9292178409825469;5893.0;141.0;0.9292178409825469;5633.0;218.0;2.0;0.9292178409825469;13052.0;184.0
ore_ont_11497.owl;SubClassOf(<http://purl.obolibrary.org/obo/XAO_1000004> <http://purl.obolibrary.org/obo/XAO_1000000>);279;221.3;0.9150474469046542;11994;128;0.6985991866244916;6050.0;132.0;0.9150474469046542;6213.0;135.0;0.6985991866244916;5475.0;155.0;3.0;0.9150474469046542;12769.0;171.0
ore_ont_11497.owl;SubClassOf(<http://purl.obolibrary.org/obo/XAO_1000080> <http://purl.obolibrary.org/obo/XAO_1000000>);279;309.6;0.6275839793281653;9730;164;0.6275839793281653;6374.0;173.0;1.0251937984496122;6408.0;239.0;0.7926356589147286;5623.0;215.0;1.0;0.6275839793281653;10389.0;143.0
ore_ont_11497.owl;SubClassOf(<http://purl.obolibrary.org/obo/XAO_1000091> <http://purl.obolibrary.org/obo/XAO_1000000>);279;377.0;1.0175066312997347;16003;150;0.9079575596816977;6402.0;124.0;1.0175066312997347;6239.0;146.0;1.0310344827586206;5322.0;132.0;2.0;1.0175066312997347;17289.0;149.0
ore_ont_16626.owl;SubClassOf(<http://purl.obolibrary.org/obo/PO_0007083> <http://purl.obolibrary.org/obo/PO_0007133>);313;62.4;;3129;0;;3226.0;0.0;;3286.0;0.0;;3430.0;0.0;0.0;;3174.0;0.0
ore_ont_16626.owl;SubClassOf(<http://purl.obolibrary.org/obo/PO_0001018> <http://purl.obolibrary.org/obo/PO_0001004>);313;37.9;;3431;0;;3238.0;0.0;;3231.0;0.0;;3286.0;0.0;0.0;;3401.0;0.0
ore_ont_16626.owl;SubClassOf(<http://purl.obolibrary.org/obo/PO_0007092> <http://purl.obolibrary.org/obo/PO_0007089>);313;62.1;;3424;0;;3346.0;0.0;;3234.0;0.0;;3609.0;0.0;0.0;;3375.0;0.0
ore_ont_16626.owl;SubClassOf(<http://purl.obolibrary.org/obo/PO_0007122> <http://purl.obolibrary.org/obo/PO_0007073>);313;40.6;;3281;0;;3159.0;0.0;;3212.0;0.0;;3227.0;0.0;0.0;;3259.0;0.0
ore_ont_16626.owl;SubClassOf(<http://purl.obolibrary.org/obo/PO_0001017> <http://purl.obolibrary.org/obo/PO_0001007>);313;39.4;;3178;0;;3359.0;0.0;;3655.0;0.0;;3348.0;0.0;0.0;;3552.0;0.0
ore_ont_16626.owl;SubClassOf(<http://purl.obolibrary.org/obo/PO_0007525> <http://purl.obolibrary.org/obo/PO_0007520>);313;15.1;;3177;0;;3192.0;0.0;;3085.0;0.0;;3148.0;0.0;0.0;;3278.0;0.0
ore_ont_16626.owl;SubClassOf(<http://purl.obolibrary.org/obo/PO_0007629> <http://purl.obolibrary.org/obo/PO_0007621>);313;55.8;;3464;0;;3389.0;0.0;;3268.0;0.0;;3163.0;0.0;0.0;;3155.0;0.0
ore_ont_16626.owl;SubClassOf(<http://purl.obolibrary.org/obo/PO_0007013> <http://purl.obolibrary.org/obo/PO_0007014>);313;79.00000000000001;;3457;0;;3230.0;0.0;;3258.0;0.0;;3230.0;0.0;0.0;;3216.0;0.0
ore_ont_16626.owl;SubClassOf(<http://purl.obolibrary.org/obo/PO_0025377> <http://purl.obolibrary.org/obo/PO_0007631>);313;50.1;;3268;0;;3455.0;0.0;;3311.0;0.0;;3216.0;0.0;0.0;;3298.0;0.0
ore_ont_16626.owl;SubClassOf(<http://purl.obolibrary.org/obo/PO_0007600> <http://purl.obolibrary.org/obo/PO_0009012>);313;70.9;0.6473906911142454;35080;131;0.2863187588152327;7669.0;157.0;0.6473906911142454;8089.0;138.0;0.44569816643159377;5472.0;146.0;2.0;0.6473906911142454;39077.0;222.0
ore_ont_11639.owl;SubClassOf(<http://cbmi.med.harvard.edu/asdphenotype#Class_386> <http://cbmi.med.harvard.edu/asdphenotype#Class_385>);283;13.900000000000002;;3248;0;;3205.0;0.0;;3441.0;0.0;;3362.0;0.0;0.0;;3260.0;0.0
ore_ont_11639.owl;SubClassOf(<http://cbmi.med.harvard.edu/asdphenotype#Class_665> <http://cbmi.med.harvard.edu/asdphenotype#Class_406>);283;13.3;;3413;0;;3309.0;0.0;;3331.0;0.0;;3233.0;0.0;0.0;;3174.0;0.0
ore_ont_11639.owl;SubClassOf(<http://cbmi.med.harvard.edu/asdphenotype#Class_517> <http://cbmi.med.harvard.edu/asdphenotype#Class_365>);283;28.9;0.5709342560553633;11745;145;0.28373702422145325;6214.0;143.0;0.5709342560553633;5945.0;120.0;0.28373702422145325;5414.0;125.0;2.0;0.5709342560553633;12965.0;130.0
ore_ont_11639.owl;SubClassOf(<http://cbmi.med.harvard.edu/asdphenotype#Class_452> <http://cbmi.med.harvard.edu/asdphenotype#Class_455>);283;24.8;;3238;0;;3621.0;0.0;;3448.0;0.0;;3486.0;0.0;0.0;;3175.0;0.0
ore_ont_11639.owl;SubClassOf(<http://cbmi.med.harvard.edu/asdphenotype#Class_156> <http://cbmi.med.harvard.edu/asdphenotype#Class_152>);283;6.8;;3325;0;;3305.0;0.0;;3394.0;0.0;;3062.0;0.0;0.0;;3589.0;0.0
ore_ont_11639.owl;SubClassOf(<http://cbmi.med.harvard.edu/asdphenotype#Class_30> <http://cbmi.med.harvard.edu/asdphenotype#Class_155>);283;13.0;;3436;0;;3222.0;0.0;;3218.0;0.0;;3349.0;0.0;0.0;;3255.0;0.0
ore_ont_11639.owl;SubClassOf(<http://cbmi.med.harvard.edu/asdphenotype#Class_365> <http://cbmi.med.harvard.edu/asdphenotype#Class_154>);283;6.5;;3219;0;;3343.0;0.0;;3306.0;0.0;;3337.0;0.0;0.0;;3230.0;0.0
ore_ont_11639.owl;SubClassOf(<http://cbmi.med.harvard.edu/asdphenotype#Class_384> <http://cbmi.med.harvard.edu/asdphenotype#Class_148>);283;13.6;;3402;0;;3332.0;0.0;;3309.0;0.0;;3196.0;0.0;0.0;;3433.0;0.0
ore_ont_11639.owl;SubClassOf(<http://cbmi.med.harvard.edu/asdphenotype#Class_176> <http://cbmi.med.harvard.edu/asdphenotype#Class_156>);283;13.6;;3383;0;;3346.0;0.0;;3131.0;0.0;;3415.0;0.0;0.0;;3257.0;0.0
ore_ont_11639.owl;SubClassOf(<http://cbmi.med.harvard.edu/asdphenotype#Class_519> <http://cbmi.med.harvard.edu/asdphenotype#Class_517>);283;39.7;;3217;0;;3186.0;0.0;;3257.0;0.0;;3285.0;0.0;0.0;;3215.0;0.0
ore_ont_4767.owl;SubClassOf(<http://purl.obolibrary.org/obo/UO_0000001> <http://purl.obolibrary.org/obo/UO_0000045>);347;44.0;;3081;0;;3299.0;0.0;;3355.0;0.0;;3293.0;0.0;0.0;;3191.0;0.0
ore_ont_4767.owl;SubClassOf(<http://purl.obolibrary.org/obo/UO_0000023> <http://purl.obolibrary.org/obo/UO_0000002>);347;69.7;;3230;0;;3253.0;0.0;;3171.0;0.0;;3211.0;0.0;0.0;;3544.0;0.0
ore_ont_4767.owl;SubClassOf(<http://purl.obolibrary.org/obo/UO_0000173> <http://purl.obolibrary.org/obo/UO_0000052>);347;114.2;;3276;0;;3288.0;0.0;;3138.0;0.0;;3394.0;0.0;0.0;;3423.0;0.0
ore_ont_4767.owl;SubClassOf(<http://purl.obolibrary.org/obo/UO_0000166> <http://purl.obolibrary.org/obo/UO_0000051>);347;112.9;;3234;0;;3210.0;0.0;;3377.0;0.0;;3487.0;0.0;0.0;;3351.0;0.0
ore_ont_4767.owl;SubClassOf(<http://purl.obolibrary.org/obo/UO_0000096> <http://purl.obolibrary.org/obo/UO_0000095>);347;78.4;;3184;0;;3583.0;0.0;;3533.0;0.0;;3436.0;0.0;0.0;;3431.0;0.0
ore_ont_4767.owl;SubClassOf(<http://purl.obolibrary.org/obo/UO_0000250> <http://purl.obolibrary.org/obo/UO_0000217>);347;77.5;;3206;0;;3141.0;0.0;;3128.0;0.0;;3158.0;0.0;0.0;;3221.0;0.0
ore_ont_4767.owl;SubClassOf(<http://purl.obolibrary.org/obo/UO_0000151> <http://purl.obolibrary.org/obo/UO_0000149>);347;77.8;;3189;0;;3251.0;0.0;;3244.0;0.0;;3275.0;0.0;0.0;;3354.0;0.0
ore_ont_4767.owl;SubClassOf(<http://purl.obolibrary.org/obo/UO_0000133> <http://purl.obolibrary.org/obo/UO_0000128>);347;114.5;;3428;0;;3066.0;0.0;;3142.0;0.0;;3322.0;0.0;0.0;;3322.0;0.0
ore_ont_4767.owl;SubClassOf(<http://purl.obolibrary.org/obo/UO_0000020> <http://purl.obolibrary.org/obo/UO_0000001>);347;69.1;;3390;0;;3274.0;0.0;;3284.0;0.0;;3313.0;0.0;0.0;;3301.0;0.0
ore_ont_4767.owl;SubClassOf(<http://purl.obolibrary.org/obo/UO_0000051> <http://purl.obolibrary.org/obo/UO_0000046>);347;52.4;;3317;0;;3251.0;0.0;;3314.0;0.0;;3204.0;0.0;0.0;;3222.0;0.0
ore_ont_2753.owl;SubClassOf(<http://purl.obolibrary.org/obo/AEO_0000125> <http://purl.obolibrary.org/obo/CARO_0000003>);366;217.7;;3380;0;;3235.0;0.0;;3575.0;0.0;;3487.0;0.0;0.0;;3408.0;0.0
ore_ont_2753.owl;SubClassOf(<http://purl.obolibrary.org/obo/AEO_0001008> <http://purl.obolibrary.org/obo/CARO_0000066>);366;141.79999999999998;0.9287729196050776;11886;125;0.8561354019746122;6116.0;161.0;0.9287729196050776;6136.0;140.0;0.9287729196050776;5700.0;153.0;2.0;0.9287729196050776;13098.0;168.0
ore_ont_2753.owl;SubClassOf(<http://purl.obolibrary.org/obo/CL_0000075> <http://purl.obolibrary.org/obo/CL_0002371>);366;204.0;;3371;0;;3263.0;0.0;;3444.0;0.0;;3465.0;0.0;0.0;;3497.0;0.0
ore_ont_2753.owl;SubClassOf(<http://purl.obolibrary.org/obo/CL_0000071> <http://purl.obolibrary.org/obo/CL_0000066>);366;113.7;0.7651715039577837;11919;155;0.8786279683377309;6060.0;132.0;0.7651715039577837;6196.0;148.0;0.8786279683377309;5744.0;157.0;2.0;0.7651715039577837;13220.0;156.0
ore_ont_2753.owl;SubClassOf(<http://purl.obolibrary.org/obo/AEO_0000168> <http://purl.obolibrary.org/obo/CARO_0000003>);366;300.0;0.369;16130;141;0.709;6163.0;201.0;0.369;6636.0;180.0;0.709;5386.0;265.0;1.0;0.369;18240.0;225.0
ore_ont_2753.owl;SubClassOf(<http://purl.obolibrary.org/obo/CARO_0000066> <http://purl.obolibrary.org/obo/CARO_0000043>);366;216.5;;3270;0;;3081.0;0.0;;3179.0;0.0;;3248.0;0.0;0.0;;3263.0;0.0
ore_ont_2753.owl;SubClassOf(<http://purl.obolibrary.org/obo/CL_0000075> <http://purl.obolibrary.org/obo/CL_0000066>);366;117.0;;3168;0;;3635.0;0.0;;3225.0;0.0;;3212.0;0.0;0.0;;3163.0;0.0
ore_ont_2753.owl;SubClassOf(<http://purl.obolibrary.org/obo/CL_0002371> <http://purl.obolibrary.org/obo/CL_0000144>);366;223.2;;3262;0;;3270.0;0.0;;3188.0;0.0;;3264.0;0.0;0.0;;3649.0;0.0
ore_ont_2753.owl;SubClassOf(<http://purl.obolibrary.org/obo/AEO_0000083> <http://purl.obolibrary.org/obo/CARO_0000055>);366;247.8;0.9596448748991122;11835;166;0.9051654560129136;6009.0;200.0;0.9596448748991122;5877.0;190.0;0.9051654560129136;5485.0;153.0;3.0;0.9596448748991122;13034.0;126.0
ore_ont_2753.owl;SubClassOf(<http://purl.obolibrary.org/obo/AEO_0000148> <http://purl.obolibrary.org/obo/AEO_0000125>);366;352.2;1.0;12249;163;0.9886428165814878;6051.0;236.0;1.0;6242.0;151.0;0.9886428165814878;5315.0;154.0;1.0;1.0;12751.0;185.0
ore_ont_13053.owl;SubClassOf(<http://purl.obolibrary.org/obo/VariO_0312> <http://purl.obolibrary.org/obo/VariO_0328>);399;28.7;;3409;0;;3406.0;0.0;;3058.0;0.0;;3645.0;0.0;0.0;;3390.0;0.0
ore_ont_13053.owl;SubClassOf(<http://purl.obolibrary.org/obo/VariO_0257> <http://purl.obolibrary.org/obo/VariO_0238>);399;62.5;;3253;0;;3589.0;0.0;;3429.0;0.0;;3505.0;0.0;0.0;;3492.0;0.0
ore_ont_13053.owl;SubClassOf(<http://purl.obolibrary.org/obo/VariO_0180> <http://purl.obolibrary.org/obo/VariO_0155>);399;32.8;0.4420731707317073;11844;204;0.6585365853658538;6262.0;188.0;0.4420731707317073;6128.0;206.0;0.6585365853658538;5354.0;108.0;3.0;0.4420731707317073;12420.0;125.0
ore_ont_13053.owl;SubClassOf(<http://purl.obolibrary.org/obo/VariO_0102> <http://purl.obolibrary.org/obo/VariO_0089>);399;87.69999999999999;;3610;0;;3338.0;0.0;;3266.0;0.0;;3138.0;0.0;0.0;;3593.0;0.0
ore_ont_13053.owl;SubClassOf(<http://purl.obolibrary.org/obo/VariO_0089> <http://purl.obolibrary.org/obo/VariO_0070>);399;66.3;0.48868778280542996;11785;156;0.7058823529411764;6127.0;129.0;0.48868778280542996;6047.0;142.0;0.7058823529411764;5459.0;159.0;1.0;0.48868778280542996;12892.0;154.0
ore_ont_13053.owl;SubClassOf(<http://purl.obolibrary.org/obo/VariO_0183> <http://purl.obolibrary.org/obo/VariO_0180>);399;45.39999999999999;;3206;0;;3155.0;0.0;;3219.0;0.0;;3309.0;0.0;0.0;;3192.0;0.0
ore_ont_13053.owl;SubClassOf(<http://purl.obolibrary.org/obo/VariO_0344> <http://purl.obolibrary.org/obo/VariO_0298>);399;32.2;0.43167701863354035;11670;128;0.670807453416149;5869.0;154.0;0.43167701863354035;5772.0;134.0;0.670807453416149;5255.0;131.0;1.0;0.43167701863354035;12510.0;136.0
ore_ont_13053.owl;SubClassOf(<http://purl.obolibrary.org/obo/VariO_0218> <http://purl.obolibrary.org/obo/VariO_0215>);399;30.2;;3237;0;;3267.0;0.0;;3101.0;0.0;;3550.0;0.0;0.0;;3194.0;0.0
ore_ont_13053.owl;SubClassOf(<http://purl.obolibrary.org/obo/VariO_0053> <http://purl.obolibrary.org/obo/VariO_0032>);399;19.6;;3241;0;;3127.0;0.0;;3211.0;0.0;;3223.0;0.0;0.0;;3343.0;0.0
ore_ont_13053.owl;SubClassOf(<http://purl.obolibrary.org/obo/VariO_0005> <http://purl.obolibrary.org/obo/VariO_0003>);399;18.1;;3144;0;;3326.0;0.0;;3184.0;0.0;;3272.0;0.0;0.0;;3149.0;0.0
ore_ont_11010.owl;SubClassOf(<http://purl.obolibrary.org/obo/AEO_0000125> <http://purl.obolibrary.org/obo/CARO_0000003>);372;73.4;;3233;0;;3248.0;0.0;;3074.0;0.0;;3172.0;0.0;0.0;;3163.0;0.0
ore_ont_11010.owl;SubClassOf(<http://purl.obolibrary.org/obo/AEO_0001008> <http://purl.obolibrary.org/obo/CARO_0000066>);372;155.29999999999998;0.9349645846748229;11631;140;0.8686413393432069;5852.0;133.0;0.9349645846748229;5922.0;170.0;0.9349645846748229;5231.0;142.0;2.0;0.9349645846748229;12621.0;162.0
ore_ont_11010.owl;SubClassOf(<http://purl.obolibrary.org/obo/CL_0000075> <http://purl.obolibrary.org/obo/CL_0002371>);372;170.29999999999998;;3247;0;;3308.0;0.0;;3103.0;0.0;;3651.0;0.0;0.0;;3180.0;0.0
ore_ont_11010.owl;SubClassOf(<http://purl.obolibrary.org/obo/AEO_0000168> <http://purl.obolibrary.org/obo/CARO_0000003>);372;275.3;0.4268071195059934;15844;196;0.7355612059571376;5989.0;176.0;0.4268071195059934;6340.0;118.0;0.7355612059571376;5678.0;170.0;2.0;0.4268071195059934;17984.0;169.0
ore_ont_11010.owl;SubClassOf(<http://purl.obolibrary.org/obo/CARO_0000066> <http://purl.obolibrary.org/obo/CARO_0000043>);372;99.5;;3461;0;;3253.0;0.0;;3249.0;0.0;;3053.0;0.0;0.0;;3570.0;0.0
ore_ont_11010.owl;SubClassOf(<http://purl.obolibrary.org/obo/CL_0000075> <http://purl.obolibrary.org/obo/CL_0000066>);372;201.6;;3566;0;;3168.0;0.0;;3220.0;0.0;;3236.0;0.0;0.0;;3715.0;0.0
ore_ont_11010.owl;SubClassOf(<http://purl.obolibrary.org/obo/CL_0000327> <http://purl.obolibrary.org/obo/CL_0002320>);372;309.6000000000001;0.9263565891472866;11972;118;0.9651162790697673;5990.0;152.0;0.9263565891472866;6206.0;170.0;0.9651162790697673;5537.0;189.0;1.0;0.9263565891472866;13100.0;163.0
ore_ont_11010.owl;SubClassOf(<http://purl.obolibrary.org/obo/CL_0002371> <http://purl.obolibrary.org/obo/CL_0000144>);372;136.0;;3234;0;;3431.0;0.0;;3216.0;0.0;;3491.0;0.0;0.0;;3386.0;0.0
ore_ont_11010.owl;SubClassOf(<http://purl.obolibrary.org/obo/AEO_0000083> <http://purl.obolibrary.org/obo/CARO_0000055>);372;120.2;0.8768718801996672;11773;196;0.7645590682196339;6251.0;184.0;0.8768718801996672;6058.0;194.0;0.7645590682196339;5455.0;147.0;1.0;0.8768718801996672;12827.0;194.0
ore_ont_11010.owl;SubClassOf(<http://purl.obolibrary.org/obo/AEO_0000148> <http://purl.obolibrary.org/obo/AEO_0000125>);372;384.8;1.0;11871;161;0.988045738045738;6224.0;177.0;1.0;6043.0;166.0;0.988045738045738;5417.0;178.0;1.0;1.0;12856.0;216.0
ore_ont_7576.owl;SubClassOf(<http://purl.obolibrary.org/obo/SP_0000309> <http://purl.obolibrary.org/obo/SP_0000220>);422;44.5;;3347;0;;3117.0;0.0;;3467.0;0.0;;3324.0;0.0;0.0;;3411.0;0.0
ore_ont_7576.owl;SubClassOf(<http://purl.obolibrary.org/obo/SP_0000293> <http://purl.obolibrary.org/obo/SP_0000188>);422;13.2;;3170;0;;3308.0;0.0;;3240.0;0.0;;3131.0;0.0;0.0;;3155.0;0.0
ore_ont_7576.owl;SubClassOf(<http://purl.obolibrary.org/obo/SP_0000385> <http://purl.obolibrary.org/obo/SP_0000019>);422;26.9;;3224;0;;3198.0;0.0;;3176.0;0.0;;3163.0;0.0;0.0;;3245.0;0.0
ore_ont_7576.owl;SubClassOf(<http://purl.obolibrary.org/obo/SP_0000058> <http://purl.obolibrary.org/obo/SP_0000038>);422;24.200000000000003;;3233;0;;3124.0;0.0;;3209.0;0.0;;3275.0;0.0;0.0;;3236.0;0.0
ore_ont_7576.owl;SubClassOf(<http://purl.obolibrary.org/obo/SP_0000019> <http://purl.obolibrary.org/obo/SP_0001000>);422;14.1;;3099;0;;3398.0;0.0;;3312.0;0.0;;3331.0;0.0;0.0;;3230.0;0.0
ore_ont_7576.owl;SubClassOf(<http://purl.obolibrary.org/obo/SP_0000065> <http://purl.obolibrary.org/obo/SP_0000058>);422;39.1;;3281;0;;3321.0;0.0;;3354.0;0.0;;3136.0;0.0;0.0;;3637.0;0.0
ore_ont_7576.owl;SubClassOf(<http://purl.obolibrary.org/obo/SP_0000282> <http://purl.obolibrary.org/obo/SP_0000185>);422;23.6;;3271;0;;3190.0;0.0;;3075.0;0.0;;3559.0;0.0;0.0;;3208.0;0.0
ore_ont_7576.owl;SubClassOf(<http://purl.obolibrary.org/obo/SP_0000353> <http://purl.obolibrary.org/obo/SP_0000012>);422;27.6;0.7789855072463767;11854;188;0.6920289855072463;6034.0;185.0;0.7789855072463767;5947.0;171.0;0.7789855072463767;5361.0;185.0;2.0;0.7789855072463767;13113.0;174.0
ore_ont_7576.owl;SubClassOf(<http://purl.obolibrary.org/obo/SP_0000231> <http://purl.obolibrary.org/obo/SP_0000211>);422;94.3;;3291;0;;3307.0;0.0;;3139.0;0.0;;3529.0;0.0;0.0;;3207.0;0.0
ore_ont_7576.owl;SubClassOf(<http://purl.obolibrary.org/obo/SP_0000361> <http://purl.obolibrary.org/obo/SP_0000353>);422;40.6;;3285;0;;3271.0;0.0;;3598.0;0.0;;3686.0;0.0;0.0;;3601.0;0.0
ore_ont_14518.owl;SubClassOf(<http://purl.obolibrary.org/obo/DDANAT_0000016> <http://purl.obolibrary.org/obo/DDANAT_0010085>);347;275.1;0.6870229007633587;11891;241;0.8124318429661941;6654.0;230.0;0.6870229007633587;6085.0;246.0;0.6870229007633587;5553.0;269.0;1.0;0.6870229007633587;13307.0;309.0
ore_ont_14518.owl;SubClassOf(<http://purl.obolibrary.org/obo/DDANAT_0000004> <http://purl.obolibrary.org/obo/DDANAT_0010082>);347;267.40000000000003;;3465;0;;3505.0;0.0;;3321.0;0.0;;3233.0;0.0;0.0;;3614.0;0.0
ore_ont_14518.owl;SubClassOf(<http://purl.obolibrary.org/obo/DDANAT_0000047> <http://purl.obolibrary.org/obo/DDANAT_0000096>);347;350.2;;3345;0;;3226.0;0.0;;3055.0;0.0;;3059.0;0.0;0.0;;3284.0;0.0
ore_ont_14518.owl;SubClassOf(<http://purl.obolibrary.org/obo/DDANAT_0000005> <http://purl.obolibrary.org/obo/DDANAT_0010082>);347;259.90000000000003;;3156;0;;3062.0;0.0;;3177.0;0.0;;3178.0;0.0;0.0;;3213.0;0.0
ore_ont_14518.owl;SubClassOf(<http://purl.obolibrary.org/obo/DDANAT_0000016> <http://purl.obolibrary.org/obo/DDANAT_0000087>);347;371.6;;3139;0;;3331.0;0.0;;3361.0;0.0;;3212.0;0.0;0.0;;3218.0;0.0
ore_ont_14518.owl;SubClassOf(<http://purl.obolibrary.org/obo/DDANAT_0000007> <http://purl.obolibrary.org/obo/DDANAT_0010082>);347;191.6;;3246;0;;3412.0;0.0;;3486.0;0.0;;3433.0;0.0;0.0;;3452.0;0.0
ore_ont_14518.owl;SubClassOf(<http://purl.obolibrary.org/obo/DDANAT_0000405> <http://purl.obolibrary.org/obo/DDANAT_0000401>);347;251.50000000000003;;3371;0;;3232.0;0.0;;3588.0;0.0;;3473.0;0.0;0.0;;3440.0;0.0
ore_ont_14518.owl;SubClassOf(<http://purl.obolibrary.org/obo/DDANAT_0000041> <http://purl.obolibrary.org/obo/DDANAT_0010085>);347;211.90000000000003;0.9504483246814536;12036;159;0.9886739027843321;6251.0;235.0;0.9504483246814536;6435.0;155.0;0.9886739027843321;5382.0;230.0;2.0;0.9504483246814536;13045.0;258.0
ore_ont_14518.owl;SubClassOf(<http://purl.obolibrary.org/obo/DDANAT_0000004> <http://purl.obolibrary.org/obo/DDANAT_0010001>);347;257.6;0.8815993788819874;12103;258;0.8928571428571428;6576.0;140.0;0.8815993788819874;6067.0;228.0;0.8928571428571428;5626.0;243.0;3.0;0.8815993788819874;13470.0;222.0
ore_ont_14518.owl;SubClassOf(<http://purl.obolibrary.org/obo/DDANAT_0000019> <http://purl.obolibrary.org/obo/DDANAT_0000087>);347;244.9;;3530;0;;3074.0;0.0;;3631.0;0.0;;3653.0;0.0;0.0;;3563.0;0.0
ore_ont_10516.owl;SubClassOf(<http://purl.obolibrary.org/obo/OPL_0000038> <http://purl.obolibrary.org/obo/NCBITaxon_6183>);462;120.4;;3642;0;;3310.0;0.0;;3334.0;0.0;;3327.0;0.0;0.0;;3632.0;0.0
ore_ont_10516.owl;SubClassOf(<http://purl.obolibrary.org/obo/OPL_0000027> <http://purl.obolibrary.org/obo/CARO_0000003>);462;171.3;0.8021015761821366;11904;295;0.6409807355516637;6788.0;267.0;0.8021015761821366;5992.0;259.0;0.6409807355516637;5790.0;246.0;1.0;0.8021015761821366;13088.0;174.0
ore_ont_10516.owl;SubClassOf(<http://purl.obolibrary.org/obo/OPL_0000146> <http://purl.obolibrary.org/obo/NCBITaxon_5833>);462;121.3;;3054;0;;3151.0;0.0;;3122.0;0.0;;3176.0;0.0;0.0;;3076.0;0.0
ore_ont_10516.owl;SubClassOf(<http://purl.obolibrary.org/obo/OPL_0000171> <http://purl.obolibrary.org/obo/snap#_Role>);462;179.7;0.984974958263773;11945;213;0.9749582637729549;6059.0;248.0;0.984974958263773;6043.0;220.0;0.9749582637729549;5534.0;228.0;1.0;0.984974958263773;13217.0;238.0
ore_ont_10516.owl;SubClassOf(<http://purl.obolibrary.org/obo/OPL_0000032> <http://purl.obolibrary.org/obo/UBERON_0001045>);462;176.29999999999998;;3548;0;;3390.0;0.0;;3395.0;0.0;;3592.0;0.0;0.0;;3628.0;0.0
ore_ont_10516.owl;SubClassOf(<http://purl.obolibrary.org/obo/OPL_0000077> <http://purl.obolibrary.org/obo/NCBITaxon_6182>);462;177.29999999999998;;3282;0;;3650.0;0.0;;3374.0;0.0;;3374.0;0.0;0.0;;3076.0;0.0
ore_ont_10516.owl;SubClassOf(<http://purl.obolibrary.org/obo/OPL_0000158> <http://purl.obolibrary.org/obo/OPL_0000165>);462;139.5;;3600;0;;3432.0;0.0;;3293.0;0.0;;3478.0;0.0;0.0;;3647.0;0.0
ore_ont_10516.owl;SubClassOf(<http://purl.obolibrary.org/obo/OPL_0000165> <http://purl.obolibrary.org/obo/OPL_0000181>);462;104.49999999999996;;3482;0;;3299.0;0.0;;3493.0;0.0;;3460.0;0.0;0.0;;3249.0;0.0
ore_ont_10516.owl;SubClassOf(<http://purl.obolibrary.org/obo/OPL_0000178> <http://purl.obolibrary.org/obo/NCBITaxon_6185>);462;218.5;;3304;0;;3311.0;0.0;;3307.0;0.0;;3168.0;0.0;0.0;;3344.0;0.0
ore_ont_10516.owl;SubClassOf(<http://purl.obolibrary.org/obo/OPL_0000032> <http://purl.obolibrary.org/obo/CARO_0000003>);462;144.2;0.5693481276005549;11871;209;0.731622746185853;6380.0;179.0;0.5693481276005549;5980.0;218.0;0.5693481276005549;5339.0;292.0;3.0;0.5693481276005549;13199.0;276.0
ore_ont_13301.owl;SubClassOf(<http://purl.obolibrary.org/obo/NCBITaxon_435447> <http://purl.obolibrary.org/obo/NCBITaxon_435434>);436;2960.5999999999995;;3232;0;;3227.0;0.0;;3229.0;0.0;;3233.0;0.0;0.0;;3397.0;0.0
ore_ont_13301.owl;SubClassOf(<http://purl.obolibrary.org/obo/NCBITaxon_435434> <http://purl.obolibrary.org/obo/NCBITaxon_435433>);436;2675.2;;3276;0;;3153.0;0.0;;3152.0;0.0;;3259.0;0.0;0.0;;3194.0;0.0
ore_ont_13301.owl;SubClassOf(<http://purl.obolibrary.org/obo/NCBITaxon_318696> <http://purl.obolibrary.org/obo/NCBITaxon_7372>);436;2662.0;;3172;0;;3323.0;0.0;;3413.0;0.0;;3248.0;0.0;0.0;;3083.0;0.0
ore_ont_13301.owl;SubClassOf(<http://purl.obolibrary.org/obo/NCBITaxon_367292> <http://purl.obolibrary.org/obo/NCBITaxon_7374>);436;2659.3;;3364;0;;3359.0;0.0;;3168.0;0.0;;3217.0;0.0;0.0;;3101.0;0.0
ore_ont_13301.owl;SubClassOf(<http://purl.obolibrary.org/obo/NCBITaxon_143287> <http://purl.obolibrary.org/obo/NCBITaxon_10140>);436;1976.6;;3186;0;;3073.0;0.0;;3355.0;0.0;;3342.0;0.0;0.0;;3237.0;0.0
ore_ont_13301.owl;SubClassOf(<http://purl.obolibrary.org/obo/p11#_birnlex_189> <http://purl.obolibrary.org/obo/NCBITaxon_10090>);436;2668.3;;3157;0;;3421.0;0.0;;3264.0;0.0;;3218.0;0.0;0.0;;3120.0;0.0
ore_ont_13301.owl;SubClassOf(<http://purl.obolibrary.org/obo/NCBITaxon_7372> <http://purl.obolibrary.org/obo/NCBITaxon_43912>);436;2408.9;;3387;0;;3141.0;0.0;;3292.0;0.0;;3239.0;0.0;0.0;;3404.0;0.0
ore_ont_13301.owl;SubClassOf(<http://purl.obolibrary.org/obo/NCBITaxon_7372> <http://purl.obolibrary.org/obo/NCBITaxon_7371>);436;2426.4;0.8090586877678865;11764;191;0.9020359380151663;6077.0;196.0;0.8090586877678865;5808.0;184.0;0.9020359380151663;5352.0;209.0;1.0;0.8090586877678865;12745.0;211.0
ore_ont_13301.owl;SubClassOf(<http://purl.obolibrary.org/obo/NCBITaxon_435434> <http://purl.obolibrary.org/obo/NCBITaxon_10114>);436;2699.8;0.810319282909845;11620;237;0.9029928142825394;6176.0;226.0;0.810319282909845;5992.0;215.0;0.9029928142825394;5438.0;228.0;1.0;0.810319282909845;13176.0;194.0
ore_ont_13301.owl;SubClassOf(<http://purl.obolibrary.org/obo/NCBITaxon_81419> <http://purl.obolibrary.org/obo/NCBITaxon_45449>);436;2923.1000000000004;;3131;0;;3259.0;0.0;;3304.0;0.0;;3209.0;0.0;0.0;;3190.0;0.0
ore_ont_15068.owl;SubClassOf(<http://biomanta.sourceforge.net/2007/10/ncbi_taxo.owl#ncbi_taxo_9825> <http://biomanta.sourceforge.net/2007/10/ncbi_taxo.owl#ncbi_taxo_9823>);377;38.8;;3295;0;;3394.0;0.0;;3193.0;0.0;;3455.0;0.0;0.0;;3561.0;0.0
ore_ont_15068.owl;SubClassOf(<http://biomanta.sourceforge.net/2007/10/ncbi_taxo.owl#ncbi_taxo_400035> <http://biomanta.sourceforge.net/2007/10/ncbi_taxo.owl#ncbi_taxo_9031>);377;37.6;;3261;0;;3211.0;0.0;;3476.0;0.0;;3290.0;0.0;0.0;;3426.0;0.0
ore_ont_15068.owl;SubClassOf(<http://biomanta.sourceforge.net/2007/10/ncbi_taxo.owl#ncbi_taxo_468558> <http://biomanta.sourceforge.net/2007/10/ncbi_taxo.owl#ncbi_taxo_4932>);377;38.8;;3198;0;;3390.0;0.0;;3363.0;0.0;;3272.0;0.0;0.0;;3143.0;0.0
ore_ont_15068.owl;SubClassOf(<http://biomanta.sourceforge.net/2007/10/ncbi_taxo.owl#ncbi_taxo_93385> <http://biomanta.sourceforge.net/2007/10/ncbi_taxo.owl#ncbi_taxo_3711>);377;38.2;;3421;0;;3334.0;0.0;;3378.0;0.0;;3136.0;0.0;0.0;;3116.0;0.0
ore_ont_15068.owl;SubClassOf(<http://biomanta.sourceforge.net/2007/10/ncbi_taxo.owl#ncbi_taxo_112250> <http://biomanta.sourceforge.net/2007/10/ncbi_taxo.owl#ncbi_taxo_4754>);377;37.900000000000006;;3149;0;;3172.0;0.0;;3581.0;0.0;;3111.0;0.0;0.0;;3247.0;0.0
ore_ont_15068.owl;SubClassOf(<http://biomanta.sourceforge.net/2007/10/ncbi_taxo.owl#ncbi_taxo_208196> <http://biomanta.sourceforge.net/2007/10/ncbi_taxo.owl#ncbi_taxo_208194>);377;59.00000000000001;;3179;0;;3252.0;0.0;;3229.0;0.0;;3197.0;0.0;0.0;;3191.0;0.0
ore_ont_15068.owl;SubClassOf(<http://biomanta.sourceforge.net/2007/10/ncbi_taxo.owl#ncbi_taxo_41122> <http://biomanta.sourceforge.net/2007/10/ncbi_taxo.owl#ncbi_taxo_5085>);377;37.6;;3247;0;;3135.0;0.0;;3312.0;0.0;;3247.0;0.0;0.0;;3547.0;0.0
ore_ont_15068.owl;SubClassOf(<http://biomanta.sourceforge.net/2007/10/ncbi_taxo.owl#ncbi_taxo_116058> <http://biomanta.sourceforge.net/2007/10/ncbi_taxo.owl#ncbi_taxo_10090>);377;39.1;;3356;0;;3242.0;0.0;;3159.0;0.0;;3319.0;0.0;0.0;;3227.0;0.0
ore_ont_15068.owl;SubClassOf(<http://biomanta.sourceforge.net/2007/10/ncbi_taxo.owl#ncbi_taxo_175564> <http://biomanta.sourceforge.net/2007/10/ncbi_taxo.owl#ncbi_taxo_5911>);377;37.6;;3215;0;;3124.0;0.0;;3237.0;0.0;;3226.0;0.0;0.0;;3328.0;0.0
ore_ont_15068.owl;SubClassOf(<http://biomanta.sourceforge.net/2007/10/ncbi_taxo.owl#ncbi_taxo_10090> <http://biomanta.sourceforge.net/2007/10/ncbi_taxo.owl#ncbi_taxo_2759>);377;33.0;0.5242424242424243;11689;171;0.12424242424242424;5872.0;171.0;0.5242424242424243;5796.0;169.0;0.12424242424242424;5310.0;237.0;1.0;0.5242424242424243;13080.0;196.0
ore_ont_3418.owl;SubClassOf(<http://purl.obolibrary.org/obo/PI_00371> <http://purl.obolibrary.org/obo/PI_00153>);528;96.6;;3318;0;;3194.0;0.0;;3369.0;0.0;;3518.0;0.0;0.0;;3549.0;0.0
ore_ont_3418.owl;SubClassOf(<http://purl.obolibrary.org/obo/PI_00371> <http://purl.obolibrary.org/obo/PI_00143>);528;90.4;;3385;0;;3472.0;0.0;;3259.0;0.0;;3336.0;0.0;0.0;;3304.0;0.0
ore_ont_3418.owl;SubClassOf(<http://purl.obolibrary.org/obo/PI_00272> <http://purl.obolibrary.org/obo/PI_00180>);528;15.2;;3617;0;;3553.0;0.0;;3557.0;0.0;;3383.0;0.0;0.0;;3389.0;0.0
ore_ont_3418.owl;SubClassOf(<http://purl.obolibrary.org/obo/PI_00371> <http://purl.obolibrary.org/obo/PI_00116>);528;93.1;;3277;0;;3399.0;0.0;;3371.0;0.0;;3464.0;0.0;0.0;;3446.0;0.0
ore_ont_3418.owl;SubClassOf(<http://purl.obolibrary.org/obo/PI_00050> <http://purl.obolibrary.org/obo/PI_00041>);528;94.0;;3315;0;;3325.0;0.0;;3659.0;0.0;;3502.0;0.0;0.0;;3197.0;0.0
ore_ont_3418.owl;SubClassOf(<http://purl.obolibrary.org/obo/PI_00041> <http://purl.obolibrary.org/obo/PI_00302>);528;75.4;0.5848806366047745;12034;230;0.23209549071618035;6350.0;217.0;0.5848806366047745;6315.0;217.0;0.23209549071618035;5423.0;294.0;1.0;0.5848806366047745;13109.0;248.0
ore_ont_3418.owl;SubClassOf(<http://purl.obolibrary.org/obo/PI_00260> <http://purl.obolibrary.org/obo/PI_00066>);528;27.1;;3459;0;;3170.0;0.0;;3176.0;0.0;;3287.0;0.0;0.0;;3304.0;0.0
ore_ont_3418.owl;SubClassOf(<http://purl.obolibrary.org/obo/PI_00240> <http://purl.obolibrary.org/obo/PI_00221>);528;46.7;;3242;0;;3517.0;0.0;;3317.0;0.0;;3328.0;0.0;0.0;;3184.0;0.0
ore_ont_3418.owl;SubClassOf(<http://purl.obolibrary.org/obo/PI_00284> <http://purl.obolibrary.org/obo/PI_00011>);528;50.8;0.36811023622047245;11966;146;0.6141732283464568;6468.0;219.0;0.36811023622047245;5972.0;221.0;0.36811023622047245;5402.0;213.0;2.0;0.36811023622047245;13105.0;216.0
ore_ont_3418.owl;SubClassOf(<http://purl.obolibrary.org/obo/PI_00251> <http://purl.obolibrary.org/obo/PI_00045>);528;41.3;;3206;0;;3190.0;0.0;;3367.0;0.0;;3290.0;0.0;0.0;;3185.0;0.0
ore_ont_10056.owl;SubClassOf(<http://purl.obolibrary.org/obo/PRIDE_0000239> <http://purl.obolibrary.org/obo/PRIDE_0000192>);467;59.8;;3372;0;;3352.0;0.0;;3368.0;0.0;;3376.0;0.0;0.0;;3432.0;0.0
ore_ont_10056.owl;SubClassOf(<http://purl.obolibrary.org/obo/PRIDE_0000353> <http://purl.obolibrary.org/obo/PRIDE_0000004>);467;42.1;;3436;0;;3103.0;0.0;;3509.0;0.0;;3174.0;0.0;0.0;;3220.0;0.0
ore_ont_10056.owl;SubClassOf(<http://purl.obolibrary.org/obo/PRIDE_0000353> <http://purl.obolibrary.org/obo/PRIDE_0000003>);467;42.1;;3079;0;;3499.0;0.0;;3226.0;0.0;;3157.0;0.0;0.0;;3119.0;0.0
ore_ont_10056.owl;SubClassOf(<http://purl.obolibrary.org/obo/PRIDE_0000380> <http://purl.obolibrary.org/obo/PRIDE_0000353>);467;60.2;;3109;0;;3258.0;0.0;;3209.0;0.0;;3176.0;0.0;0.0;;3141.0;0.0
ore_ont_10056.owl;SubClassOf(<http://purl.obolibrary.org/obo/PRIDE_0000244> <http://purl.obolibrary.org/obo/PRIDE_0000239>);467;92.9;;3436;0;;3254.0;0.0;;3225.0;0.0;;3168.0;0.0;0.0;;3272.0;0.0
ore_ont_10056.owl;SubClassOf(<http://purl.obolibrary.org/obo/PRIDE_0000082> <http://purl.obolibrary.org/obo/PRIDE_0000071>);467;37.3;;3305;0;;3144.0;0.0;;3302.0;0.0;;3376.0;0.0;0.0;;3268.0;0.0
ore_ont_10056.owl;SubClassOf(<http://purl.obolibrary.org/obo/PRIDE_0000071> <http://purl.obolibrary.org/obo/PRIDE_0000001>);467;23.0;;3185;0;;3286.0;0.0;;3535.0;0.0;;3299.0;0.0;0.0;;3201.0;0.0
ore_ont_10056.owl;SubClassOf(<http://purl.obolibrary.org/obo/PRIDE_0000403> <http://purl.obolibrary.org/obo/PRIDE_0000006>);467;19.2;;3169;0;;3322.0;0.0;;3336.0;0.0;;3180.0;0.0;0.0;;3087.0;0.0
ore_ont_10056.owl;SubClassOf(<http://purl.obolibrary.org/obo/PRIDE_0000035> <http://purl.obolibrary.org/obo/PRIDE_0000028>);467;13.2;;3402;0;;3277.0;0.0;;3488.0;0.0;;3219.0;0.0;0.0;;3388.0;0.0
ore_ont_10056.owl;SubClassOf(<http://purl.obolibrary.org/obo/PRIDE_0000013> <http://purl.obolibrary.org/obo/PRIDE_0000049>);467;69.1;;3294;0;;3529.0;0.0;;3097.0;0.0;;3656.0;0.0;0.0;;3287.0;0.0
ore_ont_4382.owl;SubClassOf(<http://purl.obolibrary.org/obo/phi_0000271> <http://purl.obolibrary.org/obo/phi_0000259>);431;38.4;;3242;0;;3059.0;0.0;;3328.0;0.0;;3343.0;0.0;0.0;;3221.0;0.0
ore_ont_4382.owl;SubClassOf(<http://purl.obolibrary.org/obo/phi_0000263> <http://purl.obolibrary.org/obo/phi_0000191>);431;116.6;0.9562607204116639;11767;172;0.9271012006861064;6031.0;247.0;0.9562607204116639;6264.0;230.0;0.9271012006861064;5319.0;254.0;1.0;0.9562607204116639;13034.0;289.0
ore_ont_4382.owl;SubClassOf(<http://purl.obolibrary.org/obo/phi_0000188> <http://purl.obolibrary.org/obo/phi_0000262>);431;172.89999999999998;0.8733371891266629;16054;244;0.8421052631578947;6290.0;164.0;0.8733371891266629;6296.0;230.0;0.8733371891266629;5376.0;278.0;2.0;0.8733371891266629;18330.0;273.0
ore_ont_4382.owl;SubClassOf(<http://purl.obolibrary.org/obo/phi_0000081> <http://purl.obolibrary.org/obo/phi_0000187>);431;78.5;;3250;0;;3155.0;0.0;;3528.0;0.0;;3372.0;0.0;0.0;;3257.0;0.0
ore_ont_4382.owl;SubClassOf(<http://purl.obolibrary.org/obo/phi_0000103> <http://purl.obolibrary.org/obo/phi_0000097>);431;46.8;;3176;0;;3389.0;0.0;;3291.0;0.0;;3246.0;0.0;0.0;;3038.0;0.0
ore_ont_4382.owl;SubClassOf(<http://purl.obolibrary.org/obo/phi_0000072> <http://purl.obolibrary.org/obo/phi_0000064>);431;39.0;;3427;0;;3295.0;0.0;;3194.0;0.0;;3351.0;0.0;0.0;;3310.0;0.0
ore_ont_4382.owl;SubClassOf(<http://purl.obolibrary.org/obo/phi_0000081> <http://purl.obolibrary.org/obo/phi_0000061>);431;83.1;0.904933814681107;11748;219;0.8904933814681107;6146.0;172.0;0.904933814681107;5930.0;231.0;0.904933814681107;5460.0;241.0;2.0;0.904933814681107;12877.0;262.0
ore_ont_4382.owl;SubClassOf(<http://purl.obolibrary.org/obo/phi_0000235> <http://purl.obolibrary.org/obo/phi_0000172>);431;78.6;0.9147582697201018;11768;293;0.9414758269720103;6592.0;241.0;0.9147582697201018;5936.0;274.0;0.9414758269720103;5688.0;298.0;1.0;0.9147582697201018;13160.0;255.0
ore_ont_4382.owl;SubClassOf(<http://purl.obolibrary.org/obo/phi_0000263> <http://purl.obolibrary.org/obo/phi_0000316>);431;112.3;;3253;0;;3399.0;0.0;;3280.0;0.0;;3331.0;0.0;0.0;;3114.0;0.0
ore_ont_4382.owl;SubClassOf(<http://purl.obolibrary.org/obo/phi_0000087> <http://purl.obolibrary.org/obo/phi_0000081>);431;122.5;;3580;0;;3362.0;0.0;;3502.0;0.0;;3122.0;0.0;0.0;;3253.0;0.0
ore_ont_13234.owl;SubClassOf(<http://purl.obolibrary.org/obo/EO_0007149> <http://purl.obolibrary.org/obo/EO_0007189>);555;23.0;;3242;0;;3186.0;0.0;;3360.0;0.0;;3338.0;0.0;0.0;;3303.0;0.0
ore_ont_13234.owl;SubClassOf(<http://purl.obolibrary.org/obo/EO_0007252> <http://purl.obolibrary.org/obo/EO_0007116>);555;56.4;;3136;0;;3601.0;0.0;;3337.0;0.0;;3366.0;0.0;0.0;;3186.0;0.0
ore_ont_13234.owl;SubClassOf(<http://purl.obolibrary.org/obo/EO_0001029> <http://purl.obolibrary.org/obo/EO_0007284>);555;108.0;;3260;0;;3139.0;0.0;;3303.0;0.0;;3257.0;0.0;0.0;;3163.0;0.0
ore_ont_13234.owl;SubClassOf(<http://purl.obolibrary.org/obo/EO_0007532> <http://purl.obolibrary.org/obo/EO_0007149>);555;55.89999999999999;;3257;0;;3101.0;0.0;;3059.0;0.0;;3615.0;0.0;0.0;;3554.0;0.0
ore_ont_13234.owl;SubClassOf(<http://purl.obolibrary.org/obo/EO_0007154> <http://purl.obolibrary.org/obo/EO_0007316>);555;39.2;0.6147959183673469;11806;318;0.35459183673469385;6232.0;253.0;0.6147959183673469;6184.0;206.0;0.35459183673469385;5502.0;264.0;1.0;0.6147959183673469;13410.0;235.0
ore_ont_13234.owl;SubClassOf(<http://purl.obolibrary.org/obo/EO_0007221> <http://purl.obolibrary.org/obo/EO_0007154>);555;86.7;0.41522491349480967;11817;198;0.6770472895040369;5851.0;304.0;0.41522491349480967;6313.0;227.0;0.41522491349480967;5261.0;197.0;2.0;0.41522491349480967;13013.0;296.0
ore_ont_13234.owl;SubClassOf(<http://purl.obolibrary.org/obo/EO_0007396> <http://purl.obolibrary.org/obo/EO_0007064>);555;14.5;;3593;0;;3469.0;0.0;;3411.0;0.0;;3323.0;0.0;0.0;;3395.0;0.0
ore_ont_13234.owl;SubClassOf(<http://purl.obolibrary.org/obo/EO_0007115> <http://purl.obolibrary.org/obo/EO_0007114>);555;57.3;;3397;0;;3642.0;0.0;;3590.0;0.0;;3557.0;0.0;0.0;;3436.0;0.0
ore_ont_13234.owl;SubClassOf(<http://purl.obolibrary.org/obo/EO_0007118> <http://purl.obolibrary.org/obo/EO_0007107>);555;39.1;;3352;0;;3279.0;0.0;;3439.0;0.0;;3627.0;0.0;0.0;;3603.0;0.0
ore_ont_13234.owl;SubClassOf(<http://purl.obolibrary.org/obo/EO_0007141> <http://purl.obolibrary.org/obo/EO_0007022>);555;36.7;;3558;0;;3519.0;0.0;;3311.0;0.0;;3324.0;0.0;0.0;;3512.0;0.0
ore_ont_16730.owl;SubClassOf(<http://purl.obolibrary.org/obo/MMO_0000037> <http://purl.obolibrary.org/obo/MMO_0000030>);567;61.400000000000006;0.3241042345276872;11803;249;0.6172638436482085;6433.0;237.0;0.3241042345276872;6217.0;256.0;0.6172638436482085;5556.0;172.0;2.0;0.3241042345276872;13036.0;239.0
ore_ont_16730.owl;SubClassOf(<http://purl.obolibrary.org/obo/MMO_0000030> <http://purl.obolibrary.org/obo/MMO_0000027>);567;24.700000000000003;0.21052631578947367;11749;278;0.5263157894736842;6227.0;253.0;0.21052631578947367;6078.0;258.0;0.5263157894736842;5415.0;242.0;3.0;0.21052631578947367;13029.0;222.0
ore_ont_16730.owl;SubClassOf(<http://purl.obolibrary.org/obo/MMO_0000151> <http://purl.obolibrary.org/obo/MMO_0000181>);567;168.8;;3106;0;;3138.0;0.0;;3163.0;0.0;;3137.0;0.0;0.0;;3123.0;0.0
ore_ont_16730.owl;SubClassOf(<http://purl.obolibrary.org/obo/MMO_0000076> <http://purl.obolibrary.org/obo/MMO_0000026>);567;12.5;;3293;0;;3192.0;0.0;;3144.0;0.0;;3109.0;0.0;0.0;;3064.0;0.0
ore_ont_16730.owl;SubClassOf(<http://purl.obolibrary.org/obo/MMO_0000138> <http://purl.obolibrary.org/obo/MMO_0000037>);567;80.7;;3379;0;;3337.0;0.0;;3213.0;0.0;;3280.0;0.0;0.0;;3341.0;0.0
ore_ont_16730.owl;SubClassOf(<http://purl.obolibrary.org/obo/MMO_0000204> <http://purl.obolibrary.org/obo/MMO_0000112>);567;53.8;;3400;0;;3116.0;0.0;;3590.0;0.0;;3300.0;0.0;0.0;;3257.0;0.0
ore_ont_16730.owl;SubClassOf(<http://purl.obolibrary.org/obo/MMO_0000436> <http://purl.obolibrary.org/obo/MMO_0000331>);567;181.6;;3136;0;;3539.0;0.0;;3224.0;0.0;;3329.0;0.0;0.0;;3155.0;0.0
ore_ont_16730.owl;SubClassOf(<http://purl.obolibrary.org/obo/MMO_0000111> <http://purl.obolibrary.org/obo/MMO_0000109>);567;17.8;;3274;0;;3339.0;0.0;;3196.0;0.0;;3085.0;0.0;0.0;;3635.0;0.0
ore_ont_16730.owl;SubClassOf(<http://purl.obolibrary.org/obo/MMO_0000185> <http://purl.obolibrary.org/obo/MMO_0000180>);567;168.8;;3294;0;;3213.0;0.0;;3196.0;0.0;;3216.0;0.0;0.0;;3344.0;0.0
ore_ont_16730.owl;SubClassOf(<http://purl.obolibrary.org/obo/MMO_0000181> <http://purl.obolibrary.org/obo/MMO_0000147>);567;78.7;0.7509529860228716;11723;223;0.9390088945362133;6282.0;291.0;0.7509529860228716;6201.0;216.0;0.9390088945362133;5404.0;223.0;1.0;0.7509529860228716;12890.0;172.0
ore_ont_2066.owl;SubClassOf(<http://purl.org/net/miCLIP#PercentageDistributionByRace> <http://purl.org/net/miCLIP#PercentageDistribution>);471;327.1;;3177;0;;3109.0;0.0;;3102.0;0.0;;3071.0;0.0;0.0;;3610.0;0.0
ore_ont_2066.owl;SubClassOf(<http://ncicb.nci.nih.gov/xml/owl/EVS/Thesaurus.owl#Sample_Study_Population> <http://ncicb.nci.nih.gov/xml/owl/EVS/Thesaurus.owl#Population_Group>);471;252.40000000000003;;3260;0;;3309.0;0.0;;3162.0;0.0;;3361.0;0.0;0.0;;3275.0;0.0
ore_ont_2066.owl;SubClassOf(<http://purl.org/net/miCLIP#belongingness> <http://ncicb.nci.nih.gov/xml/owl/EVS/Thesaurus.owl#Emotion>);471;72.10000000000001;;3286;0;;3180.0;0.0;;3249.0;0.0;;3263.0;0.0;0.0;;3233.0;0.0
ore_ont_2066.owl;SubClassOf(<http://ncicb.nci.nih.gov/xml/owl/EVS/Thesaurus.owl#C849916> <http://ncicb.nci.nih.gov/xml/owl/EVS/Thesaurus.owl#Mental_and_Behavioral_Signs_and_Symptoms>);471;112.2;;3150;0;;3300.0;0.0;;3331.0;0.0;;3207.0;0.0;0.0;;3122.0;0.0
ore_ont_2066.owl;SubClassOf(<http://purl.obolibrary.org/obo/IAO_0000225> <http://purl.obolibrary.org/obo/IAO_0000102>);471;694.4000000000003;;3146;0;;3195.0;0.0;;3131.0;0.0;;3063.0;0.0;0.0;;3273.0;0.0
ore_ont_2066.owl;SubClassOf(<http://ncicb.nci.nih.gov/xml/owl/EVS/Thesaurus.owl#Never_Married_Status> <http://ncicb.nci.nih.gov/xml/owl/EVS/Thesaurus.owl#Marital_Status>);471;452.3000000000001;;3467;0;;3279.0;0.0;;3111.0;0.0;;3501.0;0.0;0.0;;3318.0;0.0
ore_ont_2066.owl;SubClassOf(<http://www.ebi.ac.uk/efo/EFO_0004786> <http://ncicb.nci.nih.gov/xml/owl/EVS/Thesaurus.owl#Symptom_Specific_Assessment_Tool>);471;507.7000000000001;;3320;0;;3204.0;0.0;;3579.0;0.0;;3312.0;0.0;0.0;;3330.0;0.0
ore_ont_2066.owl;SubClassOf(<http://www.absoluteiri.edu/RELAPPROXC654> <http://www.absoluteiri.edu/RELAPPROXC660>);471;1050.3000000000002;;3159;0;;3328.0;0.0;;3369.0;0.0;;3359.0;0.0;0.0;;3168.0;0.0
ore_ont_2066.owl;SubClassOf(<http://ncicb.nci.nih.gov/xml/owl/EVS/Thesaurus.owl#Anxiety_Disorder> <http://ncicb.nci.nih.gov/xml/owl/EVS/Thesaurus.owl#Psychiatric_Disorder>);471;1105.3000000000002;;3172;0;;3097.0;0.0;;3123.0;0.0;;3183.0;0.0;0.0;;3608.0;0.0
ore_ont_2066.owl;SubClassOf(<http://purl.org/net/miCLIP#OfficeOfTheSecretaryOfDefense> <http://ncicb.nci.nih.gov/xml/owl/EVS/Thesaurus.owl#Department_of_Defense>);471;1140.7;;3236;0;;3278.0;0.0;;3250.0;0.0;;3597.0;0.0;0.0;;3339.0;0.0
ore_ont_5966.owl;SubClassOf(<file:/media/owl/Seagate%20Expansion%20Drive/mowlcorp_rep/mowlcorp_2014.10.07_orig/files/ea19299c-ae9f-4f9a-a2de-3a52ee71e696_oldonto.rdf#SweetFruit> <file:/media/owl/Seagate%20Expansion%20Drive/mowlcorp_rep/mowlcorp_2014.10.07_orig/files/ea19299c-ae9f-4f9a-a2de-3a52ee71e696_oldonto.rdf#Fruit>);369;766.1000000000001;;3155;0;;3494.0;0.0;;3292.0;0.0;;3299.0;0.0;0.0;;3145.0;0.0
ore_ont_5966.owl;SubClassOf(<file:/media/owl/Seagate%20Expansion%20Drive/mowlcorp_rep/mowlcorp_2014.10.07_orig/files/ea19299c-ae9f-4f9a-a2de-3a52ee71e696_oldonto.rdf#OtherTomatoBasedFoodCourse> <http://www.absoluteiri.edu/RELAPPROXC211>);369;682.6000000000001;;3347;0;;3263.0;0.0;;3205.0;0.0;;3224.0;0.0;0.0;;3521.0;0.0
ore_ont_5966.owl;SubClassOf(<file:/media/owl/Seagate%20Expansion%20Drive/mowlcorp_rep/mowlcorp_2014.10.07_orig/files/ea19299c-ae9f-4f9a-a2de-3a52ee71e696_oldonto.rdf#Fish> <file:/media/owl/Seagate%20Expansion%20Drive/mowlcorp_rep/mowlcorp_2014.10.07_orig/files/ea19299c-ae9f-4f9a-a2de-3a52ee71e696_oldonto.rdf#Seafood>);369;719.3000000000001;;3479;0;;3509.0;0.0;;3034.0;0.0;;3552.0;0.0;0.0;;3594.0;0.0
ore_ont_5966.owl;SubClassOf(<file:/media/owl/Seagate%20Expansion%20Drive/mowlcorp_rep/mowlcorp_2014.10.07_orig/files/ea19299c-ae9f-4f9a-a2de-3a52ee71e696_oldonto.rdf#OtherTomatoBasedFoodCourse> <file:/media/owl/Seagate%20Expansion%20Drive/mowlcorp_rep/mowlcorp_2014.10.07_orig/files/ea19299c-ae9f-4f9a-a2de-3a52ee71e696_oldonto.rdf#MealCourse>);369;680.4000000000001;;3228;0;;3299.0;0.0;;3190.0;0.0;;3221.0;0.0;0.0;;3117.0;0.0
ore_ont_5966.owl;SubClassOf(<file:/media/owl/Seagate%20Expansion%20Drive/mowlcorp_rep/mowlcorp_2014.10.07_orig/files/ea19299c-ae9f-4f9a-a2de-3a52ee71e696_oldonto.rdf#CheeseNutsDessert> <file:/media/owl/Seagate%20Expansion%20Drive/mowlcorp_rep/mowlcorp_2014.10.07_orig/files/ea19299c-ae9f-4f9a-a2de-3a52ee71e696_oldonto.rdf#Dessert>);369;719.3000000000001;;3209;0;;3197.0;0.0;;3305.0;0.0;;3186.0;0.0;0.0;;3162.0;0.0
ore_ont_5966.owl;SubClassOf(<file:/media/owl/Seagate%20Expansion%20Drive/mowlcorp_rep/mowlcorp_2014.10.07_orig/files/ea19299c-ae9f-4f9a-a2de-3a52ee71e696_oldonto.rdf#PastaWithRedSauce> <file:/media/owl/Seagate%20Expansion%20Drive/mowlcorp_rep/mowlcorp_2014.10.07_orig/files/ea19299c-ae9f-4f9a-a2de-3a52ee71e696_oldonto.rdf#Pasta>);369;719.3000000000001;;3142;0;;3161.0;0.0;;3138.0;0.0;;3194.0;0.0;0.0;;3203.0;0.0
ore_ont_5966.owl;SubClassOf(<file:/media/owl/Seagate%20Expansion%20Drive/mowlcorp_rep/mowlcorp_2014.10.07_orig/files/ea19299c-ae9f-4f9a-a2de-3a52ee71e696_oldonto.rdf#RedMeat> <file:/media/owl/Seagate%20Expansion%20Drive/mowlcorp_rep/mowlcorp_2014.10.07_orig/files/ea19299c-ae9f-4f9a-a2de-3a52ee71e696_oldonto.rdf#Meat>);369;719.3000000000001;;3291;0;;3098.0;0.0;;3123.0;0.0;;3140.0;0.0;0.0;;3183.0;0.0
ore_ont_5966.owl;SubClassOf(<file:/media/owl/Seagate%20Expansion%20Drive/mowlcorp_rep/mowlcorp_2014.10.07_orig/files/ea19299c-ae9f-4f9a-a2de-3a52ee71e696_oldonto.rdf#OtherTomatoBasedFoodCourse> <http://www.absoluteiri.edu/RELAPPROXC243>);369;682.6000000000001;;3067;0;;3075.0;0.0;;3198.0;0.0;;3165.0;0.0;0.0;;3153.0;0.0
ore_ont_5966.owl;SubClassOf(<file:/media/owl/Seagate%20Expansion%20Drive/mowlcorp_rep/mowlcorp_2014.10.07_orig/files/ea19299c-ae9f-4f9a-a2de-3a52ee71e696_oldonto.rdf#DarkMeatFowl> <file:/media/owl/Seagate%20Expansion%20Drive/mowlcorp_rep/mowlcorp_2014.10.07_orig/files/ea19299c-ae9f-4f9a-a2de-3a52ee71e696_oldonto.rdf#Fowl>);369;719.3000000000001;;3060;0;;3062.0;0.0;;3167.0;0.0;;3143.0;0.0;0.0;;3200.0;0.0
ore_ont_5966.owl;SubClassOf(<file:/media/owl/Seagate%20Expansion%20Drive/mowlcorp_rep/mowlcorp_2014.10.07_orig/files/ea19299c-ae9f-4f9a-a2de-3a52ee71e696_oldonto.rdf#Pasta> <file:/media/owl/Seagate%20Expansion%20Drive/mowlcorp_rep/mowlcorp_2014.10.07_orig/files/ea19299c-ae9f-4f9a-a2de-3a52ee71e696_oldonto.rdf#EdibleThing>);369;613.3000000000002;;3058;0;;3424.0;0.0;;3191.0;0.0;;3287.0;0.0;0.0;;3122.0;0.0
ore_ont_11504.owl;SubClassOf(<http://www.semanticweb.org/vanessa/ontologies/2012/7/untitled-ontology-33#Job> <http://www.semanticweb.org/vanessa/ontologies/2012/7/untitled-ontology-33#Finances>);401;26.2;;3199;0;;3183.0;0.0;;3160.0;0.0;;3227.0;0.0;0.0;;3250.0;0.0
ore_ont_11504.owl;SubClassOf(<http://www.semanticweb.org/vanessa/ontologies/2012/7/untitled-ontology-33#Care_plan> <http://www.semanticweb.org/vanessa/ontologies/2012/7/untitled-ontology-33#Documentation>);401;16.099999999999998;;3162;0;;3141.0;0.0;;3329.0;0.0;;3462.0;0.0;0.0;;3248.0;0.0
ore_ont_11504.owl;SubClassOf(<http://www.semanticweb.org/vanessa/ontologies/2012/7/untitled-ontology-33#Impaired_Skin_Integrity> <http://www.semanticweb.org/vanessa/ontologies/2012/7/untitled-ontology-33#Physical_problems>);401;13.7;;3180;0;;3294.0;0.0;;3176.0;0.0;;3258.0;0.0;0.0;;3108.0;0.0
ore_ont_11504.owl;SubClassOf(<http://www.semanticweb.org/vanessa/ontologies/2012/7/untitled-ontology-33#Family> <http://www.semanticweb.org/vanessa/ontologies/2012/7/untitled-ontology-33#People>);401;10.5;;3314;0;;3172.0;0.0;;3209.0;0.0;;3162.0;0.0;0.0;;3371.0;0.0
ore_ont_11504.owl;SubClassOf(<http://www.semanticweb.org/vanessa/ontologies/2012/7/untitled-ontology-33#Conference> <http://www.semanticweb.org/vanessa/ontologies/2012/7/untitled-ontology-33#Communicate>);401;16.099999999999998;;3285;0;;3329.0;0.0;;3215.0;0.0;;3273.0;0.0;0.0;;3150.0;0.0
ore_ont_11504.owl;SubClassOf(<http://www.semanticweb.org/vanessa/ontologies/2012/7/untitled-ontology-33#Adjust> <http://www.semanticweb.org/vanessa/ontologies/2012/7/untitled-ontology-33#Manage>);401;19.7;;3138;0;;3110.0;0.0;;3564.0;0.0;;3321.0;0.0;0.0;;3508.0;0.0
ore_ont_11504.owl;SubClassOf(<http://www.semanticweb.org/vanessa/ontologies/2012/7/untitled-ontology-33#Physical_Care> <http://www.semanticweb.org/vanessa/ontologies/2012/7/untitled-ontology-33#Coordination_Focus>);401;19.8;0.5858585858585857;11870;261;0.47979797979797967;5812.0;297.0;0.5858585858585857;6002.0;211.0;0.5858585858585857;5276.0;293.0;2.0;0.5858585858585857;12795.0;190.0
ore_ont_11504.owl;SubClassOf(<http://www.semanticweb.org/vanessa/ontologies/2012/7/untitled-ontology-33#Medical_Devices> <http://www.semanticweb.org/vanessa/ontologies/2012/7/untitled-ontology-33#Services>);401;51.7;0.402321083172147;15738;196;0.471953578336557;6103.0;180.0;0.402321083172147;6317.0;243.0;0.6963249516441006;5458.0;255.0;2.0;0.402321083172147;18267.0;248.0
ore_ont_11504.owl;SubClassOf(<http://www.semanticweb.org/vanessa/ontologies/2012/7/untitled-ontology-33#Laboratory_Tests> <http://www.semanticweb.org/vanessa/ontologies/2012/7/untitled-ontology-33#Physical_Care>);401;49.6;0.4012096774193547;11734;273;0.6592741935483871;6345.0;233.0;0.4012096774193547;5998.0;241.0;0.6592741935483871;5585.0;157.0;1.0;0.4012096774193547;13012.0;196.0
ore_ont_11504.owl;SubClassOf(<http://www.semanticweb.org/vanessa/ontologies/2012/7/untitled-ontology-33#Oral_medication> <http://www.semanticweb.org/vanessa/ontologies/2012/7/untitled-ontology-33#Medication>);401;28.0;;3535;0;;3308.0;0.0;;3354.0;0.0;;3171.0;0.0;0.0;;3289.0;0.0
ore_ont_637.owl;SubClassOf(<http://purl.obolibrary.org/obo/GO_0005622> <http://purl.obolibrary.org/obo/GO_0044464>);800;335.5;;3402;0;;3226.0;0.0;;3101.0;0.0;;3642.0;0.0;0.0;;3338.0;0.0
ore_ont_637.owl;SubClassOf(<http://purl.obolibrary.org/obo/GO_0009987> <http://purl.obolibrary.org/obo/GO_0008150>);800;304.1;;3191;0;;3297.0;0.0;;3392.0;0.0;;3390.0;0.0;0.0;;3308.0;0.0
ore_ont_637.owl;SubClassOf(<http://purl.obolibrary.org/obo/GO_0070517> <http://purl.obolibrary.org/obo/GO_0043234>);800;345.6;;3209;0;;3200.0;0.0;;3178.0;0.0;;3080.0;0.0;0.0;;3101.0;0.0
ore_ont_637.owl;SubClassOf(<http://purl.obolibrary.org/obo/GO_0005634> <http://purl.obolibrary.org/obo/GO_0044464>);800;291.1;0.9958777052559257;9936;259;0.9958777052559257;6335.0;335.0;0.919958777052559;6556.0;194.0;0.9958777052559257;5272.0;214.0;1.0;0.9958777052559257;10342.0;197.0
ore_ont_637.owl;SubClassOf(<http://purl.obolibrary.org/obo/GO_0016020> <http://purl.obolibrary.org/obo/GO_0005575>);800;232.3;;3100;0;;3197.0;0.0;;3169.0;0.0;;3170.0;0.0;0.0;;3133.0;0.0
ore_ont_637.owl;SubClassOf(<http://purl.obolibrary.org/obo/GO_0006259> <http://purl.obolibrary.org/obo/GO_0044237>);800;320.19999999999993;0.8497813866333545;22169;308;0.9537788881948781;6688.0;266.0;0.9537788881948781;6004.0;255.0;0.9537788881948781;5347.0;299.0;1.0;0.9537788881948781;10716.0;298.0
ore_ont_637.owl;SubClassOf(<http://purl.obolibrary.org/obo/GO_0005622> <http://purl.obolibrary.org/obo/GO_0005575>);800;199.6;0.8972945891783567;11714;296;0.6638276553106213;6086.0;225.0;0.8972945891783567;5846.0;269.0;0.8972945891783567;5279.0;359.0;1.0;0.8972945891783567;13540.0;372.0
ore_ont_637.owl;SubClassOf(<http://purl.obolibrary.org/obo/GO_0044237> <http://purl.obolibrary.org/obo/GO_0009987>);800;437.5;;3446;0;;3508.0;0.0;;3319.0;0.0;;3662.0;0.0;0.0;;3329.0;0.0
ore_ont_637.owl;SubClassOf(<http://purl.obolibrary.org/obo/GO_0006811> <http://purl.obolibrary.org/obo/GO_0006810>);800;250.2;;3267;0;;3336.0;0.0;;3512.0;0.0;;3340.0;0.0;0.0;;3233.0;0.0
ore_ont_637.owl;SubClassOf(<http://purl.obolibrary.org/obo/GO_0031406> <http://purl.obolibrary.org/obo/GO_0005488>);800;121.1;0.8909991742361683;12127;385;0.7745664739884394;6994.0;349.0;0.8909991742361683;6254.0;330.0;0.8909991742361683;5584.0;392.0;3.0;0.8909991742361683;13728.0;308.0
ore_ont_2713.owl;SubClassOf(<file:/media/owl/Seagate%20Expansion%20Drive/mowlcorp_rep/mowlcorp_2014.10.07_orig/files/87d0a399-d147-45f0-8680-92eb7f975195_ka.owl#AcademicStaff> <file:/media/owl/Seagate%20Expansion%20Drive/mowlcorp_rep/mowlcorp_2014.10.07_orig/files/87d0a399-d147-45f0-8680-92eb7f975195_ka.owl#Person>);318;1508.8000000000004;0.9911187698833509;11784;275;0.9938361611876989;6643.0;275.0;0.9911187698833509;6003.0;340.0;0.9938361611876989;5595.0;326.0;1.0;0.9911187698833509;13265.0;284.0
ore_ont_2713.owl;SubClassOf(<file:/media/owl/Seagate%20Expansion%20Drive/mowlcorp_rep/mowlcorp_2014.10.07_orig/files/87d0a399-d147-45f0-8680-92eb7f975195_ka.owl#ComputerSupport> <file:/media/owl/Seagate%20Expansion%20Drive/mowlcorp_rep/mowlcorp_2014.10.07_orig/files/87d0a399-d147-45f0-8680-92eb7f975195_ka.owl#Product>);318;618.1;;3177;0;;3082.0;0.0;;3147.0;0.0;;3156.0;0.0;0.0;;3158.0;0.0
ore_ont_2713.owl;SubClassOf(<file:/media/owl/Seagate%20Expansion%20Drive/mowlcorp_rep/mowlcorp_2014.10.07_orig/files/87d0a399-d147-45f0-8680-92eb7f975195_ka.owl#Meeting> <file:/media/owl/Seagate%20Expansion%20Drive/mowlcorp_rep/mowlcorp_2014.10.07_orig/files/87d0a399-d147-45f0-8680-92eb7f975195_ka.owl#Event>);318;889.8000000000002;;3129;0;;3574.0;0.0;;3232.0;0.0;;3177.0;0.0;0.0;;3094.0;0.0
ore_ont_2713.owl;SubClassOf(<http://www.absoluteiri.edu/RELAPPROXC396> <http://www.absoluteiri.edu/RELAPPROXC203>);318;69.3;;3258;0;;3355.0;0.0;;3192.0;0.0;;3084.0;0.0;0.0;;3649.0;0.0
ore_ont_2713.owl;SubClassOf(<file:/media/owl/Seagate%20Expansion%20Drive/mowlcorp_rep/mowlcorp_2014.10.07_orig/files/87d0a399-d147-45f0-8680-92eb7f975195_ka.owl#CaseBaseReasoning> <file:/media/owl/Seagate%20Expansion%20Drive/mowlcorp_rep/mowlcorp_2014.10.07_orig/files/87d0a399-d147-45f0-8680-92eb7f975195_ka.owl#KAThroughMachineLearning>);318;1577.500000000001;;3284;0;;3274.0;0.0;;3262.0;0.0;;3191.0;0.0;0.0;;3301.0;0.0
ore_ont_2713.owl;SubClassOf(<file:/media/owl/Seagate%20Expansion%20Drive/mowlcorp_rep/mowlcorp_2014.10.07_orig/files/87d0a399-d147-45f0-8680-92eb7f975195_ka.owl#OntologyLibrary> <file:/media/owl/Seagate%20Expansion%20Drive/mowlcorp_rep/mowlcorp_2014.10.07_orig/files/87d0a399-d147-45f0-8680-92eb7f975195_ka.owl#ComputerSupport>);318;696.2;;3203;0;;3136.0;0.0;;3230.0;0.0;;3188.0;0.0;0.0;;3097.0;0.0
ore_ont_2713.owl;SubClassOf(<file:/media/owl/Seagate%20Expansion%20Drive/mowlcorp_rep/mowlcorp_2014.10.07_orig/files/87d0a399-d147-45f0-8680-92eb7f975195_ka.owl#ResearchGroup> <file:/media/owl/Seagate%20Expansion%20Drive/mowlcorp_rep/mowlcorp_2014.10.07_orig/files/87d0a399-d147-45f0-8680-92eb7f975195_ka.owl#Organization>);318;889.8000000000002;;3201;0;;3230.0;0.0;;3229.0;0.0;;3114.0;0.0;0.0;;3203.0;0.0
ore_ont_2713.owl;SubClassOf(<file:/media/owl/Seagate%20Expansion%20Drive/mowlcorp_rep/mowlcorp_2014.10.07_orig/files/87d0a399-d147-45f0-8680-92eb7f975195_ka.owl#DevelopmentProject> <file:/media/owl/Seagate%20Expansion%20Drive/mowlcorp_rep/mowlcorp_2014.10.07_orig/files/87d0a399-d147-45f0-8680-92eb7f975195_ka.owl#Project>);318;753.5000000000001;;3230;0;;3416.0;0.0;;3243.0;0.0;;3343.0;0.0;0.0;;3404.0;0.0
ore_ont_2713.owl;SubClassOf(<file:/media/owl/Seagate%20Expansion%20Drive/mowlcorp_rep/mowlcorp_2014.10.07_orig/files/87d0a399-d147-45f0-8680-92eb7f975195_ka.owl#Journal> <file:/media/owl/Seagate%20Expansion%20Drive/mowlcorp_rep/mowlcorp_2014.10.07_orig/files/87d0a399-d147-45f0-8680-92eb7f975195_ka.owl#Publication>);318;957.2000000000002;;3330;0;;3144.0;0.0;;3476.0;0.0;;3435.0;0.0;0.0;;3357.0;0.0
ore_ont_2713.owl;SubClassOf(<file:/media/owl/Seagate%20Expansion%20Drive/mowlcorp_rep/mowlcorp_2014.10.07_orig/files/87d0a399-d147-45f0-8680-92eb7f975195_ka.owl#KAThroughMachineLearning> <file:/media/owl/Seagate%20Expansion%20Drive/mowlcorp_rep/mowlcorp_2014.10.07_orig/files/87d0a399-d147-45f0-8680-92eb7f975195_ka.owl#ResearchTopic>);318;1500.0000000000005;;3066;0;;3590.0;0.0;;3374.0;0.0;;3314.0;0.0;0.0;;3172.0;0.0
ore_ont_14901.owl;SubClassOf(<http://purl.obolibrary.org/obo/MPATH_215> <http://purl.obolibrary.org/obo/MPATH_212>);941;49.0;;3407;0;;3368.0;0.0;;3280.0;0.0;;3521.0;0.0;0.0;;3468.0;0.0
ore_ont_14901.owl;SubClassOf(<http://purl.obolibrary.org/obo/MPATH_270> <http://purl.obolibrary.org/obo/MPATH_267>);941;46.9;;3416;0;;3313.0;0.0;;3290.0;0.0;;3275.0;0.0;0.0;;3279.0;0.0
ore_ont_14901.owl;SubClassOf(<http://purl.obolibrary.org/obo/MPATH_474> <http://purl.obolibrary.org/obo/MPATH_56>);941;52.7;0.6110056925996206;11824;332;0.2808349146110057;6742.0;333.0;0.6110056925996206;6389.0;307.0;0.6110056925996206;5464.0;343.0;1.0;0.6110056925996206;13620.0;291.0
ore_ont_14901.owl;SubClassOf(<http://purl.obolibrary.org/obo/MPATH_268> <http://purl.obolibrary.org/obo/MPATH_549>);941;46.9;;3342;0;;3372.0;0.0;;3323.0;0.0;;3223.0;0.0;0.0;;3434.0;0.0
ore_ont_14901.owl;SubClassOf(<http://purl.obolibrary.org/obo/MPATH_276> <http://purl.obolibrary.org/obo/MPATH_268>);941;70.2;;3301;0;;3303.0;0.0;;3386.0;0.0;;3624.0;0.0;0.0;;3629.0;0.0
ore_ont_14901.owl;SubClassOf(<http://purl.obolibrary.org/obo/MPATH_322> <http://purl.obolibrary.org/obo/MPATH_254>);941;66.10000000000001;;3255;0;;3581.0;0.0;;3548.0;0.0;;3350.0;0.0;0.0;;3357.0;0.0
ore_ont_14901.owl;SubClassOf(<http://purl.obolibrary.org/obo/MPATH_575> <http://purl.obolibrary.org/obo/MPATH_219>);941;33.2;;3540;0;;3404.0;0.0;;3431.0;0.0;;3274.0;0.0;0.0;;3403.0;0.0
ore_ont_14901.owl;SubClassOf(<http://purl.obolibrary.org/obo/MPATH_544> <http://purl.obolibrary.org/obo/MPATH_270>);941;101.2;;3575;0;;3182.0;0.0;;3657.0;0.0;;3398.0;0.0;0.0;;3513.0;0.0
ore_ont_14901.owl;SubClassOf(<http://purl.obolibrary.org/obo/MPATH_270> <http://purl.obolibrary.org/obo/MPATH_218>);941;55.5;0.2972972972972973;18139;286;0.4198198198198198;8050.0;286.0;0.2972972972972973;6525.0;282.0;0.6414414414414414;5449.0;322.0;2.0;0.2972972972972973;20800.0;299.0
ore_ont_14901.owl;SubClassOf(<http://purl.obolibrary.org/obo/MPATH_555> <http://purl.obolibrary.org/obo/MPATH_33>);941;28.4;;3326;0;;3285.0;0.0;;3526.0;0.0;;3521.0;0.0;0.0;;3317.0;0.0
ore_ont_3349.owl;SubClassOf(<http://purl.obolibrary.org/obo/PORO_0000043> <http://purl.obolibrary.org/obo/PORO_0000905>);970;410.9;;3459;0;;3452.0;0.0;;3168.0;0.0;;3217.0;0.0;0.0;;3142.0;0.0
ore_ont_3349.owl;SubClassOf(<http://purl.obolibrary.org/obo/PORO_0000261> <http://purl.obolibrary.org/obo/PORO_0000601>);970;1059.9000000000003;;3275;0;;3183.0;0.0;;3284.0;0.0;;3643.0;0.0;0.0;;3605.0;0.0
ore_ont_3349.owl;SubClassOf(<http://purl.obolibrary.org/obo/PORO_0000101> <http://purl.obolibrary.org/obo/PATO_0000051>);970;142.5;;3527;0;;3536.0;0.0;;3465.0;0.0;;3305.0;0.0;0.0;;3480.0;0.0
ore_ont_3349.owl;SubClassOf(<http://purl.obolibrary.org/obo/PORO_0000017> <http://purl.obolibrary.org/obo/CARO_0000003>);970;353.4;0.9753820033955858;12044;360;0.9173740803621958;7223.0;396.0;0.9753820033955858;6312.0;322.0;0.9173740803621958;5573.0;233.0;2.0;0.9753820033955858;13687.0;345.0
ore_ont_3349.owl;SubClassOf(<http://purl.obolibrary.org/obo/PORO_0000343> <http://purl.obolibrary.org/obo/PORO_0000097>);970;666.4;;3418;0;;3268.0;0.0;;3304.0;0.0;;3441.0;0.0;0.0;;3671.0;0.0
ore_ont_3349.owl;SubClassOf(<http://purl.obolibrary.org/obo/PORO_0000601> <http://purl.obolibrary.org/obo/PORO_0000098>);970;920.1;;3376;0;;3531.0;0.0;;3534.0;0.0;;3256.0;0.0;0.0;;3354.0;0.0
ore_ont_3349.owl;SubClassOf(<http://purl.obolibrary.org/obo/PORO_0000097> <http://purl.obolibrary.org/obo/PORO_0000017>);970;438.0;;3465;0;;3246.0;0.0;;3318.0;0.0;;3225.0;0.0;0.0;;3382.0;0.0
ore_ont_3349.owl;SubClassOf(<http://purl.obolibrary.org/obo/PORO_0000914> <http://purl.obolibrary.org/obo/PORO_0000000>);970;490.9;;3179;0;;3220.0;0.0;;3411.0;0.0;;3256.0;0.0;0.0;;3104.0;0.0
ore_ont_3349.owl;SubClassOf(<http://purl.obolibrary.org/obo/PORO_0000499> <http://purl.obolibrary.org/obo/PORO_0000532>);970;367.4;;3275;0;;3303.0;0.0;;3212.0;0.0;;3208.0;0.0;0.0;;3429.0;0.0
ore_ont_3349.owl;SubClassOf(<http://purl.obolibrary.org/obo/PORO_0000017> <http://purl.obolibrary.org/obo/CARO_0000040>);970;344.29999999999995;;3256;0;;3241.0;0.0;;3160.0;0.0;;3231.0;0.0;0.0;;3367.0;0.0
ore_ont_4671.owl;SubClassOf(<http://purl.obolibrary.org/obo/SPD_0000286> <http://purl.obolibrary.org/obo/SPD_0000359>);843;1193.9;;3170;0;;3135.0;0.0;;3215.0;0.0;;3181.0;0.0;0.0;;3252.0;0.0
ore_ont_4671.owl;SubClassOf(<http://purl.obolibrary.org/obo/SPD_0000020> <http://purl.obolibrary.org/obo/SPD_0000331>);843;1519.1;0.999407543940491;11954;461;0.996247778289777;6982.0;395.0;0.999407543940491;6109.0;442.0;0.996247778289777;5617.0;379.0;1.0;0.999407543940491;13344.0;362.0
ore_ont_4671.owl;SubClassOf(<http://purl.obolibrary.org/obo/SPD_0000112> <http://purl.obolibrary.org/obo/SPD_0000379>);843;1757.5;;3161;0;;3185.0;0.0;;3262.0;0.0;;3198.0;0.0;0.0;;3204.0;0.0
ore_ont_4671.owl;SubClassOf(<http://purl.obolibrary.org/obo/SPD_0000277> <http://purl.obolibrary.org/obo/SPD_0000364>);843;1356.1;;3284;0;;3266.0;0.0;;3213.0;0.0;;3183.0;0.0;0.0;;3704.0;0.0
ore_ont_4671.owl;SubClassOf(<http://purl.obolibrary.org/obo/SPD_0000015> <http://purl.obolibrary.org/obo/SPD_0000650>);843;478.5;;3171;0;;3179.0;0.0;;3476.0;0.0;;3408.0;0.0;0.0;;3303.0;0.0
ore_ont_4671.owl;SubClassOf(<http://purl.obolibrary.org/obo/SPD_0000208> <http://purl.obolibrary.org/obo/SPD_0000153>);843;1041.0;;3090;0;;3482.0;0.0;;3294.0;0.0;;3219.0;0.0;0.0;;3139.0;0.0
ore_ont_4671.owl;SubClassOf(<http://purl.obolibrary.org/obo/SPD_0000425> <http://purl.obolibrary.org/obo/SPD_0000055>);843;717.5;;3588;0;;3433.0;0.0;;3440.0;0.0;;3404.0;0.0;0.0;;3291.0;0.0
ore_ont_4671.owl;SubClassOf(<http://purl.obolibrary.org/obo/SPD_0000209> <http://purl.obolibrary.org/obo/SPD_0000147>);843;1679.9;;3366;0;;3152.0;0.0;;3313.0;0.0;;3342.0;0.0;0.0;;3452.0;0.0
ore_ont_4671.owl;SubClassOf(<http://purl.obolibrary.org/obo/SPD_0000379> <http://purl.obolibrary.org/obo/SPD_0000451>);843;1038.9;;3083;0;;3310.0;0.0;;3251.0;0.0;;3367.0;0.0;0.0;;3219.0;0.0
ore_ont_4671.owl;SubClassOf(<http://purl.obolibrary.org/obo/SPD_0000022> <http://purl.obolibrary.org/obo/SPD_0000372>);843;1195.9;;3558;0;;3241.0;0.0;;3330.0;0.0;;3254.0;0.0;0.0;;3347.0;0.0
ore_ont_12831.owl;SubClassOf(<http://www.text2onto.org/ontology#support_cell> <http://www.text2onto.org/ontology#supportive_cell>);1027;222.6;;3309;0;;3402.0;0.0;;3339.0;0.0;;3241.0;0.0;0.0;;3312.0;0.0
ore_ont_12831.owl;SubClassOf(<http://www.text2onto.org/ontology#peptide_hormone_secreting_cell> <http://www.text2onto.org/ontology#secretory_cell>);1027;239.8;1.0100083402835696;11827;290;0.871142618849041;6986.0;420.0;1.0100083402835696;6207.0;350.0;0.871142618849041;5445.0;358.0;3.0;1.0100083402835696;13797.0;383.0
ore_ont_12831.owl;SubClassOf(<http://www.text2onto.org/ontology#somatostatin_secreting_cell> <http://www.text2onto.org/ontology#peptide_hormone_secreting_cell>);1027;280.40000000000003;;3365;0;;3456.0;0.0;;3304.0;0.0;;3297.0;0.0;0.0;;3371.0;0.0
ore_ont_12831.owl;SubClassOf(<http://www.text2onto.org/ontology#secretory_cell> <http://www.text2onto.org/ontology#cell_by_function>);1027;94.3;;3551;0;;3261.0;0.0;;3700.0;0.0;;3407.0;0.0;0.0;;3330.0;0.0
ore_ont_12831.owl;SubClassOf(<http://www.text2onto.org/ontology#columnar/cuboidal_epithelial_cell> <http://www.text2onto.org/ontology#epithelial_cell>);1027;121.5;;3377;0;;3330.0;0.0;;3514.0;0.0;;3288.0;0.0;0.0;;3699.0;0.0
ore_ont_12831.owl;SubClassOf(<http://www.text2onto.org/ontology#macrophage> <http://www.text2onto.org/ontology#stuff_accumulating_cell>);1027;810.4999999999999;0.983343615052437;16235;366;0.9811227637260951;7462.0;319.0;0.983343615052437;6541.0;337.0;1.0;5882.0;358.0;2.0;0.983343615052437;19115.0;359.0
ore_ont_12831.owl;SubClassOf(<http://www.text2onto.org/ontology#myeloid_progenitor_cell> <http://www.text2onto.org/ontology#non-terminally_differentiated_cell>);1027;126.1;0.7636796193497225;11970;440;0.8683584456780333;7157.0;344.0;0.7636796193497225;6088.0;362.0;0.8683584456780333;5555.0;312.0;2.0;0.7636796193497225;13554.0;371.0
ore_ont_12831.owl;SubClassOf(<http://www.text2onto.org/ontology#vegetative_cell> <http://www.text2onto.org/ontology#plant_cell>);1027;162.60000000000002;;3359;0;;3393.0;0.0;;3372.0;0.0;;3284.0;0.0;0.0;;3586.0;0.0
ore_ont_12831.owl;SubClassOf(<http://www.text2onto.org/ontology#cns_neuron> <http://www.text2onto.org/ontology#neuron>);1027;346.49999999999994;;3291;0;;3239.0;0.0;;3341.0;0.0;;3682.0;0.0;0.0;;3211.0;0.0
ore_ont_12831.owl;SubClassOf(<http://www.text2onto.org/ontology#peptide_hormone_secreting_cell> <http://www.text2onto.org/ontology#animal_cell>);1027;245.80000000000004;0.8742880390561432;11699;267;0.8742880390561432;6314.0;312.0;0.8742880390561432;5820.0;314.0;1.0;5483.0;346.0;1.0;0.8742880390561432;13666.0;383.0
ore_ont_7220.owl;SubClassOf(<http://purl.obolibrary.org/obo/TO_0000454> <http://purl.obolibrary.org/obo/TO_0000261>);1175;87.3;;3131;0;;3472.0;0.0;;3275.0;0.0;;3219.0;0.0;0.0;;3222.0;0.0
ore_ont_7220.owl;SubClassOf(<http://purl.obolibrary.org/obo/TO_0002633> <http://purl.obolibrary.org/obo/TO_0000349>);1175;81.5;;3276;0;;3249.0;0.0;;3220.0;0.0;;3263.0;0.0;0.0;;3264.0;0.0
ore_ont_7220.owl;SubClassOf(<http://purl.obolibrary.org/obo/TO_0000084> <http://purl.obolibrary.org/obo/TO_0000043>);1175;54.1;;3284;0;;3300.0;0.0;;3335.0;0.0;;3411.0;0.0;0.0;;3317.0;0.0
ore_ont_7220.owl;SubClassOf(<http://purl.obolibrary.org/obo/TO_0000654> <http://purl.obolibrary.org/obo/TO_0000357>);1175;21.2;;3129;0;;3464.0;0.0;;3400.0;0.0;;3317.0;0.0;0.0;;3207.0;0.0
ore_ont_7220.owl;SubClassOf(<http://purl.obolibrary.org/obo/TO_0000327> <http://purl.obolibrary.org/obo/TO_0000371>);1175;23.6;;3458;0;;3324.0;0.0;;3188.0;0.0;;3505.0;0.0;0.0;;3322.0;0.0
ore_ont_7220.owl;SubClassOf(<http://purl.obolibrary.org/obo/TO_0002625> <http://purl.obolibrary.org/obo/TO_0002728>);1175;56.2;;3336;0;;3223.0;0.0;;3497.0;0.0;;3329.0;0.0;0.0;;3472.0;0.0
ore_ont_7220.owl;SubClassOf(<http://purl.obolibrary.org/obo/TO_0000401> <http://purl.obolibrary.org/obo/TO_0000168>);1175;61.0;0.6885245901639344;11820;312;0.4737704918032787;6449.0;315.0;0.6885245901639344;6102.0;359.0;0.4737704918032787;5369.0;425.0;1.0;0.6885245901639344;13836.0;445.0
ore_ont_7220.owl;SubClassOf(<http://purl.obolibrary.org/obo/TO_0000667> <http://purl.obolibrary.org/obo/TO_0000162>);1175;35.5;;3377;0;;3252.0;0.0;;3539.0;0.0;;3478.0;0.0;0.0;;3504.0;0.0
ore_ont_7220.owl;SubClassOf(<http://purl.obolibrary.org/obo/TO_0000657> <http://purl.obolibrary.org/obo/TO_0000373>);1175;53.3;;3337;0;;3461.0;0.0;;3407.0;0.0;;3214.0;0.0;0.0;;3747.0;0.0
ore_ont_7220.owl;SubClassOf(<http://purl.obolibrary.org/obo/TO_0000664> <http://purl.obolibrary.org/obo/TO_0000439>);1175;111.7;;3377;0;;3340.0;0.0;;3135.0;0.0;;3723.0;0.0;0.0;;3447.0;0.0
ore_ont_16821.owl;SubClassOf(<http://cbo.biocomplexity.indiana.edu/svn/cbo/trunk/CBO_1_0.owl#KineticProperty> <http://cbo.biocomplexity.indiana.edu/svn/cbo/trunk/CBO_1_0.owl#CBO_Object>);1033;2037.4999999999995;0.9918527607361965;12221;269;0.9898404907975467;6927.0;360.0;0.9918527607361965;6151.0;426.0;0.9898404907975467;5520.0;449.0;2.0;0.9918527607361965;13767.0;313.0
ore_ont_16821.owl;SubClassOf(<http://cbo.biocomplexity.indiana.edu/svn/cbo/trunk/CBO_1_0.owl#GeometricalProperty> <http://cbo.biocomplexity.indiana.edu/svn/cbo/trunk/CBO_1_0.owl#CBO_Object>);1033;6243.899999999999;0.9984304681369017;12038;266;0.9901503867774948;6905.0;358.0;0.9984304681369017;6371.0;377.0;0.9984304681369017;5412.0;507.0;3.0;0.9984304681369017;13402.0;395.0
ore_ont_16821.owl;SubClassOf(<http://cbo.biocomplexity.indiana.edu/svn/cbo/trunk/CBO_1_0.owl#Texture> <http://cbo.biocomplexity.indiana.edu/svn/cbo/trunk/CBO_1_0.owl#GeometricalProperty>);1033;4726.799999999999;;3306;0;;3302.0;0.0;;3167.0;0.0;;3379.0;0.0;0.0;;3299.0;0.0
ore_ont_16821.owl;SubClassOf(<http://cbo.biocomplexity.indiana.edu/svn/cbo/trunk/CBO_1_0.owl#Charge> <http://cbo.biocomplexity.indiana.edu/svn/cbo/trunk/CBO_1_0.owl#ElectricalProperty>);1033;8415.599999999999;;3259;0;;3317.0;0.0;;3509.0;0.0;;3375.0;0.0;0.0;;3266.0;0.0
ore_ont_16821.owl;SubClassOf(<http://cbo.biocomplexity.indiana.edu/svn/cbo/trunk/CBO_1_0.owl#Energy> <http://cbo.biocomplexity.indiana.edu/svn/cbo/trunk/CBO_1_0.owl#CBO_Object>);1033;4140.699999999999;0.9919820320235709;11610;317;0.9900741420532766;6571.0;382.0;0.9919820320235709;6021.0;304.0;0.9900741420532766;5574.0;368.0;2.0;0.9919820320235709;13355.0;333.0
ore_ont_16821.owl;SubClassOf(<http://cbo.biocomplexity.indiana.edu/svn/cbo/trunk/CBO_1_0.owl#GeometricalProperty> <http://cbo.biocomplexity.indiana.edu/svn/cbo/trunk/CBO_1_0.owl#PhysicalObjectQuality>);1033;11496.2;;3330;0;;3207.0;0.0;;3655.0;0.0;;3300.0;0.0;0.0;;3421.0;0.0
ore_ont_16821.owl;SubClassOf(<http://cbo.biocomplexity.indiana.edu/svn/cbo/trunk/CBO_1_0.owl#StiffnessMechanical> <http://cbo.biocomplexity.indiana.edu/svn/cbo/trunk/CBO_1_0.owl#MechanicalProperty>);1033;5648.999999999999;;3262;0;;3210.0;0.0;;3203.0;0.0;;3160.0;0.0;0.0;;3070.0;0.0
ore_ont_16821.owl;SubClassOf(<http://cbo.biocomplexity.indiana.edu/svn/cbo/trunk/CBO_1_0.owl#ChemicalPattern> <http://cbo.biocomplexity.indiana.edu/svn/cbo/trunk/CBO_1_0.owl#ChemicalProperty>);1033;5454.9;;3347;0;;3279.0;0.0;;3207.0;0.0;;3436.0;0.0;0.0;;3340.0;0.0
ore_ont_16821.owl;SubClassOf(<http://cbo.biocomplexity.indiana.edu/svn/cbo/trunk/CBO_1_0.owl#GenerationalAge> <http://cbo.biocomplexity.indiana.edu/svn/cbo/trunk/CBO_1_0.owl#Age>);1033;5325.5;;3252;0;;3221.0;0.0;;3347.0;0.0;;3321.0;0.0;0.0;;3330.0;0.0
ore_ont_16821.owl;SubClassOf(<http://cbo.biocomplexity.indiana.edu/svn/cbo/trunk/CBO_1_0.owl#Random> <http://cbo.biocomplexity.indiana.edu/svn/cbo/trunk/CBO_1_0.owl#StatisticalProperty>);1033;2105.9999999999995;;3176;0;;3629.0;0.0;;3321.0;0.0;;3415.0;0.0;0.0;;3237.0;0.0
ore_ont_4400.owl;SubClassOf(<http://www.aiai.ed.ac.uk/resources/go/cell.owl#CL.0000510> <http://www.aiai.ed.ac.uk/resources/go/cell.owl#CL.0000075>);1334;327.49999999999994;0.999083969465649;18109;315;0.9340458015267178;7700.0;357.0;0.999083969465649;6917.0;272.0;0.9340458015267178;5481.0;368.0;1.0;0.999083969465649;21007.0;281.0
ore_ont_4400.owl;SubClassOf(<http://www.aiai.ed.ac.uk/resources/go/cell.owl#CL.0000154> <http://www.aiai.ed.ac.uk/resources/go/cell.owl#CL.0000152>);1334;94.1;;3221;0;;3251.0;0.0;;3200.0;0.0;;3646.0;0.0;0.0;;3354.0;0.0
ore_ont_4400.owl;SubClassOf(<http://www.aiai.ed.ac.uk/resources/go/cell.owl#CL.0000056> <http://www.aiai.ed.ac.uk/resources/go/cell.owl#CL.0000055>);1334;99.2;;3344;0;;3295.0;0.0;;3552.0;0.0;;3531.0;0.0;0.0;;3404.0;0.0
ore_ont_4400.owl;SubClassOf(<http://www.aiai.ed.ac.uk/resources/go/cell.owl#CL.0000167> <http://www.aiai.ed.ac.uk/resources/go/cell.owl#CL.0000163>);1334;91.4;;3149;0;;3163.0;0.0;;3175.0;0.0;;3218.0;0.0;0.0;;3184.0;0.0
ore_ont_4400.owl;SubClassOf(<http://www.aiai.ed.ac.uk/resources/go/cell.owl#CL.0000152> <http://www.aiai.ed.ac.uk/resources/go/cell.owl#CL.0000548>);1334;74.80000000000001;;3473;0;;3378.0;0.0;;3383.0;0.0;;3196.0;0.0;0.0;;3675.0;0.0
ore_ont_4400.owl;SubClassOf(<http://www.aiai.ed.ac.uk/resources/go/cell.owl#CL.0000117> <http://www.aiai.ed.ac.uk/resources/go/cell.owl#CL.0000540>);1334;49.0;;3377;0;;3251.0;0.0;;3524.0;0.0;;3364.0;0.0;0.0;;3479.0;0.0
ore_ont_4400.owl;SubClassOf(<http://www.aiai.ed.ac.uk/resources/go/cell.owl#CL.0000392> <http://www.aiai.ed.ac.uk/resources/go/cell.owl#CL.0000009>);1334;38.6;;3211;0;;3472.0;0.0;;3342.0;0.0;;3334.0;0.0;0.0;;3223.0;0.0
ore_ont_4400.owl;SubClassOf(<http://www.aiai.ed.ac.uk/resources/go/cell.owl#CL.0000172> <http://www.aiai.ed.ac.uk/resources/go/cell.owl#CL.0000167>);1334;124.8;;3357;0;;3457.0;0.0;;3312.0;0.0;;3397.0;0.0;0.0;;3485.0;0.0
ore_ont_4400.owl;SubClassOf(<http://www.aiai.ed.ac.uk/resources/go/cell.owl#CL.0000075> <http://www.aiai.ed.ac.uk/resources/go/cell.owl#CL.0000066>);1334;48.4;;3402;0;;3231.0;0.0;;3646.0;0.0;;3580.0;0.0;0.0;;3380.0;0.0
ore_ont_4400.owl;SubClassOf(<http://www.aiai.ed.ac.uk/resources/go/cell.owl#CL.0000152> <http://www.aiai.ed.ac.uk/resources/go/cell.owl#CL.0000144>);1334;73.0;0.9041095890410958;12152;284;0.9041095890410958;7039.0;357.0;0.9041095890410958;6540.0;398.0;1.1027397260273974;5787.0;462.0;1.0;0.9041095890410958;13766.0;387.0
ore_ont_15397.owl;SubClassOf(<http://ccdb.ucsd.edu/NIF/NIF-Subcellular2.owl#sao1687101204> <http://ccdb.ucsd.edu/NIF/NIF-Subcellular2.owl#sao830981606>);1392;3785.6;;3113;0;;3171.0;0.0;;3195.0;0.0;;3154.0;0.0;0.0;;3132.0;0.0
ore_ont_15397.owl;SubClassOf(<http://ccdb.ucsd.edu/NIF/NIF-Subcellular2.owl#sao-343550527> <http://ccdb.ucsd.edu/NIF/NIF-Subcellular2.owl#sao1289190043>);1392;9358.199999999995;;3142;0;;3165.0;0.0;;3257.0;0.0;;3137.0;0.0;0.0;;3547.0;0.0
ore_ont_15397.owl;SubClassOf(<http://ccdb.ucsd.edu/NIF/NIF-Subcellular2.owl#sao11978067> <http://www.absoluteiri.edu/RELAPPROXC235>);1392;9359.2;;3351;0;;3307.0;0.0;;3298.0;0.0;;3356.0;0.0;0.0;;3369.0;0.0
ore_ont_15397.owl;SubClassOf(<http://ccdb.ucsd.edu/NIF/NIF-Subcellular2.owl#sao1911631652> <http://ccdb.ucsd.edu/NIF/NIF-Subcellular2.owl#sao1784069613>);1392;3239.9000000000005;0.9996913484984103;11879;439;0.9943825426710702;6960.0;415.0;0.9996913484984103;6326.0;407.0;0.9996913484984103;5760.0;465.0;2.0;0.9996913484984103;14172.0;509.0
ore_ont_15397.owl;SubClassOf(<http://ccdb.ucsd.edu/NIF/NIF-Subcellular2.owl#sao1615953555> <http://ccdb.ucsd.edu/NIF/NIF-Subcellular2.owl#sao628508602>);1392;3869.4;0.9976740579934876;11910;455;0.9967436811908823;6812.0;392.0;0.9976740579934876;6105.0;416.0;0.9976740579934876;5353.0;417.0;2.0;0.9976740579934876;13662.0;443.0
ore_ont_15397.owl;SubClassOf(<http://ccdb.ucsd.edu/NIF/NIF-Subcellular2.owl#sao414196390> <http://ccdb.ucsd.edu/NIF/NIF-Subcellular2.owl#sao1539965131>);1392;3226.6000000000004;;3294;0;;3152.0;0.0;;3212.0;0.0;;3275.0;0.0;0.0;;3313.0;0.0
ore_ont_15397.owl;SubClassOf(<http://ccdb.ucsd.edu/NIF/NIF-Subcellular2.owl#sao730872736> <http://www.absoluteiri.edu/RELAPPROXC235>);1392;3067.600000000001;;3158;0;;3635.0;0.0;;3273.0;0.0;;3200.0;0.0;0.0;;3132.0;0.0
ore_ont_15397.owl;SubClassOf(<http://ccdb.ucsd.edu/NIF/NIF-Subcellular2.owl#sao4933778419> <http://ccdb.ucsd.edu/NIF/NIF-Subcellular2.owl#sao120573470>);1392;3071.7000000000007;;3335;0;;3358.0;0.0;;3334.0;0.0;;3160.0;0.0;0.0;;3624.0;0.0
ore_ont_15397.owl;SubClassOf(<http://ccdb.ucsd.edu/NIF/NIF-Subcellular2.owl#sao1362520468> <http://ccdb.ucsd.edu/NIF/NIF-Subcellular2.owl#sao221389602>);1392;3553.3;0.9967072861846733;11905;407;0.9978048574564489;7038.0;390.0;0.9967072861846733;6390.0;389.0;0.9978048574564489;5336.0;511.0;3.0;0.9967072861846733;13815.0;502.0
ore_ont_15397.owl;SubClassOf(<http://ccdb.ucsd.edu/NIF/NIF-Subcellular2.owl#sao1846835077> <http://ccdb.ucsd.edu/NIF/NIF-Subcellular2.owl#sao1635329413>);1392;9440.3;;3205;0;;3375.0;0.0;;3504.0;0.0;;3259.0;0.0;0.0;;3241.0;0.0
ore_ont_15985.owl;SubClassOf(<http://purl.obolibrary.org/obo/TO_0000454> <http://purl.obolibrary.org/obo/TO_0000261>);1374;86.7;;3304;0;;3298.0;0.0;;3255.0;0.0;;3254.0;0.0;0.0;;3316.0;0.0
ore_ont_15985.owl;SubClassOf(<http://purl.obolibrary.org/obo/TO_0000654> <http://purl.obolibrary.org/obo/TO_0000357>);1374;22.1;;3322;0;;3251.0;0.0;;3193.0;0.0;;3350.0;0.0;0.0;;3341.0;0.0
ore_ont_15985.owl;SubClassOf(<http://purl.obolibrary.org/obo/TO_0012006> <http://purl.obolibrary.org/obo/TO_0000349>);1374;50.0;;3674;0;;3475.0;0.0;;3280.0;0.0;;3266.0;0.0;0.0;;3333.0;0.0
ore_ont_15985.owl;SubClassOf(<http://purl.obolibrary.org/obo/TO_0000327> <http://purl.obolibrary.org/obo/TO_0000371>);1374;23.3;;3300;0;;3253.0;0.0;;3253.0;0.0;;3366.0;0.0;0.0;;3338.0;0.0
ore_ont_15985.owl;SubClassOf(<http://purl.obolibrary.org/obo/TO_0002625> <http://purl.obolibrary.org/obo/TO_0002728>);1374;56.8;;3363;0;;3247.0;0.0;;3290.0;0.0;;3349.0;0.0;0.0;;3464.0;0.0
ore_ont_15985.owl;SubClassOf(<http://purl.obolibrary.org/obo/TO_0000084> <http://purl.obolibrary.org/obo/TO_0000168>);1374;95.8;;3366;0;;3785.0;0.0;;3258.0;0.0;;3292.0;0.0;0.0;;3326.0;0.0
ore_ont_15985.owl;SubClassOf(<http://purl.obolibrary.org/obo/TO_0000667> <http://purl.obolibrary.org/obo/TO_0000162>);1374;36.7;;3145;0;;3352.0;0.0;;3249.0;0.0;;3245.0;0.0;0.0;;3190.0;0.0
ore_ont_15985.owl;SubClassOf(<http://purl.obolibrary.org/obo/TO_0000657> <http://purl.obolibrary.org/obo/TO_0000373>);1374;70.3;;3254;0;;3284.0;0.0;;3214.0;0.0;;3255.0;0.0;0.0;;3502.0;0.0
ore_ont_15985.owl;SubClassOf(<http://purl.obolibrary.org/obo/TO_0001024> <http://purl.obolibrary.org/obo/TO_0000465>);1374;37.3;;3462;0;;3275.0;0.0;;3225.0;0.0;;3510.0;0.0;0.0;;3336.0;0.0
ore_ont_15985.owl;SubClassOf(<http://purl.obolibrary.org/obo/TO_0000664> <http://purl.obolibrary.org/obo/TO_0000439>);1374;89.4;;3255;0;;3126.0;0.0;;3597.0;0.0;;3379.0;0.0;0.0;;3351.0;0.0
ore_ont_10283.owl;SubClassOf(<http://www.lornet.org/ACM-CSS.owl#G.3.0> <http://www.lornet.org/ACM-CSS.owl#G.3>);1459;17.3;;3304;0;;3434.0;0.0;;3313.0;0.0;;3524.0;0.0;0.0;;3413.0;0.0
ore_ont_10283.owl;SubClassOf(<http://www.lornet.org/ACM-CSS.owl#D.2.2> <http://www.lornet.org/ACM-CSS.owl#D.2>);1459;16.4;;3402;0;;3318.0;0.0;;3594.0;0.0;;3460.0;0.0;0.0;;3414.0;0.0
ore_ont_10283.owl;SubClassOf(<http://www.lornet.org/ACM-CSS.owl#D.3.3.15> <http://www.lornet.org/ACM-CSS.owl#D.3.3>);1459;27.1;;3493;0;;3342.0;0.0;;3492.0;0.0;;3373.0;0.0;0.0;;3545.0;0.0
ore_ont_10283.owl;SubClassOf(<http://www.lornet.org/ACM-CSS.owl#D.3.4.8> <http://www.lornet.org/ACM-CSS.owl#D.3.4>);1459;25.9;;3400;0;;3413.0;0.0;;3402.0;0.0;;3400.0;0.0;0.0;;3415.0;0.0
ore_ont_10283.owl;SubClassOf(<http://www.lornet.org/ACM-CSS.owl#I.2.10> <http://www.lornet.org/ACM-CSS.owl#I.2>);1459;16.7;;3301;0;;3619.0;0.0;;3313.0;0.0;;3508.0;0.0;0.0;;3356.0;0.0
ore_ont_10283.owl;SubClassOf(<http://www.lornet.org/ACM-CSS.owl#D.2.2.0> <http://www.lornet.org/ACM-CSS.owl#D.2.2>);1459;28.9;;3451;0;;3331.0;0.0;;3375.0;0.0;;3367.0;0.0;0.0;;3492.0;0.0
ore_ont_10283.owl;SubClassOf(<http://www.lornet.org/ACM-CSS.owl#I.4.8.9> <http://www.lornet.org/ACM-CSS.owl#I.4.8>);1459;29.8;;3345;0;;3338.0;0.0;;3579.0;0.0;;3428.0;0.0;0.0;;3397.0;0.0
ore_ont_10283.owl;SubClassOf(<http://www.lornet.org/ACM-CSS.owl#H.5.2.1> <http://www.lornet.org/ACM-CSS.owl#H.5.2>);1459;28.9;;3368;0;;3533.0;0.0;;3369.0;0.0;;3495.0;0.0;0.0;;3333.0;0.0
ore_ont_10283.owl;SubClassOf(<http://www.lornet.org/ACM-CSS.owl#D.3.2.13> <http://www.lornet.org/ACM-CSS.owl#D.3.2>);1459;26.5;;3348;0;;3503.0;0.0;;3146.0;0.0;;3716.0;0.0;0.0;;3469.0;0.0
ore_ont_10283.owl;SubClassOf(<http://www.lornet.org/ACM-CSS.owl#G.1.2> <http://www.lornet.org/ACM-CSS.owl#G.1>);1459;15.5;;3234;0;;3337.0;0.0;;3564.0;0.0;;3521.0;0.0;0.0;;3397.0;0.0
ore_ont_1473.owl;SubClassOf(<http://purl.obolibrary.org/obo/DIS_2322> <http://purl.obolibrary.org/obo/DIS_0298>);1676;227.49999999999997;0.7995604395604397;16123;395;0.6738461538461539;6878.0;385.0;0.7995604395604397;6794.0;429.0;0.7995604395604397;5505.0;458.0;1.0;0.7995604395604397;19377.0;403.0
ore_ont_1473.owl;SubClassOf(<http://purl.obolibrary.org/obo/DIS_1613> <http://purl.obolibrary.org/obo/DIS_1246>);1676;110.4;0.453804347826087;16040;383;0.30434782608695654;6970.0;427.0;0.453804347826087;6644.0;435.0;0.6920289855072462;5645.0;463.0;1.0;0.453804347826087;19435.0;385.0
ore_ont_1473.owl;SubClassOf(<http://purl.obolibrary.org/obo/DIS_0331> <http://purl.obolibrary.org/obo/DIS_0455>);1676;273.5;;3266;0;;3373.0;0.0;;3198.0;0.0;;3249.0;0.0;0.0;;3637.0;0.0
ore_ont_1473.owl;SubClassOf(<http://purl.obolibrary.org/obo/DIS_1242> <http://purl.obolibrary.org/obo/DIS_1613>);1676;230.29999999999995;;3380;0;;3319.0;0.0;;3356.0;0.0;;3377.0;0.0;0.0;;3432.0;0.0
ore_ont_1473.owl;SubClassOf(<http://purl.obolibrary.org/obo/DIS_0952> <http://purl.obolibrary.org/obo/DIS_0155>);1676;105.3;;3227;0;;3403.0;0.0;;3507.0;0.0;;3307.0;0.0;0.0;;3282.0;0.0
ore_ont_1473.owl;SubClassOf(<http://purl.obolibrary.org/obo/DIS_0455> <http://purl.obolibrary.org/obo/DIS_1947>);1676;151.8;;3530;0;;3538.0;0.0;;3315.0;0.0;;3656.0;0.0;0.0;;3519.0;0.0
ore_ont_1473.owl;SubClassOf(<http://purl.obolibrary.org/obo/DIS_0428> <http://purl.obolibrary.org/obo/DIS_0067>);1676;220.4;;3376;0;;3567.0;0.0;;3448.0;0.0;;3492.0;0.0;0.0;;3292.0;0.0
ore_ont_1473.owl;SubClassOf(<http://purl.obolibrary.org/obo/DIS_1140> <http://purl.obolibrary.org/obo/DIS_0361>);1676;56.2;;3399;0;;3353.0;0.0;;3377.0;0.0;;3255.0;0.0;0.0;;3328.0;0.0
ore_ont_1473.owl;SubClassOf(<http://purl.obolibrary.org/obo/DIS_0106> <http://purl.obolibrary.org/obo/DIS_0255>);1676;220.7;;3358;0;;3379.0;0.0;;3637.0;0.0;;3431.0;0.0;0.0;;3431.0;0.0
ore_ont_1473.owl;SubClassOf(<http://purl.obolibrary.org/obo/DIS_0574> <http://purl.obolibrary.org/obo/DIS_0428>);1676;300.3;;3142;0;;3429.0;0.0;;3530.0;0.0;;3384.0;0.0;0.0;;3184.0;0.0
ore_ont_12009.owl;SubClassOf(<http://doe-generated-ontology.com/OntoPneumo#Cystectomie> <http://doe-generated-ontology.com/OntoPneumo#InterventionChirurgicale>);1165;126.5;;3516;0;;3425.0;0.0;;3671.0;0.0;;3487.0;0.0;0.0;;3476.0;0.0
ore_ont_12009.owl;SubClassOf(<http://doe-generated-ontology.com/OntoPneumo#PseudomonasAeruginosa> <http://doe-generated-ontology.com/OntoPneumo#Bacterie>);1165;124.7;;3479;0;;3580.0;0.0;;3441.0;0.0;;3475.0;0.0;0.0;;3600.0;0.0
ore_ont_12009.owl;SubClassOf(<http://doe-generated-ontology.com/OntoPneumo#Tete> <http://doe-generated-ontology.com/OntoPneumo#RegionAnatomique>);1165;122.6;;3432;0;;3334.0;0.0;;3491.0;0.0;;3439.0;0.0;0.0;;3427.0;0.0
ore_ont_12009.owl;SubClassOf(<http://doe-generated-ontology.com/OntoPneumo#Poumon> <http://doe-generated-ontology.com/OntoPneumo#Organe>);1165;164.1;;3187;0;;3538.0;0.0;;3465.0;0.0;;3513.0;0.0;0.0;;3155.0;0.0
ore_ont_12009.owl;SubClassOf(<http://doe-generated-ontology.com/OntoPneumo#Bisolvon> <http://doe-generated-ontology.com/OntoPneumo#Fluidifiant>);1165;196.7;;3384;0;;3637.0;0.0;;3386.0;0.0;;3661.0;0.0;0.0;;3528.0;0.0
ore_ont_12009.owl;SubClassOf(<http://doe-generated-ontology.com/OntoPneumo#Vertebre> <http://doe-generated-ontology.com/OntoPneumo#Os>);1165;158.1;;3437;0;;3143.0;0.0;;3513.0;0.0;;3477.0;0.0;0.0;;3463.0;0.0
ore_ont_12009.owl;SubClassOf(<http://doe-generated-ontology.com/OntoPneumo#PathologieRespiratoireTumoraleBenigne> <http://doe-generated-ontology.com/OntoPneumo#PathologieRespiratoire>);1165;125.29999999999998;;3396;0;;3380.0;0.0;;3562.0;0.0;;3295.0;0.0;0.0;;3652.0;0.0
ore_ont_12009.owl;SubClassOf(<http://doe-generated-ontology.com/OntoPneumo#ArtereBronchique> <http://doe-generated-ontology.com/OntoPneumo#Artere>);1165;249.1;;3257;0;;3304.0;0.0;;3121.0;0.0;;3544.0;0.0;0.0;;3300.0;0.0
ore_ont_12009.owl;SubClassOf(<http://doe-generated-ontology.com/OntoPneumo#ComposantDeLExplorationDeLHemostase> <http://doe-generated-ontology.com/OntoPneumo#PrelevementSanguin>);1165;135.8;;3341;0;;3388.0;0.0;;3401.0;0.0;;3556.0;0.0;0.0;;3102.0;0.0
ore_ont_12009.owl;SubClassOf(<http://doe-generated-ontology.com/OntoPneumo#PseudoLymphomePulmonaire> <http://doe-generated-ontology.com/OntoPneumo#PathologieRespiratoireTumoraleBenigne>);1165;169.5;;3429;0;;3388.0;0.0;;3534.0;0.0;;3151.0;0.0;0.0;;3508.0;0.0
ore_ont_8135.owl;SubClassOf(<http://www.ebi.ac.uk/efo/swo/SWO_0000595> <http://purl.obolibrary.org/obo/IAO_0000064>);1627;406.3;;3307;0;;3443.0;0.0;;3338.0;0.0;;3372.0;0.0;0.0;;3256.0;0.0
ore_ont_8135.owl;SubClassOf(<http://www.ebi.ac.uk/efo/swo/SWO_0000084> <http://purl.obolibrary.org/obo/IAO_0000098>);1627;316.90000000000003;;3476;0;;3417.0;0.0;;3430.0;0.0;;3321.0;0.0;0.0;;3586.0;0.0
ore_ont_8135.owl;SubClassOf(<http://www.ebi.ac.uk/efo/swo/SWO_0000182> <http://purl.obolibrary.org/obo/IAO_0000010>);1627;526.5;0.5618233618233618;12001;708;0.7846153846153846;6990.0;588.0;0.5618233618233618;6510.0;583.0;0.5618233618233618;5403.0;633.0;2.0;0.5618233618233618;14261.0;652.0
ore_ont_8135.owl;SubClassOf(<http://www.ebi.ac.uk/efo/swo/SWO_0000554> <http://purl.obolibrary.org/obo/IAO_0000027>);1627;210.1;;3386;0;;3139.0;0.0;;3208.0;0.0;;3179.0;0.0;0.0;;3177.0;0.0
ore_ont_8135.owl;SubClassOf(<http://www.ebi.ac.uk/efo/swo/SWO_0000409> <http://purl.obolibrary.org/obo/IAO_0000098>);1627;435.6;;3132;0;;3625.0;0.0;;3434.0;0.0;;3306.0;0.0;0.0;;3313.0;0.0
ore_ont_8135.owl;SubClassOf(<http://purl.obolibrary.org/obo/OBI_0200031> <http://purl.obolibrary.org/obo/IAO_0000005>);1627;330.3;;3278;0;;3365.0;0.0;;3236.0;0.0;;3212.0;0.0;0.0;;3395.0;0.0
ore_ont_8135.owl;SubClassOf(<http://www.ebi.ac.uk/efo/swo/SWO_0000624> <http://purl.obolibrary.org/obo/IAO_0000027>);1627;326.4;;3355;0;;3230.0;0.0;;3164.0;0.0;;3206.0;0.0;0.0;;3223.0;0.0
ore_ont_8135.owl;SubClassOf(<http://www.ebi.ac.uk/efo/swo/SWO_0000116> <http://purl.obolibrary.org/obo/IAO_0000027>);1627;296.2;;3100;0;;3447.0;0.0;;3454.0;0.0;;3592.0;0.0;0.0;;3458.0;0.0
ore_ont_8135.owl;SubClassOf(<http://www.ebi.ac.uk/efo/swo/SWO_0000661> <http://purl.obolibrary.org/obo/IAO_0000027>);1627;342.5;;3549;0;;3515.0;0.0;;3196.0;0.0;;3137.0;0.0;0.0;;3731.0;0.0
ore_ont_8135.owl;SubClassOf(<http://www.ebi.ac.uk/efo/swo/SWO_0000415> <http://purl.obolibrary.org/obo/IAO_0000030>);1627;423.1;0.9666745450248169;11952;558;0.9943275821318837;6737.0;595.0;0.9666745450248169;6277.0;562.0;0.9666745450248169;5475.0;631.0;1.0;0.9666745450248169;13786.0;484.0
ore_ont_11014.owl;SubClassOf(<http://purl.obolibrary.org/obo/MS_1001371> <http://purl.obolibrary.org/obo/MS_1001143>);1816;279.1;;3359;0;;3305.0;0.0;;3310.0;0.0;;3275.0;0.0;0.0;;3759.0;0.0
ore_ont_11014.owl;SubClassOf(<http://purl.obolibrary.org/obo/MS_1001371> <http://purl.obolibrary.org/obo/MS_1001153>);1816;284.5;;3350;0;;3270.0;0.0;;3747.0;0.0;;3313.0;0.0;0.0;;3298.0;0.0
ore_ont_11014.owl;SubClassOf(<http://purl.obolibrary.org/obo/MS_1000752> <http://purl.obolibrary.org/obo/MS_1001457>);1816;146.0;;3296;0;;3384.0;0.0;;3302.0;0.0;;3321.0;0.0;0.0;;3254.0;0.0
ore_ont_11014.owl;SubClassOf(<http://purl.obolibrary.org/obo/MS_1000719> <http://purl.obolibrary.org/obo/MS_1000692>);1816;182.0;;3454;0;;3342.0;0.0;;3268.0;0.0;;3143.0;0.0;0.0;;3227.0;0.0
ore_ont_11014.owl;SubClassOf(<http://purl.obolibrary.org/obo/MS_1000752> <http://purl.obolibrary.org/obo/MS_1001456>);1816;146.0;;3322;0;;3193.0;0.0;;3349.0;0.0;;3388.0;0.0;0.0;;3475.0;0.0
ore_ont_11014.owl;SubClassOf(<http://purl.obolibrary.org/obo/MS_1000242> <http://purl.obolibrary.org/obo/MS_1000437>);1816;82.1;;3386;0;;3700.0;0.0;;3381.0;0.0;;3307.0;0.0;0.0;;3319.0;0.0
ore_ont_11014.owl;SubClassOf(<http://purl.obolibrary.org/obo/MS_1000247> <http://purl.obolibrary.org/obo/MS_1000008>);1816;49.2;;3342;0;;3422.0;0.0;;3401.0;0.0;;3295.0;0.0;0.0;;3355.0;0.0
ore_ont_11014.owl;SubClassOf(<http://purl.obolibrary.org/obo/MS_1000293> <http://purl.obolibrary.org/obo/MS_1000479>);1816;47.1;;3323;0;;3272.0;0.0;;3713.0;0.0;;3339.0;0.0;0.0;;3313.0;0.0
ore_ont_11014.owl;SubClassOf(<http://purl.obolibrary.org/obo/MS_1001227> <http://purl.obolibrary.org/obo/MS_1001221>);1816;142.9;;3212;0;;3281.0;0.0;;3358.0;0.0;;3269.0;0.0;0.0;;3251.0;0.0
ore_ont_11014.owl;SubClassOf(<http://purl.obolibrary.org/obo/MS_1001041> <http://purl.obolibrary.org/obo/MS_1001302>);1816;168.4;0.8396674584323041;11845;528;0.7060570071258907;7060.0;466.0;0.8396674584323041;6319.0;504.0;0.8396674584323041;5810.0;467.0;1.0;0.8396674584323041;14059.0;511.0
ore_ont_13578.owl;SubClassOf(<http://purl.obolibrary.org/obo/VHOG_0000319> <http://purl.obolibrary.org/obo/VHOG_0001245>);1692;9561.3;;3398;0;;3348.0;0.0;;3463.0;0.0;;3439.0;0.0;0.0;;3489.0;0.0
ore_ont_13578.owl;SubClassOf(<http://purl.obolibrary.org/obo/VHOG_0000334> <http://purl.obolibrary.org/obo/VHOG_0001190>);1692;15496.899999999998;;3320;0;;3243.0;0.0;;3187.0;0.0;;3256.0;0.0;0.0;;3278.0;0.0
ore_ont_13578.owl;SubClassOf(<http://purl.obolibrary.org/obo/VHOG_0000726> <http://purl.obolibrary.org/obo/VHOG_0001725>);1692;16607.6;0.9957730195813966;11831;922;0.9915099111250271;7654.0;806.0;0.9957730195813966;6573.0;791.0;0.9957730195813966;5440.0;829.0;2.0;0.9957730195813966;14628.0;1049.0
ore_ont_13578.owl;SubClassOf(<http://purl.obolibrary.org/obo/VHOG_0000725> <http://purl.obolibrary.org/obo/VHOG_0001725>);1692;14656.899999999998;0.9998157864214127;11761;684;0.9986081640728941;7245.0;747.0;0.9998157864214127;6137.0;798.0;0.9998157864214127;5416.0;817.0;1.0;0.9998157864214127;14014.0;817.0
ore_ont_13578.owl;SubClassOf(<http://purl.obolibrary.org/obo/VHOG_0000319> <http://purl.obolibrary.org/obo/VHOG_0001757>);1692;14024.599999999997;0.9989447114356205;11828;756;0.9997575688433185;7711.0;766.0;0.9989447114356205;6043.0;745.0;0.9997575688433185;5419.0;865.0;2.0;0.9989447114356205;14374.0;803.0
ore_ont_13578.owl;SubClassOf(<http://purl.obolibrary.org/obo/VHOG_0000713> <http://purl.obolibrary.org/obo/VHOG_0000319>);1692;19591.1;;3254;0;;3296.0;0.0;;3148.0;0.0;;3251.0;0.0;0.0;;3266.0;0.0
ore_ont_13578.owl;SubClassOf(<http://purl.obolibrary.org/obo/VHOG_0000288> <http://purl.obolibrary.org/obo/VHOG_0001737>);1692;15547.499999999998;;3221;0;;3153.0;0.0;;3725.0;0.0;;3335.0;0.0;0.0;;3240.0;0.0
ore_ont_13578.owl;SubClassOf(<http://purl.obolibrary.org/obo/VHOG_0000276> <http://purl.obolibrary.org/obo/VHOG_0001730>);1692;5088.6;;3353;0;;3356.0;0.0;;3368.0;0.0;;3169.0;0.0;0.0;;3285.0;0.0
ore_ont_13578.owl;SubClassOf(<http://purl.obolibrary.org/obo/VHOG_0001535> <http://purl.obolibrary.org/obo/VHOG_0001533>);1692;5952.7;;3336;0;;3388.0;0.0;;3348.0;0.0;;3382.0;0.0;0.0;;3348.0;0.0
ore_ont_13578.owl;SubClassOf(<http://purl.obolibrary.org/obo/VHOG_0000275> <http://purl.obolibrary.org/obo/VHOG_0001730>);1692;22553.3;;3313;0;;3356.0;0.0;;3326.0;0.0;;3294.0;0.0;0.0;;3256.0;0.0
ore_ont_3635.owl;SubClassOf(<http://purl.obolibrary.org/obo/HAO_0000461> <http://purl.obolibrary.org/obo/HAO_0000397>);2002;543.3000000000001;;3350;0;;3238.0;0.0;;3122.0;0.0;;3330.0;0.0;0.0;;3418.0;0.0
ore_ont_3635.owl;SubClassOf(<http://purl.obolibrary.org/obo/HAO_0000864> <http://purl.obolibrary.org/obo/HAO_0000188>);2002;725.3;;3156;0;;3329.0;0.0;;3352.0;0.0;;3346.0;0.0;0.0;;3231.0;0.0
ore_ont_3635.owl;SubClassOf(<http://purl.obolibrary.org/obo/HAO_0000234> <http://purl.obolibrary.org/obo/HAO_0000003>);2002;889.4999999999999;0.7598650927487355;16065;636;0.7682967959527827;7159.0;584.0;0.7598650927487355;6595.0;672.0;0.7682967959527827;5747.0;584.0;1.0;0.7598650927487355;20128.0;747.0
ore_ont_3635.owl;SubClassOf(<http://purl.obolibrary.org/obo/HAO_0000505> <http://purl.obolibrary.org/obo/HAO_0000003>);2002;977.4;0.4585635359116023;20277;747;0.9066912216083487;7707.0;785.0;0.4585635359116023;6968.0;602.0;0.7667280540208719;5748.0;869.0;2.0;0.4585635359116023;26520.0;740.0
ore_ont_3635.owl;SubClassOf(<http://purl.obolibrary.org/obo/HAO_0000853> <http://purl.obolibrary.org/obo/HAO_0000003>);2002;814.1000000000001;0.8677066699422674;24633;713;0.6591327846701879;7689.0;630.0;0.8677066699422674;7891.0;784.0;0.6591327846701879;5516.0;665.0;2.0;0.8677066699422674;32262.0;712.0
ore_ont_3635.owl;SubClassOf(<http://purl.obolibrary.org/obo/HAO_0000822> <http://purl.obolibrary.org/obo/HAO_0000146>);2002;1117.4;;3559;0;;3317.0;0.0;;3340.0;0.0;;3492.0;0.0;0.0;;3307.0;0.0
ore_ont_3635.owl;SubClassOf(<http://purl.obolibrary.org/obo/HAO_0000234> <http://purl.obolibrary.org/obo/HAO_0000909>);2002;285.1;;3326;0;;3348.0;0.0;;3266.0;0.0;;3222.0;0.0;0.0;;3268.0;0.0
ore_ont_3635.owl;SubClassOf(<http://purl.obolibrary.org/obo/HAO_0000244> <http://purl.obolibrary.org/obo/HAO_0000978>);2002;259.2;;3293;0;;3167.0;0.0;;3219.0;0.0;;3260.0;0.0;0.0;;3224.0;0.0
ore_ont_3635.owl;SubClassOf(<http://purl.obolibrary.org/obo/HAO_0000853> <http://purl.obolibrary.org/obo/HAO_0000041>);2002;354.7;0.7854524950662533;15863;540;0.4663095573724274;7472.0;648.0;0.7854524950662533;6849.0;552.0;0.4663095573724274;5470.0;599.0;3.0;0.7854524950662533;20678.0;703.0
ore_ont_3635.owl;SubClassOf(<http://purl.obolibrary.org/obo/HAO_0000925> <http://purl.obolibrary.org/obo/HAO_0000641>);2002;232.4;;3320;0;;3312.0;0.0;;3425.0;0.0;;3371.0;0.0;0.0;;3339.0;0.0
ore_ont_725.owl;SubClassOf(<http://purl.obolibrary.org/obo/MOD_00707> <http://purl.obolibrary.org/obo/MOD_00919>);2437;202.7;;3571;0;;3182.0;0.0;;3506.0;0.0;;3468.0;0.0;0.0;;3412.0;0.0
ore_ont_725.owl;SubClassOf(<http://purl.obolibrary.org/obo/MOD_00134> <http://purl.obolibrary.org/obo/MOD_00912>);2437;227.00000000000003;;3258;0;;3562.0;0.0;;3475.0;0.0;;3444.0;0.0;0.0;;3409.0;0.0
ore_ont_725.owl;SubClassOf(<http://purl.obolibrary.org/obo/MOD_00002> <http://purl.obolibrary.org/obo/MOD_00916>);2437;207.50000000000003;;3472;0;;3411.0;0.0;;3303.0;0.0;;3391.0;0.0;0.0;;3475.0;0.0
ore_ont_725.owl;SubClassOf(<http://purl.obolibrary.org/obo/MI_0612> <http://purl.obolibrary.org/obo/MI_0664>);2437;101.3;;3346;0;;3534.0;0.0;;3452.0;0.0;;3377.0;0.0;0.0;;3226.0;0.0
ore_ont_725.owl;SubClassOf(<http://purl.obolibrary.org/obo/MI_0212> <http://purl.obolibrary.org/obo/MI_0414>);2437;119.7;0.6115288220551377;11948;635;0.7869674185463659;7437.0;648.0;0.6115288220551377;6448.0;725.0;0.7869674185463659;5839.0;714.0;2.0;0.6115288220551377;14484.0;653.0
ore_ont_725.owl;SubClassOf(<http://purl.obolibrary.org/obo/MOD_00687> <http://purl.obolibrary.org/obo/MOD_00905>);2437;128.70000000000002;;3438;0;;3357.0;0.0;;3228.0;0.0;;3634.0;0.0;0.0;;3254.0;0.0
ore_ont_725.owl;SubClassOf(<http://purl.obolibrary.org/obo/MOD_00298> <http://purl.obolibrary.org/obo/MOD_00909>);2437;324.20000000000005;;3215;0;;3218.0;0.0;;3639.0;0.0;;3518.0;0.0;0.0;;3498.0;0.0
ore_ont_725.owl;SubClassOf(<http://purl.obolibrary.org/obo/MI_2064> <http://purl.obolibrary.org/obo/MI_0640>);2437;21.6;;3466;0;;3439.0;0.0;;3399.0;0.0;;3265.0;0.0;0.0;;3610.0;0.0
ore_ont_725.owl;SubClassOf(<http://purl.obolibrary.org/obo/MI_0434> <http://purl.obolibrary.org/obo/MI_0415>);2437;68.6;;3387;0;;3255.0;0.0;;3535.0;0.0;;3385.0;0.0;0.0;;3508.0;0.0
ore_ont_725.owl;SubClassOf(<http://purl.obolibrary.org/obo/MOD_00134> <http://purl.obolibrary.org/obo/MOD_00908>);2437;227.00000000000003;;3183;0;;3266.0;0.0;;3259.0;0.0;;3204.0;0.0;0.0;;3266.0;0.0
ore_ont_15950.owl;SubClassOf(<http://purl.obolibrary.org/obo/WBPhenotype_0000717> <http://purl.obolibrary.org/obo/WBPhenotype_0000027>);2111;201.4;;3228;0;;3184.0;0.0;;3220.0;0.0;;3284.0;0.0;0.0;;3299.0;0.0
ore_ont_15950.owl;SubClassOf(<http://purl.obolibrary.org/obo/WBPhenotype_0001344> <http://purl.obolibrary.org/obo/WBPhenotype_0000533>);2111;160.3;0.8296943231441047;11941;550;0.9001871490954461;6882.0;517.0;0.8296943231441047;6297.0;507.0;0.8296943231441047;5480.0;542.0;3.0;0.8296943231441047;14003.0;571.0
ore_ont_15950.owl;SubClassOf(<http://purl.obolibrary.org/obo/WBPhenotype_0000011> <http://purl.obolibrary.org/obo/WBPhenotype_0000631>);2111;319.6;;3208;0;;3670.0;0.0;;3702.0;0.0;;3521.0;0.0;0.0;;3285.0;0.0
ore_ont_15950.owl;SubClassOf(<http://purl.obolibrary.org/obo/WBPhenotype_0001438> <http://purl.obolibrary.org/obo/WBPhenotype_0000525>);2111;823.2000000000002;0.8436588921282797;41440;666;0.9901603498542273;8921.0;606.0;0.9901603498542273;6973.0;687.0;1.0;5690.0;619.0;1.0;0.9901603498542273;17961.0;689.0
ore_ont_15950.owl;SubClassOf(<http://purl.obolibrary.org/obo/WBPhenotype_0001102> <http://purl.obolibrary.org/obo/WBPhenotype_0001100>);2111;643.8;0.9725069897483691;11880;710;0.9532463497980741;7366.0;495.0;0.9725069897483691;6365.0;685.0;0.9532463497980741;5776.0;657.0;1.0;0.9725069897483691;14442.0;718.0
ore_ont_15950.owl;SubClassOf(<http://purl.obolibrary.org/obo/WBPhenotype_0000024> <http://purl.obolibrary.org/obo/WBPhenotype_0000011>);2111;390.0;;3334;0;;3338.0;0.0;;3736.0;0.0;;3454.0;0.0;0.0;;3593.0;0.0
ore_ont_15950.owl;SubClassOf(<http://purl.obolibrary.org/obo/WBPhenotype_0001100> <http://purl.obolibrary.org/obo/WBPhenotype_0000749>);2111;241.3;1.0;11931;716;0.9287194363862411;7730.0;665.0;1.0;6924.0;592.0;1.0;5802.0;659.0;1.0;1.0;15219.0;676.0
ore_ont_15950.owl;SubClassOf(<http://purl.obolibrary.org/obo/WBPhenotype_0000146> <http://purl.obolibrary.org/obo/WBPhenotype_0000067>);2111;257.40000000000003;;3564;0;;3561.0;0.0;;3763.0;0.0;;3516.0;0.0;0.0;;3663.0;0.0
ore_ont_15950.owl;SubClassOf(<http://purl.obolibrary.org/obo/WBPhenotype_0000825> <http://purl.obolibrary.org/obo/WBPhenotype_0000529>);2111;157.9;0.9081697276757441;11966;512;0.8385053831538949;7570.0;666.0;0.9081697276757441;6705.0;666.0;0.9081697276757441;5556.0;649.0;2.0;0.9081697276757441;14785.0;540.0
ore_ont_15950.owl;SubClassOf(<http://purl.obolibrary.org/obo/WBPhenotype_0000746> <http://purl.obolibrary.org/obo/WBPhenotype_0000536>);2111;112.3;;3238;0;;3208.0;0.0;;3306.0;0.0;;3160.0;0.0;0.0;;3779.0;0.0
ore_ont_12397.owl;SubClassOf(<http://purl.obolibrary.org/obo/CMO_0000119> <http://purl.obolibrary.org/obo/CMO_0000028>);2676;75.10000000000001;;3226;0;;3560.0;0.0;;3499.0;0.0;;3506.0;0.0;0.0;;3313.0;0.0
ore_ont_12397.owl;SubClassOf(<http://purl.obolibrary.org/obo/CMO_0000265> <http://purl.obolibrary.org/obo/CMO_0000230>);2676;63.5;;3401;0;;3408.0;0.0;;3412.0;0.0;;3213.0;0.0;0.0;;3435.0;0.0
ore_ont_12397.owl;SubClassOf(<http://purl.obolibrary.org/obo/CMO_0000230> <http://purl.obolibrary.org/obo/CMO_0000000>);2676;53.3;0.47654784240150094;22815;1590;0.7185741088180112;8893.0;667.0;0.7185741088180112;6650.0;634.0;0.5891181988742964;5571.0;625.0;1.0;0.7185741088180112;11943.0;741.0
ore_ont_12397.owl;SubClassOf(<http://purl.obolibrary.org/obo/CMO_0000758> <http://purl.obolibrary.org/obo/CMO_0000256>);2676;75.9;0.2964426877470355;18453;609;0.5098814229249012;9439.0;657.0;0.2964426877470355;7514.0;737.0;0.7338603425559947;5600.0;631.0;3.0;0.2964426877470355;22931.0;756.0
ore_ont_12397.owl;SubClassOf(<http://purl.obolibrary.org/obo/CMO_0000927> <http://purl.obolibrary.org/obo/CMO_0000926>);2676;131.8;0.8816388467374809;11979;688;0.8816388467374809;7776.0;630.0;0.8816388467374809;6349.0;631.0;0.8816388467374809;5596.0;610.0;1.0;0.8816388467374809;14909.0;614.0
ore_ont_12397.owl;SubClassOf(<http://purl.obolibrary.org/obo/CMO_0000518> <http://purl.obolibrary.org/obo/CMO_0000119>);2676;102.3;;3213;0;;3195.0;0.0;;3217.0;0.0;;3219.0;0.0;0.0;;3287.0;0.0
ore_ont_12397.owl;SubClassOf(<http://purl.obolibrary.org/obo/CMO_0000110> <http://purl.obolibrary.org/obo/CMO_0000227>);2676;249.2;0.9967897271268058;40871;603;0.8707865168539326;7228.0;621.0;0.7552166934189406;6927.0;566.0;0.7552166934189406;5479.0;612.0;1.0;0.7552166934189406;17831.0;587.0
ore_ont_12397.owl;SubClassOf(<http://purl.obolibrary.org/obo/CMO_0000951> <http://purl.obolibrary.org/obo/CMO_0000068>);2676;134.2;0.84575260804769;15951;586;0.5991058122205664;7112.0;595.0;0.84575260804769;6557.0;557.0;0.84575260804769;5406.0;571.0;1.0;0.84575260804769;19677.0;611.0
ore_ont_12397.owl;SubClassOf(<http://purl.obolibrary.org/obo/CMO_0000068> <http://purl.obolibrary.org/obo/CMO_0000021>);2676;30.2;;3193;0;;3197.0;0.0;;3265.0;0.0;;3304.0;0.0;0.0;;3213.0;0.0
ore_ont_12397.owl;SubClassOf(<http://purl.obolibrary.org/obo/CMO_0000230> <http://purl.obolibrary.org/obo/CMO_0000669>);2676;44.2;0.6606334841628959;11785;565;0.6606334841628959;7529.0;565.0;0.6606334841628959;6231.0;664.0;1.0;5450.0;608.0;1.0;0.6606334841628959;14022.0;872.0
ore_ont_412.owl;SubClassOf(<http://purl.org/biotop/biotop.owl#Population> <http://www.absoluteiri.edu/RELAPPROXC443>);2498;7290.000000000005;0.9981344307270232;30401;754;0.9987517146776395;10802.0;913.0;0.9978600823045268;7156.0;948.0;0.9978600823045268;5496.0;768.0;2.0;0.9978600823045268;26310.0;798.0
ore_ont_412.owl;SubClassOf(<http://purl.org/biotop/biotop.owl#Population> <http://purl.org/biotop/biotop.owl#MaterialEntity>);2498;7283.000000000005;0.9981326376493203;26252;759;0.9987505148977058;11312.0;771.0;0.9987505148977058;6514.0;751.0;1.0;5471.0;846.0;3.0;0.9987505148977058;19451.0;832.0
ore_ont_412.owl;SubClassOf(<http://purl.org/biotop/biotop.owl#TaxonQuality> <http://www.absoluteiri.edu/RELAPPROXC409>);2498;4217.999999999999;0.9953295400663822;11717;813;0.9958036984352774;8287.0;706.0;0.9953295400663822;6075.0;696.0;0.9958036984352774;5347.0;689.0;1.0;0.9953295400663822;15990.0;725.0
ore_ont_412.owl;SubClassOf(<http://purl.org/biotop/biotop.owl#AnimalPopulation> <http://purl.org/biotop/biotop.owl#Population>);2498;8702.10000000001;;3200;0;;3212.0;0.0;;3186.0;0.0;;3246.0;0.0;0.0;;3223.0;0.0
ore_ont_412.owl;SubClassOf(<http://purl.org/biotop/biotop.owl#Action> <http://purl.org/biotop/biotop.owl#ProcessualEntity>);2498;3127.799999999999;;3192;0;;3295.0;0.0;;3342.0;0.0;;3262.0;0.0;0.0;;3294.0;0.0
ore_ont_412.owl;SubClassOf(<http://purl.org/biotop/biotop.owl#BacterialCell> <http://purl.org/biotop/biotop.owl#Cell>);2498;10872.000000000007;1.0;11823;703;0.9986662987490784;10429.0;739.0;1.0;6010.0;671.0;0.9986662987490784;5425.0;764.0;1.0;1.0;15635.0;752.0
ore_ont_412.owl;SubClassOf(<http://www.absoluteiri.edu/RELAPPROXC1149> <http://purl.org/biotop/biotop.owl#TaxonQuality>);2498;5033.9000000000015;;3203;0;;3230.0;0.0;;3211.0;0.0;;3205.0;0.0;0.0;;3206.0;0.0
ore_ont_412.owl;SubClassOf(<http://purl.org/biotop/biotop.owl#SubmolecularGroup> <http://purl.org/biotop/biotop.owl#MonoMolecularEntity>);2498;6618.100000000004;0.9954216466961806;11770;774;0.9969326543872108;8415.0;804.0;0.9954216466961806;6070.0;759.0;0.9969326543872108;5442.0;763.0;1.0;0.9954216466961806;15868.0;819.0
ore_ont_412.owl;SubClassOf(<http://purl.org/biotop/biotop.owl#AnimalIncludingHuman> <http://purl.org/biotop/biotop.owl#Organism>);2498;8953.700000000006;0.9906184035650052;15907;751;0.9955214045590093;8542.0;778.0;0.9906184035650052;6623.0;758.0;0.9919698001943331;5462.0;755.0;1.0;0.9906184035650052;22026.0;737.0
ore_ont_412.owl;SubClassOf(<http://purl.org/biotop/biotop.owl#Organism> <http://purl.org/biotop/biotop.owl#StructuredBiologicalEntity>);2498;7047.800000000005;0.9967365702772496;11742;771;0.9966940038026051;10953.0;754.0;0.9967365702772496;6122.0;719.0;0.9967365702772496;5439.0;776.0;1.0;0.9967365702772496;15841.0;798.0
ore_ont_670.owl;SubClassOf(<http://purl.obolibrary.org/obo/WBPhenotype_0001441> <http://purl.obolibrary.org/obo/WBPhenotype_0000525>);2326;368.4;0.7540716612377848;40743;632;0.978013029315961;8950.0;690.0;0.978013029315961;6562.0;682.0;0.978013029315961;5450.0;658.0;2.0;0.978013029315961;17706.0;684.0
ore_ont_670.owl;SubClassOf(<http://purl.obolibrary.org/obo/WBPhenotype_0000631> <http://purl.obolibrary.org/obo/WBPhenotype_0000577>);2326;84.1;0.6682520808561238;16053;672;0.3365041617122474;7250.0;683.0;0.6682520808561238;6681.0;694.0;0.3365041617122474;5536.0;654.0;1.0;0.6682520808561238;20149.0;608.0
ore_ont_670.owl;SubClassOf(<http://purl.obolibrary.org/obo/WBPhenotype_0000717> <http://purl.obolibrary.org/obo/WBPhenotype_0000027>);2326;47.2;;3232;0;;3261.0;0.0;;3269.0;0.0;;3217.0;0.0;0.0;;3259.0;0.0
ore_ont_670.owl;SubClassOf(<http://purl.obolibrary.org/obo/WBPhenotype_0000011> <http://purl.obolibrary.org/obo/WBPhenotype_0000631>);2326;105.7;;3274;0;;3168.0;0.0;;3222.0;0.0;;3248.0;0.0;0.0;;3219.0;0.0
ore_ont_670.owl;SubClassOf(<http://purl.obolibrary.org/obo/WBPhenotype_0001260> <http://purl.obolibrary.org/obo/WBPhenotype_0000533>);2326;35.2;0.25852272727272724;11757;647;0.5625;7246.0;661.0;0.25852272727272724;6358.0;721.0;0.25852272727272724;5483.0;770.0;1.0;0.25852272727272724;14275.0;668.0
ore_ont_670.owl;SubClassOf(<http://purl.obolibrary.org/obo/WBPhenotype_0001102> <http://purl.obolibrary.org/obo/WBPhenotype_0001100>);2326;176.7000000000001;0.9168081494057723;11749;672;0.8313525749858509;7272.0;633.0;0.9168081494057723;6186.0;674.0;0.8313525749858509;5563.0;715.0;2.0;0.9168081494057723;14291.0;632.0
ore_ont_670.owl;SubClassOf(<http://purl.obolibrary.org/obo/WBPhenotype_0000024> <http://purl.obolibrary.org/obo/WBPhenotype_0000011>);2326;146.7;;3179;0;;3197.0;0.0;;3220.0;0.0;;3169.0;0.0;0.0;;3164.0;0.0
ore_ont_670.owl;SubClassOf(<http://purl.obolibrary.org/obo/WBPhenotype_0001100> <http://purl.obolibrary.org/obo/WBPhenotype_0000749>);2326;54.4;1.0;11707;773;0.6893382352941178;7304.0;681.0;1.0;6231.0;692.0;1.0;5449.0;716.0;2.0;1.0;14280.0;668.0
ore_ont_670.owl;SubClassOf(<http://purl.obolibrary.org/obo/WBPhenotype_0000825> <http://purl.obolibrary.org/obo/WBPhenotype_0000529>);2326;33.4;0.5748502994011977;11701;674;0.25449101796407186;7344.0;639.0;0.5748502994011977;6196.0;752.0;0.5748502994011977;5444.0;662.0;2.0;0.5748502994011977;14309.0;695.0
ore_ont_670.owl;SubClassOf(<http://purl.obolibrary.org/obo/WBPhenotype_0000746> <http://purl.obolibrary.org/obo/WBPhenotype_0000536>);2326;19.6;;3158;0;;3167.0;0.0;;3265.0;0.0;;3270.0;0.0;0.0;;3132.0;0.0
ore_ont_15292.owl;SubClassOf(<http://purl.obolibrary.org/obo/MOD_00964> <http://purl.obolibrary.org/obo/MOD_00947>);3458;33.4;;3227;0;;3199.0;0.0;;3168.0;0.0;;3165.0;0.0;0.0;;3182.0;0.0
ore_ont_15292.owl;SubClassOf(<http://purl.obolibrary.org/obo/MOD_01426> <http://purl.obolibrary.org/obo/MOD_00848>);3458;54.400000000000006;;3187;0;;3216.0;0.0;;3207.0;0.0;;3404.0;0.0;0.0;;3182.0;0.0
ore_ont_15292.owl;SubClassOf(<http://purl.obolibrary.org/obo/MOD_00134> <http://purl.obolibrary.org/obo/MOD_01875>);3458;180.5;;3166;0;;3214.0;0.0;;3176.0;0.0;;3182.0;0.0;0.0;;3173.0;0.0
ore_ont_15292.owl;SubClassOf(<http://purl.obolibrary.org/obo/MOD_00002> <http://purl.obolibrary.org/obo/MOD_00916>);3458;104.5;;3367;0;;3214.0;0.0;;3357.0;0.0;;3217.0;0.0;0.0;;3215.0;0.0
ore_ont_15292.owl;SubClassOf(<http://purl.obolibrary.org/obo/MOD_01875> <http://purl.obolibrary.org/obo/MOD_00912>);3458;76.6;;3184;0;;3190.0;0.0;;3167.0;0.0;;3187.0;0.0;0.0;;3258.0;0.0
ore_ont_15292.owl;SubClassOf(<http://purl.obolibrary.org/obo/MOD_00985> <http://purl.obolibrary.org/obo/MOD_00919>);3458;46.3;;3177;0;;3194.0;0.0;;3147.0;0.0;;3226.0;0.0;0.0;;3177.0;0.0
ore_ont_15292.owl;SubClassOf(<http://purl.obolibrary.org/obo/MOD_00005> <http://purl.obolibrary.org/obo/MOD_00917>);3458;104.5;;3202;0;;3179.0;0.0;;3193.0;0.0;;3235.0;0.0;0.0;;3196.0;0.0
ore_ont_15292.owl;SubClassOf(<http://purl.obolibrary.org/obo/MOD_00687> <http://purl.obolibrary.org/obo/MOD_00905>);3458;47.8;;3176;0;;3228.0;0.0;;3149.0;0.0;;3158.0;0.0;0.0;;3189.0;0.0
ore_ont_15292.owl;SubClassOf(<http://purl.obolibrary.org/obo/MOD_00298> <http://purl.obolibrary.org/obo/MOD_00909>);3458;183.3;;3219;0;;3182.0;0.0;;3158.0;0.0;;3168.0;0.0;0.0;;3201.0;0.0
ore_ont_15292.owl;SubClassOf(<http://purl.obolibrary.org/obo/MOD_01453> <http://purl.obolibrary.org/obo/MOD_00906>);3458;179.49999999999997;1.0;11876;821;1.0;7792.0;699.0;1.0;6311.0;729.0;1.0;5520.0;728.0;1.0;1.0;14240.0;699.0
ore_ont_5080.owl;SubClassOf(<http://purl.obolibrary.org/obo/PO_0025018> <http://purl.obolibrary.org/obo/PO_0025001>);2825;387.2000000000001;0.9728822314049587;11735;645;0.8339359504132229;7358.0;639.0;0.9728822314049587;6103.0;704.0;0.9728822314049587;5544.0;679.0;2.0;0.9728822314049587;14501.0;674.0
ore_ont_5080.owl;SubClassOf(<http://purl.obolibrary.org/obo/PO_0000010> <http://purl.obolibrary.org/obo/PO_0009009>);2825;171.49999999999997;;3148;0;;3127.0;0.0;;3136.0;0.0;;3117.0;0.0;0.0;;3160.0;0.0
ore_ont_5080.owl;SubClassOf(<http://purl.obolibrary.org/obo/PO_0025030> <http://purl.obolibrary.org/obo/PO_0009002>);2825;273.99999999999994;;3204;0;;3181.0;0.0;;3207.0;0.0;;3229.0;0.0;0.0;;3161.0;0.0
ore_ont_5080.owl;SubClassOf(<http://purl.obolibrary.org/obo/PO_0006016> <http://purl.obolibrary.org/obo/PO_0005679>);2825;540.4;0.9613249444855663;18009;730;0.8645447816432272;9364.0;796.0;0.9696521095484827;6815.0;744.0;0.9613249444855663;5526.0;714.0;2.0;0.9613249444855663;23129.0;804.0
ore_ont_5080.owl;SubClassOf(<http://purl.obolibrary.org/obo/PO_0005679> <http://purl.obolibrary.org/obo/PO_0009007>);2825;253.1;;3247;0;;3124.0;0.0;;3142.0;0.0;;3275.0;0.0;0.0;;3245.0;0.0
ore_ont_5080.owl;SubClassOf(<http://purl.obolibrary.org/obo/PO_0020030> <http://purl.obolibrary.org/obo/PO_0009025>);2825;428.00000000000006;;3127;0;;3203.0;0.0;;3203.0;0.0;;3178.0;0.0;0.0;;3248.0;0.0
ore_ont_5080.owl;SubClassOf(<http://purl.obolibrary.org/obo/PO_0025128> <http://purl.obolibrary.org/obo/PO_0009013>);2825;421.6000000000001;0.8353889943074001;11741;693;0.9658444022770399;8038.0;659.0;0.8353889943074001;6220.0;794.0;0.8353889943074001;5547.0;794.0;1.0;0.8353889943074001;14225.0;721.0
ore_ont_5080.owl;SubClassOf(<http://purl.obolibrary.org/obo/PO_0020121> <http://purl.obolibrary.org/obo/PO_0009005>);2825;340.70000000000005;;3181;0;;3203.0;0.0;;3177.0;0.0;;3197.0;0.0;0.0;;3207.0;0.0
ore_ont_5080.owl;SubClassOf(<http://purl.obolibrary.org/obo/PO_0009081> <http://purl.obolibrary.org/obo/PO_0025029>);2825;456.70000000000016;0.8681848040289024;18090;692;0.8681848040289024;9810.0;638.0;0.8681848040289024;6929.0;669.0;0.8857017735931678;5582.0;791.0;2.0;0.8681848040289024;22731.0;719.0
ore_ont_5080.owl;SubClassOf(<http://purl.obolibrary.org/obo/PO_0005421> <http://purl.obolibrary.org/obo/PO_0025059>);2825;299.1;;3153;0;;3206.0;0.0;;3281.0;0.0;;3180.0;0.0;0.0;;3222.0;0.0
ore_ont_9598.owl;SubClassOf(<http://purl.obolibrary.org/obo/AAO_0000137> <http://purl.obolibrary.org/obo/AAO_0000138>);2673;68.89999999999999;0.2060957910014514;11717;970;0.5631349782293179;7800.0;990.0;0.2060957910014514;6182.0;1054.0;0.5631349782293179;5521.0;1061.0;3.0;0.2060957910014514;14776.0;1159.0
ore_ont_9598.owl;SubClassOf(<http://purl.obolibrary.org/obo/AAO_0010603> <http://purl.obolibrary.org/obo/AAO_0000977>);2673;150.5;;3196;0;;3134.0;0.0;;3129.0;0.0;;3155.0;0.0;0.0;;3240.0;0.0
ore_ont_9598.owl;SubClassOf(<http://purl.obolibrary.org/obo/AAO_0010714> <http://purl.obolibrary.org/obo/AAO_0010687>);2673;276.4;;3269;0;;3271.0;0.0;;3255.0;0.0;;3263.0;0.0;0.0;;3224.0;0.0
ore_ont_9598.owl;SubClassOf(<http://purl.obolibrary.org/obo/AAO_0000320> <http://purl.obolibrary.org/obo/AAO_0010841>);2673;528.7;0.009835445432192167;11784;1059;0.5012294306790239;8045.0;1042.0;0.009835445432192167;6388.0;1055.0;0.009835445432192167;5525.0;1059.0;1.0;0.009835445432192167;14881.0;1020.0
ore_ont_9598.owl;SubClassOf(<http://purl.obolibrary.org/obo/AAO_0000192> <http://purl.obolibrary.org/obo/AAO_0000051>);2673;100.0;;3222;0;;3210.0;0.0;;3208.0;0.0;;3307.0;0.0;0.0;;3187.0;0.0
ore_ont_9598.owl;SubClassOf(<http://purl.obolibrary.org/obo/AAO_0010517> <http://purl.obolibrary.org/obo/AAO_0010212>);2673;542.0;;3280;0;;3221.0;0.0;;3279.0;0.0;;3275.0;0.0;0.0;;3211.0;0.0
ore_ont_9598.owl;SubClassOf(<http://purl.obolibrary.org/obo/AAO_0010758> <http://purl.obolibrary.org/obo/AAO_0000218>);2673;277.6;;3225;0;;3282.0;0.0;;3249.0;0.0;;3171.0;0.0;0.0;;3226.0;0.0
ore_ont_9598.owl;SubClassOf(<http://purl.obolibrary.org/obo/AAO_0000052> <http://purl.obolibrary.org/obo/AAO_0010009>);2673;67.8;0.3672566371681417;11745;973;0.6548672566371683;7948.0;996.0;0.3672566371681417;6282.0;1077.0;0.3672566371681417;5505.0;1023.0;1.0;0.3672566371681417;14856.0;1084.0
ore_ont_9598.owl;SubClassOf(<http://purl.obolibrary.org/obo/AAO_0010324> <http://purl.obolibrary.org/obo/AAO_0010012>);2673;28.7;;3229;0;;3218.0;0.0;;3233.0;0.0;;3308.0;0.0;0.0;;3237.0;0.0
ore_ont_9598.owl;SubClassOf(<http://purl.obolibrary.org/obo/AAO_0010146> <http://purl.obolibrary.org/obo/AAO_0000320>);2673;534.2;;3190;0;;3232.0;0.0;;3213.0;0.0;;3211.0;0.0;0.0;;3210.0;0.0
ore_ont_380.owl;SubClassOf(<http://rhizomik.net/ontologies/2006/01/NewsCodes-SubjectsOnto.owl#04005003> <http://rhizomik.net/ontologies/2006/01/NewsCodes-SubjectsOnto.owl#SubjectDetail>);2407;398.8;;3187;0;;3226.0;0.0;;3179.0;0.0;;3207.0;0.0;0.0;;3184.0;0.0
ore_ont_380.owl;SubClassOf(<http://rhizomik.net/ontologies/2006/01/NewsCodes-SubjectsOnto.owl#15005000> <http://rhizomik.net/ontologies/2006/01/NewsCodes-SubjectsOnto.owl#15000000>);2407;44.3;;3158;0;;3161.0;0.0;;3204.0;0.0;;3209.0;0.0;0.0;;3194.0;0.0
ore_ont_380.owl;SubClassOf(<http://rhizomik.net/ontologies/2006/01/NewsCodes-SubjectsOnto.owl#04008018> <http://rhizomik.net/ontologies/2006/01/NewsCodes-SubjectsOnto.owl#04008000>);2407;496.0;;3165;0;;3163.0;0.0;;3168.0;0.0;;3198.0;0.0;0.0;;3148.0;0.0
ore_ont_380.owl;SubClassOf(<http://rhizomik.net/ontologies/2006/01/NewsCodes-SubjectsOnto.owl#04016019> <http://rhizomik.net/ontologies/2006/01/NewsCodes-SubjectsOnto.owl#04016000>);2407;496.0;;3159;0;;3183.0;0.0;;3149.0;0.0;;3158.0;0.0;0.0;;3176.0;0.0
ore_ont_380.owl;SubClassOf(<http://rhizomik.net/ontologies/2006/01/NewsCodes-SubjectsOnto.owl#15005013> <http://rhizomik.net/ontologies/2006/01/NewsCodes-SubjectsOnto.owl#15005000>);2407;496.0;;3204;0;;3142.0;0.0;;3158.0;0.0;;3163.0;0.0;0.0;;3203.0;0.0
ore_ont_380.owl;SubClassOf(<http://rhizomik.net/ontologies/2006/01/NewsCodes-SubjectsOnto.owl#15062009> <http://rhizomik.net/ontologies/2006/01/NewsCodes-SubjectsOnto.owl#15062000>);2407;496.0;;3153;0;;3190.0;0.0;;3227.0;0.0;;3219.0;0.0;0.0;;3168.0;0.0
ore_ont_380.owl;SubClassOf(<http://rhizomik.net/ontologies/2006/01/NewsCodes-SubjectsOnto.owl#14006000> <http://rhizomik.net/ontologies/2006/01/NewsCodes-SubjectsOnto.owl#14000000>);2407;24.8;;3174;0;;3171.0;0.0;;3202.0;0.0;;3180.0;0.0;0.0;;3205.0;0.0
ore_ont_380.owl;SubClassOf(<http://rhizomik.net/ontologies/2006/01/NewsCodes-SubjectsOnto.owl#15073025> <http://rhizomik.net/ontologies/2006/01/NewsCodes-SubjectsOnto.owl#15073000>);2407;496.0;;3160;0;;3175.0;0.0;;3169.0;0.0;;3225.0;0.0;0.0;;3217.0;0.0
ore_ont_380.owl;SubClassOf(<http://rhizomik.net/ontologies/2006/01/NewsCodes-SubjectsOnto.owl#SubjectDetail> <http://rhizomik.net/ontologies/2006/01/NewsCodes-SubjectsOnto.owl#SubjectMatter>);2407;112.4;;3219;0;;3212.0;0.0;;3194.0;0.0;;3212.0;0.0;0.0;;3186.0;0.0
ore_ont_380.owl;SubClassOf(<http://rhizomik.net/ontologies/2006/01/NewsCodes-SubjectsOnto.owl#01011000> <http://rhizomik.net/ontologies/2006/01/NewsCodes-SubjectsOnto.owl#01000000>);2407;24.8;;3181;0;;3225.0;0.0;;3146.0;0.0;;3191.0;0.0;0.0;;3212.0;0.0
ore_ont_566.owl;SubClassOf(<http://rhizomik.net/ontologies/2006/01/NewsCodes-SubjectsOnto.owl#04005003> <http://rhizomik.net/ontologies/2006/01/NewsCodes-SubjectsOnto.owl#SubjectDetail>);2411;403.3;;3122;0;;3176.0;0.0;;3138.0;0.0;;3141.0;0.0;0.0;;3115.0;0.0
ore_ont_566.owl;SubClassOf(<http://rhizomik.net/ontologies/2006/01/NewsCodes-SubjectsOnto.owl#15005000> <http://rhizomik.net/ontologies/2006/01/NewsCodes-SubjectsOnto.owl#15000000>);2411;46.99999999999999;;3130;0;;3157.0;0.0;;3152.0;0.0;;3280.0;0.0;0.0;;3268.0;0.0
ore_ont_566.owl;SubClassOf(<http://rhizomik.net/ontologies/2006/01/NewsCodes-SubjectsOnto.owl#04008018> <http://rhizomik.net/ontologies/2006/01/NewsCodes-SubjectsOnto.owl#04008000>);2411;500.5;;3185;0;;3153.0;0.0;;3140.0;0.0;;3163.0;0.0;0.0;;3144.0;0.0
ore_ont_566.owl;SubClassOf(<http://rhizomik.net/ontologies/2006/01/NewsCodes-SubjectsOnto.owl#15005057> <http://rhizomik.net/ontologies/2006/01/NewsCodes-SubjectsOnto.owl#15005000>);2411;500.5;;3131;0;;3196.0;0.0;;3212.0;0.0;;3146.0;0.0;0.0;;3188.0;0.0
ore_ont_566.owl;SubClassOf(<http://rhizomik.net/ontologies/2006/01/NewsCodes-SubjectsOnto.owl#04016019> <http://rhizomik.net/ontologies/2006/01/NewsCodes-SubjectsOnto.owl#04016000>);2411;500.5;;3203;0;;3191.0;0.0;;3136.0;0.0;;3238.0;0.0;0.0;;3219.0;0.0
ore_ont_566.owl;SubClassOf(<http://rhizomik.net/ontologies/2006/01/NewsCodes-SubjectsOnto.owl#15062009> <http://rhizomik.net/ontologies/2006/01/NewsCodes-SubjectsOnto.owl#15062000>);2411;500.5;;3231;0;;3215.0;0.0;;3279.0;0.0;;3214.0;0.0;0.0;;3238.0;0.0
ore_ont_566.owl;SubClassOf(<http://rhizomik.net/ontologies/2006/01/NewsCodes-SubjectsOnto.owl#14006000> <http://rhizomik.net/ontologies/2006/01/NewsCodes-SubjectsOnto.owl#14000000>);2411;27.5;;3217;0;;3261.0;0.0;;3249.0;0.0;;3231.0;0.0;0.0;;3255.0;0.0
ore_ont_566.owl;SubClassOf(<http://rhizomik.net/ontologies/2006/01/NewsCodes-SubjectsOnto.owl#15073025> <http://rhizomik.net/ontologies/2006/01/NewsCodes-SubjectsOnto.owl#15073000>);2411;500.5;;3219;0;;3212.0;0.0;;3199.0;0.0;;3213.0;0.0;0.0;;3196.0;0.0
ore_ont_566.owl;SubClassOf(<http://rhizomik.net/ontologies/2006/01/NewsCodes-SubjectsOnto.owl#SubjectDetail> <http://rhizomik.net/ontologies/2006/01/NewsCodes-SubjectsOnto.owl#SubjectMatter>);2411;114.2;;3223;0;;3240.0;0.0;;3231.0;0.0;;3215.0;0.0;0.0;;3209.0;0.0
ore_ont_566.owl;SubClassOf(<http://rhizomik.net/ontologies/2006/01/NewsCodes-SubjectsOnto.owl#01011000> <http://rhizomik.net/ontologies/2006/01/NewsCodes-SubjectsOnto.owl#01000000>);2411;27.5;;3175;0;;3318.0;0.0;;3190.0;0.0;;3225.0;0.0;0.0;;3208.0;0.0
ore_ont_7120.owl;SubClassOf(<http://purl.obolibrary.org/obo/UniProtKB_Q9Y169> <http://purl.obolibrary.org/obo/PR_000000001>);3038;21021.2;;3264;0;;3263.0;0.0;;3255.0;0.0;;3258.0;0.0;0.0;;3232.0;0.0
ore_ont_7120.owl;SubClassOf(<http://purl.obolibrary.org/obo/UniProtKB_Q9VVI3> <http://purl.obolibrary.org/obo/PR_000000001>);3038;21935.200000000004;;3269;0;;3247.0;0.0;;3317.0;0.0;;3362.0;0.0;0.0;;3224.0;0.0
ore_ont_7120.owl;SubClassOf(<http://purl.obolibrary.org/obo/UniProtKB_Q9VEG9> <http://purl.obolibrary.org/obo/PR_000000001>);3038;26505.2;;3222;0;;3243.0;0.0;;3265.0;0.0;;3227.0;0.0;0.0;;3239.0;0.0
ore_ont_7120.owl;SubClassOf(<http://purl.obolibrary.org/obo/UniProtKB_P28465> <http://purl.obolibrary.org/obo/PR_000000001>);3038;20107.2;;3246;0;;3332.0;0.0;;3216.0;0.0;;3248.0;0.0;0.0;;3217.0;0.0
ore_ont_7120.owl;SubClassOf(<http://purl.obolibrary.org/obo/UniProtKB_Q9VEG6> <http://purl.obolibrary.org/obo/PR_000000001>);3038;21935.2;;3245;0;;3252.0;0.0;;3273.0;0.0;;3372.0;0.0;0.0;;3218.0;0.0
ore_ont_7120.owl;SubClassOf(<http://purl.obolibrary.org/obo/UniProtKB_Q05192> <http://purl.obolibrary.org/obo/PR_000000001>);3038;21021.2;;3195;0;;3250.0;0.0;;3322.0;0.0;;3253.0;0.0;0.0;;3222.0;0.0
ore_ont_7120.owl;SubClassOf(<http://purl.obolibrary.org/obo/UniProtKB_Q95RC0> <http://purl.obolibrary.org/obo/PR_000000001>);3038;22849.2;;3170;0;;3199.0;0.0;;3213.0;0.0;;3253.0;0.0;0.0;;3253.0;0.0
ore_ont_7120.owl;SubClassOf(<http://purl.obolibrary.org/obo/UniProtKB_Q9VVI2> <http://purl.obolibrary.org/obo/PR_000000001>);3038;29247.2;;3299;0;;3234.0;0.0;;3256.0;0.0;;3256.0;0.0;0.0;;3215.0;0.0
ore_ont_7120.owl;SubClassOf(<http://purl.obolibrary.org/obo/UniProtKB_P17336> <http://purl.obolibrary.org/obo/PR_000000001>);3038;26505.200000000004;;3203;0;;3205.0;0.0;;3241.0;0.0;;3185.0;0.0;0.0;;3142.0;0.0
ore_ont_7120.owl;SubClassOf(<http://purl.obolibrary.org/obo/UniProtKB_Q9VJ07> <http://purl.obolibrary.org/obo/PR_000000001>);3038;24677.2;;3281;0;;3335.0;0.0;;3283.0;0.0;;3254.0;0.0;0.0;;3270.0;0.0
ore_ont_2440.owl;SubClassOf(<http://purl.obolibrary.org/obo/TGMA_0000527> <http://purl.obolibrary.org/obo/TGMA_0001835>);2733;39365.0;;3253;0;;3267.0;0.0;;3178.0;0.0;;3232.0;0.0;0.0;;3216.0;0.0
ore_ont_2440.owl;SubClassOf(<http://purl.obolibrary.org/obo/TGMA_0000883> <http://purl.obolibrary.org/obo/TGMA_0001842>);2733;16186.499999999998;;3329;0;;3269.0;0.0;;3298.0;0.0;;3269.0;0.0;0.0;;3258.0;0.0
ore_ont_2440.owl;SubClassOf(<http://purl.obolibrary.org/obo/TGMA_0000527> <http://purl.obolibrary.org/obo/TGMA_0001823>);2733;21341.7;0.9983600181803699;16013;1572;0.9971792312702362;10128.0;1725.0;0.9983600181803699;6881.0;1569.0;0.9971792312702362;5519.0;1658.0;1.0;0.9983600181803699;24770.0;1701.0
ore_ont_2440.owl;SubClassOf(<http://purl.obolibrary.org/obo/TGMA_0001044> <http://purl.obolibrary.org/obo/TGMA_0001013>);2733;24375.5;;3223;0;;3234.0;0.0;;3244.0;0.0;;3228.0;0.0;0.0;;3285.0;0.0
ore_ont_2440.owl;SubClassOf(<http://purl.obolibrary.org/obo/TGMA_0000470> <http://purl.obolibrary.org/obo/TGMA_0001825>);2733;29962.099999999995;;3303;0;;3217.0;0.0;;3228.0;0.0;;3097.0;0.0;0.0;;3166.0;0.0
ore_ont_2440.owl;SubClassOf(<http://purl.obolibrary.org/obo/TGMA_0000878> <http://purl.obolibrary.org/obo/TGMA_0001828>);2733;27261.0;;3128;0;;3180.0;0.0;;3171.0;0.0;;3139.0;0.0;0.0;;3161.0;0.0
ore_ont_2440.owl;SubClassOf(<http://purl.obolibrary.org/obo/TGMA_0000003> <http://purl.obolibrary.org/obo/TGMA_0001842>);2733;24368.9;;3172;0;;3323.0;0.0;;3277.0;0.0;;3252.0;0.0;0.0;;3258.0;0.0
ore_ont_2440.owl;SubClassOf(<http://purl.obolibrary.org/obo/TGMA_0001587> <http://purl.obolibrary.org/obo/TGMA_0000809>);2733;26487.8;0.9991279003918786;11900;1696;0.9992487107272028;9303.0;1772.0;0.9991279003918786;6432.0;1670.0;0.9992487107272028;5624.0;1661.0;3.0;0.9991279003918786;16471.0;1769.0
ore_ont_2440.owl;SubClassOf(<http://purl.obolibrary.org/obo/TGMA_0000829> <http://purl.obolibrary.org/obo/TGMA_0001363>);2733;26574.2;0.9964664975803599;16104;1877;0.9964664975803599;9175.0;1691.0;0.9964664975803599;6758.0;1787.0;0.9964664975803599;5648.0;1667.0;1.0;0.9964664975803599;25293.0;1784.0
ore_ont_2440.owl;SubClassOf(<http://purl.obolibrary.org/obo/TGMA_0000720> <http://purl.obolibrary.org/obo/TGMA_0001830>);2733;24423.1;;3221;0;;3282.0;0.0;;3279.0;0.0;;3288.0;0.0;0.0;;3308.0;0.0
ore_ont_8298.owl;SubClassOf(<http://purl.obolibrary.org/obo/CHEBI_25708> <http://purl.obolibrary.org/obo/MIRO_10000169>);3065;253.3;;3336;0;;3266.0;0.0;;3252.0;0.0;;3440.0;0.0;0.0;;3363.0;0.0
ore_ont_8298.owl;SubClassOf(<http://purl.obolibrary.org/obo/MIRO_40003478> <http://purl.obolibrary.org/obo/MIRO_40002217>);3065;588.2999999999998;;3287;0;;3178.0;0.0;;3199.0;0.0;;3236.0;0.0;0.0;;3169.0;0.0
ore_ont_8298.owl;SubClassOf(<http://purl.obolibrary.org/obo/CHEBI_39314> <http://purl.obolibrary.org/obo/CHEBI_26413>);3065;325.2;;3205;0;;3217.0;0.0;;3363.0;0.0;;3280.0;0.0;0.0;;3307.0;0.0
ore_ont_8298.owl;SubClassOf(<http://purl.obolibrary.org/obo/IDOMAL_0000380> <http://purl.obolibrary.org/obo/IDOMAL_0000340>);3065;92.0;;3296;0;;3228.0;0.0;;3290.0;0.0;;3291.0;0.0;0.0;;3279.0;0.0
ore_ont_8298.owl;SubClassOf(<http://purl.obolibrary.org/obo/IDOMAL_0001061> <http://purl.obolibrary.org/obo/IDOMAL_0000001>);3065;50.7;;3270;0;;3438.0;0.0;;3261.0;0.0;;3282.0;0.0;0.0;;3412.0;0.0
ore_ont_8298.owl;SubClassOf(<http://purl.obolibrary.org/obo/CHEBI_6651> <http://purl.obolibrary.org/obo/CHEBI_25708>);3065;333.9;;3362;0;;3335.0;0.0;;3280.0;0.0;;3300.0;0.0;0.0;;3280.0;0.0
ore_ont_8298.owl;SubClassOf(<http://purl.obolibrary.org/obo/MIRO_40000121> <http://purl.obolibrary.org/obo/MIRO_40000016>);3065;588.0;;3224;0;;3234.0;0.0;;3235.0;0.0;;3317.0;0.0;0.0;;3242.0;0.0
ore_ont_8298.owl;SubClassOf(<http://purl.obolibrary.org/obo/IDOMAL_0000503> <http://purl.obolibrary.org/obo/IDOMAL_0001242>);3065;132.7;;3234;0;;3206.0;0.0;;3253.0;0.0;;3251.0;0.0;0.0;;3218.0;0.0
ore_ont_8298.owl;SubClassOf(<http://purl.obolibrary.org/obo/IDOMAL_0001134> <http://purl.obolibrary.org/obo/IDOMAL_0001069>);3065;259.6;;3251;0;;3265.0;0.0;;3223.0;0.0;;3242.0;0.0;0.0;;3244.0;0.0
ore_ont_8298.owl;SubClassOf(<http://purl.obolibrary.org/obo/IDOMAL_0000258> <http://purl.obolibrary.org/obo/IDOMAL_0000001>);3065;158.3;0.897662665824384;15976;986;0.7555274794693618;8037.0;977.0;0.897662665824384;6866.0;1141.0;0.7555274794693618;5517.0;1098.0;3.0;0.897662665824384;22030.0;998.0
ore_ont_2377.owl;SubClassOf(<http://purl.obolibrary.org/obo/FYPO_0000949> <http://purl.obolibrary.org/obo/FYPO_0000287>);2414;1244.0;;3294;0;;3192.0;0.0;;3214.0;0.0;;3268.0;0.0;0.0;;3244.0;0.0
ore_ont_2377.owl;SubClassOf(<http://purl.obolibrary.org/obo/FYPO_0000953> <http://purl.obolibrary.org/obo/FYPO_0000627>);2414;1241.1999999999998;;3229;0;;3251.0;0.0;;3296.0;0.0;;3293.0;0.0;0.0;;3270.0;0.0
ore_ont_2377.owl;SubClassOf(<http://purl.obolibrary.org/obo/FYPO_0000287> <http://purl.obolibrary.org/obo/FYPO_0000136>);2414;883.8;;3331;0;;3282.0;0.0;;3244.0;0.0;;3272.0;0.0;0.0;;3286.0;0.0
ore_ont_2377.owl;SubClassOf(<http://purl.obolibrary.org/obo/FYPO_0000663> <http://purl.obolibrary.org/obo/FYPO_0000661>);2414;1222.8;;3342;0;;3274.0;0.0;;3339.0;0.0;;3394.0;0.0;0.0;;3332.0;0.0
ore_ont_2377.owl;SubClassOf(<http://purl.obolibrary.org/obo/FYPO_0000540> <http://purl.obolibrary.org/obo/FYPO_0000443>);2414;1618.4;;3264;0;;3263.0;0.0;;3214.0;0.0;;3250.0;0.0;0.0;;3250.0;0.0
ore_ont_2377.owl;SubClassOf(<http://purl.obolibrary.org/obo/FYPO_0000127> <http://purl.obolibrary.org/obo/FYPO_0000002>);2414;1063.8;;3238;0;;3279.0;0.0;;3242.0;0.0;;3249.0;0.0;0.0;;3241.0;0.0
ore_ont_2377.owl;SubClassOf(<http://purl.obolibrary.org/obo/FYPO_0000841> <http://purl.obolibrary.org/obo/FYPO_0000127>);2414;1258.8;;3306;0;;3235.0;0.0;;3268.0;0.0;;3237.0;0.0;0.0;;3232.0;0.0
ore_ont_2377.owl;SubClassOf(<http://purl.obolibrary.org/obo/FYPO_0000924> <http://purl.obolibrary.org/obo/FYPO_0000126>);2414;1251.0;;3209;0;;3226.0;0.0;;3238.0;0.0;;3246.0;0.0;0.0;;3246.0;0.0
ore_ont_2377.owl;SubClassOf(<http://purl.obolibrary.org/obo/FYPO_0001113> <http://purl.obolibrary.org/obo/FYPO_0000953>);2414;1435.5;;3240;0;;3237.0;0.0;;3318.0;0.0;;3264.0;0.0;0.0;;3236.0;0.0
ore_ont_2377.owl;SubClassOf(<http://purl.obolibrary.org/obo/FYPO_0000443> <http://purl.obolibrary.org/obo/FYPO_0000628>);2414;1238.6999999999998;1.0;24460;1225;0.9917655606684427;11358.0;1288.0;1.0;7953.0;1169.0;1.0;5601.0;1387.0;1.0;1.0;36494.0;1276.0
ore_ont_3313.owl;SubClassOf(<http://biomanta.sourceforge.net/celltype_instance_edit.owl#lymphoblast_CL_0000229> <http://www.geneontology.org/formats/oboInOwl#ObsoleteClass>);3353;18.9;;3277;0;;3304.0;0.0;;3244.0;0.0;;3245.0;0.0;0.0;;3231.0;0.0
ore_ont_3313.owl;SubClassOf(<http://biomanta.sourceforge.net/celltype_instance_edit.owl#epidermal_initial_CL_0000538> <http://biomanta.sourceforge.net/celltype_instance_edit.owl#plant_cell_CL_0000610>);3353;279.7;1.0;11950;1028;0.9152663568108689;8341.0;1045.0;1.0;6461.0;1017.0;0.9152663568108689;5653.0;1075.0;2.0;1.0;15211.0;1093.0
ore_ont_3313.owl;SubClassOf(<http://biomanta.sourceforge.net/celltype_instance_edit.owl#CNS_neuron__sensu_Vertebrata__CL_0000117> <http://biomanta.sourceforge.net/celltype_instance_edit.owl#neuron_CL_0000540>);3353;313.3;;3303;0;;3247.0;0.0;;3317.0;0.0;;3348.0;0.0;0.0;;3282.0;0.0
ore_ont_3313.owl;SubClassOf(<http://biomanta.sourceforge.net/celltype_instance_edit.owl#peptide_hormone_secreting_cell_CL_0000167> <http://biomanta.sourceforge.net/celltype_instance_edit.owl#secretory_cell_CL_0000151>);3353;206.9;1.0173997100048333;11835;1049;0.8477525374577091;8055.0;979.0;1.0173997100048333;6291.0;981.0;0.8477525374577091;5540.0;988.0;2.0;1.0173997100048333;14839.0;941.0
ore_ont_3313.owl;SubClassOf(<http://biomanta.sourceforge.net/celltype_instance_edit.owl#columnar_cuboidal_epithelial_cell_CL_0000075> <http://biomanta.sourceforge.net/celltype_instance_edit.owl#epithelial_cell_CL_0000066>);3353;96.7;;3211;0;;3179.0;0.0;;3228.0;0.0;;3237.0;0.0;0.0;;3167.0;0.0
ore_ont_3313.owl;SubClassOf(<http://biomanta.sourceforge.net/celltype_instance_edit.owl#myeloid_progenitor_cell_CL_0000839> <http://biomanta.sourceforge.net/celltype_instance_edit.owl#non_terminally_differentiated_cell_CL_0000055>);3353;101.0;0.7019801980198019;11805;966;0.8326732673267326;7818.0;958.0;0.7019801980198019;6250.0;903.0;0.8326732673267326;5529.0;955.0;1.0;0.7019801980198019;14608.0;1011.0
ore_ont_3313.owl;SubClassOf(<http://biomanta.sourceforge.net/celltype_instance_edit.owl#neuron_CL_0000540> <http://biomanta.sourceforge.net/celltype_instance_edit.owl#animal_cell_CL_0000548>);3353;280.9;0.7618369526521895;22129;909;0.809184763260947;8015.0;1025.0;0.809184763260947;6329.0;961.0;0.809184763260947;5485.0;956.0;2.0;0.809184763260947;12521.0;930.0
ore_ont_3313.owl;SubClassOf(<http://biomanta.sourceforge.net/celltype_instance_edit.owl#enterochromaffin_cell_CL_0000504> <http://biomanta.sourceforge.net/celltype_instance_edit.owl#peptide_hormone_secreting_cell_CL_0000167>);3353;477.1;0.8748690002095998;22152;981;0.7011108782225949;12396.0;907.0;0.8748690002095998;7608.0;1081.0;0.7011108782225949;5447.0;1077.0;2.0;0.8748690002095998;30949.0;1020.0
ore_ont_3313.owl;SubClassOf(<http://biomanta.sourceforge.net/celltype_instance_edit.owl#secretory_cell_CL_0000151> <http://biomanta.sourceforge.net/celltype_instance_edit.owl#cell_by_function_CL_0000144>);3353;71.3;;3234;0;;3197.0;0.0;;3270.0;0.0;;3280.0;0.0;0.0;;3276.0;0.0
ore_ont_3313.owl;SubClassOf(<http://biomanta.sourceforge.net/celltype_instance_edit.owl#support_cell__sensu_Nematoda_and_Protostomia__CL_0000378> <http://biomanta.sourceforge.net/celltype_instance_edit.owl#supportive_cell_CL_0000630>);3353;99.7;;3176;0;;3228.0;0.0;;3190.0;0.0;;3180.0;0.0;0.0;;3172.0;0.0
ore_ont_9435.owl;SubClassOf(<http://purl.obolibrary.org/obo/MA_0001472> <http://purl.obolibrary.org/obo/MA_0001478>);3776;690.5;;3216;0;;3258.0;0.0;;3271.0;0.0;;3213.0;0.0;0.0;;3184.0;0.0
ore_ont_9435.owl;SubClassOf(<http://purl.obolibrary.org/obo/MA_0001407> <http://purl.obolibrary.org/obo/MA_0000315>);3776;1738.0;;3245;0;;3185.0;0.0;;3192.0;0.0;;3272.0;0.0;0.0;;3240.0;0.0
ore_ont_9435.owl;SubClassOf(<http://purl.obolibrary.org/obo/MA_0002949> <http://purl.obolibrary.org/obo/MA_0000261>);3776;1371.9;;3200;0;;3247.0;0.0;;3276.0;0.0;;3308.0;0.0;0.0;;3285.0;0.0
ore_ont_9435.owl;SubClassOf(<http://purl.obolibrary.org/obo/MA_0001953> <http://purl.obolibrary.org/obo/MA_0000064>);3776;1070.8;;3244;0;;3234.0;0.0;;3253.0;0.0;;3214.0;0.0;0.0;;3234.0;0.0
ore_ont_9435.owl;SubClassOf(<http://purl.obolibrary.org/obo/MA_0001040> <http://purl.obolibrary.org/obo/MA_0000821>);3776;697.7;;3269;0;;3243.0;0.0;;3268.0;0.0;;3278.0;0.0;0.0;;3241.0;0.0
ore_ont_9435.owl;SubClassOf(<http://purl.obolibrary.org/obo/MA_0000736> <http://purl.obolibrary.org/obo/MA_0000139>);3776;1029.2;;3191;0;;3216.0;0.0;;3208.0;0.0;;3249.0;0.0;0.0;;3202.0;0.0
ore_ont_9435.owl;SubClassOf(<http://purl.obolibrary.org/obo/MA_0000168> <http://purl.obolibrary.org/obo/MA_0000581>);3776;686.3;;3262;0;;3253.0;0.0;;3258.0;0.0;;3239.0;0.0;0.0;;3243.0;0.0
ore_ont_9435.owl;SubClassOf(<http://purl.obolibrary.org/obo/MA_0002120> <http://purl.obolibrary.org/obo/MA_0000067>);3776;1071.6999999999998;;3230;0;;3201.0;0.0;;3237.0;0.0;;3213.0;0.0;0.0;;3208.0;0.0
ore_ont_9435.owl;SubClassOf(<http://purl.obolibrary.org/obo/MA_0002324> <http://purl.obolibrary.org/obo/MA_0000015>);3776;380.4;;3243;0;;3266.0;0.0;;3184.0;0.0;;3266.0;0.0;0.0;;3216.0;0.0
ore_ont_9435.owl;SubClassOf(<http://purl.obolibrary.org/obo/MA_0002512> <http://purl.obolibrary.org/obo/MA_0002450>);3776;1035.7;;3259;0;;3220.0;0.0;;3237.0;0.0;;3261.0;0.0;0.0;;3263.0;0.0
ore_ont_11619.owl;SubClassOf(<http://purl.obolibrary.org/obo/RS_0000285> <http://purl.obolibrary.org/obo/RS_0000459>);5100;51.49999999999999;;3268;0;;3281.0;0.0;;3238.0;0.0;;3240.0;0.0;0.0;;3208.0;0.0
ore_ont_11619.owl;SubClassOf(<http://purl.obolibrary.org/obo/RS_0000121> <http://purl.obolibrary.org/obo/RS_0000765>);5100;103.1;;3281;0;;3314.0;0.0;;3294.0;0.0;;3274.0;0.0;0.0;;3238.0;0.0
ore_ont_11619.owl;SubClassOf(<http://purl.obolibrary.org/obo/RS_0003515> <http://purl.obolibrary.org/obo/RS_0001229>);5100;123.2;;3267;0;;3259.0;0.0;;3220.0;0.0;;3339.0;0.0;0.0;;3272.0;0.0
ore_ont_11619.owl;SubClassOf(<http://purl.obolibrary.org/obo/RS_0003146> <http://purl.obolibrary.org/obo/RS_0003396>);5100;306.8;;3278;0;;3301.0;0.0;;3269.0;0.0;;3254.0;0.0;0.0;;3236.0;0.0
ore_ont_11619.owl;SubClassOf(<http://purl.obolibrary.org/obo/RS_0003147> <http://purl.obolibrary.org/obo/RS_0003397>);5100;306.8;;3248;0;;3279.0;0.0;;3268.0;0.0;;3371.0;0.0;0.0;;3257.0;0.0
ore_ont_11619.owl;SubClassOf(<http://purl.obolibrary.org/obo/RS_0000878> <http://purl.obolibrary.org/obo/RS_0000818>);5100;136.5;;3273;0;;3249.0;0.0;;3233.0;0.0;;3233.0;0.0;0.0;;3244.0;0.0
ore_ont_11619.owl;SubClassOf(<http://purl.obolibrary.org/obo/RS_0002576> <http://purl.obolibrary.org/obo/RS_0000461>);5100;94.3;0.366914103923648;16044;1190;0.6521739130434784;8779.0;1149.0;0.366914103923648;7436.0;1274.0;0.10922587486744434;5734.0;1208.0;1.0;0.366914103923648;22578.0;1132.0
ore_ont_11619.owl;SubClassOf(<http://purl.obolibrary.org/obo/RS_0001734> <http://purl.obolibrary.org/obo/RS_0000285>);5100;137.39999999999998;;3261;0;;3242.0;0.0;;3289.0;0.0;;3270.0;0.0;0.0;;3263.0;0.0
ore_ont_11619.owl;SubClassOf(<http://purl.obolibrary.org/obo/RS_0002437> <http://purl.obolibrary.org/obo/RS_0002576>);5100;207.6;;3250;0;;3258.0;0.0;;3253.0;0.0;;3315.0;0.0;0.0;;3246.0;0.0
ore_ont_11619.owl;SubClassOf(<http://purl.obolibrary.org/obo/RS_0001609> <http://purl.obolibrary.org/obo/RS_0001231>);5100;214.2;;3248;0;;3265.0;0.0;;3263.0;0.0;;3285.0;0.0;0.0;;3313.0;0.0
ore_ont_15222.owl;SubClassOf(<http://purl.obolibrary.org/obo/MIRO_40002652> <http://purl.obolibrary.org/obo/MIRO_40002482>);4413;274.1;;3223;0;;3280.0;0.0;;3247.0;0.0;;3290.0;0.0;0.0;;3421.0;0.0
ore_ont_15222.owl;SubClassOf(<http://purl.obolibrary.org/obo/MIRO_40003478> <http://purl.obolibrary.org/obo/MIRO_40002217>);4413;207.9;;3250;0;;3333.0;0.0;;3259.0;0.0;;3243.0;0.0;0.0;;3300.0;0.0
ore_ont_15222.owl;SubClassOf(<http://purl.obolibrary.org/obo/MIRO_40000800> <http://purl.obolibrary.org/obo/MIRO_40000648>);4413;268.40000000000003;;3240;0;;3231.0;0.0;;3244.0;0.0;;3264.0;0.0;0.0;;3355.0;0.0
ore_ont_15222.owl;SubClassOf(<http://purl.obolibrary.org/obo/MIRO_40002010> <http://purl.obolibrary.org/obo/MIRO_40001928>);4413;225.2;;3340;0;;3287.0;0.0;;3246.0;0.0;;3339.0;0.0;0.0;;3308.0;0.0
ore_ont_15222.owl;SubClassOf(<http://purl.obolibrary.org/obo/MIRO_40000590> <http://purl.obolibrary.org/obo/MIRO_40000517>);4413;250.4;;3251;0;;3314.0;0.0;;3284.0;0.0;;3320.0;0.0;0.0;;3308.0;0.0
ore_ont_15222.owl;SubClassOf(<http://purl.obolibrary.org/obo/MIRO_40002090> <http://purl.obolibrary.org/obo/MIRO_40002031>);4413;225.2;;3256;0;;3278.0;0.0;;3257.0;0.0;;3306.0;0.0;0.0;;3273.0;0.0
ore_ont_15222.owl;SubClassOf(<http://purl.obolibrary.org/obo/MIRO_40002890> <http://purl.obolibrary.org/obo/MIRO_40002860>);4413;235.7;;3227;0;;3303.0;0.0;;3346.0;0.0;;3257.0;0.0;0.0;;3353.0;0.0
ore_ont_15222.owl;SubClassOf(<http://purl.obolibrary.org/obo/MIRO_40003737> <http://purl.obolibrary.org/obo/MIRO_40000960>);4413;273.2;;3283;0;;3271.0;0.0;;3259.0;0.0;;3303.0;0.0;0.0;;3267.0;0.0
ore_ont_15222.owl;SubClassOf(<http://purl.obolibrary.org/obo/MIRO_40000110> <http://purl.obolibrary.org/obo/MIRO_40000016>);4413;207.6;;3259;0;;3299.0;0.0;;3283.0;0.0;;3251.0;0.0;0.0;;3277.0;0.0
ore_ont_15222.owl;SubClassOf(<http://purl.obolibrary.org/obo/MIRO_40003062> <http://purl.obolibrary.org/obo/MIRO_40002995>);4413;248.90000000000003;;3364;0;;3247.0;0.0;;3296.0;0.0;;3314.0;0.0;0.0;;3260.0;0.0
ore_ont_4798.owl;SubClassOf(<http://purl.obolibrary.org/obo/MIRO_40002652> <http://purl.obolibrary.org/obo/MIRO_40002482>);4413;274.1;;3253;0;;3273.0;0.0;;3283.0;0.0;;3275.0;0.0;0.0;;3286.0;0.0
ore_ont_4798.owl;SubClassOf(<http://purl.obolibrary.org/obo/MIRO_40003478> <http://purl.obolibrary.org/obo/MIRO_40002217>);4413;207.9;;3265;0;;3273.0;0.0;;3255.0;0.0;;3334.0;0.0;0.0;;3419.0;0.0
ore_ont_4798.owl;SubClassOf(<http://purl.obolibrary.org/obo/MIRO_40000800> <http://purl.obolibrary.org/obo/MIRO_40000648>);4413;268.40000000000003;;3340;0;;3245.0;0.0;;3323.0;0.0;;3370.0;0.0;0.0;;3374.0;0.0
ore_ont_4798.owl;SubClassOf(<http://purl.obolibrary.org/obo/MIRO_40002010> <http://purl.obolibrary.org/obo/MIRO_40001928>);4413;225.2;;3247;0;;3354.0;0.0;;3259.0;0.0;;3333.0;0.0;0.0;;3321.0;0.0
ore_ont_4798.owl;SubClassOf(<http://purl.obolibrary.org/obo/MIRO_40000590> <http://purl.obolibrary.org/obo/MIRO_40000517>);4413;250.4;;3433;0;;3287.0;0.0;;3301.0;0.0;;3384.0;0.0;0.0;;3310.0;0.0
ore_ont_4798.owl;SubClassOf(<http://purl.obolibrary.org/obo/MIRO_40002090> <http://purl.obolibrary.org/obo/MIRO_40002031>);4413;225.2;;3362;0;;3244.0;0.0;;3302.0;0.0;;3281.0;0.0;0.0;;3331.0;0.0
ore_ont_4798.owl;SubClassOf(<http://purl.obolibrary.org/obo/MIRO_40002890> <http://purl.obolibrary.org/obo/MIRO_40002860>);4413;235.7;;3361;0;;3318.0;0.0;;3296.0;0.0;;3330.0;0.0;0.0;;3277.0;0.0
ore_ont_4798.owl;SubClassOf(<http://purl.obolibrary.org/obo/MIRO_40003737> <http://purl.obolibrary.org/obo/MIRO_40000960>);4413;273.2;;3253;0;;3287.0;0.0;;3278.0;0.0;;3262.0;0.0;0.0;;3272.0;0.0
ore_ont_4798.owl;SubClassOf(<http://purl.obolibrary.org/obo/MIRO_40000110> <http://purl.obolibrary.org/obo/MIRO_40000016>);4413;207.6;;3269;0;;3241.0;0.0;;3231.0;0.0;;3265.0;0.0;0.0;;3253.0;0.0
ore_ont_4798.owl;SubClassOf(<http://purl.obolibrary.org/obo/MIRO_40003062> <http://purl.obolibrary.org/obo/MIRO_40002995>);4413;248.90000000000003;;3241;0;;3278.0;0.0;;3313.0;0.0;;3225.0;0.0;0.0;;3244.0;0.0
ore_ont_9646.owl;SubClassOf(<http://purl.obolibrary.org/obo/MA_0001472> <http://purl.obolibrary.org/obo/MA_0001478>);4079;740.3;;3352;0;;3266.0;0.0;;3291.0;0.0;;3439.0;0.0;0.0;;3228.0;0.0
ore_ont_9646.owl;SubClassOf(<http://purl.obolibrary.org/obo/MA_0001407> <http://purl.obolibrary.org/obo/MA_0000315>);4079;1862.5;;3233;0;;3292.0;0.0;;3254.0;0.0;;3247.0;0.0;0.0;;3293.0;0.0
ore_ont_9646.owl;SubClassOf(<http://purl.obolibrary.org/obo/MA_0002949> <http://purl.obolibrary.org/obo/MA_0000261>);4079;1471.5;;3241;0;;3311.0;0.0;;3258.0;0.0;;3405.0;0.0;0.0;;3200.0;0.0
ore_ont_9646.owl;SubClassOf(<http://purl.obolibrary.org/obo/MA_0001953> <http://purl.obolibrary.org/obo/MA_0000064>);4079;1145.7999999999995;;3309;0;;3237.0;0.0;;3264.0;0.0;;3276.0;0.0;0.0;;3254.0;0.0
ore_ont_9646.owl;SubClassOf(<http://purl.obolibrary.org/obo/MA_0001040> <http://purl.obolibrary.org/obo/MA_0000821>);4079;748.0999999999999;;3283;0;;3274.0;0.0;;3298.0;0.0;;3351.0;0.0;0.0;;3263.0;0.0
ore_ont_9646.owl;SubClassOf(<http://purl.obolibrary.org/obo/MA_0000736> <http://purl.obolibrary.org/obo/MA_0000139>);4079;1103.9;;3228;0;;3249.0;0.0;;3221.0;0.0;;3205.0;0.0;0.0;;3289.0;0.0
ore_ont_9646.owl;SubClassOf(<http://purl.obolibrary.org/obo/MA_0000168> <http://purl.obolibrary.org/obo/MA_0000581>);4079;736.0999999999999;;3243;0;;3243.0;0.0;;3262.0;0.0;;3297.0;0.0;0.0;;3264.0;0.0
ore_ont_9646.owl;SubClassOf(<http://purl.obolibrary.org/obo/MA_0002120> <http://purl.obolibrary.org/obo/MA_0000067>);4079;1146.1;;3250;0;;3278.0;0.0;;3284.0;0.0;;3320.0;0.0;0.0;;3312.0;0.0
ore_ont_9646.owl;SubClassOf(<http://purl.obolibrary.org/obo/MA_0003024> <http://purl.obolibrary.org/obo/MA_0003148>);4079;2219.4;;3222;0;;3252.0;0.0;;3249.0;0.0;;3220.0;0.0;0.0;;3281.0;0.0
ore_ont_9646.owl;SubClassOf(<http://purl.obolibrary.org/obo/MA_0002512> <http://purl.obolibrary.org/obo/MA_0002450>);4079;1110.4;;3258;0;;3268.0;0.0;;3275.0;0.0;;3369.0;0.0;0.0;;3271.0;0.0
ore_ont_10742.owl;SubClassOf(<http://purl.obolibrary.org/obo/XAO_0000437> <http://purl.obolibrary.org/obo/XAO_1000000>);5157;437.3;;3239;0;;3274.0;0.0;;3243.0;0.0;;3265.0;0.0;0.0;;3222.0;0.0
ore_ont_10742.owl;SubClassOf(<http://purl.obolibrary.org/obo/XAO_1000020> <http://purl.obolibrary.org/obo/XAO_1000094>);5157;449.1;;3223;0;;3224.0;0.0;;3266.0;0.0;;3164.0;0.0;0.0;;3227.0;0.0
ore_ont_10742.owl;SubClassOf(<http://purl.obolibrary.org/obo/XAO_0000001> <http://purl.obolibrary.org/obo/XAO_0003040>);5157;573.8;0.9182642035552457;11860;1017;0.8227605437434647;8276.0;1079.0;0.9182642035552457;6435.0;1038.0;0.9182642035552457;5600.0;1133.0;1.0;0.9182642035552457;15039.0;1029.0
ore_ont_10742.owl;SubClassOf(<http://purl.obolibrary.org/obo/XAO_1000078> <http://purl.obolibrary.org/obo/XAO_1000094>);5157;417.0999999999999;;3262;0;;3293.0;0.0;;3313.0;0.0;;3250.0;0.0;0.0;;3231.0;0.0
ore_ont_10742.owl;SubClassOf(<http://purl.obolibrary.org/obo/XAO_0000115> <http://purl.obolibrary.org/obo/XAO_0003037>);5157;398.80000000000007;0.913239719157472;11947;1196;0.8224674022066196;8177.0;1188.0;0.913239719157472;6610.0;1055.0;0.8224674022066196;5723.0;1081.0;1.0;0.913239719157472;14950.0;1202.0
ore_ont_10742.owl;SubClassOf(<http://purl.obolibrary.org/obo/XAO_1000052> <http://purl.obolibrary.org/obo/XAO_1000094>);5157;289.1;;3241;0;;3253.0;0.0;;3193.0;0.0;;3189.0;0.0;0.0;;3248.0;0.0
ore_ont_10742.owl;SubClassOf(<http://purl.obolibrary.org/obo/XAO_1000059> <http://purl.obolibrary.org/obo/XAO_1000094>);5157;561.9;;3214;0;;3186.0;0.0;;3259.0;0.0;;3382.0;0.0;0.0;;3231.0;0.0
ore_ont_10742.owl;SubClassOf(<http://purl.obolibrary.org/obo/XAO_1000057> <http://purl.obolibrary.org/obo/XAO_1000094>);5157;225.1;;3290;0;;3252.0;0.0;;3316.0;0.0;;3246.0;0.0;0.0;;3220.0;0.0
ore_ont_10742.owl;SubClassOf(<http://purl.obolibrary.org/obo/XAO_1000038> <http://purl.obolibrary.org/obo/XAO_1000094>);5157;379.5;;3246;0;;3216.0;0.0;;3317.0;0.0;;3436.0;0.0;0.0;;3263.0;0.0
ore_ont_10742.owl;SubClassOf(<http://purl.obolibrary.org/obo/XAO_1000049> <http://purl.obolibrary.org/obo/XAO_1000094>);5157;315.5;;3348;0;;3223.0;0.0;;3235.0;0.0;;3217.0;0.0;0.0;;3248.0;0.0
ore_ont_10968.owl;SubClassOf(<http://purl.obolibrary.org/obo/BTO_0001912> <http://purl.obolibrary.org/obo/BTO_0000356>);4830;1998.6;;3285;0;;3324.0;0.0;;3285.0;0.0;;3412.0;0.0;0.0;;3241.0;0.0
ore_ont_10968.owl;SubClassOf(<http://purl.obolibrary.org/obo/BTO_0000379> <http://purl.obolibrary.org/obo/BTO_0000284>);4830;2025.2;0.989136875370334;11884;1868;0.9889887418526565;9862.0;1864.0;0.989136875370334;6565.0;1906.0;0.989136875370334;5720.0;1820.0;1.0;0.989136875370334;17393.0;1900.0
ore_ont_10968.owl;SubClassOf(<http://purl.obolibrary.org/obo/BTO_0000300> <http://purl.obolibrary.org/obo/BTO_0000713>);4830;401.1;;3321;0;;3318.0;0.0;;3321.0;0.0;;3324.0;0.0;0.0;;3286.0;0.0
ore_ont_10968.owl;SubClassOf(<http://purl.obolibrary.org/obo/BTO_0002559> <http://purl.obolibrary.org/obo/BTO_0002553>);4830;2011.6;;3297;0;;3267.0;0.0;;3312.0;0.0;;3310.0;0.0;0.0;;3299.0;0.0
ore_ont_10968.owl;SubClassOf(<http://purl.obolibrary.org/obo/BTO_0001080> <http://purl.obolibrary.org/obo/BTO_0000578>);4830;409.2;;3232;0;;3239.0;0.0;;3289.0;0.0;;3280.0;0.0;0.0;;3257.0;0.0
ore_ont_10968.owl;SubClassOf(<http://purl.obolibrary.org/obo/BTO_0003825> <http://purl.obolibrary.org/obo/BTO_0001479>);4830;848.3;;3210;0;;3264.0;0.0;;3242.0;0.0;;3299.0;0.0;0.0;;3294.0;0.0
ore_ont_10968.owl;SubClassOf(<http://purl.obolibrary.org/obo/BTO_0000720> <http://purl.obolibrary.org/obo/BTO_0001461>);4830;1196.1999999999998;;3249;0;;3262.0;0.0;;3259.0;0.0;;3316.0;0.0;0.0;;3228.0;0.0
ore_ont_10968.owl;SubClassOf(<http://purl.obolibrary.org/obo/BTO_0002130> <http://purl.obolibrary.org/obo/BTO_0000849>);4830;420.0;;3260;0;;3286.0;0.0;;3310.0;0.0;;3322.0;0.0;0.0;;3212.0;0.0
ore_ont_10968.owl;SubClassOf(<http://purl.obolibrary.org/obo/BTO_0001521> <http://purl.obolibrary.org/obo/BTO_0000794>);4830;1998.6;;3298;0;;3238.0;0.0;;3226.0;0.0;;3287.0;0.0;0.0;;3273.0;0.0
ore_ont_10968.owl;SubClassOf(<http://purl.obolibrary.org/obo/BTO_0000419> <http://purl.obolibrary.org/obo/BTO_0000416>);4830;806.0;;3231;0;;3262.0;0.0;;3306.0;0.0;;3291.0;0.0;0.0;;3352.0;0.0
ore_ont_9790.owl;SubClassOf(<http://purl.obolibrary.org/obo/DOID_11104> <http://purl.obolibrary.org/obo/DOID_0050338>);6710;37.7;;3378;0;;3317.0;0.0;;3356.0;0.0;;3318.0;0.0;0.0;;3325.0;0.0
ore_ont_9790.owl;SubClassOf(<http://purl.obolibrary.org/obo/DOID_2723> <http://purl.obolibrary.org/obo/DOID_37>);6710;41.9;;3357;0;;3423.0;0.0;;3260.0;0.0;;3388.0;0.0;0.0;;3274.0;0.0
ore_ont_9790.owl;SubClassOf(<http://purl.obolibrary.org/obo/DOID_5353> <http://purl.obolibrary.org/obo/DOID_5295>);6710;41.3;;3400;0;;3340.0;0.0;;3353.0;0.0;;3360.0;0.0;0.0;;3341.0;0.0
ore_ont_9790.owl;SubClassOf(<http://purl.obolibrary.org/obo/DOID_4953> <http://purl.obolibrary.org/obo/DOID_934>);6710;37.9;;3361;0;;3340.0;0.0;;3354.0;0.0;;3332.0;0.0;0.0;;3368.0;0.0
ore_ont_9790.owl;SubClassOf(<http://purl.obolibrary.org/obo/DOID_2921> <http://purl.obolibrary.org/obo/DOID_557>);6710;67.39999999999999;0.2774480712166173;12042;1192;0.6112759643916915;8853.0;1224.0;0.2774480712166173;6793.0;1204.0;0.2774480712166173;5842.0;1202.0;3.0;0.2774480712166173;16031.0;1170.0
ore_ont_9790.owl;SubClassOf(<http://purl.obolibrary.org/obo/DOID_0080014> <http://purl.obolibrary.org/obo/DOID_0050177>);6710;55.0;;3322;0;;3326.0;0.0;;3356.0;0.0;;3415.0;0.0;0.0;;3381.0;0.0
ore_ont_9790.owl;SubClassOf(<http://purl.obolibrary.org/obo/DOID_6713> <http://purl.obolibrary.org/obo/DOID_936>);6710;82.5;;3397;0;;3326.0;0.0;;3330.0;0.0;;3333.0;0.0;0.0;;3397.0;0.0
ore_ont_9790.owl;SubClassOf(<http://purl.obolibrary.org/obo/DOID_1080> <http://purl.obolibrary.org/obo/DOID_883>);6710;37.1;;3556;0;;3465.0;0.0;;3533.0;0.0;;3438.0;0.0;0.0;;3425.0;0.0
ore_ont_9790.owl;SubClassOf(<http://purl.obolibrary.org/obo/DOID_6686> <http://purl.obolibrary.org/obo/DOID_225>);6710;19.1;;3388;0;;3375.0;0.0;;3423.0;0.0;;3406.0;0.0;0.0;;3431.0;0.0
ore_ont_9790.owl;SubClassOf(<http://purl.obolibrary.org/obo/DOID_1682> <http://purl.obolibrary.org/obo/DOID_0080015>);6710;22.3;;3417;0;;3476.0;0.0;;3415.0;0.0;;3355.0;0.0;0.0;;3326.0;0.0
ore_ont_1493.owl;SubClassOf(<http://purl.obolibrary.org/obo/FBsp_00001388> <http://purl.obolibrary.org/obo/FBsp_30000076>);6585;2432.9999999999995;;3380;0;;3340.0;0.0;;3333.0;0.0;;3409.0;0.0;0.0;;3292.0;0.0
ore_ont_1493.owl;SubClassOf(<http://purl.obolibrary.org/obo/FBsp_00002350> <http://purl.obolibrary.org/obo/FBsp_00002343>);6585;200.7;;3313;0;;3374.0;0.0;;3390.0;0.0;;3312.0;0.0;0.0;;3295.0;0.0
ore_ont_1493.owl;SubClassOf(<http://purl.obolibrary.org/obo/FBsp_00001815> <http://purl.obolibrary.org/obo/FBsp_20000031>);6585;31.9;;3321;0;;3392.0;0.0;;3356.0;0.0;;3362.0;0.0;0.0;;3374.0;0.0
ore_ont_1493.owl;SubClassOf(<http://purl.obolibrary.org/obo/FBsp_00001222> <http://purl.obolibrary.org/obo/FBsp_30000101>);6585;3296.4999999999995;0.7929622326710148;12098;1391;0.8945851660852419;9354.0;1358.0;0.7929622326710148;6867.0;1271.0;0.8945851660852419;5773.0;1374.0;2.0;0.7929622326710148;16837.0;1265.0
ore_ont_1493.owl;SubClassOf(<http://purl.obolibrary.org/obo/FBsp_30003589> <http://purl.obolibrary.org/obo/FBsp_30000146>);6585;3181.9999999999995;;3322;0;;3368.0;0.0;;3281.0;0.0;;3311.0;0.0;0.0;;3405.0;0.0
ore_ont_1493.owl;SubClassOf(<http://purl.obolibrary.org/obo/FBsp_00001180> <http://purl.obolibrary.org/obo/FBsp_30000093>);6585;2895.9999999999995;;3330;0;;3299.0;0.0;;3452.0;0.0;;3453.0;0.0;0.0;;3464.0;0.0
ore_ont_1493.owl;SubClassOf(<http://purl.obolibrary.org/obo/FBsp_10000100> <http://purl.obolibrary.org/obo/FBsp_30000112>);6585;2895.399999999999;;3349;0;;3405.0;0.0;;3355.0;0.0;;3329.0;0.0;0.0;;3381.0;0.0
ore_ont_1493.owl;SubClassOf(<http://purl.obolibrary.org/obo/FBsp_30000101> <http://purl.obolibrary.org/obo/FBsp_00000751>);6585;2639.2999999999997;;3324;0;;3330.0;0.0;;3383.0;0.0;;3522.0;0.0;0.0;;3390.0;0.0
ore_ont_1493.owl;SubClassOf(<http://purl.obolibrary.org/obo/FBsp_00001340> <http://purl.obolibrary.org/obo/FBsp_00001337>);6585;3555.9999999999995;;3493;0;;3438.0;0.0;;3385.0;0.0;;3356.0;0.0;0.0;;3378.0;0.0
ore_ont_1493.owl;SubClassOf(<http://purl.obolibrary.org/obo/FBsp_10000075> <http://purl.obolibrary.org/obo/FBsp_30000013>);6585;2165.2999999999997;;3419;0;;3420.0;0.0;;3345.0;0.0;;3391.0;0.0;0.0;;3417.0;0.0
ore_ont_8641.owl;SubClassOf(<http://purl.org/obo/owl/IEV#IEV_0000027> <http://purl.org/obo/owl/IEV#IEV_0001842>);8257;463.3;;3300;0;;3274.0;0.0;;3267.0;0.0;;3312.0;0.0;0.0;;3394.0;0.0
ore_ont_8641.owl;SubClassOf(<http://purl.org/obo/owl/IEV#IEV_0000345> <http://purl.org/obo/owl/IEV#IEV_0000293>);8257;273.7;;3384;0;;3316.0;0.0;;3372.0;0.0;;3346.0;0.0;0.0;;3304.0;0.0
ore_ont_8641.owl;SubClassOf(<http://purl.org/obo/owl/IEV#IEV_0000583> <http://purl.org/obo/owl/IEV#IEV_0000013>);8257;620.6999999999999;;3313;0;;3404.0;0.0;;3287.0;0.0;;3396.0;0.0;0.0;;3365.0;0.0
ore_ont_8641.owl;SubClassOf(<http://purl.org/obo/owl/IEV#IEV_0002269> <http://purl.org/obo/owl/IEV#IEV_0000027>);8257;564.3;;3297;0;;3357.0;0.0;;3356.0;0.0;;3461.0;0.0;0.0;;3329.0;0.0
ore_ont_8641.owl;SubClassOf(<http://purl.org/obo/owl/IEV#IEV_0000867> <http://purl.org/obo/owl/IEV#IEV_0000044>);8257;568.1999999999999;;3373;0;;3350.0;0.0;;3399.0;0.0;;3348.0;0.0;0.0;;3345.0;0.0
ore_ont_8641.owl;SubClassOf(<http://purl.org/obo/owl/IEV#IEV_0001676> <http://purl.org/obo/owl/IEV#IEV_0001670>);8257;826.8;;3369;0;;3396.0;0.0;;3447.0;0.0;;3367.0;0.0;0.0;;3388.0;0.0
ore_ont_8641.owl;SubClassOf(<http://purl.org/obo/owl/IEV#IEV_0001669> <http://purl.org/obo/owl/IEV#IEV_0000145>);8257;574.8;;3343;0;;3413.0;0.0;;3377.0;0.0;;3413.0;0.0;0.0;;3378.0;0.0
ore_ont_8641.owl;SubClassOf(<http://purl.org/obo/owl/IEV#IEV_0000053> <http://purl.org/obo/owl/IEV#IEV_0000025>);8257;931.1;;3399;0;;3349.0;0.0;;3393.0;0.0;;3346.0;0.0;0.0;;3411.0;0.0
ore_ont_8641.owl;SubClassOf(<http://purl.org/obo/owl/IEV#IEV_0000045> <http://purl.org/obo/owl/IEV#IEV_0000016>);8257;573.5999999999999;;3517;0;;3426.0;0.0;;3511.0;0.0;;3475.0;0.0;0.0;;3471.0;0.0
ore_ont_8641.owl;SubClassOf(<http://purl.org/obo/owl/IEV#IEV_0001479> <http://purl.org/obo/owl/IEV#IEV_0001669>);8257;1495.1;0.9993980335763492;22613;1354;0.9991973781017993;18711.0;1321.0;1.0;6972.0;1450.0;1.0;6089.0;1490.0;2.0;0.9993980335763492;34788.0;1341.0
ore_ont_4655.owl;SubClassOf(<http://purl.obolibrary.org/obo/MFO_0000030> <http://purl.obolibrary.org/obo/MFO_0000010>);4402;8846.4;;3243;0;;3295.0;0.0;;3278.0;0.0;;3329.0;0.0;0.0;;3302.0;0.0
ore_ont_4655.owl;SubClassOf(<http://purl.obolibrary.org/obo/MFO_0002980> <http://purl.obolibrary.org/obo/MFO_0002880>);4402;17678.2;;3252;0;;3272.0;0.0;;3261.0;0.0;;3260.0;0.0;0.0;;3285.0;0.0
ore_ont_4655.owl;SubClassOf(<http://purl.obolibrary.org/obo/MFO_0002880> <http://purl.obolibrary.org/obo/MFO_0001620>);4402;18913.6;;3290;0;;3300.0;0.0;;3349.0;0.0;;3392.0;0.0;0.0;;3341.0;0.0
ore_ont_4655.owl;SubClassOf(<http://purl.obolibrary.org/obo/MFO_0005020> <http://purl.obolibrary.org/obo/MFO_0005000>);4402;7575.3;;3286;0;;3316.0;0.0;;3304.0;0.0;;3253.0;0.0;0.0;;3274.0;0.0
ore_ont_4655.owl;SubClassOf(<http://purl.obolibrary.org/obo/MFO_0002660> <http://purl.obolibrary.org/obo/MFO_0002520>);4402;26521.000000000004;;3239;0;;3280.0;0.0;;3294.0;0.0;;3256.0;0.0;0.0;;3320.0;0.0
ore_ont_4655.owl;SubClassOf(<http://purl.obolibrary.org/obo/MFO_0002980> <http://purl.obolibrary.org/obo/MFO_0001620>);4402;10097.3;0.9982767670565399;12049;9812;0.9988610816752993;26441.0;9807.0;0.9982767670565399;6807.0;9839.0;0.9982767670565399;5839.0;10333.0;2.0;0.9982767670565399;33549.0;10076.0
ore_ont_4655.owl;SubClassOf(<http://purl.obolibrary.org/obo/MFO_0001340> <http://purl.obolibrary.org/obo/MFO_0001020>);4402;13875.6;;3297;0;;3267.0;0.0;;3365.0;0.0;;3394.0;0.0;0.0;;3317.0;0.0
ore_ont_4655.owl;SubClassOf(<http://purl.obolibrary.org/obo/MFO_0002000> <http://purl.obolibrary.org/obo/MFO_0001860>);4402;11363.100000000002;;3321;0;;3352.0;0.0;;3392.0;0.0;;3387.0;0.0;0.0;;3311.0;0.0
ore_ont_4655.owl;SubClassOf(<http://purl.obolibrary.org/obo/MFO_0001780> <http://purl.obolibrary.org/obo/MFO_0001740>);4402;36621.7;;3335;0;;3422.0;0.0;;3377.0;0.0;;3594.0;0.0;0.0;;3471.0;0.0
ore_ont_4655.owl;SubClassOf(<http://purl.obolibrary.org/obo/MFO_0002220> <http://purl.obolibrary.org/obo/MFO_0001620>);4402;23957.3;;3254;0;;3345.0;0.0;;3279.0;0.0;;3352.0;0.0;0.0;;3288.0;0.0
ore_ont_5792.owl;SubClassOf(<http://purl.obolibrary.org/obo/MP_0005118> <http://purl.obolibrary.org/obo/MP_0005418>);8927;176.0;0.7988636363636363;12044;1382;0.7988636363636363;10314.0;1277.0;0.7988636363636363;7144.0;1227.0;1.0;6024.0;1282.0;2.0;0.7988636363636363;17187.0;1423.0
ore_ont_5792.owl;SubClassOf(<http://purl.obolibrary.org/obo/MP_0002206> <http://purl.obolibrary.org/obo/MP_0003633>);8927;64.6;0.28018575851393196;12292;1562;0.5944272445820434;9477.0;1288.0;0.28018575851393196;7111.0;1490.0;0.28018575851393196;5910.0;1530.0;1.0;0.28018575851393196;17017.0;1449.0
ore_ont_5792.owl;SubClassOf(<http://purl.obolibrary.org/obo/MP_0000965> <http://purl.obolibrary.org/obo/MP_0002882>);8927;97.3;;3307;0;;3408.0;0.0;;3369.0;0.0;;3426.0;0.0;0.0;;3446.0;0.0
ore_ont_5792.owl;SubClassOf(<http://purl.obolibrary.org/obo/MP_0004896> <http://purl.obolibrary.org/obo/MP_0001120>);8927;132.7;;3360;0;;3367.0;0.0;;3409.0;0.0;;3349.0;0.0;0.0;;3318.0;0.0
ore_ont_5792.owl;SubClassOf(<http://purl.obolibrary.org/obo/MP_0002191> <http://purl.obolibrary.org/obo/MP_0001614>);8927;52.7;;3379;0;;3368.0;0.0;;3384.0;0.0;;3523.0;0.0;0.0;;3496.0;0.0
ore_ont_5792.owl;SubClassOf(<http://purl.obolibrary.org/obo/MP_0004175> <http://purl.obolibrary.org/obo/MP_0002106>);8927;153.00000000000003;0.7901960784313724;16432;1501;0.6058823529411764;10222.0;1318.0;0.7901960784313724;7974.0;1326.0;0.6058823529411764;5842.0;1292.0;1.0;0.7901960784313724;24656.0;1360.0
ore_ont_5792.owl;SubClassOf(<http://purl.obolibrary.org/obo/MP_0005418> <http://purl.obolibrary.org/obo/MP_0001764>);8927;88.5;0.2440677966101695;18270;1479;0.5152542372881356;13248.0;1416.0;0.2440677966101695;8576.0;1351.0;0.48135593220338985;6020.0;1318.0;1.0;0.2440677966101695;27510.0;1335.0
ore_ont_5792.owl;SubClassOf(<http://purl.obolibrary.org/obo/MP_0001846> <http://purl.obolibrary.org/obo/MP_0000001>);8927;69.8;0.34957020057306587;20310;1416;0.4154727793696275;9649.0;1507.0;0.34957020057306587;8273.0;1338.0;0.4154727793696275;5821.0;1340.0;1.0;0.34957020057306587;32059.0;1362.0
ore_ont_5792.owl;SubClassOf(<http://purl.obolibrary.org/obo/MP_0001851> <http://purl.obolibrary.org/obo/MP_0001846>);8927;108.1;;3398;0;;3297.0;0.0;;3299.0;0.0;;3438.0;0.0;0.0;;3326.0;0.0
ore_ont_5792.owl;SubClassOf(<http://purl.obolibrary.org/obo/MP_0002703> <http://purl.obolibrary.org/obo/MP_0002135>);8927;85.1;0.6603995299647474;12106;1569;0.36427732079905994;10018.0;1578.0;0.6603995299647474;7358.0;1572.0;0.6603995299647474;6012.0;1561.0;1.0;0.6603995299647474;17596.0;1459.0
ore_ont_3106.owl;SubClassOf(<http://purl.obolibrary.org/obo/GO_0004672> <http://purl.obolibrary.org/obo/GO_0016773>);10257;148.29999999999998;;3529;0;;3464.0;0.0;;3464.0;0.0;;3456.0;0.0;0.0;;3470.0;0.0
ore_ont_3106.owl;SubClassOf(<http://purl.obolibrary.org/obo/GO_0004672> <http://purl.obolibrary.org/obo/GO_0016301>);10257;148.29999999999998;;3582;0;;3466.0;0.0;;3459.0;0.0;;3549.0;0.0;0.0;;3466.0;0.0
ore_ont_3106.owl;SubClassOf(<http://purl.obolibrary.org/obo/GO_0019113> <http://purl.obolibrary.org/obo/GO_0016709>);10257;222.3;;3453;0;;3510.0;0.0;;3498.0;0.0;;3524.0;0.0;0.0;;3414.0;0.0
ore_ont_3106.owl;SubClassOf(<http://purl.obolibrary.org/obo/GO_0004407> <http://purl.obolibrary.org/obo/GO_0016811>);10257;148.79999999999998;;3475;0;;3455.0;0.0;;3560.0;0.0;;3507.0;0.0;0.0;;3563.0;0.0
ore_ont_3106.owl;SubClassOf(<http://purl.obolibrary.org/obo/GO_0016274> <http://purl.obolibrary.org/obo/GO_0008757>);10257;274.8;0.9614264919941777;12469;1794;0.9614264919941777;11731.0;1727.0;0.9614264919941777;7803.0;1800.0;1.0;6142.0;1790.0;1.0;0.9614264919941777;18528.0;1828.0
ore_ont_3106.owl;SubClassOf(<http://purl.obolibrary.org/obo/GO_0019171> <http://purl.obolibrary.org/obo/GO_0016836>);10257;121.3;;3505;0;;3506.0;0.0;;3473.0;0.0;;3464.0;0.0;0.0;;3567.0;0.0
ore_ont_3106.owl;SubClassOf(<http://purl.obolibrary.org/obo/GO_0033764> <http://purl.obolibrary.org/obo/GO_0016616>);10257;264.6;;3518;0;;3472.0;0.0;;3405.0;0.0;;3363.0;0.0;0.0;;3361.0;0.0
ore_ont_3106.owl;SubClassOf(<http://purl.obolibrary.org/obo/GO_0004611> <http://purl.obolibrary.org/obo/GO_0016831>);10257;112.6;;3491;0;;3442.0;0.0;;3427.0;0.0;;3394.0;0.0;0.0;;3391.0;0.0
ore_ont_3106.owl;SubClassOf(<http://purl.obolibrary.org/obo/GO_0001664> <http://purl.obolibrary.org/obo/GO_0005515>);10257;136.3;0.4732208363903154;12336;1690;0.20102714600146732;10522.0;1698.0;0.4732208363903154;7688.0;1686.0;0.20102714600146732;6014.0;1907.0;2.0;0.4732208363903154;18855.0;1814.0
ore_ont_3106.owl;SubClassOf(<http://purl.obolibrary.org/obo/GO_0016709> <http://purl.obolibrary.org/obo/GO_0016705>);10257;132.1;;3340;0;;3356.0;0.0;;3372.0;0.0;;3436.0;0.0;0.0;;3401.0;0.0
ore_ont_10389.owl;SubClassOf(<http://purl.obolibrary.org/obo/MP_0002962> <http://purl.obolibrary.org/obo/MP_0009643>);10769;125.6;0.7030254777070064;12235;1542;0.4307324840764332;10095.0;1548.0;0.7030254777070064;7188.0;1628.0;0.4307324840764332;6233.0;1576.0;2.0;0.7030254777070064;17584.0;1549.0
ore_ont_10389.owl;SubClassOf(<http://purl.obolibrary.org/obo/MP_0005118> <http://purl.obolibrary.org/obo/MP_0005418>);10769;217.40000000000003;1.0;12247;1582;1.0;11065.0;1539.0;1.0;7153.0;1518.0;1.0;6153.0;1577.0;1.0;1.0;17689.0;1549.0
ore_ont_10389.owl;SubClassOf(<http://purl.obolibrary.org/obo/MP_0009643> <http://purl.obolibrary.org/obo/MP_0000001>);10769;71.60000000000001;0.3156424581005585;26765;1630;0.5041899441340781;14115.0;1586.0;0.3156424581005585;11169.0;1656.0;0.5460893854748603;6127.0;1603.0;3.0;0.3156424581005585;47055.0;1672.0
ore_ont_10389.owl;SubClassOf(<http://purl.obolibrary.org/obo/MP_0002206> <http://purl.obolibrary.org/obo/MP_0003633>);10769;63.1;0.27258320126782887;12192;1696;0.589540412044374;10491.0;1568.0;0.27258320126782887;7214.0;1724.0;0.27258320126782887;5987.0;1683.0;1.0;0.27258320126782887;17934.0;1758.0
ore_ont_10389.owl;SubClassOf(<http://purl.obolibrary.org/obo/MP_0005563> <http://purl.obolibrary.org/obo/MP_0002447>);10769;173.49999999999997;0.5256484149855909;12147;1643;0.7504322766570606;10178.0;1802.0;0.5256484149855909;7158.0;1676.0;0.5256484149855909;5956.0;1631.0;1.0;0.5256484149855909;18111.0;1599.0
ore_ont_10389.owl;SubClassOf(<http://purl.obolibrary.org/obo/MP_0000965> <http://purl.obolibrary.org/obo/MP_0002882>);10769;93.4;;3421;0;;3429.0;0.0;;3383.0;0.0;;3389.0;0.0;0.0;;3418.0;0.0
ore_ont_10389.owl;SubClassOf(<http://purl.obolibrary.org/obo/MP_0009643> <http://purl.obolibrary.org/obo/MP_0001764>);10769;58.9;;3423;0;;3400.0;0.0;;3411.0;0.0;;3436.0;0.0;0.0;;3412.0;0.0
ore_ont_10389.owl;SubClassOf(<http://purl.obolibrary.org/obo/MP_0005325> <http://purl.obolibrary.org/obo/MP_0002135>);10769;158.79999999999998;0.4332493702770781;22460;1533;0.763853904282116;10672.0;1682.0;0.763853904282116;7337.0;1684.0;0.763853904282116;6170.0;1628.0;2.0;0.763853904282116;15617.0;1820.0
ore_ont_10389.owl;SubClassOf(<http://purl.obolibrary.org/obo/MP_0006042> <http://purl.obolibrary.org/obo/MP_0001648>);10769;82.3;;3500;0;;3530.0;0.0;;3683.0;0.0;;3542.0;0.0;0.0;;3613.0;0.0
ore_ont_10389.owl;SubClassOf(<http://purl.obolibrary.org/obo/MP_0001851> <http://purl.obolibrary.org/obo/MP_0001846>);10769;103.29999999999998;;3556;0;;3592.0;0.0;;3494.0;0.0;;3467.0;0.0;0.0;;3605.0;0.0
ore_ont_8329.owl;SubClassOf(<http://purl.obolibrary.org/obo/ZFS_0000027> <http://purl.obolibrary.org/obo/ZFS_0100000>);10044;2843.0999999999995;;3344;0;;3507.0;0.0;;3302.0;0.0;;3327.0;0.0;0.0;;3345.0;0.0
ore_ont_8329.owl;SubClassOf(<http://purl.obolibrary.org/obo/ZFA_0000005> <http://purl.obolibrary.org/obo/ZFA_0001488>);10044;2456.1;0.9811489760188918;12030;1651;0.9620129473555639;9750.0;1811.0;0.9811489760188918;6983.0;1780.0;0.9620129473555639;6043.0;2033.0;3.0;0.9811489760188918;17168.0;1780.0
ore_ont_8329.owl;SubClassOf(<http://purl.obolibrary.org/obo/ZFS_0000024> <http://purl.obolibrary.org/obo/ZFS_0100000>);10044;2447.4;;3339;0;;3264.0;0.0;;3435.0;0.0;;3440.0;0.0;0.0;;3342.0;0.0
ore_ont_8329.owl;SubClassOf(<http://purl.obolibrary.org/obo/ZFS_0000025> <http://purl.obolibrary.org/obo/ZFS_0100000>);10044;2579.2999999999997;;3357;0;;3259.0;0.0;;3296.0;0.0;;3318.0;0.0;0.0;;3281.0;0.0
ore_ont_8329.owl;SubClassOf(<http://purl.obolibrary.org/obo/ZFS_0000034> <http://purl.obolibrary.org/obo/ZFS_0100000>);10044;3106.9;;3328;0;;3247.0;0.0;;3308.0;0.0;;3261.0;0.0;0.0;;3275.0;0.0
ore_ont_8329.owl;SubClassOf(<http://purl.obolibrary.org/obo/ZFS_0000044> <http://purl.obolibrary.org/obo/ZFS_0100000>);10044;2315.5;;3360;0;;3357.0;0.0;;3405.0;0.0;;3389.0;0.0;0.0;;3391.0;0.0
ore_ont_8329.owl;SubClassOf(<http://purl.obolibrary.org/obo/ZFS_0000000> <http://purl.obolibrary.org/obo/ZFS_0100000>);10044;2183.5999999999995;;3380;0;;3444.0;0.0;;3423.0;0.0;;3417.0;0.0;0.0;;3426.0;0.0
ore_ont_8329.owl;SubClassOf(<http://purl.obolibrary.org/obo/ZFA_0001591> <http://purl.obolibrary.org/obo/ZFA_0001477>);10044;2961.699999999999;0.9806192389506031;24711;1811;0.9099503663436543;10773.0;1871.0;0.9806192389506031;9881.0;1827.0;0.9099503663436543;6023.0;1829.0;1.0;0.9806192389506031;43484.0;1971.0
ore_ont_8329.owl;SubClassOf(<http://purl.obolibrary.org/obo/ZFS_0000028> <http://purl.obolibrary.org/obo/ZFS_0100000>);10044;2051.7;;3441;0;;3341.0;0.0;;3472.0;0.0;;3293.0;0.0;0.0;;3365.0;0.0
ore_ont_8329.owl;SubClassOf(<http://purl.obolibrary.org/obo/ZFS_0000029> <http://purl.obolibrary.org/obo/ZFS_0100000>);10044;2447.4;;3300;0;;3354.0;0.0;;3394.0;0.0;;3323.0;0.0;0.0;;3340.0;0.0
ore_ont_13141.owl;SubClassOf(<http://www.ontologydesignpatterns.org/ont/fao/asfa.owl#Rifting> <http://www.ontologydesignpatterns.org/ont/own/own16.owl#PHENOMENON_1>);6429;300.29999999999995;;3506;0;;3401.0;0.0;;3337.0;0.0;;3415.0;0.0;0.0;;3351.0;0.0
ore_ont_13141.owl;SubClassOf(<http://www.ontologydesignpatterns.org/ont/fao/asfa.owl#Environmental_assessment> <http://www.ontologydesignpatterns.org/ont/own/own16.owl#ACT%24HUMAN_ACTION%24HUMAN_ACTIVITY>);6429;301.2;;3542;0;;3352.0;0.0;;3383.0;0.0;;3333.0;0.0;0.0;;3258.0;0.0
ore_ont_13141.owl;SubClassOf(<http://www.ontologydesignpatterns.org/ont/fao/asfa.owl#Organic_compounds> <http://www.ontologydesignpatterns.org/ont/fao/asfa.owl#Chemical_compounds>);6429;561.5;;3315;0;;3393.0;0.0;;3395.0;0.0;;3360.0;0.0;0.0;;3343.0;0.0
ore_ont_13141.owl;SubClassOf(<http://www.ontologydesignpatterns.org/ont/fao/asfa.owl#Uranium-234%2Furanium-238_ratio> <http://www.ontologydesignpatterns.org/ont/own/own16.owl#MEASURE%24QUANTITY%24AMOUNT%24QUANTUM>);6429;285.9;;3455;0;;3364.0;0.0;;3499.0;0.0;;3332.0;0.0;0.0;;3356.0;0.0
ore_ont_13141.owl;SubClassOf(<http://www.ontologydesignpatterns.org/ont/fao/asfa.owl#Navigational_aids> <http://www.ontologydesignpatterns.org/ont/own/own16.owl#INSTRUMENTALITY%24INSTRUMENTATION>);6429;280.79999999999995;;3387;0;;3321.0;0.0;;3521.0;0.0;;3437.0;0.0;0.0;;3516.0;0.0
ore_ont_13141.owl;SubClassOf(<http://www.ontologydesignpatterns.org/ont/fao/asfa.owl#Nickel> <http://www.ontologydesignpatterns.org/ont/fao/asfa.owl#Heavy_metals>);6429;1390.6;;3498;0;;3454.0;0.0;;3313.0;0.0;;3292.0;0.0;0.0;;3375.0;0.0
ore_ont_13141.owl;SubClassOf(<http://www.ontologydesignpatterns.org/ont/fao/asfa.owl#Measuring_devices> <http://www.ontologydesignpatterns.org/ont/fao/asfa.owl#Equipment>);6429;557.9;;3369;0;;3432.0;0.0;;3313.0;0.0;;3382.0;0.0;0.0;;3305.0;0.0
ore_ont_13141.owl;SubClassOf(<http://www.ontologydesignpatterns.org/ont/fao/asfa.owl#Carbon_isotopes> <http://www.ontologydesignpatterns.org/ont/fao/asfa.owl#Isotopes>);6429;566.3;;3446;0;;3327.0;0.0;;3414.0;0.0;;3486.0;0.0;0.0;;3336.0;0.0
ore_ont_13141.owl;SubClassOf(<http://www.ontologydesignpatterns.org/ont/fao/asfa.owl#Separation_processes> <http://www.ontologydesignpatterns.org/ont/own/own16.owl#NATURAL_PROCESS%24NATURAL_ACTION%24ACTION%24ACTIVITY>);6429;280.79999999999995;;3453;0;;3413.0;0.0;;3334.0;0.0;;3356.0;0.0;0.0;;3287.0;0.0
ore_ont_13141.owl;SubClassOf(<http://www.ontologydesignpatterns.org/ont/fao/asfa.owl#Light_measuring_instruments> <http://www.ontologydesignpatterns.org/ont/fao/asfa.owl#Measuring_devices>);6429;844.5999999999999;;3299;0;;3320.0;0.0;;3291.0;0.0;;3334.0;0.0;0.0;;3321.0;0.0
ore_ont_10280.owl;SubClassOf(<http://purl.obolibrary.org/obo/FB_FBgn0039805> <http://purl.obolibrary.org/obo/PANTHER_PTHR10380>);8572;925.2;;3540;0;;3380.0;0.0;;3433.0;0.0;;3484.0;0.0;0.0;;3402.0;0.0
ore_ont_10280.owl;SubClassOf(<http://purl.obolibrary.org/obo/FB_FBgn0028517> <http://purl.obolibrary.org/obo/PANTHER_PTHR24268>);8572;920.1;;3461;0;;3446.0;0.0;;3458.0;0.0;;3425.0;0.0;0.0;;3537.0;0.0
ore_ont_10280.owl;SubClassOf(<http://purl.obolibrary.org/obo/FB_FBgn0043550> <http://purl.obolibrary.org/obo/PANTHER_PTHR19282>);8572;919.8;;3719;0;;3540.0;0.0;;3603.0;0.0;;3545.0;0.0;0.0;;3553.0;0.0
ore_ont_10280.owl;SubClassOf(<http://purl.obolibrary.org/obo/FB_FBgn0029928> <http://purl.obolibrary.org/obo/PANTHER_PTHR11389>);8572;932.4;;3564;0;;3560.0;0.0;;3618.0;0.0;;3626.0;0.0;0.0;;3511.0;0.0
ore_ont_10280.owl;SubClassOf(<http://purl.obolibrary.org/obo/FB_FBgn0040383> <http://purl.obolibrary.org/obo/PANTHER_PTHR24089>);8572;922.5;;3492;0;;3461.0;0.0;;3500.0;0.0;;3440.0;0.0;0.0;;3481.0;0.0
ore_ont_10280.owl;SubClassOf(<http://purl.obolibrary.org/obo/FB_FBgn0051876> <http://purl.obolibrary.org/obo/PANTHER_PTHR12236>);8572;921.0;;3569;0;;3533.0;0.0;;3464.0;0.0;;3452.0;0.0;0.0;;3440.0;0.0
ore_ont_10280.owl;SubClassOf(<http://purl.obolibrary.org/obo/FB_FBgn0038020> <http://purl.obolibrary.org/obo/PANTHER_PTHR11260>);8572;920.7;;3586;0;;3444.0;0.0;;3413.0;0.0;;3499.0;0.0;0.0;;3412.0;0.0
ore_ont_10280.owl;SubClassOf(<http://purl.obolibrary.org/obo/FB_FBgn0037591> <http://purl.obolibrary.org/obo/PANTHER_PTHR21137>);8572;926.7;;3449;0;;3372.0;0.0;;3413.0;0.0;;3492.0;0.0;0.0;;3446.0;0.0
ore_ont_10280.owl;SubClassOf(<http://purl.obolibrary.org/obo/FB_FBgn0051975> <http://purl.obolibrary.org/obo/PANTHER_PTHR11012>);8572;923.4;;3724;0;;3593.0;0.0;;3517.0;0.0;;3640.0;0.0;0.0;;3559.0;0.0
ore_ont_10280.owl;SubClassOf(<http://purl.obolibrary.org/obo/FB_FBgn0038481> <http://purl.obolibrary.org/obo/PANTHER_PTHR24260>);8572;929.4;;3655;0;;3540.0;0.0;;3486.0;0.0;;3497.0;0.0;0.0;;3506.0;0.0
ore_ont_12161.owl;SubClassOf(<http://purl.obolibrary.org/obo/MP_0002962> <http://purl.obolibrary.org/obo/MP_0009643>);11878;127.4;0.7001569858712716;12336;1716;0.424646781789639;10976.0;1743.0;0.7001569858712716;7824.0;1695.0;0.424646781789639;6237.0;1720.0;2.0;0.7001569858712716;19339.0;1994.0
ore_ont_12161.owl;SubClassOf(<http://purl.obolibrary.org/obo/MP_0002151> <http://purl.obolibrary.org/obo/MP_0002085>);11878;91.3;;3482;0;;3595.0;0.0;;3535.0;0.0;;3515.0;0.0;0.0;;3671.0;0.0
ore_ont_12161.owl;SubClassOf(<http://purl.obolibrary.org/obo/MP_0009643> <http://purl.obolibrary.org/obo/MP_0000001>);11878;71.3;0.3127629733520337;26811;1834;0.5021037868162692;15016.0;1750.0;0.3127629733520337;11832.0;1923.0;0.5021037868162692;6110.0;1677.0;2.0;0.3127629733520337;48147.0;1795.0
ore_ont_12161.owl;SubClassOf(<http://purl.obolibrary.org/obo/MP_0002206> <http://purl.obolibrary.org/obo/MP_0003633>);11878;67.3;0.2555720653789005;12142;1897;0.5839524517087668;10743.0;1869.0;0.2555720653789005;7121.0;1730.0;0.5839524517087668;6120.0;4107.0;2.0;0.2555720653789005;18153.0;1787.0
ore_ont_12161.owl;SubClassOf(<http://purl.obolibrary.org/obo/MP_0005563> <http://purl.obolibrary.org/obo/MP_0002447>);11878;175.9;0.51847640704946;12319;1758;0.7453098351335986;10728.0;1966.0;0.51847640704946;7389.0;1904.0;0.51847640704946;6106.0;1877.0;1.0;0.51847640704946;18566.0;2045.0
ore_ont_12161.owl;SubClassOf(<http://purl.obolibrary.org/obo/MP_0008987> <http://purl.obolibrary.org/obo/MP_0000598>);11878;82.1;0.6552984165651644;12428;1813;0.3556638246041413;11027.0;1850.0;0.6552984165651644;7365.0;1869.0;0.6552984165651644;6050.0;2029.0;1.0;0.6552984165651644;18672.0;1832.0
ore_ont_12161.owl;SubClassOf(<http://purl.obolibrary.org/obo/MP_0000965> <http://purl.obolibrary.org/obo/MP_0002882>);11878;94.3;;3536;0;;3420.0;0.0;;3398.0;0.0;;3572.0;0.0;0.0;;3478.0;0.0
ore_ont_12161.owl;SubClassOf(<http://purl.obolibrary.org/obo/MP_0000352> <http://purl.obolibrary.org/obo/MP_0000350>);11878;57.2;;3459;0;;3444.0;0.0;;3438.0;0.0;;3422.0;0.0;0.0;;3462.0;0.0
ore_ont_12161.owl;SubClassOf(<http://purl.obolibrary.org/obo/MP_0005325> <http://purl.obolibrary.org/obo/MP_0002135>);11878;160.0;0.43187499999999995;20556;1866;0.76375;10813.0;2079.0;0.76375;7842.0;2046.0;0.76375;6361.0;2002.0;2.0;0.76375;16661.0;2205.0
ore_ont_12161.owl;SubClassOf(<http://purl.obolibrary.org/obo/MP_0001851> <http://purl.obolibrary.org/obo/MP_0001846>);11878;103.29999999999998;;3595;0;;3488.0;0.0;;3511.0;0.0;;3549.0;0.0;0.0;;3575.0;0.0
ore_ont_6751.owl;SubClassOf(<http://purl.obolibrary.org/obo/MP_0002962> <http://purl.obolibrary.org/obo/MP_0009643>);11880;133.70000000000002;0.7142857142857142;12432;1979;0.45175766641735227;11447.0;2173.0;0.7142857142857142;7751.0;2060.0;0.45175766641735227;6180.0;2063.0;3.0;0.7142857142857142;20211.0;2007.0
ore_ont_6751.owl;SubClassOf(<http://purl.obolibrary.org/obo/MP_0002151> <http://purl.obolibrary.org/obo/MP_0002085>);11880;97.6;;3519;0;;3398.0;0.0;;3429.0;0.0;;3431.0;0.0;0.0;;3450.0;0.0
ore_ont_6751.owl;SubClassOf(<http://purl.obolibrary.org/obo/MP_0009643> <http://purl.obolibrary.org/obo/MP_0000001>);11880;75.8;0.3535620052770449;26739;1909;0.5316622691292876;15340.0;2163.0;0.3535620052770449;11848.0;1970.0;0.600263852242744;6164.0;2196.0;2.0;0.3535620052770449;54064.0;2020.0
ore_ont_6751.owl;SubClassOf(<http://purl.obolibrary.org/obo/MP_0002206> <http://purl.obolibrary.org/obo/MP_0003633>);11880;70.9;0.2933709449929478;12257;2129;0.6050775740479548;11381.0;1964.0;0.2933709449929478;7245.0;1911.0;0.6050775740479548;6141.0;2160.0;2.0;0.2933709449929478;19721.0;2192.0
ore_ont_6751.owl;SubClassOf(<http://purl.obolibrary.org/obo/MP_0005563> <http://purl.obolibrary.org/obo/MP_0002447>);11880;183.1;0.5374112506826871;12464;2205;0.7553249590387767;11372.0;2071.0;0.5374112506826871;7621.0;2001.0;0.7553249590387767;6125.0;2339.0;1.0;0.5374112506826871;19541.0;2234.0
ore_ont_6751.owl;SubClassOf(<http://purl.obolibrary.org/obo/MP_0008987> <http://purl.obolibrary.org/obo/MP_0000598>);11880;86.6;0.6732101616628176;12392;2274;0.38914549653579683;11149.0;2156.0;0.6732101616628176;7505.0;2006.0;0.38914549653579683;6022.0;2143.0;2.0;0.6732101616628176;18882.0;1952.0
ore_ont_6751.owl;SubClassOf(<http://purl.obolibrary.org/obo/MP_0000965> <http://purl.obolibrary.org/obo/MP_0002882>);11880;99.7;;3423;0;;3385.0;0.0;;3446.0;0.0;;3437.0;0.0;0.0;;3394.0;0.0
ore_ont_6751.owl;SubClassOf(<http://purl.obolibrary.org/obo/MP_0000352> <http://purl.obolibrary.org/obo/MP_0000350>);11880;60.8;;3334;0;;3418.0;0.0;;3499.0;0.0;;3413.0;0.0;0.0;;3393.0;0.0
ore_ont_6751.owl;SubClassOf(<http://purl.obolibrary.org/obo/MP_0005325> <http://purl.obolibrary.org/obo/MP_0002135>);11880;166.3;0.4533974744437763;22551;1931;0.7726999398677089;10942.0;1890.0;0.7726999398677089;7334.0;2364.0;0.7726999398677089;5938.0;2001.0;2.0;0.7726999398677089;16510.0;2123.0
ore_ont_6751.owl;SubClassOf(<http://purl.obolibrary.org/obo/MP_0001851> <http://purl.obolibrary.org/obo/MP_0001846>);11880;109.6;;3485;0;;3746.0;0.0;;3462.0;0.0;;3454.0;0.0;0.0;;3437.0;0.0
ore_ont_11452.owl;SubClassOf(<http://purl.obolibrary.org/obo/MP_0002962> <http://purl.obolibrary.org/obo/MP_0009643>);11937;127.4;0.7001569858712716;12377;1906;0.424646781789639;11107.0;2126.0;0.7001569858712716;7522.0;2111.0;0.424646781789639;6177.0;2127.0;3.0;0.7001569858712716;18481.0;1964.0
ore_ont_11452.owl;SubClassOf(<http://purl.obolibrary.org/obo/MP_0002151> <http://purl.obolibrary.org/obo/MP_0002085>);11937;91.3;;3484;0;;3430.0;0.0;;3467.0;0.0;;3544.0;0.0;0.0;;3461.0;0.0
ore_ont_11452.owl;SubClassOf(<http://purl.obolibrary.org/obo/MP_0009643> <http://purl.obolibrary.org/obo/MP_0000001>);11937;71.3;0.3127629733520337;26744;1982;0.5021037868162692;15706.0;1968.0;0.3127629733520337;11884.0;2064.0;0.5750350631136045;6069.0;1965.0;2.0;0.3127629733520337;50516.0;2069.0
ore_ont_11452.owl;SubClassOf(<http://purl.obolibrary.org/obo/MP_0002206> <http://purl.obolibrary.org/obo/MP_0003633>);11937;68.5;0.25109489051094896;12344;1966;0.5824817518248177;11334.0;2006.0;0.25109489051094896;7706.0;2024.0;0.25109489051094896;6025.0;2022.0;3.0;0.25109489051094896;19139.0;2000.0
ore_ont_11452.owl;SubClassOf(<http://purl.obolibrary.org/obo/MP_0005563> <http://purl.obolibrary.org/obo/MP_0002447>);11937;175.9;0.51847640704946;12219;2233;0.7453098351335986;11425.0;2015.0;0.51847640704946;7333.0;2106.0;0.7453098351335986;6112.0;2185.0;2.0;0.51847640704946;21185.0;2896.0
ore_ont_11452.owl;SubClassOf(<http://purl.obolibrary.org/obo/MP_0008987> <http://purl.obolibrary.org/obo/MP_0000598>);11937;82.1;0.6552984165651644;12591;2062;0.3556638246041413;11275.0;2106.0;0.6552984165651644;7316.0;2019.0;0.6552984165651644;6087.0;2030.0;1.0;0.6552984165651644;18704.0;2033.0
ore_ont_11452.owl;SubClassOf(<http://purl.obolibrary.org/obo/MP_0000965> <http://purl.obolibrary.org/obo/MP_0002882>);11937;94.3;;3418;0;;3457.0;0.0;;3402.0;0.0;;3408.0;0.0;0.0;;3385.0;0.0
ore_ont_11452.owl;SubClassOf(<http://purl.obolibrary.org/obo/MP_0000352> <http://purl.obolibrary.org/obo/MP_0000350>);11937;57.2;;3410;0;;3383.0;0.0;;3375.0;0.0;;3396.0;0.0;0.0;;3409.0;0.0
ore_ont_11452.owl;SubClassOf(<http://purl.obolibrary.org/obo/MP_0005325> <http://purl.obolibrary.org/obo/MP_0002135>);11937;160.0;0.43187499999999995;22543;2124;0.76375;11231.0;2028.0;0.76375;7205.0;2147.0;0.76375;5995.0;2250.0;4.0;0.76375;15838.0;2085.0
ore_ont_11452.owl;SubClassOf(<http://purl.obolibrary.org/obo/MP_0001851> <http://purl.obolibrary.org/obo/MP_0001846>);11937;103.29999999999998;;3392;0;;3345.0;0.0;;3455.0;0.0;;3354.0;0.0;0.0;;3335.0;0.0
ore_ont_6869.owl;SubClassOf(<http://purl.obolibrary.org/obo/HP_0003907> <http://purl.obolibrary.org/obo/HP_0003063>);13003;293.79999999999995;;3402;0;;3368.0;0.0;;3430.0;0.0;;3386.0;0.0;0.0;;3424.0;0.0
ore_ont_6869.owl;SubClassOf(<http://purl.obolibrary.org/obo/HP_0000107> <http://purl.obolibrary.org/obo/HP_0000077>);13003;79.2;;3367;0;;3472.0;0.0;;3447.0;0.0;;3384.0;0.0;0.0;;3427.0;0.0
ore_ont_6869.owl;SubClassOf(<http://purl.obolibrary.org/obo/HP_0001167> <http://purl.obolibrary.org/obo/HP_0001155>);13003;186.5;;3635;0;;3491.0;0.0;;3439.0;0.0;;3445.0;0.0;0.0;;3423.0;0.0
ore_ont_6869.owl;SubClassOf(<http://purl.obolibrary.org/obo/HP_0000926> <http://purl.obolibrary.org/obo/HP_0003312>);13003;161.7;;3387;0;;3457.0;0.0;;3475.0;0.0;;3374.0;0.0;0.0;;3437.0;0.0
ore_ont_6869.owl;SubClassOf(<http://purl.obolibrary.org/obo/HP_0010161> <http://purl.obolibrary.org/obo/HP_0001780>);13003;240.99999999999997;;3378;0;;3468.0;0.0;;3390.0;0.0;;3433.0;0.0;0.0;;3404.0;0.0
ore_ont_6869.owl;SubClassOf(<http://purl.obolibrary.org/obo/HP_0001780> <http://purl.obolibrary.org/obo/HP_0001760>);13003;187.7;;3390;0;;3415.0;0.0;;3398.0;0.0;;3455.0;0.0;0.0;;3402.0;0.0
ore_ont_6869.owl;SubClassOf(<http://purl.obolibrary.org/obo/HP_0003355> <http://purl.obolibrary.org/obo/HP_0003110>);13003;131.4;;3408;0;;3408.0;0.0;;3337.0;0.0;;3448.0;0.0;0.0;;3421.0;0.0
ore_ont_6869.owl;SubClassOf(<http://purl.obolibrary.org/obo/HP_0002093> <http://purl.obolibrary.org/obo/HP_0002088>);13003;56.19999999999999;;3388;0;;3514.0;0.0;;3415.0;0.0;;3467.0;0.0;0.0;;3410.0;0.0
ore_ont_6869.owl;SubClassOf(<http://purl.obolibrary.org/obo/HP_0001103> <http://purl.obolibrary.org/obo/HP_0000479>);13003;96.3;;3436;0;;3490.0;0.0;;3417.0;0.0;;3404.0;0.0;0.0;;3410.0;0.0
ore_ont_6869.owl;SubClassOf(<http://purl.obolibrary.org/obo/HP_0003110> <http://purl.obolibrary.org/obo/HP_0001939>);13003;65.80000000000001;;3478;0;;3402.0;0.0;;3445.0;0.0;;3432.0;0.0;0.0;;3415.0;0.0
ore_ont_3712.owl;SubClassOf(<http://purl.obolibrary.org/obo/HP_0003907> <http://purl.obolibrary.org/obo/HP_0003063>);13189;347.4999999999999;;3436;0;;3404.0;0.0;;3397.0;0.0;;3465.0;0.0;0.0;;3436.0;0.0
ore_ont_3712.owl;SubClassOf(<http://purl.obolibrary.org/obo/HP_0000107> <http://purl.obolibrary.org/obo/HP_0000077>);13189;79.2;;3460;0;;3454.0;0.0;;3415.0;0.0;;3517.0;0.0;0.0;;3422.0;0.0
ore_ont_3712.owl;SubClassOf(<http://purl.obolibrary.org/obo/HP_0000926> <http://purl.obolibrary.org/obo/HP_0003312>);13189;172.2;;3461;0;;3409.0;0.0;;3384.0;0.0;;3346.0;0.0;0.0;;3379.0;0.0
ore_ont_3712.owl;SubClassOf(<http://purl.obolibrary.org/obo/HP_0001780> <http://purl.obolibrary.org/obo/HP_0001760>);13189;201.5;;3434;0;;3508.0;0.0;;3589.0;0.0;;3615.0;0.0;0.0;;3564.0;0.0
ore_ont_3712.owl;SubClassOf(<http://purl.obolibrary.org/obo/HP_0003355> <http://purl.obolibrary.org/obo/HP_0003110>);13189;131.4;;3442;0;;3474.0;0.0;;3501.0;0.0;;3453.0;0.0;0.0;;3468.0;0.0
ore_ont_3712.owl;SubClassOf(<http://purl.obolibrary.org/obo/HP_0002514> <http://purl.obolibrary.org/obo/HP_0010766>);13189;169.49999999999997;;3405;0;;3374.0;0.0;;3393.0;0.0;;3417.0;0.0;0.0;;3378.0;0.0
ore_ont_3712.owl;SubClassOf(<http://purl.obolibrary.org/obo/HP_0002093> <http://purl.obolibrary.org/obo/HP_0002088>);13189;56.19999999999999;;3375;0;;3416.0;0.0;;3395.0;0.0;;3497.0;0.0;0.0;;3607.0;0.0
ore_ont_3712.owl;SubClassOf(<http://purl.obolibrary.org/obo/HP_0001103> <http://purl.obolibrary.org/obo/HP_0000479>);13189;95.4;;3415;0;;3380.0;0.0;;3439.0;0.0;;3397.0;0.0;0.0;;3429.0;0.0
ore_ont_3712.owl;SubClassOf(<http://purl.obolibrary.org/obo/HP_0003110> <http://purl.obolibrary.org/obo/HP_0001939>);13189;65.80000000000001;;3417;0;;3460.0;0.0;;3402.0;0.0;;3470.0;0.0;0.0;;3372.0;0.0
ore_ont_3712.owl;SubClassOf(<http://purl.obolibrary.org/obo/HP_0011001> <http://purl.obolibrary.org/obo/HP_0004348>);13189;62.49999999999999;;3370;0;;3446.0;0.0;;3383.0;0.0;;3404.0;0.0;0.0;;3424.0;0.0
ore_ont_4732.owl;SubClassOf(<http://purl.obolibrary.org/obo/MP_0002962> <http://purl.obolibrary.org/obo/MP_0009643>);13077;130.10000000000002;0.6971560338201382;12186;2140;0.4227517294388931;11084.0;2232.0;0.6971560338201382;7119.0;2058.0;0.4227517294388931;5992.0;2080.0;3.0;0.6971560338201382;19003.0;2042.0
ore_ont_4732.owl;SubClassOf(<http://purl.obolibrary.org/obo/MP_0002151> <http://purl.obolibrary.org/obo/MP_0002085>);13077;91.9;;3423;0;;3375.0;0.0;;3378.0;0.0;;3490.0;0.0;0.0;;3404.0;0.0
ore_ont_4732.owl;SubClassOf(<http://purl.obolibrary.org/obo/MP_0009643> <http://purl.obolibrary.org/obo/MP_0000001>);13077;72.80000000000001;0.32692307692307687;26644;2152;0.49587912087912084;16433.0;2238.0;0.32692307692307687;11721.0;2042.0;0.4381868131868131;6027.0;2007.0;1.0;0.32692307692307687;51525.0;2094.0
ore_ont_4732.owl;SubClassOf(<http://purl.obolibrary.org/obo/MP_0012579> <http://purl.obolibrary.org/obo/MP_0005584>);13077;61.1;;3397;0;;3466.0;0.0;;3400.0;0.0;;3407.0;0.0;0.0;;3404.0;0.0
ore_ont_4732.owl;SubClassOf(<http://purl.obolibrary.org/obo/MP_0002206> <http://purl.obolibrary.org/obo/MP_0003633>);13077;67.89999999999999;0.2533136966126658;12262;2201;0.5832106038291607;11208.0;2171.0;0.2533136966126658;7232.0;2061.0;0.2533136966126658;5977.0;1999.0;1.0;0.2533136966126658;18820.0;1995.0
ore_ont_4732.owl;SubClassOf(<http://purl.obolibrary.org/obo/MP_0005563> <http://purl.obolibrary.org/obo/MP_0002447>);13077;176.5;0.520113314447592;12225;2014;0.7461756373937677;11035.0;2078.0;0.520113314447592;7027.0;2078.0;0.7461756373937677;5916.0;2080.0;4.0;0.520113314447592;18866.0;2355.0
ore_ont_4732.owl;SubClassOf(<http://purl.obolibrary.org/obo/MP_0000965> <http://purl.obolibrary.org/obo/MP_0002882>);13077;95.2;;3345;0;;3421.0;0.0;;3409.0;0.0;;3382.0;0.0;0.0;;3330.0;0.0
ore_ont_4732.owl;SubClassOf(<http://purl.obolibrary.org/obo/MP_0011368> <http://purl.obolibrary.org/obo/MP_0006042>);13077;225.80000000000004;;3376;0;;3434.0;0.0;;3400.0;0.0;;3423.0;0.0;0.0;;3452.0;0.0
ore_ont_4732.owl;SubClassOf(<http://purl.obolibrary.org/obo/MP_0005325> <http://purl.obolibrary.org/obo/MP_0002135>);13077;160.0;0.43187499999999995;22522;2110;0.76375;11651.0;2024.0;0.76375;7436.0;2155.0;0.76375;6115.0;2161.0;1.0;0.76375;16217.0;2055.0
ore_ont_4732.owl;SubClassOf(<http://purl.obolibrary.org/obo/MP_0001851> <http://purl.obolibrary.org/obo/MP_0001846>);13077;104.2;;3433;0;;3459.0;0.0;;3417.0;0.0;;3518.0;0.0;0.0;;3417.0;0.0
ore_ont_9612.owl;SubClassOf(<http://purl.obolibrary.org/obo/IMR_0000299> <http://purl.obolibrary.org/obo/IMR_0010044>);9569;48538.8;0.9994870083314791;16373;18655;0.9993077702786224;42749.0;19012.0;0.9994870083314791;8226.0;19206.0;0.9989781370779663;6210.0;18530.0;3.0;0.9994870083314791;93315.0;19003.0
ore_ont_9612.owl;SubClassOf(<http://purl.obolibrary.org/obo/IMR_0000397> <http://purl.obolibrary.org/obo/IMR_0000369>);9569;27024.4;;3346;0;;3373.0;0.0;;3371.0;0.0;;3394.0;0.0;0.0;;3411.0;0.0
ore_ont_9612.owl;SubClassOf(<http://purl.obolibrary.org/obo/IMR_0010047> <http://purl.obolibrary.org/obo/IMR_0000952>);9569;36066.0;;3332;0;;3411.0;0.0;;3417.0;0.0;;3335.0;0.0;0.0;;3475.0;0.0
ore_ont_9612.owl;SubClassOf(<http://purl.obolibrary.org/obo/IMR_0002102> <http://purl.obolibrary.org/obo/IMR_0002096>);9569;79338.7;;3343;0;;3347.0;0.0;;3382.0;0.0;;3349.0;0.0;0.0;;3405.0;0.0
ore_ont_9612.owl;SubClassOf(<http://purl.obolibrary.org/obo/IMR_0010489> <http://purl.obolibrary.org/obo/IMR_0000897>);9569;26965.7;;3320;0;;3329.0;0.0;;3390.0;0.0;;3373.0;0.0;0.0;;3365.0;0.0
ore_ont_9612.owl;SubClassOf(<http://purl.obolibrary.org/obo/IMR_0000191> <http://purl.obolibrary.org/obo/IMR_0000949>);9569;59522.2;0.9985266001592683;26781;17519;0.9967726327319892;43423.0;17895.0;0.9961342154691865;7891.0;18361.0;0.9974362506762182;6128.0;18293.0;1.0;0.9961342154691865;90648.0;15889.0
ore_ont_9612.owl;SubClassOf(<http://purl.obolibrary.org/obo/IMR_0002103> <http://purl.obolibrary.org/obo/IMR_0002096>);9569;19735.9;;3401;0;;3417.0;0.0;;3464.0;0.0;;3418.0;0.0;0.0;;3413.0;0.0
ore_ont_9612.owl;SubClassOf(<http://purl.obolibrary.org/obo/IMR_0002818> <http://purl.obolibrary.org/obo/IMR_0001998>);9569;34237.1;;3379;0;;3407.0;0.0;;3360.0;0.0;;3423.0;0.0;0.0;;3421.0;0.0
ore_ont_9612.owl;SubClassOf(<http://purl.obolibrary.org/obo/IMR_0001577> <http://purl.obolibrary.org/obo/IMR_0000299>);9569;68626.00000000001;;3418;0;;3516.0;0.0;;3388.0;0.0;;3343.0;0.0;0.0;;3390.0;0.0
ore_ont_9612.owl;SubClassOf(<http://purl.obolibrary.org/obo/IMR_0010046> <http://purl.obolibrary.org/obo/IMR_0010053>);9569;81160.59999999999;;3426;0;;3396.0;0.0;;3417.0;0.0;;3562.0;0.0;0.0;;3351.0;0.0
ore_ont_6358.owl;SubClassOf(<http://purl.obolibrary.org/obo/HP_0005920> <http://purl.obolibrary.org/obo/HP_0001155>);13679;498.5999999999999;0.8451664661050944;22730;1772;0.901323706377858;15806.0;1664.0;0.8451664661050944;10283.0;1806.0;0.8596068993180909;6184.0;2001.0;1.0;0.8451664661050944;39455.0;1702.0
ore_ont_6358.owl;SubClassOf(<http://purl.obolibrary.org/obo/HP_0003907> <http://purl.obolibrary.org/obo/HP_0003063>);13679;292.3;;3480;0;;3455.0;0.0;;3399.0;0.0;;3457.0;0.0;0.0;;3461.0;0.0
ore_ont_6358.owl;SubClassOf(<http://purl.obolibrary.org/obo/HP_0010161> <http://purl.obolibrary.org/obo/HP_0001780>);13679;239.5;;3435;0;;3437.0;0.0;;3408.0;0.0;;3530.0;0.0;0.0;;3534.0;0.0
ore_ont_6358.owl;SubClassOf(<http://purl.obolibrary.org/obo/HP_0000926> <http://purl.obolibrary.org/obo/HP_0003312>);13679;160.79999999999998;;3523;0;;3471.0;0.0;;3578.0;0.0;;3515.0;0.0;0.0;;3433.0;0.0
ore_ont_6358.owl;SubClassOf(<http://purl.obolibrary.org/obo/HP_0001780> <http://purl.obolibrary.org/obo/HP_0001760>);13679;186.5;;3488;0;;3529.0;0.0;;3403.0;0.0;;3462.0;0.0;0.0;;3489.0;0.0
ore_ont_6358.owl;SubClassOf(<http://purl.obolibrary.org/obo/HP_0003355> <http://purl.obolibrary.org/obo/HP_0003110>);13679;171.79999999999995;0.970314318975553;12311;1943;0.8009313154831201;10709.0;1726.0;0.970314318975553;7414.0;1676.0;0.8009313154831201;6048.0;1956.0;3.0;0.970314318975553;19574.0;1735.0
ore_ont_6358.owl;SubClassOf(<http://purl.obolibrary.org/obo/HP_0002360> <http://purl.obolibrary.org/obo/HP_0000708>);13679;61.0;;3590;0;;3383.0;0.0;;3471.0;0.0;;3519.0;0.0;0.0;;3425.0;0.0
ore_ont_6358.owl;SubClassOf(<http://purl.obolibrary.org/obo/HP_0002093> <http://purl.obolibrary.org/obo/HP_0002088>);13679;69.3;;3520;0;;3488.0;0.0;;3518.0;0.0;;3467.0;0.0;0.0;;3460.0;0.0
ore_ont_6358.owl;SubClassOf(<http://purl.obolibrary.org/obo/HP_0001103> <http://purl.obolibrary.org/obo/HP_0000479>);13679;143.4;;3467;0;;3433.0;0.0;;3484.0;0.0;;3394.0;0.0;0.0;;3420.0;0.0
ore_ont_6358.owl;SubClassOf(<http://purl.obolibrary.org/obo/HP_0003110> <http://purl.obolibrary.org/obo/HP_0001939>);13679;65.80000000000001;;3664;0;;3492.0;0.0;;3407.0;0.0;;3490.0;0.0;0.0;;3486.0;0.0
ore_ont_7218.owl;SubClassOf(<http://purl.obolibrary.org/obo/ZFS_0000027> <http://purl.obolibrary.org/obo/ZFS_0100000>);10044;2579.3;;3228;0;;3212.0;0.0;;3260.0;0.0;;3245.0;0.0;0.0;;3218.0;0.0
ore_ont_7218.owl;SubClassOf(<http://purl.obolibrary.org/obo/ZFA_0000005> <http://purl.obolibrary.org/obo/ZFA_0001488>);10044;3115.6;0.9861021954037746;11996;1759;0.9710168185903197;9972.0;1945.0;0.9861021954037746;6845.0;1901.0;0.9861021954037746;5850.0;1801.0;2.0;0.9861021954037746;16899.0;1834.0
ore_ont_7218.owl;SubClassOf(<http://purl.obolibrary.org/obo/ZFS_0000024> <http://purl.obolibrary.org/obo/ZFS_0100000>);10044;2711.2;;3291;0;;3246.0;0.0;;3240.0;0.0;;3328.0;0.0;0.0;;3241.0;0.0
ore_ont_7218.owl;SubClassOf(<http://purl.obolibrary.org/obo/ZFS_0000025> <http://purl.obolibrary.org/obo/ZFS_0100000>);10044;2051.7;;3273;0;;3229.0;0.0;;3257.0;0.0;;3258.0;0.0;0.0;;3279.0;0.0
ore_ont_7218.owl;SubClassOf(<http://purl.obolibrary.org/obo/ZFS_0000034> <http://purl.obolibrary.org/obo/ZFS_0100000>);10044;2447.4;;3280;0;;3296.0;0.0;;3227.0;0.0;;3266.0;0.0;0.0;;3274.0;0.0
ore_ont_7218.owl;SubClassOf(<http://purl.obolibrary.org/obo/ZFS_0000044> <http://purl.obolibrary.org/obo/ZFS_0100000>);10044;2315.5;;3274;0;;3316.0;0.0;;3218.0;0.0;;3297.0;0.0;0.0;;3306.0;0.0
ore_ont_7218.owl;SubClassOf(<http://purl.obolibrary.org/obo/ZFS_0000000> <http://purl.obolibrary.org/obo/ZFS_0100000>);10044;3106.9;;3246;0;;3323.0;0.0;;3297.0;0.0;;3266.0;0.0;0.0;;3276.0;0.0
ore_ont_7218.owl;SubClassOf(<http://purl.obolibrary.org/obo/ZFA_0001591> <http://purl.obolibrary.org/obo/ZFA_0001477>);10044;3489.299999999999;0.9842375261513775;24452;2028;0.9242541483965269;10194.0;2126.0;0.9842375261513775;8672.0;1956.0;0.9349726306135905;5812.0;1863.0;2.0;0.9842375261513775;43650.0;2085.0
ore_ont_7218.owl;SubClassOf(<http://purl.obolibrary.org/obo/ZFS_0000028> <http://purl.obolibrary.org/obo/ZFS_0100000>);10044;1656.0;;3263;0;;3292.0;0.0;;3300.0;0.0;;3347.0;0.0;0.0;;3281.0;0.0
ore_ont_7218.owl;SubClassOf(<http://purl.obolibrary.org/obo/ZFS_0000029> <http://purl.obolibrary.org/obo/ZFS_0100000>);10044;2579.3;;3287;0;;3275.0;0.0;;3199.0;0.0;;3293.0;0.0;0.0;;3307.0;0.0
ore_ont_4460.owl;SubClassOf(<http://purl.obolibrary.org/obo/HP_0003907> <http://purl.obolibrary.org/obo/HP_0003063>);13832;291.4;;3489;0;;3430.0;0.0;;3443.0;0.0;;3431.0;0.0;0.0;;3476.0;0.0
ore_ont_4460.owl;SubClassOf(<http://purl.obolibrary.org/obo/HP_0010161> <http://purl.obolibrary.org/obo/HP_0001780>);13832;238.0;;3510;0;;3393.0;0.0;;3715.0;0.0;;3463.0;0.0;0.0;;3414.0;0.0
ore_ont_4460.owl;SubClassOf(<http://purl.obolibrary.org/obo/HP_0000926> <http://purl.obolibrary.org/obo/HP_0003312>);13832;160.20000000000002;;3374;0;;3488.0;0.0;;3395.0;0.0;;3380.0;0.0;0.0;;3432.0;0.0
ore_ont_4460.owl;SubClassOf(<http://purl.obolibrary.org/obo/HP_0001780> <http://purl.obolibrary.org/obo/HP_0001760>);13832;185.3;;3465;0;;3437.0;0.0;;3489.0;0.0;;3514.0;0.0;0.0;;3452.0;0.0
ore_ont_4460.owl;SubClassOf(<http://purl.obolibrary.org/obo/HP_0003355> <http://purl.obolibrary.org/obo/HP_0003110>);13832;174.79999999999995;0.9691075514874143;12286;1989;0.7991990846681923;10963.0;2073.0;0.9691075514874143;7711.0;2080.0;0.7991990846681923;6103.0;2085.0;3.0;0.9691075514874143;18997.0;1989.0
ore_ont_4460.owl;SubClassOf(<http://purl.obolibrary.org/obo/HP_0002360> <http://purl.obolibrary.org/obo/HP_0000708>);13832;61.9;;3447;0;;3455.0;0.0;;3531.0;0.0;;3444.0;0.0;0.0;;3519.0;0.0
ore_ont_4460.owl;SubClassOf(<http://purl.obolibrary.org/obo/HP_0002093> <http://purl.obolibrary.org/obo/HP_0002088>);13832;70.5;;3381;0;;3436.0;0.0;;3474.0;0.0;;3462.0;0.0;0.0;;3490.0;0.0
ore_ont_4460.owl;SubClassOf(<http://purl.obolibrary.org/obo/HP_0001103> <http://purl.obolibrary.org/obo/HP_0000479>);13832;145.49999999999997;;3444;0;;3440.0;0.0;;3461.0;0.0;;3411.0;0.0;0.0;;3395.0;0.0
ore_ont_4460.owl;SubClassOf(<http://purl.obolibrary.org/obo/HP_0003110> <http://purl.obolibrary.org/obo/HP_0001939>);13832;67.3;;3450;0;;3429.0;0.0;;3412.0;0.0;;3406.0;0.0;0.0;;3447.0;0.0
ore_ont_4460.owl;SubClassOf(<http://purl.obolibrary.org/obo/HP_0005918> <http://purl.obolibrary.org/obo/HP_0001155>);13832;248.2;0.7606768734891217;12170;2027;0.8771152296535052;11175.0;2040.0;0.7606768734891217;7285.0;2076.0;0.8771152296535052;6002.0;2074.0;1.0;0.7606768734891217;18572.0;1986.0
ore_ont_8492.owl;SubClassOf(<http://purl.obolibrary.org/obo/WBbt_0004400> <http://purl.obolibrary.org/obo/WBbt_0008069>);12112;40897.9;;3355;0;;3325.0;0.0;;3622.0;0.0;;3407.0;0.0;0.0;;3376.0;0.0
ore_ont_8492.owl;SubClassOf(<http://purl.obolibrary.org/obo/WBbt_0008070> <http://purl.obolibrary.org/obo/WBbt_0005757>);12112;51370.9;;3399;0;;3410.0;0.0;;3406.0;0.0;;3352.0;0.0;0.0;;3363.0;0.0
ore_ont_8492.owl;SubClassOf(<http://purl.obolibrary.org/obo/WBbt_0004047> <http://purl.obolibrary.org/obo/WBbt_0005154>);12112;53093.2;;3390;0;;3416.0;0.0;;3426.0;0.0;;3279.0;0.0;0.0;;3388.0;0.0
ore_ont_8492.owl;SubClassOf(<http://purl.obolibrary.org/obo/WBbt_0005045> <http://purl.obolibrary.org/obo/WBbt_0005113>);12112;63195.600000000006;;3325;0;;3407.0;0.0;;3476.0;0.0;;3304.0;0.0;0.0;;3371.0;0.0
ore_ont_8492.owl;SubClassOf(<http://purl.obolibrary.org/obo/WBbt_0003928> <http://purl.obolibrary.org/obo/WBbt_0007028>);12112;53164.7;;3452;0;;3400.0;0.0;;3322.0;0.0;;3333.0;0.0;0.0;;3378.0;0.0
ore_ont_8492.owl;SubClassOf(<http://purl.obolibrary.org/obo/WBbt_0004708> <http://purl.obolibrary.org/obo/WBbt_0007030>);12112;38522.59999999999;0.9876643840239239;12362;7175;0.9942059985566917;18716.0;6061.0;0.9876643840239239;7244.0;6173.0;0.9942059985566917;6069.0;6106.0;1.0;0.9876643840239239;26285.0;5936.0
ore_ont_8492.owl;SubClassOf(<http://purl.obolibrary.org/obo/WBbt_0007064> <http://purl.obolibrary.org/obo/WBbt_0006925>);12112;32897.00000000001;;3422;0;;3360.0;0.0;;3361.0;0.0;;3416.0;0.0;0.0;;3431.0;0.0
ore_ont_8492.owl;SubClassOf(<http://purl.obolibrary.org/obo/WBbt_0005246> <http://purl.obolibrary.org/obo/WBbt_0006751>);12112;65777.09999999999;;3275;0;;3461.0;0.0;;3358.0;0.0;;3373.0;0.0;0.0;;3349.0;0.0
ore_ont_8492.owl;SubClassOf(<http://purl.obolibrary.org/obo/WBbt_0008071> <http://purl.obolibrary.org/obo/WBbt_0008074>);12112;63148.3;0.9997814668011649;12329;6368;0.9997814668011649;20473.0;6191.0;0.9997814668011649;7822.0;7095.0;1.0;6161.0;6869.0;1.0;0.9997814668011649;27498.0;7351.0
ore_ont_8492.owl;SubClassOf(<http://purl.obolibrary.org/obo/WBbt_0005371> <http://purl.obolibrary.org/obo/WBbt_0005135>);12112;42941.7;0.999559868379687;12335;6615;0.9998113721627229;19850.0;6358.0;0.999559868379687;7207.0;6494.0;0.9998113721627229;6090.0;6264.0;2.0;0.999559868379687;26531.0;6315.0
ore_ont_13000.owl;SubClassOf(<http://purl.obolibrary.org/obo/WBbt_0004400> <http://purl.obolibrary.org/obo/WBbt_0008069>);12365;54864.0;;3360;0;;3367.0;0.0;;3358.0;0.0;;3353.0;0.0;0.0;;3392.0;0.0
ore_ont_13000.owl;SubClassOf(<http://purl.obolibrary.org/obo/WBbt_0008070> <http://purl.obolibrary.org/obo/WBbt_0005757>);12365;45011.6;;3388;0;;3321.0;0.0;;3376.0;0.0;;3398.0;0.0;0.0;;3387.0;0.0
ore_ont_13000.owl;SubClassOf(<http://purl.obolibrary.org/obo/WBbt_0007834> <http://purl.obolibrary.org/obo/WBbt_0005113>);12365;74783.09999999999;;3361;0;;3384.0;0.0;;3328.0;0.0;;3372.0;0.0;0.0;;3610.0;0.0
ore_ont_13000.owl;SubClassOf(<http://purl.obolibrary.org/obo/WBbt_0003928> <http://purl.obolibrary.org/obo/WBbt_0007028>);12365;26306.5;;3422;0;;3398.0;0.0;;3404.0;0.0;;3333.0;0.0;0.0;;3412.0;0.0
ore_ont_13000.owl;SubClassOf(<http://purl.obolibrary.org/obo/WBbt_0007064> <http://purl.obolibrary.org/obo/WBbt_0006925>);12365;55269.7;;3378;0;;3434.0;0.0;;3408.0;0.0;;3437.0;0.0;0.0;;3443.0;0.0
ore_ont_13000.owl;SubClassOf(<http://purl.obolibrary.org/obo/WBbt_0005310> <http://purl.obolibrary.org/obo/WBbt_0005300>);12365;41652.8;;3370;0;;3347.0;0.0;;3392.0;0.0;;3363.0;0.0;0.0;;3505.0;0.0
ore_ont_13000.owl;SubClassOf(<http://purl.obolibrary.org/obo/WBbt_0004003> <http://purl.obolibrary.org/obo/WBbt_0006751>);12365;32263.9;;3321;0;;3489.0;0.0;;3328.0;0.0;;3405.0;0.0;0.0;;3444.0;0.0
ore_ont_13000.owl;SubClassOf(<http://purl.obolibrary.org/obo/WBbt_0008071> <http://purl.obolibrary.org/obo/WBbt_0008074>);12365;56871.19999999999;0.9985124280831071;12387;6727;0.9985124280831071;20000.0;6353.0;0.9985124280831071;7237.0;7061.0;0.9985124280831071;6108.0;6250.0;2.0;0.9985124280831071;26530.0;7088.0
ore_ont_13000.owl;SubClassOf(<http://purl.obolibrary.org/obo/WBbt_0005371> <http://purl.obolibrary.org/obo/WBbt_0005135>);12365;14391.8;0.9988535138064729;12388;6443;0.999312108283884;19074.0;6390.0;0.9988535138064729;7613.0;6186.0;0.999312108283884;6250.0;6246.0;1.0;0.9988535138064729;26548.0;6022.0
ore_ont_13000.owl;SubClassOf(<http://purl.obolibrary.org/obo/WBbt_0007688> <http://purl.obolibrary.org/obo/WBbt_0007030>);12365;46266.6;0.987816264864935;12218;6798;0.9881188589608919;32011.0;6418.0;0.987816264864935;7395.0;6627.0;0.9940194438320517;6014.0;6621.0;2.0;0.987816264864935;26959.0;6485.0
ore_ont_13852.owl;SubClassOf(<http://purl.org/obo/owl/EMAPA#EMAPA_27175> <http://purl.org/obo/owl/UBERON#UBERON_0003350>);12343;964.8;;3439;0;;3485.0;0.0;;3519.0;0.0;;3609.0;0.0;0.0;;3472.0;0.0
ore_ont_13852.owl;SubClassOf(<http://purl.org/obo/owl/EHDAA#EHDAA_524> <http://purl.org/obo/owl/UBERON#UBERON_0000925>);12343;1918.7;;3526;0;;3519.0;0.0;;3621.0;0.0;;3616.0;0.0;0.0;;3484.0;0.0
ore_ont_13852.owl;SubClassOf(<http://purl.org/obo/owl/MAT#MAT_0000453> <http://purl.org/obo/owl/UBERON#UBERON_0002349>);12343;964.5;;3530;0;;3481.0;0.0;;3583.0;0.0;;3487.0;0.0;0.0;;3609.0;0.0
ore_ont_13852.owl;SubClassOf(<http://purl.org/obo/owl/EHDAA#EHDAA_703> <http://purl.org/obo/owl/UBERON#UBERON_0003089>);12343;968.7;;3455;0;;3581.0;0.0;;3540.0;0.0;;3624.0;0.0;0.0;;3548.0;0.0
ore_ont_13852.owl;SubClassOf(<http://purl.org/obo/owl/EHDAA#EHDAA_205> <http://purl.org/obo/owl/UBERON#UBERON_0003104>);12343;1934.3;;3478;0;;3561.0;0.0;;3583.0;0.0;;3521.0;0.0;0.0;;3518.0;0.0
ore_ont_13852.owl;SubClassOf(<http://purl.org/obo/owl/EHDAA#EHDAA_138> <http://purl.org/obo/owl/UBERON#UBERON_0000924>);12343;1919.3;;3585;0;;3545.0;0.0;;3704.0;0.0;;3489.0;0.0;0.0;;3517.0;0.0
ore_ont_13852.owl;SubClassOf(<http://purl.org/obo/owl/EHDAA#EHDAA_8027> <http://purl.org/obo/owl/UBERON#UBERON_0000483>);12343;1939.1;;3546;0;;3556.0;0.0;;3602.0;0.0;;3545.0;0.0;0.0;;3555.0;0.0
ore_ont_13852.owl;SubClassOf(<http://purl.org/obo/owl/FMA#FMA_86666> <http://purl.org/obo/owl/UBERON#UBERON_0002342>);12343;968.1;;3519;0;;3547.0;0.0;;3515.0;0.0;;3507.0;0.0;0.0;;3553.0;0.0
ore_ont_13852.owl;SubClassOf(<http://purl.org/obo/owl/EHDAA#EHDAA_3698> <http://purl.org/obo/owl/UBERON#UBERON_0003079>);12343;1929.2;;3479;0;;3560.0;0.0;;3563.0;0.0;;3561.0;0.0;0.0;;3529.0;0.0
ore_ont_13852.owl;SubClassOf(<http://purl.org/obo/owl/EHDAA#EHDAA_3494> <http://purl.org/obo/owl/UBERON#UBERON_0003054>);12343;1926.8;;3528;0;;3557.0;0.0;;3581.0;0.0;;3539.0;0.0;0.0;;3509.0;0.0
ore_ont_6198.owl;SubClassOf(<http://purl.obolibrary.org/obo/TO_0000454> <http://purl.obolibrary.org/obo/TO_0000261>);8472;4240.0;;3309;0;;3387.0;0.0;;3386.0;0.0;;3378.0;0.0;0.0;;3345.0;0.0
ore_ont_6198.owl;SubClassOf(<http://purl.obolibrary.org/obo/VT_0010323> <http://purl.obolibrary.org/obo/VT_0010374>);8472;13525.800000000005;;3385;0;;3393.0;0.0;;3364.0;0.0;;3321.0;0.0;0.0;;3366.0;0.0
ore_ont_6198.owl;SubClassOf(<http://purl.obolibrary.org/obo/TO_0000327> <http://purl.obolibrary.org/obo/TO_0000371>);8472;1787.5;;3408;0;;3352.0;0.0;;3339.0;0.0;;3361.0;0.0;0.0;;3354.0;0.0
ore_ont_6198.owl;SubClassOf(<http://purl.obolibrary.org/obo/TO_0000419> <http://purl.obolibrary.org/obo/TO_0000748>);8472;4878.6;;3417;0;;3363.0;0.0;;3392.0;0.0;;3397.0;0.0;0.0;;3332.0;0.0
ore_ont_6198.owl;SubClassOf(<http://purl.obolibrary.org/obo/TO_0000084> <http://purl.obolibrary.org/obo/TO_0000168>);8472;6106.5;;3404;0;;3369.0;0.0;;3375.0;0.0;;3428.0;0.0;0.0;;3445.0;0.0
ore_ont_6198.owl;SubClassOf(<http://purl.obolibrary.org/obo/TO_0000667> <http://purl.obolibrary.org/obo/TO_0000162>);8472;2397.5;;3435;0;;3390.0;0.0;;3378.0;0.0;;3431.0;0.0;0.0;;3360.0;0.0
ore_ont_6198.owl;SubClassOf(<http://purl.obolibrary.org/obo/TO_0000439> <http://purl.obolibrary.org/obo/OBA_0000001>);8472;3655.6;0.9544534412955465;29068;4092;0.955848561111719;15033.0;3839.0;0.9544534412955465;11280.0;4266.0;0.955848561111719;6357.0;3915.0;1.0;0.9544534412955465;75060.0;4094.0
ore_ont_6198.owl;SubClassOf(<http://purl.obolibrary.org/obo/VT_0000104> <http://purl.obolibrary.org/obo/OBA_1000067>);8472;13522.9;;3381;0;;3412.0;0.0;;3400.0;0.0;;3353.0;0.0;0.0;;3325.0;0.0
ore_ont_6198.owl;SubClassOf(<http://purl.obolibrary.org/obo/TO_0001024> <http://purl.obolibrary.org/obo/TO_0000465>);8472;2398.7;;3479;0;;3337.0;0.0;;3450.0;0.0;;3357.0;0.0;0.0;;3374.0;0.0
ore_ont_6198.owl;SubClassOf(<http://purl.obolibrary.org/obo/TO_0000664> <http://purl.obolibrary.org/obo/TO_0000439>);8472;4242.7;;3495;0;;3397.0;0.0;;3340.0;0.0;;3426.0;0.0;0.0;;3388.0;0.0
ore_ont_4226.owl;SubClassOf(<http://purl.obolibrary.org/obo/WBbt_0004400> <http://purl.obolibrary.org/obo/WBbt_0008069>);12347;46365.9;;3349;0;;3378.0;0.0;;3373.0;0.0;;3260.0;0.0;0.0;;3340.0;0.0
ore_ont_4226.owl;SubClassOf(<http://purl.obolibrary.org/obo/WBbt_0007834> <http://purl.obolibrary.org/obo/WBbt_0005113>);12347;45760.6;;3409;0;;3361.0;0.0;;3345.0;0.0;;3390.0;0.0;0.0;;3313.0;0.0
ore_ont_4226.owl;SubClassOf(<http://purl.obolibrary.org/obo/WBbt_0003928> <http://purl.obolibrary.org/obo/WBbt_0007028>);12347;41538.6;;3330;0;;3374.0;0.0;;3431.0;0.0;;3432.0;0.0;0.0;;3434.0;0.0
ore_ont_4226.owl;SubClassOf(<http://purl.obolibrary.org/obo/WBbt_0007064> <http://purl.obolibrary.org/obo/WBbt_0006925>);12347;46771.600000000006;;3370;0;;3523.0;0.0;;3434.0;0.0;;3419.0;0.0;0.0;;3465.0;0.0
ore_ont_4226.owl;SubClassOf(<http://purl.obolibrary.org/obo/WBbt_0005310> <http://purl.obolibrary.org/obo/WBbt_0005300>);12347;50150.9;;3528;0;;3367.0;0.0;;3419.0;0.0;;3430.0;0.0;0.0;;3417.0;0.0
ore_ont_4226.owl;SubClassOf(<http://purl.obolibrary.org/obo/WBbt_0004003> <http://purl.obolibrary.org/obo/WBbt_0006751>);12347;35630.9;;3444;0;;3373.0;0.0;;3425.0;0.0;;3386.0;0.0;0.0;;3408.0;0.0
ore_ont_4226.owl;SubClassOf(<http://purl.obolibrary.org/obo/WBbt_0008070> <http://purl.obolibrary.org/obo/WBbt_0008074>);12347;58474.1;1.0;12454;6891;0.9998871295154608;20072.0;6629.0;1.0;7286.0;7018.0;0.9998871295154608;5988.0;6572.0;1.0;1.0;27219.0;6693.0
ore_ont_4226.owl;SubClassOf(<http://purl.obolibrary.org/obo/WBbt_0008071> <http://purl.obolibrary.org/obo/WBbt_0008074>);12347;32979.8;0.999563369092596;12368;6455;0.999563369092596;20987.0;6347.0;0.999563369092596;7333.0;6462.0;0.999563369092596;6085.0;6466.0;1.0;0.999563369092596;27365.0;6739.0
ore_ont_4226.owl;SubClassOf(<http://purl.obolibrary.org/obo/WBbt_0005371> <http://purl.obolibrary.org/obo/WBbt_0005135>);12347;22889.9;0.9994102202281355;12311;6390;0.9996985570054915;19512.0;6235.0;0.9994102202281355;7274.0;6528.0;0.9994102202281355;6046.0;6434.0;1.0;0.9994102202281355;27029.0;6269.0
ore_ont_4226.owl;SubClassOf(<http://purl.obolibrary.org/obo/WBbt_0007686> <http://purl.obolibrary.org/obo/WBbt_0007030>);12347;46899.7;;3380;0;;3406.0;0.0;;3279.0;0.0;;3334.0;0.0;0.0;;3373.0;0.0
ore_ont_8864.owl;SubClassOf(<http://purl.obolibrary.org/obo/__spinal_cord_and_meninges> <http://purl.obolibrary.org/obo/MA_0002405>);5804;1598.9;1.0;8740;6781;1.0;7391.0;6610.0;1.0;7129.0;6606.0;1.0;6767.0;7213.0;3.0;1.0;9748.0;6616.0
ore_ont_8864.owl;SubClassOf(<http://purl.obolibrary.org/obo/__spinal_cord_and_meninges> <http://purl.obolibrary.org/obo/__temp_term_holder>);5804;1598.9;;3467;0;;3473.0;0.0;;3336.0;0.0;;3546.0;0.0;0.0;;3370.0;0.0
ore_ont_11502.owl;SubClassOf(<http://purl.org/obo/owl/IEV#IEV_0001451> <http://purl.org/obo/owl/IEV#IEV_0000818>);19560;1182.3;0.9831684005751502;16659;2765;0.9654909921339764;12545.0;2630.0;0.9831684005751502;9594.0;2865.0;0.9654909921339764;6319.0;2690.0;1.0;0.9831684005751502;30503.0;2503.0
ore_ont_11502.owl;SubClassOf(<http://purl.org/obo/owl/IEV#IEV_0000583> <http://purl.org/obo/owl/IEV#IEV_0000013>);19560;1838.2;;3510;0;;3512.0;0.0;;3489.0;0.0;;3538.0;0.0;0.0;;3526.0;0.0
ore_ont_11502.owl;SubClassOf(<http://purl.org/obo/owl/IEV#IEV_0000022> <http://purl.org/obo/owl/IEV#IEV_0000184>);19560;2692.2;0.9611098729663473;16836;2801;0.9426119901938936;13060.0;2703.0;0.9611098729663473;9484.0;3270.0;0.9426119901938936;6505.0;2934.0;2.0;0.9611098729663473;32387.0;2785.0
ore_ont_11502.owl;SubClassOf(<http://purl.org/obo/owl/IEV#IEV_0002734> <http://purl.org/obo/owl/IEV#IEV_0000914>);19560;1335.6999999999998;;3500;0;;3500.0;0.0;;3591.0;0.0;;3601.0;0.0;0.0;;3599.0;0.0
ore_ont_11502.owl;SubClassOf(<http://purl.org/obo/owl/IEV#IEV_0001928> <http://www.geneontology.org/formats/oboInOwl#ObsoleteClass>);19560;2060.4;;3580;0;;3521.0;0.0;;3509.0;0.0;;3577.0;0.0;0.0;;3521.0;0.0
ore_ont_11502.owl;SubClassOf(<http://purl.org/obo/owl/IEV#IEV_0001257> <http://purl.org/obo/owl/IEV#IEV_0001842>);19560;1266.9;0.9820033151787827;12581;2755;0.963769831873076;12790.0;2795.0;0.9820033151787827;8087.0;2775.0;0.963769831873076;6359.0;2770.0;2.0;0.9820033151787827;21042.0;2937.0
ore_ont_11502.owl;SubClassOf(<http://purl.org/obo/owl/IEV#IEV_0001432> <http://purl.org/obo/owl/IEV#IEV_0001450>);19560;1024.8;;3483;0;;3471.0;0.0;;3563.0;0.0;;3439.0;0.0;0.0;;3531.0;0.0
ore_ont_11502.owl;SubClassOf(<http://purl.org/obo/owl/IEV#IEV_0000025> <http://purl.org/obo/owl/IEV#IEV_0000913>);19560;1106.7;0.8655462184873949;16777;3029;0.8734074274871239;12896.0;2695.0;0.8655462184873949;9729.0;2824.0;0.8734074274871239;6401.0;2774.0;2.0;0.8655462184873949;31558.0;2806.0
ore_ont_11502.owl;SubClassOf(<http://purl.org/obo/owl/IEV#IEV_0000053> <http://purl.org/obo/owl/IEV#IEV_0000025>);19560;1198.8;;3509;0;;3570.0;0.0;;3700.0;0.0;;3533.0;0.0;0.0;;3525.0;0.0
ore_ont_11502.owl;SubClassOf(<http://purl.org/obo/owl/IEV#IEV_0000025> <http://purl.org/obo/owl/IEV#IEV_0000005>);19560;2010.5;0.9680676448644615;12719;2885;0.933598607311614;13010.0;2947.0;0.9680676448644615;8446.0;3008.0;0.933598607311614;6346.0;2771.0;2.0;0.9680676448644615;21456.0;3141.0
ore_ont_14027.owl;SubClassOf(<http://purl.obolibrary.org/obo/WB_WBGene00021708> <http://purl.obolibrary.org/obo/PANTHER_PTHR10664>);12591;1026.3;;3592;0;;3542.0;0.0;;3478.0;0.0;;3526.0;0.0;0.0;;3496.0;0.0
ore_ont_14027.owl;SubClassOf(<http://purl.obolibrary.org/obo/WB_WBGene00005500> <http://purl.obolibrary.org/obo/PANTHER_PTHR22941>);12591;1077.0;;3462;0;;3501.0;0.0;;3585.0;0.0;;3572.0;0.0;0.0;;3536.0;0.0
ore_ont_14027.owl;SubClassOf(<http://purl.obolibrary.org/obo/WB_WBGene00007483> <http://purl.obolibrary.org/obo/PANTHER_PTHR22751>);12591;1050.0;;3589;0;;3585.0;0.0;;3678.0;0.0;;3600.0;0.0;0.0;;3561.0;0.0
ore_ont_14027.owl;SubClassOf(<http://purl.obolibrary.org/obo/WB_WBGene00010410> <http://purl.obolibrary.org/obo/PANTHER_PTHR24082>);12591;1058.1;;3521;0;;3555.0;0.0;;3515.0;0.0;;3570.0;0.0;0.0;;3505.0;0.0
ore_ont_14027.owl;SubClassOf(<http://purl.obolibrary.org/obo/WB_WBGene00010099> <http://purl.obolibrary.org/obo/PANTHER_PTHR22899>);12591;1024.8;;3532;0;;3511.0;0.0;;3492.0;0.0;;3478.0;0.0;0.0;;3484.0;0.0
ore_ont_14027.owl;SubClassOf(<http://purl.obolibrary.org/obo/WB_WBGene00016515> <http://purl.obolibrary.org/obo/PANTHER_PTHR23015>);12591;1051.2;;3571;0;;3572.0;0.0;;3441.0;0.0;;3435.0;0.0;0.0;;3515.0;0.0
ore_ont_14027.owl;SubClassOf(<http://purl.obolibrary.org/obo/WB_WBGene00000050> <http://purl.obolibrary.org/obo/PANTHER_PTHR18945>);12591;1017.6;;3467;0;;3481.0;0.0;;3405.0;0.0;;3483.0;0.0;0.0;;3594.0;0.0
ore_ont_14027.owl;SubClassOf(<http://purl.obolibrary.org/obo/WB_WBGene00012036> <http://purl.obolibrary.org/obo/PANTHER_PTHR23124>);12591;1021.8;;3570;0;;3443.0;0.0;;3684.0;0.0;;3476.0;0.0;0.0;;3473.0;0.0
ore_ont_14027.owl;SubClassOf(<http://purl.obolibrary.org/obo/WB_WBGene00007360> <http://purl.obolibrary.org/obo/PANTHER_PTHR22943>);12591;1068.0;;3529;0;;3462.0;0.0;;3456.0;0.0;;3523.0;0.0;0.0;;3529.0;0.0
ore_ont_14027.owl;SubClassOf(<http://purl.obolibrary.org/obo/WB_WBGene00013489> <http://purl.obolibrary.org/obo/PANTHER_PTHR24023>);12591;1035.9;;3544;0;;3523.0;0.0;;3488.0;0.0;;3526.0;0.0;0.0;;3648.0;0.0
ore_ont_16114.owl;SubClassOf(<http://purl.obolibrary.org/obo/NCBIGene_776667> <http://purl.obolibrary.org/obo/PANTHER_PTHR11738>);13885;1420.1999999999998;;3572;0;;3587.0;0.0;;3641.0;0.0;;3679.0;0.0;0.0;;3553.0;0.0
ore_ont_16114.owl;SubClassOf(<http://purl.obolibrary.org/obo/NCBIGene_396206> <http://purl.obolibrary.org/obo/PANTHER_PTHR23239>);13885;1395.0;;3538;0;;3586.0;0.0;;3561.0;0.0;;3639.0;0.0;0.0;;3532.0;0.0
ore_ont_16114.owl;SubClassOf(<http://purl.obolibrary.org/obo/NCBIGene_770043> <http://purl.obolibrary.org/obo/PANTHER_PTHR24023>);13885;1398.6;;3595;0;;3615.0;0.0;;3562.0;0.0;;3607.0;0.0;0.0;;3553.0;0.0
ore_ont_16114.owl;SubClassOf(<http://purl.obolibrary.org/obo/NCBIGene_772243> <http://purl.obolibrary.org/obo/PANTHER_PTHR19422>);13885;1395.3;;3645;0;;3635.0;0.0;;3607.0;0.0;;3637.0;0.0;0.0;;3569.0;0.0
ore_ont_16114.owl;SubClassOf(<http://purl.obolibrary.org/obo/NCBIGene_770342> <http://purl.obolibrary.org/obo/PANTHER_PTHR24412>);13885;1395.0;;3649;0;;3585.0;0.0;;3635.0;0.0;;3618.0;0.0;0.0;;3485.0;0.0
ore_ont_16114.owl;SubClassOf(<http://purl.obolibrary.org/obo/NCBIGene_425531> <http://purl.obolibrary.org/obo/PANTHER_PTHR24073>);13885;1398.9;;3589;0;;3610.0;0.0;;3623.0;0.0;;3676.0;0.0;0.0;;3628.0;0.0
ore_ont_16114.owl;SubClassOf(<http://purl.obolibrary.org/obo/NCBIGene_396406> <http://purl.obolibrary.org/obo/PANTHER_PTHR24416>);13885;1396.8;;3693;0;;3648.0;0.0;;3758.0;0.0;;3692.0;0.0;0.0;;3667.0;0.0
ore_ont_16114.owl;SubClassOf(<http://purl.obolibrary.org/obo/NCBIGene_777238> <http://purl.obolibrary.org/obo/PANTHER_PTHR19331>);13885;2775.8;;3881;0;;3587.0;0.0;;3602.0;0.0;;5624.0;0.0;0.0;;3815.0;0.0
ore_ont_16114.owl;SubClassOf(<http://purl.obolibrary.org/obo/NCBIGene_497221> <http://purl.obolibrary.org/obo/PANTHER_PTHR24028>);13885;1398.3;;3616;0;;3648.0;0.0;;3594.0;0.0;;3594.0;0.0;0.0;;3683.0;0.0
ore_ont_16114.owl;SubClassOf(<http://purl.obolibrary.org/obo/NCBIGene_776301> <http://purl.obolibrary.org/obo/PANTHER_PTHR13140>);13885;2778.2;;3589;0;;3689.0;0.0;;3616.0;0.0;;3700.0;0.0;0.0;;3660.0;0.0
ore_ont_9590.owl;SubClassOf(<http://purl.obolibrary.org/obo/UniProtKB_P17879> <http://purl.obolibrary.org/obo/PR_000025338>);11864;263428.1;;3649;0;;3602.0;0.0;;3691.0;0.0;;3579.0;0.0;0.0;;3619.0;0.0
ore_ont_9590.owl;SubClassOf(<http://purl.obolibrary.org/obo/UniProtKB_Q61699> <http://purl.obolibrary.org/obo/PR_000003410>);11864;220710.1;;3648;0;;3694.0;0.0;;3587.0;0.0;;3639.0;0.0;0.0;;3844.0;0.0
ore_ont_9590.owl;SubClassOf(<http://purl.obolibrary.org/obo/UniProtKB_Q61387> <http://purl.obolibrary.org/obo/PR_000025379>);11864;220710.1;;3639;0;;3602.0;0.0;;3593.0;0.0;;3890.0;0.0;0.0;;3565.0;0.0
ore_ont_9590.owl;SubClassOf(<http://purl.obolibrary.org/obo/UniProtKB_Q8K4B2> <http://purl.obolibrary.org/obo/PR_000001784>);11864;210030.6;;3679;0;;3665.0;0.0;;3595.0;0.0;;3600.0;0.0;0.0;;3650.0;0.0
ore_ont_9590.owl;SubClassOf(<http://purl.obolibrary.org/obo/UniProtKB_Q61696> <http://purl.obolibrary.org/obo/PR_000008871>);11864;210030.59999999995;;3665;0;;3618.0;0.0;;3622.0;0.0;;3570.0;0.0;0.0;;3593.0;0.0
ore_ont_9590.owl;SubClassOf(<http://purl.obolibrary.org/obo/UniProtKB_P16627> <http://purl.obolibrary.org/obo/PR_000025289>);11864;242069.09999999995;;3622;0;;3636.0;0.0;;3666.0;0.0;;3689.0;0.0;0.0;;3668.0;0.0
ore_ont_9590.owl;SubClassOf(<http://purl.obolibrary.org/obo/UniProtKB_Q9WV04> <http://purl.obolibrary.org/obo/PR_000026969>);11864;156633.09999999998;;3652;0;;3723.0;0.0;;3676.0;0.0;;3803.0;0.0;0.0;;3873.0;0.0
ore_ont_9590.owl;SubClassOf(<http://purl.obolibrary.org/obo/UniProtKB_Q9JKR6> <http://purl.obolibrary.org/obo/PR_000025325>);11864;220710.10000000003;;3626;0;;3559.0;0.0;;3642.0;0.0;;3585.0;0.0;0.0;;3677.0;0.0
ore_ont_9590.owl;SubClassOf(<http://purl.obolibrary.org/obo/UniProtKB_A6H666> <http://purl.obolibrary.org/obo/PR_000005793>);11864;231389.6;;3621;0;;3706.0;0.0;;3605.0;0.0;;3673.0;0.0;0.0;;3678.0;0.0
ore_ont_9590.owl;SubClassOf(<http://purl.obolibrary.org/obo/UniProtKB_P12023> <http://purl.obolibrary.org/obo/PR_000025533>);11864;210030.6;;3619;0;;3784.0;0.0;;3704.0;0.0;;3729.0;0.0;0.0;;3658.0;0.0
ore_ont_3406.owl;SubClassOf(<http://purl.obolibrary.org/obo/CHEBI_28868> <http://purl.obolibrary.org/obo/CHEBI_35757>);16467;452.2000000000001;;3511;0;;3416.0;0.0;;3418.0;0.0;;3479.0;0.0;0.0;;3365.0;0.0
ore_ont_3406.owl;SubClassOf(<http://purl.obolibrary.org/obo/CHEBI_58945> <http://purl.obolibrary.org/obo/CHEBI_24431>);16467;355.8;0.48960089938167506;344503;2647;0.7698145025295109;12613.0;2310.0;0.7698145025295109;7910.0;2412.0;0.5123664980326026;6461.0;2217.0;1.0;0.7698145025295109;61658.0;2429.0
ore_ont_3406.owl;SubClassOf(<http://purl.obolibrary.org/obo/CHEBI_57299> <http://purl.obolibrary.org/obo/CHEBI_38101>);16467;4955.300000000001;0.9384295602688034;98641;2497;0.9867818295562325;12938.0;2444.0;0.9866809274917765;10564.0;2504.0;0.9959639174217505;6596.0;2648.0;2.0;0.9866809274917765;59108.0;2517.0
ore_ont_3406.owl;SubClassOf(<http://purl.obolibrary.org/obo/CHEBI_72447> <http://purl.obolibrary.org/obo/CHEBI_35274>);16467;274.3;;3416;0;;3440.0;0.0;;3495.0;0.0;;3400.0;0.0;0.0;;3450.0;0.0
ore_ont_3406.owl;SubClassOf(<http://purl.obolibrary.org/obo/CHEBI_59814> <http://purl.obolibrary.org/obo/CHEBI_33558>);16467;588.6;;3505;0;;3395.0;0.0;;3495.0;0.0;;3432.0;0.0;0.0;;3466.0;0.0
ore_ont_3406.owl;SubClassOf(<http://purl.obolibrary.org/obo/CHEBI_75766> <http://purl.obolibrary.org/obo/CHEBI_26619>);16467;99.29999999999998;;3470;0;;3475.0;0.0;;3438.0;0.0;;3452.0;0.0;0.0;;3453.0;0.0
ore_ont_3406.owl;SubClassOf(<http://purl.obolibrary.org/obo/CHEBI_26619> <http://purl.obolibrary.org/obo/CHEBI_25212>);16467;35.0;;3470;0;;3441.0;0.0;;3407.0;0.0;;3431.0;0.0;0.0;;3448.0;0.0
ore_ont_3406.owl;SubClassOf(<http://purl.obolibrary.org/obo/CHEBI_35366> <http://purl.obolibrary.org/obo/CHEBI_25384>);16467;718.7000000000002;;3392;0;;3417.0;0.0;;3483.0;0.0;;3488.0;0.0;0.0;;3515.0;0.0
ore_ont_3406.owl;SubClassOf(<http://purl.obolibrary.org/obo/CHEBI_76967> <http://purl.obolibrary.org/obo/CHEBI_75770>);16467;154.8;;3467;0;;3546.0;0.0;;3441.0;0.0;;3470.0;0.0;0.0;;3485.0;0.0
ore_ont_3406.owl;SubClassOf(<http://purl.obolibrary.org/obo/CHEBI_59737> <http://purl.obolibrary.org/obo/CHEBI_58945>);16467;399.6;;3434;0;;3440.0;0.0;;3563.0;0.0;;3412.0;0.0;0.0;;3465.0;0.0
ore_ont_964.owl;SubClassOf(<http://purl.obolibrary.org/obo/ENSEMBL_ENSGALG00000016255> <http://purl.obolibrary.org/obo/SO_0001217>);17934;30162.7;;3632;0;;3533.0;0.0;;3630.0;0.0;;3591.0;0.0;0.0;;3749.0;0.0
ore_ont_964.owl;SubClassOf(<http://purl.obolibrary.org/obo/ENSEMBL_ENSGALG00000016256> <http://purl.obolibrary.org/obo/SO_0001217>);17934;15079.899999999998;;3609;0;;3563.0;0.0;;3580.0;0.0;;3539.0;0.0;0.0;;3587.0;0.0
ore_ont_964.owl;SubClassOf(<http://purl.obolibrary.org/obo/ENSEMBL_ENSGALG00000000188> <http://purl.obolibrary.org/obo/SO_0000336>);17934;45281.1;;3598;0;;3581.0;0.0;;3673.0;0.0;;3581.0;0.0;0.0;;3681.0;0.0
ore_ont_964.owl;SubClassOf(<http://purl.obolibrary.org/obo/ENSEMBL_ENSGALG00000025656> <http://purl.obolibrary.org/obo/SO_0000252>);17934;30176.1;;3607;0;;3578.0;0.0;;3529.0;0.0;;3639.0;0.0;0.0;;3538.0;0.0
ore_ont_964.owl;SubClassOf(<http://purl.obolibrary.org/obo/ENSEMBL_ENSGALG00000025527> <http://purl.obolibrary.org/obo/SO_0000275>);17934;30233.1;;3621;0;;3652.0;0.0;;3621.0;0.0;;3593.0;0.0;0.0;;3582.0;0.0
ore_ont_964.owl;SubClassOf(<http://purl.obolibrary.org/obo/ENSEMBL_ENSGALG00000025644> <http://purl.obolibrary.org/obo/SO_0000274>);17934;25164.4;;3685;0;;3653.0;0.0;;3620.0;0.0;;3630.0;0.0;0.0;;3559.0;0.0
ore_ont_964.owl;SubClassOf(<http://purl.obolibrary.org/obo/ENSEMBL_ENSGALG00000025688> <http://purl.obolibrary.org/obo/SO_0000655>);17934;25147.6;;4067;0;;3602.0;0.0;;3574.0;0.0;;3603.0;0.0;0.0;;3607.0;0.0
ore_ont_964.owl;SubClassOf(<http://purl.obolibrary.org/obo/ENSEMBL_ENSGALG00000004269> <http://purl.obolibrary.org/obo/SO_0001217>);17934;40217.9;;3628;0;;3648.0;0.0;;3647.0;0.0;;3752.0;0.0;0.0;;3695.0;0.0
ore_ont_964.owl;SubClassOf(<http://purl.obolibrary.org/obo/ENSEMBL_ENSGALG00000021721> <http://purl.obolibrary.org/obo/SO_0000276>);17934;30338.4;;3823;0;;3580.0;0.0;;3649.0;0.0;;3624.0;0.0;0.0;;3552.0;0.0
ore_ont_964.owl;SubClassOf(<http://purl.obolibrary.org/obo/ENSEMBL_ENSGALG00000021720> <http://purl.obolibrary.org/obo/SO_0000253>);17934;45315.6;;3652;0;;3602.0;0.0;;3590.0;0.0;;3624.0;0.0;0.0;;3611.0;0.0
ore_ont_935.owl;SubClassOf(<http://purl.obolibrary.org/obo/FYPO_0001362> <http://purl.obolibrary.org/obo/FYPO_0000002>);21585;14626.5;1.0005196048268554;186384;2423;1.0003350083752092;161100.0;2211.0;0.9987283355553276;45061.0;2651.0;0.9998769356989027;6688.0;2268.0;3.0;1.0005196048268554;380537.0;2478.0
ore_ont_935.owl;SubClassOf(<http://purl.obolibrary.org/obo/FYPO_0001330> <http://purl.obolibrary.org/obo/PATO_0001159>);21585;21722.1;0.9999815855741389;81032;2694;0.998397944950074;28834.0;2586.0;0.998397944950074;12037.0;2494.0;0.998397944950074;6817.0;2847.0;3.0;0.998397944950074;53622.0;2666.0
ore_ont_935.owl;SubClassOf(<http://purl.obolibrary.org/obo/FYPO_0001362> <http://purl.obolibrary.org/obo/PATO_0000001>);21585;14575.3;1.0;27944;4151;1.0;42772.0;2614.0;0.9997324240324384;12405.0;3412.0;0.9997324240324384;7033.0;2993.0;1.0;1.0;62895.0;3226.0
ore_ont_935.owl;SubClassOf(<http://purl.obolibrary.org/obo/CL_0000334> <http://purl.obolibrary.org/obo/CL_0000000>);21585;10633.500000000002;0.9972069403300886;22306;3145;0.9983636620115672;16496.0;3695.0;0.9972069403300886;12094.0;2944.0;0.9972069403300892;7056.0;2933.0;1.0;0.9972069403300886;52156.0;2752.0
ore_ont_935.owl;SubClassOf(<http://purl.obolibrary.org/obo/FYPO_0000663> <http://purl.obolibrary.org/obo/PATO_0002052>);21585;16748.4;;3741;0;;3701.0;0.0;;3829.0;0.0;;3627.0;0.0;0.0;;3788.0;0.0
ore_ont_935.owl;SubClassOf(<http://purl.obolibrary.org/obo/FYPO_0000662> <http://purl.obolibrary.org/obo/PATO_0002051>);21585;16775.4;;3632;0;;4154.0;0.0;;3812.0;0.0;;3763.0;0.0;0.0;;3837.0;0.0
ore_ont_935.owl;SubClassOf(<http://purl.obolibrary.org/obo/FYPO_0001330> <http://purl.obolibrary.org/obo/PATO_0001162>);21585;19410.8;1.0001236425082944;12986;3178;1.0001236425082944;18169.0;3205.0;1.0001236425082944;8827.0;3189.0;1.0;6910.0;2935.0;2.0;1.0001236425082944;27915.0;3256.0
ore_ont_935.owl;SubClassOf(<http://purl.obolibrary.org/obo/GO_0072690> <http://purl.obolibrary.org/obo/GO_0044763>);21585;12799.8;;3680;0;;3881.0;0.0;;3667.0;0.0;;3684.0;0.0;0.0;;4352.0;0.0
ore_ont_935.owl;SubClassOf(<http://purl.obolibrary.org/obo/GO_0071850> <http://purl.obolibrary.org/obo/GO_0065007>);21585;20094.8;0.9979746003941318;68817;2964;0.9989947648147778;14680.0;2878.0;1.001005235185222;8805.0;2889.0;1.001005235185222;6753.0;2942.0;1.0;0.9979746003941318;150830.0;3019.0
ore_ont_935.owl;SubClassOf(<http://purl.obolibrary.org/obo/FYPO_0000664> <http://purl.obolibrary.org/obo/PATO_0001558>);21585;15090.100000000002;;3619;0;;3575.0;0.0;;3494.0;0.0;;3529.0;0.0;0.0;;3578.0;0.0
ore_ont_2317.owl;SubClassOf(<http://purl.obolibrary.org/obo/GO_0045289> <http://purl.obolibrary.org/obo/GO_0004497>);18324;3804.8;;3555;0;;3605.0;0.0;;3564.0;0.0;;3635.0;0.0;0.0;;3547.0;0.0
ore_ont_2317.owl;SubClassOf(<http://purl.obolibrary.org/obo/GO_0004601> <http://purl.obolibrary.org/obo/GO_0003824>);18324;10003.4;;3501;0;;3474.0;0.0;;3630.0;0.0;;3468.0;0.0;0.0;;3604.0;0.0
ore_ont_2317.owl;SubClassOf(<http://purl.obolibrary.org/obo/GO_0008233> <http://purl.obolibrary.org/obo/GO_0016787>);18324;3812.0;;3556;0;;3581.0;0.0;;3537.0;0.0;;3527.0;0.0;0.0;;3473.0;0.0
ore_ont_2317.owl;SubClassOf(<http://purl.obolibrary.org/obo/GO_0015075> <http://purl.obolibrary.org/obo/GO_0022857>);18324;3860.6;;3649;0;;3663.0;0.0;;3493.0;0.0;;3481.0;0.0;0.0;;3596.0;0.0
ore_ont_2317.owl;SubClassOf(<http://purl.obolibrary.org/obo/GO_0016502> <http://purl.obolibrary.org/obo/GO_0004872>);18324;3811.4;;3607;0;;3567.0;0.0;;3617.0;0.0;;3605.0;0.0;0.0;;3526.0;0.0
ore_ont_2317.owl;SubClassOf(<http://purl.obolibrary.org/obo/GO_0018611> <http://purl.obolibrary.org/obo/GO_0051213>);18324;3807.8;;3575;0;;3751.0;0.0;;3649.0;0.0;;3535.0;0.0;0.0;;3491.0;0.0
ore_ont_2317.owl;SubClassOf(<http://purl.obolibrary.org/obo/GO_0015197> <http://purl.obolibrary.org/obo/GO_0005215>);18324;3816.5;;3753;0;;3623.0;0.0;;4199.0;0.0;;4058.0;0.0;0.0;;3933.0;0.0
ore_ont_2317.owl;SubClassOf(<http://purl.obolibrary.org/obo/GO_0043167> <http://purl.obolibrary.org/obo/GO_0005488>);18324;3865.4;;3844;0;;3811.0;0.0;;3735.0;0.0;;3838.0;0.0;0.0;;3815.0;0.0
ore_ont_2317.owl;SubClassOf(<http://purl.obolibrary.org/obo/GO_0051427> <http://purl.obolibrary.org/obo/GO_0005102>);18324;3806.0;;3822;0;;3867.0;0.0;;3900.0;0.0;;3566.0;0.0;0.0;;3689.0;0.0
ore_ont_2317.owl;SubClassOf(<http://purl.obolibrary.org/obo/GO_0008976> <http://purl.obolibrary.org/obo/GO_0016301>);18324;3808.7;;3771;0;;3653.0;0.0;;3757.0;0.0;;3577.0;0.0;0.0;;3532.0;0.0
ore_ont_5487.owl;SubClassOf(<http://purl.obolibrary.org/obo/ENSEMBL_ENSXETG00000008493> <http://purl.obolibrary.org/obo/SO_0000336>);19884;16646.7;;3910;0;;4447.0;0.0;;3833.0;0.0;;3901.0;0.0;0.0;;3787.0;0.0
ore_ont_5487.owl;SubClassOf(<http://purl.obolibrary.org/obo/ENSEMBL_ENSXETG00000032084> <http://purl.obolibrary.org/obo/SO_0000274>);19884;33339.3;;3703;0;;3825.0;0.0;;4091.0;0.0;;3912.0;0.0;0.0;;3878.0;0.0
ore_ont_5487.owl;SubClassOf(<http://purl.obolibrary.org/obo/ENSEMBL_ENSXETG00000033179> <http://purl.obolibrary.org/obo/SO_0000276>);19884;38852.3;;4120;0;;4034.0;0.0;;4080.0;0.0;;4098.0;0.0;0.0;;3781.0;0.0
ore_ont_5487.owl;SubClassOf(<http://purl.obolibrary.org/obo/ENSEMBL_ENSXETG00000017801> <http://purl.obolibrary.org/obo/SO_0001217>);19884;33210.1;;3705;0;;3674.0;0.0;;3668.0;0.0;;3725.0;0.0;0.0;;3628.0;0.0
ore_ont_5487.owl;SubClassOf(<http://purl.obolibrary.org/obo/ENSEMBL_ENSXETG00000017800> <http://purl.obolibrary.org/obo/SO_0001217>);19884;38745.6;;3652;0;;3718.0;0.0;;3705.0;0.0;;3756.0;0.0;0.0;;3575.0;0.0
ore_ont_5487.owl;SubClassOf(<http://purl.obolibrary.org/obo/ENSEMBL_ENSXETG00000033293> <http://purl.obolibrary.org/obo/SO_0000180>);19884;16626.0;;3988;0;;3879.0;0.0;;3826.0;0.0;;3845.0;0.0;0.0;;3776.0;0.0
ore_ont_5487.owl;SubClassOf(<http://purl.obolibrary.org/obo/ENSEMBL_ENSXETG00000032760> <http://purl.obolibrary.org/obo/SO_0000252>);19884;38833.4;;4058;0;;3998.0;0.0;;3881.0;0.0;;3884.0;0.0;0.0;;3925.0;0.0
ore_ont_5487.owl;SubClassOf(<http://purl.obolibrary.org/obo/ENSEMBL_ENSXETG00000029473> <http://purl.obolibrary.org/obo/SO_0000275>);19884;33284.1;;3907;0;;3842.0;0.0;;3883.0;0.0;;3835.0;0.0;0.0;;3813.0;0.0
ore_ont_5487.owl;SubClassOf(<http://purl.obolibrary.org/obo/ENSEMBL_ENSXETG00000033032> <http://purl.obolibrary.org/obo/SO_0000655>);19884;11088.999999999998;;3890;0;;3860.0;0.0;;3797.0;0.0;;3976.0;0.0;0.0;;3894.0;0.0
ore_ont_5487.owl;SubClassOf(<http://purl.obolibrary.org/obo/ENSEMBL_ENSXETG00000017809> <http://purl.obolibrary.org/obo/SO_0001217>);19884;33210.1;;4168;0;;3913.0;0.0;;4053.0;0.0;;4047.0;0.0;0.0;;4199.0;0.0
ore_ont_9513.owl;SubClassOf(<http://purl.obolibrary.org/obo/MGI_MGI%3A1935227> <http://purl.obolibrary.org/obo/PANTHER_PTHR24028>);19680;1685.1;;4080;0;;4020.0;0.0;;4025.0;0.0;;3999.0;0.0;0.0;;4037.0;0.0
ore_ont_9513.owl;SubClassOf(<http://purl.obolibrary.org/obo/MGI_MGI%3A3710610> <http://purl.obolibrary.org/obo/PANTHER_PTHR21558>);19680;1704.3;;3885;0;;4035.0;0.0;;3897.0;0.0;;3925.0;0.0;0.0;;4051.0;0.0
ore_ont_9513.owl;SubClassOf(<http://purl.obolibrary.org/obo/MGI_MGI%3A1277212> <http://purl.obolibrary.org/obo/PANTHER_PTHR24402>);19680;1693.1999999999998;;4000;0;;3951.0;0.0;;3989.0;0.0;;4077.0;0.0;0.0;;3969.0;0.0
ore_ont_9513.owl;SubClassOf(<http://purl.obolibrary.org/obo/MGI_MGI%3A2684869> <http://purl.obolibrary.org/obo/PANTHER_PTHR24103>);19680;1684.1999999999998;;3948;0;;3940.0;0.0;;3974.0;0.0;;4011.0;0.0;0.0;;3947.0;0.0
ore_ont_9513.owl;SubClassOf(<http://purl.obolibrary.org/obo/MGI_MGI%3A3648662> <http://purl.obolibrary.org/obo/PANTHER_PTHR24062>);19680;1736.1;;4004;0;;3947.0;0.0;;4078.0;0.0;;4028.0;0.0;0.0;;3981.0;0.0
ore_ont_9513.owl;SubClassOf(<http://purl.obolibrary.org/obo/MGI_MGI%3A2444913> <http://purl.obolibrary.org/obo/PANTHER_PTHR23239>);19680;1685.9999999999998;;4074;0;;3971.0;0.0;;3969.0;0.0;;4049.0;0.0;0.0;;3924.0;0.0
ore_ont_9513.owl;SubClassOf(<http://purl.obolibrary.org/obo/MGI_MGI%3A2681831> <http://purl.obolibrary.org/obo/PANTHER_PTHR24329>);19680;1686.9;;4047;0;;4030.0;0.0;;4207.0;0.0;;4011.0;0.0;0.0;;4007.0;0.0
ore_ont_9513.owl;SubClassOf(<http://purl.obolibrary.org/obo/MGI_MGI%3A3703084> <http://purl.obolibrary.org/obo/PANTHER_PTHR24061>);19680;1705.4999999999998;;4129;0;;4022.0;0.0;;3970.0;0.0;;3974.0;0.0;0.0;;4038.0;0.0
ore_ont_9513.owl;SubClassOf(<http://purl.obolibrary.org/obo/MGI_MGI%3A3649399> <http://purl.obolibrary.org/obo/PANTHER_PTHR14224>);19680;1691.1;;4036;0;;4020.0;0.0;;3958.0;0.0;;3961.0;0.0;0.0;;3906.0;0.0
ore_ont_9513.owl;SubClassOf(<http://purl.obolibrary.org/obo/MGI_MGI%3A894696> <http://purl.obolibrary.org/obo/PANTHER_PTHR11461>);19680;1684.4999999999998;;3960;0;;4023.0;0.0;;3917.0;0.0;;3963.0;0.0;0.0;;4123.0;0.0
ore_ont_6433.owl;SubClassOf(<http://www.ontologydesignpatterns.org/ont/fao/agrovoc.owl#Chlorsulfuron> <http://www.ontologydesignpatterns.org/ont/fao/agrovoc.owl#Agricultural_Chemicals>);16382;1075.4;;3721;0;;3667.0;0.0;;3674.0;0.0;;3750.0;0.0;0.0;;3705.0;0.0
ore_ont_6433.owl;SubClassOf(<http://www.ontologydesignpatterns.org/ont/fao/agrovoc.owl#Measuring_Instruments> <http://www.ontologydesignpatterns.org/ont/fao/agrovoc.owl#Equipment>);16382;81.5;;3808;0;;3717.0;0.0;;3707.0;0.0;;3747.0;0.0;0.0;;3691.0;0.0
ore_ont_6433.owl;SubClassOf(<http://www.ontologydesignpatterns.org/ont/fao/agrovoc.owl#Paspalum> <http://www.ontologydesignpatterns.org/ont/fao/agrovoc.owl#Poaceae>);16382;551.3000000000001;;3693;0;;3853.0;0.0;;3821.0;0.0;;3777.0;0.0;0.0;;3694.0;0.0
ore_ont_6433.owl;SubClassOf(<http://www.ontologydesignpatterns.org/ont/fao/agrovoc.owl#Flatfish> <http://www.ontologydesignpatterns.org/ont/fao/agrovoc.owl#Saltwater_Fishes>);16382;113.79999999999998;;3715;0;;3730.0;0.0;;3706.0;0.0;;3830.0;0.0;0.0;;3748.0;0.0
ore_ont_6433.owl;SubClassOf(<http://www.ontologydesignpatterns.org/ont/fao/agrovoc.owl#Vigna> <http://www.ontologydesignpatterns.org/ont/fao/agrovoc.owl#Papilionoideae>);16382;1035.4;;3730;0;;3788.0;0.0;;3950.0;0.0;;3723.0;0.0;0.0;;3727.0;0.0
ore_ont_6433.owl;SubClassOf(<http://www.ontologydesignpatterns.org/ont/fao/agrovoc.owl#Squashes> <http://www.ontologydesignpatterns.org/ont/fao/agrovoc.owl#Vegetables>);16382;1030.9;;3722;0;;3743.0;0.0;;3883.0;0.0;;3687.0;0.0;0.0;;3800.0;0.0
ore_ont_6433.owl;SubClassOf(<http://www.ontologydesignpatterns.org/ont/fao/agrovoc.owl#Penicillium> <http://www.ontologydesignpatterns.org/ont/fao/agrovoc.owl#Deuteromycotina>);16382;1058.5;;3739;0;;3782.0;0.0;;3667.0;0.0;;3731.0;0.0;0.0;;3745.0;0.0
ore_ont_6433.owl;SubClassOf(<http://www.ontologydesignpatterns.org/ont/fao/agrovoc.owl#Agricultural_Chemicals> <http://www.ontologydesignpatterns.org/ont/fao/agrovoc.owl#AGTOP>);16382;487.5;;3834;0;;3917.0;0.0;;3789.0;0.0;;3666.0;0.0;0.0;;3690.0;0.0
ore_ont_6433.owl;SubClassOf(<http://www.ontologydesignpatterns.org/ont/fao/agrovoc.owl#Drying> <http://www.ontologydesignpatterns.org/ont/fao/agrovoc.owl#Processing>);16382;540.5;;3658;0;;3919.0;0.0;;3707.0;0.0;;3729.0;0.0;0.0;;3715.0;0.0
ore_ont_6433.owl;SubClassOf(<http://www.ontologydesignpatterns.org/ont/fao/agrovoc.owl#Oreochromis> <http://www.ontologydesignpatterns.org/ont/fao/agrovoc.owl#Percoidei>);16382;163.09999999999997;;3670;0;;3809.0;0.0;;3640.0;0.0;;3705.0;0.0;0.0;;3812.0;0.0
ore_ont_4235.owl;SubClassOf(<http://purl.obolibrary.org/obo/UniProtKB#_F4JHB3> <http://purl.obolibrary.org/obo/PR_000000001>);24422;117266.39999999998;;3938;0;;3957.0;0.0;;4001.0;0.0;;3917.0;0.0;0.0;;3909.0;0.0
ore_ont_4235.owl;SubClassOf(<http://purl.obolibrary.org/obo/UniProtKB#_Q9FPT1> <http://purl.obolibrary.org/obo/PR_000000001>);24422;190558.4;;3980;0;;3924.0;0.0;;4081.0;0.0;;4216.0;0.0;0.0;;3948.0;0.0
ore_ont_4235.owl;SubClassOf(<http://purl.obolibrary.org/obo/UniProtKB#_Q9SVY4> <http://purl.obolibrary.org/obo/PR_000000001>);24422;139253.99999999997;;3869;0;;3895.0;0.0;;3826.0;0.0;;4032.0;0.0;0.0;;3768.0;0.0
ore_ont_4235.owl;SubClassOf(<http://purl.obolibrary.org/obo/UniProtKB#_Q9SVY1> <http://purl.obolibrary.org/obo/PR_000000001>);24422;219875.2;;3983;0;;3880.0;0.0;;3843.0;0.0;;3813.0;0.0;0.0;;3805.0;0.0
ore_ont_4235.owl;SubClassOf(<http://purl.obolibrary.org/obo/UniProtKB#_Q9FPS2> <http://purl.obolibrary.org/obo/PR_000000001>);24422;139253.99999999997;;3781;0;;3802.0;0.0;;3953.0;0.0;;3751.0;0.0;0.0;;3786.0;0.0
ore_ont_4235.owl;SubClassOf(<http://purl.obolibrary.org/obo/UniProtKB#_Q9FPS3> <http://purl.obolibrary.org/obo/PR_000000001>);24422;190558.4;;4125;0;;3783.0;0.0;;3813.0;0.0;;3840.0;0.0;0.0;;3781.0;0.0
ore_ont_4235.owl;SubClassOf(<http://purl.obolibrary.org/obo/UniProtKB#_Q9FPS4> <http://purl.obolibrary.org/obo/PR_000000001>);24422;175899.99999999997;;3833;0;;3831.0;0.0;;4060.0;0.0;;3850.0;0.0;0.0;;3820.0;0.0
ore_ont_4235.owl;SubClassOf(<http://purl.obolibrary.org/obo/UniProtKB#_Q9SVY0> <http://purl.obolibrary.org/obo/PR_000000001>);24422;153912.4;;3811;0;;3918.0;0.0;;3885.0;0.0;;3925.0;0.0;0.0;;3931.0;0.0
ore_ont_4235.owl;SubClassOf(<http://purl.obolibrary.org/obo/UniProtKB#_Q9SVY8> <http://purl.obolibrary.org/obo/PR_000000001>);24422;183229.2;;3925;0;;3833.0;0.0;;3861.0;0.0;;3814.0;0.0;0.0;;3825.0;0.0
ore_ont_4235.owl;SubClassOf(<http://purl.obolibrary.org/obo/UniProtKB#_Q9SVY5> <http://purl.obolibrary.org/obo/PR_000000001>);24422;175899.99999999997;;3815;0;;4116.0;0.0;;3849.0;0.0;;3971.0;0.0;0.0;;3895.0;0.0
ore_ont_11081.owl;SubClassOf(<http://purl.obolibrary.org/obo/FYPO_0001362> <http://purl.obolibrary.org/obo/FYPO_0000002>);27205;35691.19999999999;1.0004230734746944;222665;4113;1.000523938673959;252390.0;5113.0;0.9996637826691173;54514.0;5002.0;1.0031548392881156;7271.0;4476.0;2.0;1.0004230734746944;555625.0;4907.0
ore_ont_11081.owl;SubClassOf(<http://purl.obolibrary.org/obo/PATO_0002052> <http://purl.obolibrary.org/obo/PATO_0000001>);27205;24018.399999999998;0.9956991306664891;77310;5010;0.994500049961696;169492.0;5044.0;1.000524597808347;18339.0;5130.0;0.999017419978017;7103.0;5598.0;2.0;0.9956991306664891;243653.0;5510.0
ore_ont_11081.owl;SubClassOf(<http://purl.obolibrary.org/obo/CL_0000334> <http://purl.obolibrary.org/obo/CL_0000000>);27205;30904.8;0.9989127902461754;15402;5989;0.9989710336258446;21875.0;5613.0;0.9981750407703658;12781.0;6140.0;0.9981750407703658;7386.0;6473.0;1.0;0.9989127902461754;46466.0;5554.0
ore_ont_11081.owl;SubClassOf(<http://purl.obolibrary.org/obo/GO_0072690> <http://purl.obolibrary.org/obo/GO_0008150>);27205;18656.9;1.0001393586287113;13260;5531;0.9999142408438702;21110.0;5603.0;1.0001393586287113;9371.0;5739.0;0.9999142408438702;7023.0;5876.0;2.0;1.0001393586287113;32571.0;5792.0
ore_ont_11081.owl;SubClassOf(<http://purl.obolibrary.org/obo/FYPO_0000663> <http://purl.obolibrary.org/obo/PATO_0002052>);27205;36281.59999999999;;3785;0;;3816.0;0.0;;3922.0;0.0;;3907.0;0.0;0.0;;3954.0;0.0
ore_ont_11081.owl;SubClassOf(<http://purl.obolibrary.org/obo/PATO_0000461> <http://purl.obolibrary.org/obo/PATO_0000001>);27205;18655.5;0.9976682479697676;17254;5916;0.9983114899091421;21365.0;5836.0;0.9976682479697676;10781.0;5670.0;0.9983114899091421;7075.0;5692.0;1.0;0.9976682479697676;50256.0;5588.0
ore_ont_11081.owl;SubClassOf(<http://purl.obolibrary.org/obo/FYPO_0000662> <http://purl.obolibrary.org/obo/PATO_0002051>);27205;35202.599999999984;;3880;0;;3877.0;0.0;;3829.0;0.0;;3822.0;0.0;0.0;;3796.0;0.0
ore_ont_11081.owl;SubClassOf(<http://purl.obolibrary.org/obo/PATO_0000460> <http://purl.obolibrary.org/obo/PATO_0000001>);27205;19192.0;0.9988745310546061;17326;6587;0.9988745310546061;35735.0;6068.0;0.9988745310546061;10992.0;6318.0;1.0000937890787829;7124.0;6094.0;1.0;0.9988745310546061;53029.0;6158.0
ore_ont_11081.owl;SubClassOf(<http://purl.obolibrary.org/obo/FYPO_0000127> <http://purl.obolibrary.org/obo/PATO_0001551>);27205;29349.899999999998;;3767;0;;3796.0;0.0;;3739.0;0.0;;3852.0;0.0;0.0;;3776.0;0.0
ore_ont_11081.owl;SubClassOf(<http://purl.obolibrary.org/obo/FYPO_0000664> <http://purl.obolibrary.org/obo/PATO_0001558>);27205;26655.8;;3809;0;;3796.0;0.0;;3700.0;0.0;;3805.0;0.0;0.0;;3811.0;0.0
ore_ont_7716.owl;SubClassOf(<http://purl.obolibrary.org/obo/FMA_20328> <http://purl.obolibrary.org/obo/FMA_9653>);25634;23420.4;;3854;0;;3875.0;0.0;;3968.0;0.0;;4157.0;0.0;0.0;;4103.0;0.0
ore_ont_7716.owl;SubClassOf(<http://purl.obolibrary.org/obo/FMA_10681> <http://purl.obolibrary.org/obo/FMA_10663>);25634;16723.4;;3722;0;;3877.0;0.0;;3797.0;0.0;;3934.0;0.0;0.0;;3817.0;0.0
ore_ont_7716.owl;SubClassOf(<http://purl.obolibrary.org/obo/FMA_10698> <http://purl.obolibrary.org/obo/FMA_70353>);25634;16725.3;0.999641262040143;13370;8818;0.9995874513461643;26140.0;8331.0;0.999641262040143;9352.0;9915.0;0.9995874513461643;8071.0;9732.0;1.0;0.999641262040143;36075.0;8393.0
ore_ont_7716.owl;SubClassOf(<http://purl.obolibrary.org/obo/FMA_14151> <http://purl.obolibrary.org/obo/FMA_9337>);25634;15897.000000000002;;3848;0;;3894.0;0.0;;4120.0;0.0;;3906.0;0.0;0.0;;3908.0;0.0
ore_ont_7716.owl;SubClassOf(<http://purl.obolibrary.org/obo/FMA_223915> <http://purl.obolibrary.org/obo/FMA_62865>);25634;18415.4;;3899;0;;3869.0;0.0;;3963.0;0.0;;3931.0;0.0;0.0;;3833.0;0.0
ore_ont_7716.owl;SubClassOf(<http://purl.obolibrary.org/obo/FMA_224106> <http://purl.obolibrary.org/obo/FMA_224058>);25634;19238.8;;3841;0;;3821.0;0.0;;3862.0;0.0;;3896.0;0.0;0.0;;3821.0;0.0
ore_ont_7716.owl;SubClassOf(<http://purl.obolibrary.org/obo/FMA_232916> <http://purl.obolibrary.org/obo/FMA_63815>);25634;8386.199999999999;;3857;0;;3829.0;0.0;;3875.0;0.0;;3961.0;0.0;0.0;;4009.0;0.0
ore_ont_7716.owl;SubClassOf(<http://purl.obolibrary.org/obo/FMA_18332> <http://purl.obolibrary.org/obo/FMA_86103>);25634;18403.7;;3902;0;;3953.0;0.0;;3808.0;0.0;;3877.0;0.0;0.0;;3836.0;0.0
ore_ont_7716.owl;SubClassOf(<http://purl.obolibrary.org/obo/FMA_10698> <http://purl.obolibrary.org/obo/FMA_10663>);25634;14214.9;;4006;0;;3829.0;0.0;;4059.0;0.0;;3767.0;0.0;0.0;;3777.0;0.0
ore_ont_7716.owl;SubClassOf(<http://purl.obolibrary.org/obo/FMA_20347> <http://purl.obolibrary.org/obo/FMA_20346>);25634;24248.9;;3790;0;;3753.0;0.0;;3767.0;0.0;;3841.0;0.0;0.0;;3888.0;0.0
ore_ont_2661.owl;SubClassOf(<http://purl.obolibrary.org/obo/ENSEMBL_F26G5.4> <http://purl.obolibrary.org/obo/ENSEMBL_ENSFM00500000271667>);20389;4488.299999999999;;4321;0;;4060.0;0.0;;4126.0;0.0;;3999.0;0.0;0.0;;4107.0;0.0
ore_ont_2661.owl;SubClassOf(<http://purl.obolibrary.org/obo/ENSEMBL_F54B8.16> <http://purl.obolibrary.org/obo/ENSEMBL_ENSFM00500000270898>);20389;4488.9;;4096;0;;4037.0;0.0;;4087.0;0.0;;4015.0;0.0;0.0;;4034.0;0.0
ore_ont_2661.owl;SubClassOf(<http://purl.obolibrary.org/obo/ENSEMBL_T23F1.4> <http://purl.obolibrary.org/obo/ENSEMBL_ENSFM00500000270900>);20389;4489.2;;4067;0;;4266.0;0.0;;4145.0;0.0;;4178.0;0.0;0.0;;4209.0;0.0
ore_ont_2661.owl;SubClassOf(<http://purl.obolibrary.org/obo/ENSEMBL_Y49C4A.8> <http://purl.obolibrary.org/obo/ENSEMBL_ENSFM00250000000580>);20389;4496.099999999999;;4099;0;;4147.0;0.0;;4457.0;0.0;;4121.0;0.0;0.0;;4023.0;0.0
ore_ont_2661.owl;SubClassOf(<http://purl.obolibrary.org/obo/ENSEMBL_Y119D3B.8> <http://purl.obolibrary.org/obo/ENSEMBL_ENSFM00500000271108>);20389;4488.599999999999;;4034;0;;4002.0;0.0;;4109.0;0.0;;4133.0;0.0;0.0;;4111.0;0.0
ore_ont_2661.owl;SubClassOf(<http://purl.obolibrary.org/obo/ENSEMBL_ZK1251.6> <http://purl.obolibrary.org/obo/ENSEMBL_ENSFM00250000001200>);20389;4489.499999999999;;4145;0;;4443.0;0.0;;4118.0;0.0;;4553.0;0.0;0.0;;4122.0;0.0
ore_ont_2661.owl;SubClassOf(<http://purl.obolibrary.org/obo/ENSEMBL_ZK354.9> <http://purl.obolibrary.org/obo/ENSEMBL_ENSFM00420000140518>);20389;4489.499999999999;;4063;0;;4484.0;0.0;;4175.0;0.0;;4106.0;0.0;0.0;;4072.0;0.0
ore_ont_2661.owl;SubClassOf(<http://purl.obolibrary.org/obo/ENSEMBL_C53B4.5> <http://purl.obolibrary.org/obo/ENSEMBL_ENSFM00600000921403>);20389;4489.2;;4034;0;;4038.0;0.0;;4062.0;0.0;;4035.0;0.0;0.0;;4150.0;0.0
ore_ont_2661.owl;SubClassOf(<http://purl.obolibrary.org/obo/ENSEMBL_F44C8.8> <http://purl.obolibrary.org/obo/ENSEMBL_ENSFM00500000270071>);20389;4492.2;;4296;0;;4176.0;0.0;;4122.0;0.0;;4100.0;0.0;0.0;;4101.0;0.0
ore_ont_2661.owl;SubClassOf(<http://purl.obolibrary.org/obo/ENSEMBL_F35E2.6> <http://purl.obolibrary.org/obo/ENSEMBL_ENSFM00250000000481>);20389;4488.599999999999;;4067;0;;4125.0;0.0;;4167.0;0.0;;4167.0;0.0;0.0;;4187.0;0.0
ore_ont_12194.owl;SubClassOf(<http://www.loria.fr/~coulet/ontology/sopharm/version2.0/disease_ontology.owl#DOID_15977> <http://www.loria.fr/~coulet/ontology/sopharm/version2.0/disease_ontology.owl#DOID_19120>);19382;106.79999999999998;;3940;0;;3900.0;0.0;;3816.0;0.0;;3911.0;0.0;0.0;;3855.0;0.0
ore_ont_12194.owl;SubClassOf(<http://www.loria.fr/~coulet/ontology/sopharm/version2.0/disease_ontology.owl#DOID_2405> <http://www.loria.fr/~coulet/ontology/sopharm/version2.0/disease_ontology.owl#DOID_19132>);19382;54.39999999999999;;3869;0;;3795.0;0.0;;3902.0;0.0;;4128.0;0.0;0.0;;3856.0;0.0
ore_ont_12194.owl;SubClassOf(<http://www.loria.fr/~coulet/ontology/sopharm/version2.0/disease_ontology.owl#DOID_1097> <http://www.loria.fr/~coulet/ontology/sopharm/version2.0/disease_ontology.owl#DOID_21>);19382;64.6;;3954;0;;3858.0;0.0;;3789.0;0.0;;3908.0;0.0;0.0;;3791.0;0.0
ore_ont_12194.owl;SubClassOf(<http://www.loria.fr/~coulet/ontology/sopharm/version2.0/disease_ontology.owl#DOID_11245> <http://www.loria.fr/~coulet/ontology/sopharm/version2.0/disease_ontology.owl#DOID_19119>);19382;144.5;;3866;0;;3815.0;0.0;;3824.0;0.0;;3822.0;0.0;0.0;;3804.0;0.0
ore_ont_12194.owl;SubClassOf(<http://www.loria.fr/~coulet/ontology/sopharm/version2.0/disease_ontology.owl#DOID_2037> <http://www.loria.fr/~coulet/ontology/sopharm/version2.0/disease_ontology.owl#DOID_1228>);19382;40.1;;3814;0;;3821.0;0.0;;3781.0;0.0;;3804.0;0.0;0.0;;3890.0;0.0
ore_ont_12194.owl;SubClassOf(<http://www.loria.fr/~coulet/ontology/sopharm/version2.0/disease_ontology.owl#DOID_225> <http://www.loria.fr/~coulet/ontology/sopharm/version2.0/disease_ontology.owl#DOID_1150>);19382;24.1;;3722;0;;3819.0;0.0;;3846.0;0.0;;3718.0;0.0;0.0;;3891.0;0.0
ore_ont_12194.owl;SubClassOf(<http://www.loria.fr/~coulet/ontology/sopharm/version2.0/disease_ontology.owl#DOID_1150> <http://www.loria.fr/~coulet/ontology/sopharm/version2.0/disease_ontology.owl#DOID_1493>);19382;12.8;;3731;0;;3728.0;0.0;;3902.0;0.0;;3902.0;0.0;0.0;;3810.0;0.0
ore_ont_12194.owl;SubClassOf(<http://www.loria.fr/~coulet/ontology/sopharm/version2.0/disease_ontology.owl#DOID_19119> <http://www.loria.fr/~coulet/ontology/sopharm/version2.0/disease_ontology.owl#DOID_19129>);19382;90.29999999999998;;3813;0;;3889.0;0.0;;3910.0;0.0;;3901.0;0.0;0.0;;4009.0;0.0
ore_ont_12194.owl;SubClassOf(<http://www.loria.fr/~coulet/ontology/sopharm/version2.0/disease_ontology.owl#DOID_2315> <http://www.loria.fr/~coulet/ontology/sopharm/version2.0/disease_ontology.owl#DOID_7345>);19382;37.7;;3901;0;;3800.0;0.0;;3880.0;0.0;;3769.0;0.0;0.0;;3938.0;0.0
ore_ont_12194.owl;SubClassOf(<http://www.loria.fr/~coulet/ontology/sopharm/version2.0/disease_ontology.owl#DOID_5375> <http://www.loria.fr/~coulet/ontology/sopharm/version2.0/disease_ontology.owl#DOID_1234>);19382;40.1;;3786;0;;3828.0;0.0;;3857.0;0.0;;3853.0;0.0;0.0;;3781.0;0.0
ore_ont_16687.owl;SubClassOf(<http://purl.obolibrary.org/obo/ENSEMBL_ENSDARG00000091091> <http://purl.obolibrary.org/obo/SO_0000655>);32313;31.5;;4051;0;;3949.0;0.0;;4061.0;0.0;;4260.0;0.0;0.0;;4182.0;0.0
ore_ont_16687.owl;SubClassOf(<http://purl.obolibrary.org/obo/ENSEMBL_ENSDARG00000082738> <http://purl.obolibrary.org/obo/SO_0000276>);32313;226.8;;4176;0;;4221.0;0.0;;4368.0;0.0;;4154.0;0.0;0.0;;4143.0;0.0
ore_ont_16687.owl;SubClassOf(<http://purl.obolibrary.org/obo/ENSEMBL_ENSDARG00000082618> <http://purl.obolibrary.org/obo/SO_0000252>);32313;598.8;;4310;0;;4173.0;0.0;;4153.0;0.0;;4313.0;0.0;0.0;;4256.0;0.0
ore_ont_16687.owl;SubClassOf(<http://purl.obolibrary.org/obo/ENSEMBL_ENSDARG00000082739> <http://purl.obolibrary.org/obo/SO_0000275>);32313;98.4;;4489;0;;4228.0;0.0;;4218.0;0.0;;4350.0;0.0;0.0;;4179.0;0.0
ore_ont_16687.owl;SubClassOf(<http://purl.obolibrary.org/obo/ENSEMBL_ENSDARG00000095931> <http://purl.obolibrary.org/obo/SO_0001503>);32313;480.3;;4235;0;;4169.0;0.0;;4128.0;0.0;;4129.0;0.0;0.0;;4070.0;0.0
ore_ont_16687.owl;SubClassOf(<http://purl.obolibrary.org/obo/ENSEMBL_ENSDARG00000094481> <http://purl.obolibrary.org/obo/SO_0000704>);32313;20.7;;4148;0;;4125.0;0.0;;4061.0;0.0;;4075.0;0.0;0.0;;4172.0;0.0
ore_ont_16687.owl;SubClassOf(<http://purl.obolibrary.org/obo/ENSEMBL_ENSDARG00000015807> <http://purl.obolibrary.org/obo/SO_0001217>);32313;7816.5;;4170;0;;4206.0;0.0;;4251.0;0.0;;4157.0;0.0;0.0;;4203.0;0.0
ore_ont_16687.owl;SubClassOf(<http://purl.obolibrary.org/obo/ENSEMBL_ENSDARG00000082614> <http://purl.obolibrary.org/obo/SO_0000274>);32313;391.2;;4140;0;;4136.0;0.0;;4131.0;0.0;;4195.0;0.0;0.0;;4242.0;0.0
ore_ont_16687.owl;SubClassOf(<http://purl.obolibrary.org/obo/ENSEMBL_ENSDARG00000031703> <http://purl.obolibrary.org/obo/SO_0000336>);32313;62.39999999999999;;4265;0;;4229.0;0.0;;4046.0;0.0;;4201.0;0.0;0.0;;4065.0;0.0
ore_ont_16687.owl;SubClassOf(<http://purl.obolibrary.org/obo/ENSEMBL_ENSDARG00000080329> <http://purl.obolibrary.org/obo/SO_0000253>);32313;11.4;;4186;0;;4355.0;0.0;;4316.0;0.0;;4149.0;0.0;0.0;;4258.0;0.0
ore_ont_12149.owl;SubClassOf(<http://purl.obolibrary.org/obo/TTO_107911> <http://purl.obolibrary.org/obo/TTO_14030>);38589;666.9999999999999;;4402;0;;4308.0;0.0;;4310.0;0.0;;4422.0;0.0;0.0;;4325.0;0.0
ore_ont_12149.owl;SubClassOf(<http://purl.obolibrary.org/obo/TTO_100867> <http://purl.obolibrary.org/obo/TTO_10760>);38589;479.2000000000001;;4476;0;;4270.0;0.0;;4664.0;0.0;;4320.0;0.0;0.0;;4379.0;0.0
ore_ont_12149.owl;SubClassOf(<http://purl.obolibrary.org/obo/TTO_1068919> <http://purl.obolibrary.org/obo/TTO_101503>);38589;525.6;;4459;0;;4514.0;0.0;;4459.0;0.0;;4287.0;0.0;0.0;;4249.0;0.0
ore_ont_12149.owl;SubClassOf(<http://purl.obolibrary.org/obo/TTO_1001818> <http://purl.obolibrary.org/obo/TTO_100867>);38589;652.2;;4351;0;;4283.0;0.0;;4281.0;0.0;;4330.0;0.0;0.0;;4295.0;0.0
ore_ont_12149.owl;SubClassOf(<http://purl.obolibrary.org/obo/TTO_1068514> <http://purl.obolibrary.org/obo/TTO_100490>);38589;801.3;;4315;0;;4337.0;0.0;;4286.0;0.0;;4385.0;0.0;0.0;;4431.0;0.0
ore_ont_12149.owl;SubClassOf(<http://purl.obolibrary.org/obo/TTO_1004808> <http://purl.obolibrary.org/obo/TTO_100552>);38589;527.4;;4364;0;;4398.0;0.0;;4337.0;0.0;;4487.0;0.0;0.0;;4428.0;0.0
ore_ont_12149.owl;SubClassOf(<http://purl.obolibrary.org/obo/TTO_104345> <http://purl.obolibrary.org/obo/TTO_13440>);38589;659.8;;4514;0;;4284.0;0.0;;4455.0;0.0;;4336.0;0.0;0.0;;4385.0;0.0
ore_ont_12149.owl;SubClassOf(<http://purl.obolibrary.org/obo/TTO_1069967> <http://purl.obolibrary.org/obo/TTO_104345>);38589;865.7999999999998;;4312;0;;4415.0;0.0;;4338.0;0.0;;4379.0;0.0;0.0;;4363.0;0.0
ore_ont_12149.owl;SubClassOf(<http://purl.obolibrary.org/obo/TTO_14030> <http://purl.obolibrary.org/obo/TTO_1630>);38589;504.2999999999999;;4317;0;;4406.0;0.0;;4263.0;0.0;;4354.0;0.0;0.0;;4337.0;0.0
ore_ont_12149.owl;SubClassOf(<http://purl.obolibrary.org/obo/TTO_102171> <http://purl.obolibrary.org/obo/TTO_10910>);38589;424.6;;4462;0;;4328.0;0.0;;4375.0;0.0;;4322.0;0.0;0.0;;4789.0;0.0
ore_ont_7493.owl;SubClassOf(<http://purl.obolibrary.org/obo/TTO_107911> <http://purl.obolibrary.org/obo/TTO_14030>);38639;666.9999999999999;;4382;0;;4398.0;0.0;;4385.0;0.0;;4259.0;0.0;0.0;;4364.0;0.0
ore_ont_7493.owl;SubClassOf(<http://purl.obolibrary.org/obo/TTO_100867> <http://purl.obolibrary.org/obo/TTO_10760>);38639;479.2000000000001;;4391;0;;4240.0;0.0;;4319.0;0.0;;4394.0;0.0;0.0;;4167.0;0.0
ore_ont_7493.owl;SubClassOf(<http://purl.obolibrary.org/obo/TTO_1068919> <http://purl.obolibrary.org/obo/TTO_101503>);38639;525.3;;4288;0;;4792.0;0.0;;4424.0;0.0;;4310.0;0.0;0.0;;4349.0;0.0
ore_ont_7493.owl;SubClassOf(<http://purl.obolibrary.org/obo/TTO_1001818> <http://purl.obolibrary.org/obo/TTO_100867>);38639;651.9000000000001;;4321;0;;4402.0;0.0;;4432.0;0.0;;4165.0;0.0;0.0;;4368.0;0.0
ore_ont_7493.owl;SubClassOf(<http://purl.obolibrary.org/obo/TTO_1068514> <http://purl.obolibrary.org/obo/TTO_100490>);38639;803.6999999999999;;4279;0;;4314.0;0.0;;4436.0;0.0;;4229.0;0.0;0.0;;4355.0;0.0
ore_ont_7493.owl;SubClassOf(<http://purl.obolibrary.org/obo/TTO_1004808> <http://purl.obolibrary.org/obo/TTO_100552>);38639;527.4;;4265;0;;4318.0;0.0;;4313.0;0.0;;4348.0;0.0;0.0;;4314.0;0.0
ore_ont_7493.owl;SubClassOf(<http://purl.obolibrary.org/obo/TTO_104345> <http://purl.obolibrary.org/obo/TTO_13440>);38639;659.8;;4310;0;;4291.0;0.0;;4358.0;0.0;;4418.0;0.0;0.0;;4426.0;0.0
ore_ont_7493.owl;SubClassOf(<http://purl.obolibrary.org/obo/TTO_1069967> <http://purl.obolibrary.org/obo/TTO_104345>);38639;866.0999999999999;;4252;0;;4527.0;0.0;;4530.0;0.0;;4359.0;0.0;0.0;;4410.0;0.0
ore_ont_7493.owl;SubClassOf(<http://purl.obolibrary.org/obo/TTO_14030> <http://purl.obolibrary.org/obo/TTO_1630>);38639;504.2999999999999;;4507;0;;4774.0;0.0;;4475.0;0.0;;4269.0;0.0;0.0;;4318.0;0.0
ore_ont_7493.owl;SubClassOf(<http://purl.obolibrary.org/obo/TTO_102171> <http://purl.obolibrary.org/obo/TTO_10910>);38639;424.6;;4372;0;;4394.0;0.0;;4352.0;0.0;;4865.0;0.0;0.0;;4905.0;0.0
ore_ont_6310.owl;SubClassOf(<http://ncicb.nci.nih.gov/xml/owl/EVS/Hugo.owl#HGNC_4149> <http://ncicb.nci.nih.gov/xml/owl/EVS/Hugo.owl#pseudogene>);32917;1644.6999999999998;;4270;0;;4214.0;0.0;;4245.0;0.0;;4104.0;0.0;0.0;;4059.0;0.0
ore_ont_6310.owl;SubClassOf(<http://ncicb.nci.nih.gov/xml/owl/EVS/Hugo.owl#HGNC_2089> <http://ncicb.nci.nih.gov/xml/owl/EVS/Hugo.owl#phenotype_only>);32917;229.0;;4084;0;;4059.0;0.0;;4096.0;0.0;;4133.0;0.0;0.0;;4200.0;0.0
ore_ont_6310.owl;SubClassOf(<http://ncicb.nci.nih.gov/xml/owl/EVS/Hugo.owl#HGNC_32988> <http://ncicb.nci.nih.gov/xml/owl/EVS/Hugo.owl#RNA,_small_nucleolar>);32917;127.9;;4147;0;;4200.0;0.0;;4124.0;0.0;;4142.0;0.0;0.0;;4160.0;0.0
ore_ont_6310.owl;SubClassOf(<http://ncicb.nci.nih.gov/xml/owl/EVS/Hugo.owl#HGNC_8509> <http://ncicb.nci.nih.gov/xml/owl/EVS/Hugo.owl#withdrawn>);32917;1041.4;;4133;0;;4249.0;0.0;;4277.0;0.0;;4148.0;0.0;0.0;;4272.0;0.0
ore_ont_6310.owl;SubClassOf(<http://ncicb.nci.nih.gov/xml/owl/EVS/Hugo.owl#HGNC_34124> <http://ncicb.nci.nih.gov/xml/owl/EVS/Hugo.owl#RNA,_pseudogene>);32917;89.8;;4110;0;;4133.0;0.0;;4189.0;0.0;;4184.0;0.0;0.0;;4199.0;0.0
ore_ont_6310.owl;SubClassOf(<http://ncicb.nci.nih.gov/xml/owl/EVS/Hugo.owl#HGNC_26066> <http://ncicb.nci.nih.gov/xml/owl/EVS/Hugo.owl#gene_with_no_protein_product>);32917;88.0;;4271;0;;4348.0;0.0;;4237.0;0.0;;4203.0;0.0;0.0;;4240.0;0.0
ore_ont_6310.owl;SubClassOf(<http://ncicb.nci.nih.gov/xml/owl/EVS/Hugo.owl#HGNC_5477> <http://ncicb.nci.nih.gov/xml/owl/EVS/Hugo.owl#gene_with_protein_product>);32917;5818.000000000001;;4178;0;;4144.0;0.0;;4138.0;0.0;;3987.0;0.0;0.0;;4382.0;0.0
ore_ont_6310.owl;SubClassOf(<http://ncicb.nci.nih.gov/xml/owl/EVS/Hugo.owl#HGNC_9838> <http://ncicb.nci.nih.gov/xml/owl/EVS/Hugo.owl#unknown>);32917;91.29999999999998;;4242;0;;4351.0;0.0;;4393.0;0.0;;4211.0;0.0;0.0;;4228.0;0.0
ore_ont_6310.owl;SubClassOf(<http://ncicb.nci.nih.gov/xml/owl/EVS/Hugo.owl#HGNC_12332> <http://ncicb.nci.nih.gov/xml/owl/EVS/Hugo.owl#RNA,_transfer>);32917;173.2;;4151;0;;4133.0;0.0;;4133.0;0.0;;4041.0;0.0;0.0;;4100.0;0.0
ore_ont_6310.owl;SubClassOf(<http://ncicb.nci.nih.gov/xml/owl/EVS/Hugo.owl#HGNC_32144> <http://ncicb.nci.nih.gov/xml/owl/EVS/Hugo.owl#RNA,_micro>);32917;295.9;;4077;0;;4276.0;0.0;;4141.0;0.0;;4157.0;0.0;0.0;;4232.0;0.0
ore_ont_13664.owl;SubClassOf(<http://purl.obolibrary.org/obo/ENSEMBL_ENSMUSG00000082488> <http://purl.obolibrary.org/obo/SO_0001217>);37683;6817.2;;4410;0;;4337.0;0.0;;4473.0;0.0;;4324.0;0.0;0.0;;4440.0;0.0
ore_ont_13664.owl;SubClassOf(<http://purl.obolibrary.org/obo/ENSEMBL_ENSMUSG00000084545> <http://purl.obolibrary.org/obo/SO_0000252>);37683;107.7;;4293;0;;4291.0;0.0;;4305.0;0.0;;4287.0;0.0;0.0;;4294.0;0.0
ore_ont_13664.owl;SubClassOf(<http://purl.obolibrary.org/obo/ENSEMBL_ENSMUSG00000093140> <http://purl.obolibrary.org/obo/SO_0000276>);37683;482.7;;4408;0;;4261.0;0.0;;4316.0;0.0;;4472.0;0.0;0.0;;4613.0;0.0
ore_ont_13664.owl;SubClassOf(<http://purl.obolibrary.org/obo/ENSEMBL_ENSMUSG00000086846> <http://purl.obolibrary.org/obo/SO_0000336>);37683;1574.1;;4089;0;;4194.0;0.0;;4286.0;0.0;;4171.0;0.0;0.0;;4391.0;0.0
ore_ont_13664.owl;SubClassOf(<http://purl.obolibrary.org/obo/ENSEMBL_ENSMUSG00000084667> <http://purl.obolibrary.org/obo/SO_0000275>);37683;472.2;;4363;0;;4414.0;0.0;;4221.0;0.0;;4143.0;0.0;0.0;;4222.0;0.0
ore_ont_13664.owl;SubClassOf(<http://purl.obolibrary.org/obo/ENSEMBL_ENSMUSG00000084666> <http://purl.obolibrary.org/obo/SO_0000655>);37683;151.79999999999998;;4392;0;;4347.0;0.0;;4660.0;0.0;;4462.0;0.0;0.0;;4303.0;0.0
ore_ont_13664.owl;SubClassOf(<http://purl.obolibrary.org/obo/ENSEMBL_ENSMUSG00000085515> <http://purl.obolibrary.org/obo/SO_0001503>);37683;777.3000000000001;;4324;0;;4455.0;0.0;;4330.0;0.0;;4356.0;0.0;0.0;;4134.0;0.0
ore_ont_13664.owl;SubClassOf(<http://purl.obolibrary.org/obo/ENSEMBL_ENSMUSG00000065906> <http://purl.obolibrary.org/obo/SO_0000274>);37683;434.1;;4209;0;;4244.0;0.0;;4249.0;0.0;;4156.0;0.0;0.0;;4462.0;0.0
ore_ont_13664.owl;SubClassOf(<http://purl.obolibrary.org/obo/ENSEMBL_ENSMUSG00000086604> <http://purl.obolibrary.org/obo/SO_0001463>);37683;387.6;;4293;0;;4183.0;0.0;;4115.0;0.0;;4265.0;0.0;0.0;;4165.0;0.0
ore_ont_13664.owl;SubClassOf(<http://purl.obolibrary.org/obo/ENSEMBL_ENSMUSG00000091087> <http://purl.obolibrary.org/obo/SO_0000704>);37683;149.99999999999997;;4115;0;;4124.0;0.0;;4115.0;0.0;;4321.0;0.0;0.0;;4293.0;0.0
ore_ont_6102.owl;SubClassOf(<http://www.absoluteiri.edu/RELAPPROXC11685> <http://purl.obolibrary.org/obo/TAO_0001834>);47690;4801.8;;5051;0;;4750.0;0.0;;5063.0;0.0;;4396.0;0.0;0.0;;4404.0;0.0
ore_ont_6102.owl;SubClassOf(<http://www.absoluteiri.edu/RELAPPROXC11797> <http://purl.obolibrary.org/obo/PATO_0000117>);47690;1426.0;;4415;0;;4307.0;0.0;;4685.0;0.0;;4436.0;0.0;0.0;;4425.0;0.0
ore_ont_6102.owl;SubClassOf(<http://www.absoluteiri.edu/RELAPPROXC11976> <http://purl.obolibrary.org/obo/PATO_0000141>);47690;1429.3;;4489;0;;4516.0;0.0;;4355.0;0.0;;4516.0;0.0;0.0;;4448.0;0.0
ore_ont_6102.owl;SubClassOf(<http://www.absoluteiri.edu/RELAPPROXC11767> <http://purl.obolibrary.org/obo/BFO_0000004>);47690;5275.3;0.9954315394385153;27727;2688;0.9954315394385153;15550.0;3079.0;0.9954315394385153;13656.0;2608.0;0.9954315394385153;9682.0;2931.0;1.0;0.9954315394385153;25774.0;3030.0
ore_ont_6102.owl;SubClassOf(<http://www.absoluteiri.edu/RELAPPROXC12189> <http://purl.obolibrary.org/obo/TAO_0000240>);47690;3372.3;;5090;0;;5636.0;0.0;;4906.0;0.0;;4995.0;0.0;0.0;;4989.0;0.0
ore_ont_6102.owl;SubClassOf(<http://www.absoluteiri.edu/RELAPPROXC11818> <http://purl.obolibrary.org/obo/TAO_0000226>);47690;3848.1;;4592;0;;4884.0;0.0;;5039.0;0.0;;4541.0;0.0;0.0;;4638.0;0.0
ore_ont_6102.owl;SubClassOf(<http://www.absoluteiri.edu/RELAPPROXC11887> <http://purl.obolibrary.org/obo/TAO_0000672>);47690;3853.2;;4322;0;;5155.0;0.0;;5054.0;0.0;;4538.0;0.0;0.0;;4648.0;0.0
ore_ont_6102.owl;SubClassOf(<http://www.absoluteiri.edu/RELAPPROXC11778> <http://purl.obolibrary.org/obo/TAO_0002053>);47690;1905.3;;4576;0;;4443.0;0.0;;4681.0;0.0;;4647.0;0.0;0.0;;4726.0;0.0
ore_ont_6102.owl;SubClassOf(<http://www.absoluteiri.edu/RELAPPROXC11966> <http://purl.obolibrary.org/obo/TAO_0001114>);47690;3373.8;;4478;0;;4550.0;0.0;;4629.0;0.0;;4542.0;0.0;0.0;;4720.0;0.0
ore_ont_6102.owl;SubClassOf(<http://www.absoluteiri.edu/RELAPPROXC12150> <http://purl.obolibrary.org/obo/TAO_0002019>);47690;3378.3;;4763;0;;4775.0;0.0;;4567.0;0.0;;4382.0;0.0;0.0;;4544.0;0.0
ore_ont_7455.owl;SubClassOf(<http://purl.obolibrary.org/obo/ENSEMBL_YLR157C-A> <http://purl.obolibrary.org/obo/SO_0001217>);61530;828537.2;1.000271683637138;455189;577830;;-1.0;0.0;1.0002738561406779;124868.0;492097.0;1.0002727698889078;10776.0;462621.0;4.0;;-1.0;0.0
ore_ont_7455.owl;SubClassOf(<http://purl.obolibrary.org/obo/CHROMOSOME-4932_IV> <http://purl.obolibrary.org/obo/SO_0000340>);61530;944702.6999999996;;4462;0;;5173.0;0.0;;4626.0;0.0;;4671.0;0.0;0.0;;4542.0;0.0
ore_ont_7455.owl;SubClassOf(<http://purl.obolibrary.org/obo/CHROMOSOME-4932_XVI> <http://purl.obolibrary.org/obo/SO_0000340>);61530;628234.7999999999;;4446;0;;4639.0;0.0;;4542.0;0.0;;4589.0;0.0;0.0;;4679.0;0.0
ore_ont_7455.owl;SubClassOf(<http://purl.obolibrary.org/obo/CHROMOSOME-4932_II> <http://purl.obolibrary.org/obo/SO_0000340>);61530;839213.3999999999;;4390;0;;4306.0;0.0;;4392.0;0.0;;4306.0;0.0;0.0;;4238.0;0.0
ore_ont_7455.owl;SubClassOf(<http://purl.obolibrary.org/obo/CHROMOSOME-4932_VII> <http://purl.obolibrary.org/obo/SO_0000340>);61530;698561.0;;4955;0;;4887.0;0.0;;4726.0;0.0;;4598.0;0.0;0.0;;4670.0;0.0
ore_ont_7455.owl;SubClassOf(<http://purl.obolibrary.org/obo/CHROMOSOME-4932_XII> <http://purl.obolibrary.org/obo/SO_0000340>);61530;839213.3999999999;;4496;0;;4522.0;0.0;;4558.0;0.0;;4554.0;0.0;0.0;;4563.0;0.0
ore_ont_7455.owl;SubClassOf(<http://purl.obolibrary.org/obo/CHROMOSOME-4932_XIV> <http://purl.obolibrary.org/obo/SO_0000340>);61530;768887.2;;4585;0;;4571.0;0.0;;4535.0;0.0;;4592.0;0.0;0.0;;4800.0;0.0
ore_ont_7455.owl;SubClassOf(<http://purl.obolibrary.org/obo/CHROMOSOME-4932_XV> <http://purl.obolibrary.org/obo/SO_0000340>);61530;804050.2999999999;;4574;0;;4371.0;0.0;;4639.0;0.0;;4702.0;0.0;0.0;;4447.0;0.0
ore_ont_7455.owl;SubClassOf(<http://purl.obolibrary.org/obo/CHROMOSOME-4932_XIII> <http://purl.obolibrary.org/obo/SO_0000340>);61530;804050.2999999999;;4590;0;;4554.0;0.0;;4468.0;0.0;;4578.0;0.0;0.0;;4583.0;0.0
ore_ont_7455.owl;SubClassOf(<http://purl.obolibrary.org/obo/CHROMOSOME-4932_X> <http://purl.obolibrary.org/obo/SO_0000340>);61530;804050.2999999999;;4516;0;;4845.0;0.0;;4497.0;0.0;;4545.0;0.0;0.0;;4486.0;0.0
ore_ont_10778.owl;SubClassOf(<http://purl.obolibrary.org/obo/GO_0019113> <http://purl.obolibrary.org/obo/GO_0016709>);80764;240.9;;4697;0;;4621.0;0.0;;4583.0;0.0;;4751.0;0.0;0.0;;4696.0;0.0
ore_ont_10778.owl;SubClassOf(<http://purl.obolibrary.org/obo/GO_0048468> <http://purl.obolibrary.org/obo/GO_0048856>);80764;222.40000000000003;;4651;0;;4577.0;0.0;;4648.0;0.0;;4523.0;0.0;0.0;;4672.0;0.0
ore_ont_10778.owl;SubClassOf(<http://purl.obolibrary.org/obo/GO_0022402> <http://purl.obolibrary.org/obo/GO_0044763>);80764;99.40000000000002;;4626;0;;4626.0;0.0;;4655.0;0.0;;4583.0;0.0;0.0;;4746.0;0.0
ore_ont_10778.owl;SubClassOf(<http://purl.obolibrary.org/obo/GO_0030154> <http://purl.obolibrary.org/obo/GO_0044767>);80764;209.50000000000003;0.5928400954653938;16173;5334;0.5928400954653938;34360.0;5437.0;0.5928400954653938;15080.0;5161.0;0.5928400954653938;9290.0;5447.0;1.0;0.5928400954653938;45599.0;5236.0
ore_ont_10778.owl;SubClassOf(<http://purl.obolibrary.org/obo/GO_0005887> <http://purl.obolibrary.org/obo/GO_0044459>);80764;103.6;;4567;0;;4732.0;0.0;;4885.0;0.0;;4668.0;0.0;0.0;;4766.0;0.0
ore_ont_10778.owl;SubClassOf(<http://purl.obolibrary.org/obo/GO_0033764> <http://purl.obolibrary.org/obo/GO_0016616>);80764;277.19999999999993;;4728;0;;4761.0;0.0;;4924.0;0.0;;4575.0;0.0;0.0;;4910.0;0.0
ore_ont_10778.owl;SubClassOf(<http://purl.obolibrary.org/obo/GO_0007338> <http://purl.obolibrary.org/obo/GO_0044702>);80764;149.20000000000002;0.16353887399463804;15703;5370;0.5690348525469169;26772.0;5627.0;0.16353887399463804;14993.0;5631.0;0.5690348525469169;9226.0;5920.0;1.0;0.16353887399463804;46921.0;5852.0
ore_ont_10778.owl;SubClassOf(<http://purl.obolibrary.org/obo/GO_1902494> <http://purl.obolibrary.org/obo/GO_0043234>);80764;216.4;;4713;0;;4681.0;0.0;;4660.0;0.0;;4580.0;0.0;0.0;;4793.0;0.0
ore_ont_10778.owl;SubClassOf(<http://purl.obolibrary.org/obo/GO_0044445> <http://purl.obolibrary.org/obo/GO_0044444>);80764;196.1;;4652;0;;4841.0;0.0;;4720.0;0.0;;4854.0;0.0;0.0;;4854.0;0.0
ore_ont_10778.owl;SubClassOf(<http://purl.obolibrary.org/obo/GO_0048608> <http://purl.obolibrary.org/obo/GO_0003006>);80764;103.6;;4972;0;;4646.0;0.0;;4647.0;0.0;;4794.0;0.0;0.0;;4581.0;0.0
ore_ont_13243.owl;SubClassOf(<http://purl.obolibrary.org/obo/GO_0019113> <http://purl.obolibrary.org/obo/GO_0016709>);80529;240.9;;4523;0;;4924.0;0.0;;4631.0;0.0;;4744.0;0.0;0.0;;4728.0;0.0
ore_ont_13243.owl;SubClassOf(<http://purl.obolibrary.org/obo/GO_0048468> <http://purl.obolibrary.org/obo/GO_0048856>);80529;222.4;;4720;0;;4563.0;0.0;;4581.0;0.0;;4620.0;0.0;0.0;;4951.0;0.0
ore_ont_13243.owl;SubClassOf(<http://purl.obolibrary.org/obo/GO_0022402> <http://purl.obolibrary.org/obo/GO_0044763>);80529;99.40000000000002;;4708;0;;4987.0;0.0;;4869.0;0.0;;4584.0;0.0;0.0;;4670.0;0.0
ore_ont_13243.owl;SubClassOf(<http://purl.obolibrary.org/obo/GO_0030154> <http://purl.obolibrary.org/obo/GO_0044767>);80529;209.80000000000004;0.5934223069590084;15528;5713;0.5934223069590084;35961.0;5526.0;0.5934223069590084;14610.0;5460.0;1.0;9457.0;5693.0;3.0;0.5934223069590084;52834.0;6692.0
ore_ont_13243.owl;SubClassOf(<http://purl.obolibrary.org/obo/GO_0005887> <http://purl.obolibrary.org/obo/GO_0044459>);80529;104.8;;4988;0;;4992.0;0.0;;4887.0;0.0;;5505.0;0.0;0.0;;4894.0;0.0
ore_ont_13243.owl;SubClassOf(<http://purl.obolibrary.org/obo/GO_0033764> <http://purl.obolibrary.org/obo/GO_0016616>);80529;276.9;;4794;0;;5070.0;0.0;;4705.0;0.0;;4642.0;0.0;0.0;;4846.0;0.0
ore_ont_13243.owl;SubClassOf(<http://purl.obolibrary.org/obo/GO_0022412> <http://purl.obolibrary.org/obo/GO_0048610>);80529;77.50000000000001;;4975;0;;4919.0;0.0;;4844.0;0.0;;5140.0;0.0;0.0;;4715.0;0.0
ore_ont_13243.owl;SubClassOf(<http://purl.obolibrary.org/obo/GO_1902494> <http://purl.obolibrary.org/obo/GO_0043234>);80529;214.6;;5103;0;;5083.0;0.0;;4872.0;0.0;;4603.0;0.0;0.0;;4697.0;0.0
ore_ont_13243.owl;SubClassOf(<http://purl.obolibrary.org/obo/GO_0044445> <http://purl.obolibrary.org/obo/GO_0044444>);80529;196.7;;4678;0;;4916.0;0.0;;4994.0;0.0;;5052.0;0.0;0.0;;4950.0;0.0
ore_ont_13243.owl;SubClassOf(<http://purl.obolibrary.org/obo/GO_0048608> <http://purl.obolibrary.org/obo/GO_0003006>);80529;115.9;;5187;0;;4854.0;0.0;;5243.0;0.0;;4735.0;0.0;0.0;;4733.0;0.0
ore_ont_14934.owl;SubClassOf(<http://purl.obolibrary.org/obo/ENSEMBL#_FBgn0011870> <http://purl.obolibrary.org/obo/SO_0000253>);73008;390908.3;;5194;0;;4880.0;0.0;;5381.0;0.0;;5059.0;0.0;0.0;;5564.0;0.0
ore_ont_14934.owl;SubClassOf(<http://purl.obolibrary.org/obo/SO_0000593> <http://purl.obolibrary.org/obo/SO_0000275>);73008;295842.49999999994;;4434;0;;4390.0;0.0;;4545.0;0.0;;4605.0;0.0;0.0;;4482.0;0.0
ore_ont_14934.owl;SubClassOf(<http://purl.obolibrary.org/obo/CHROMOSOME-7227#_3L> <http://purl.obolibrary.org/obo/SO_0000340>);73008;184791.6;;4546;0;;4481.0;0.0;;4426.0;0.0;;4542.0;0.0;0.0;;4597.0;0.0
ore_ont_14934.owl;SubClassOf(<http://purl.obolibrary.org/obo/CHROMOSOME-7227#_2L> <http://purl.obolibrary.org/obo/SO_0000340>);73008;311512.0;;4485;0;;4475.0;0.0;;4542.0;0.0;;4512.0;0.0;0.0;;4466.0;0.0
ore_ont_14934.owl;SubClassOf(<http://purl.obolibrary.org/obo/ENSEMBL#_FBgn0005630> <http://purl.obolibrary.org/obo/SO_0001217>);73008;331446.4;;4958;0;;4638.0;0.0;;4531.0;0.0;;4900.0;0.0;0.0;;4584.0;0.0
ore_ont_14934.owl;SubClassOf(<http://purl.obolibrary.org/obo/CHROMOSOME-7227#_2R> <http://purl.obolibrary.org/obo/SO_0000340>);73008;406552.29999999993;;4408;0;;4729.0;0.0;;4731.0;0.0;;4617.0;0.0;0.0;;4466.0;0.0
ore_ont_14934.owl;SubClassOf(<http://purl.obolibrary.org/obo/CHROMOSOME-7227#_X> <http://purl.obolibrary.org/obo/SO_0000340>);73008;279831.9;;4660;0;;4474.0;0.0;;4553.0;0.0;;4576.0;0.0;0.0;;4458.0;0.0
ore_ont_14934.owl;SubClassOf(<http://purl.obolibrary.org/obo/SO_0000651> <http://purl.obolibrary.org/obo/SO_0000252>);73008;517576.5;;4614;0;;4457.0;0.0;;4575.0;0.0;;4623.0;0.0;0.0;;4736.0;0.0
ore_ont_14934.owl;SubClassOf(<http://purl.obolibrary.org/obo/CHROMOSOME-7227#_3R> <http://purl.obolibrary.org/obo/SO_0000340>);73008;311512.0;;4378;0;;4431.0;0.0;;4513.0;0.0;;4368.0;0.0;0.0;;4360.0;0.0
ore_ont_14934.owl;SubClassOf(<http://purl.obolibrary.org/obo/SO_0000253> <http://purl.obolibrary.org/obo/SO_0000655>);73008;195423.59999999995;;4494;0;;4500.0;0.0;;4519.0;0.0;;4507.0;0.0;0.0;;4547.0;0.0
ore_ont_10175.owl;SubClassOf(<http://purl.obolibrary.org/obo/GO_0004517> <http://purl.obolibrary.org/obo/GO_0016709>);89826;240.9;;4602;0;;4870.0;0.0;;4682.0;0.0;;4600.0;0.0;0.0;;4747.0;0.0
ore_ont_10175.owl;SubClassOf(<http://purl.obolibrary.org/obo/GO_0048468> <http://purl.obolibrary.org/obo/GO_0048856>);89826;224.2;;4600;0;;4743.0;0.0;;4590.0;0.0;;5017.0;0.0;0.0;;4658.0;0.0
ore_ont_10175.owl;SubClassOf(<http://purl.obolibrary.org/obo/GO_0022402> <http://purl.obolibrary.org/obo/GO_0044763>);89826;100.3;0.2073778664007976;11670;6195;0.2073778664007976;18481.0;5656.0;0.2073778664007976;12077.0;5562.0;0.2073778664007976;9692.0;5748.0;2.0;0.2073778664007976;21770.0;5728.0
ore_ont_10175.owl;SubClassOf(<http://purl.obolibrary.org/obo/GO_0030154> <http://purl.obolibrary.org/obo/GO_0044767>);89826;211.6;0.5926275992438563;15803;6220;0.5926275992438563;34784.0;5475.0;0.5926275992438563;15177.0;5693.0;1.0;9640.0;6583.0;3.0;0.5926275992438563;43974.0;6198.0
ore_ont_10175.owl;SubClassOf(<http://purl.obolibrary.org/obo/GO_0005739> <http://purl.obolibrary.org/obo/GO_0044444>);89826;344.2;;4573;0;;4646.0;0.0;;4593.0;0.0;;4672.0;0.0;0.0;;4566.0;0.0
ore_ont_10175.owl;SubClassOf(<http://purl.obolibrary.org/obo/GO_0048523> <http://purl.obolibrary.org/obo/GO_0065007>);89826;94.5;0.5756613756613758;46278;6978;0.5756613756613758;121907.0;5859.0;0.6402116402116402;35284.0;6082.0;0.3968253968253968;9580.0;5910.0;2.0;0.5756613756613758;180333.0;6046.0
ore_ont_10175.owl;SubClassOf(<http://purl.obolibrary.org/obo/GO_0005887> <http://purl.obolibrary.org/obo/GO_0044459>);89826;104.8;0.7881679389312978;30149;5780;0.7881679389312978;74925.0;5836.0;0.24141221374045801;23874.0;5908.0;0.24141221374045801;9811.0;5732.0;1.0;0.7881679389312978;107773.0;5851.0
ore_ont_10175.owl;SubClassOf(<http://purl.obolibrary.org/obo/GO_0033764> <http://purl.obolibrary.org/obo/GO_0016616>);89826;276.9;;4694;0;;4730.0;0.0;;4493.0;0.0;;4602.0;0.0;0.0;;4635.0;0.0
ore_ont_10175.owl;SubClassOf(<http://purl.obolibrary.org/obo/GO_0022412> <http://purl.obolibrary.org/obo/GO_0048610>);89826;113.5;0.3022026431718061;28138;6068;0.3022026431718061;67178.0;6111.0;0.3022026431718061;24846.0;6004.0;0.3022026431718061;10219.0;6240.0;1.0;0.3022026431718061;102519.0;6350.0
ore_ont_10175.owl;SubClassOf(<http://purl.obolibrary.org/obo/GO_1902494> <http://purl.obolibrary.org/obo/GO_0043234>);89826;214.6;;4744;0;;4586.0;0.0;;4780.0;0.0;;4511.0;0.0;0.0;;4856.0;0.0
ore_ont_5781.owl;SubClassOf(<http://purl.org/obo/owl/IMR#IMR_0000299> <http://purl.org/obo/owl/IMR#IMR_0010044>);137302;65673.49999999999;0.999675668268023;23856;20289;0.9992949972211015;54681.0;20860.0;0.999675668268023;28713.0;20674.0;0.9992949972211015;12022.0;20683.0;1.0;0.999675668268023;137807.0;20680.0
ore_ont_5781.owl;SubClassOf(<http://purl.org/obo/owl/IMR#IMR_0010047> <http://purl.org/obo/owl/IMR#IMR_0000952>);137302;24096.6;;5408;0;;5758.0;0.0;;5325.0;0.0;;5645.0;0.0;0.0;;5475.0;0.0
ore_ont_5781.owl;SubClassOf(<http://purl.org/obo/owl/IMR#IMR_0002102> <http://purl.org/obo/owl/IMR#IMR_0002096>);137302;60497.8;;5084;0;;5490.0;0.0;;5289.0;0.0;;5452.0;0.0;0.0;;5291.0;0.0
ore_ont_5781.owl;SubClassOf(<http://purl.org/obo/owl/IMR#IMR_0000825> <http://purl.org/obo/owl/IMR#IMR_0000369>);137302;63889.1;;5730;0;;5622.0;0.0;;5377.0;0.0;;5366.0;0.0;0.0;;5393.0;0.0
ore_ont_5781.owl;SubClassOf(<http://purl.org/obo/owl/IMR#IMR_0200273> <http://purl.org/obo/owl/IMR#IMR_0001998>);137302;76199.99999999999;;5626;0;;5465.0;0.0;;5236.0;0.0;;5501.0;0.0;0.0;;5400.0;0.0
ore_ont_5781.owl;SubClassOf(<http://purl.org/obo/owl/IMR#IMR_0002103> <http://purl.org/obo/owl/IMR#IMR_0002096>);137302;69174.29999999999;;5387;0;;5481.0;0.0;;5230.0;0.0;;5325.0;0.0;0.0;;5155.0;0.0
ore_ont_5781.owl;SubClassOf(<http://purl.org/obo/owl/IMR#IMR_0001586> <http://purl.org/obo/owl/IMR#IMR_0000299>);137302;51872.90000000001;;5423;0;;5530.0;0.0;;5572.0;0.0;;5496.0;0.0;0.0;;5306.0;0.0
ore_ont_5781.owl;SubClassOf(<http://purl.org/obo/owl/IMR#IMR_0010046> <http://purl.org/obo/owl/IMR#IMR_0010053>);137302;77798.8;;5214;0;;5414.0;0.0;;5300.0;0.0;;5211.0;0.0;0.0;;5458.0;0.0
ore_ont_5781.owl;SubClassOf(<http://purl.org/obo/owl/IMR#IMR_0010462> <http://purl.org/obo/owl/IMR#IMR_0000897>);137302;50075.8;;5499;0;;5342.0;0.0;;5513.0;0.0;;5216.0;0.0;0.0;;5392.0;0.0
ore_ont_5781.owl;SubClassOf(<http://purl.org/obo/owl/IMR#IMR_0000191> <http://purl.org/obo/owl/IMR#IMR_0000949>);137302;39704.100000000006;0.9982042156855336;48407;24115;0.9976299676859566;58453.0;22375.0;0.9971514276863092;30780.0;23383.0;0.9976299676859566;11492.0;23643.0;1.0;0.9971514276863092;191436.0;29494.0
ore_ont_15696.owl;SubClassOf(<http://purl.obolibrary.org/obo/VTO_0048285> <http://purl.obolibrary.org/obo/VTO_0046983>);106894;1133.4;;6021;0;;6259.0;0.0;;5961.0;0.0;;6234.0;0.0;0.0;;6045.0;0.0
ore_ont_15696.owl;SubClassOf(<http://purl.obolibrary.org/obo/VTO_0005670> <http://purl.obolibrary.org/obo/VTO_0005565>);106894;1048.7;;5848;0;;6257.0;0.0;;5968.0;0.0;;5882.0;0.0;0.0;;6400.0;0.0
ore_ont_15696.owl;SubClassOf(<http://purl.obolibrary.org/obo/VTO_0012881> <http://purl.obolibrary.org/obo/VTO_0012653>);106894;2191.3;;5701;0;;5930.0;0.0;;6181.0;0.0;;6021.0;0.0;0.0;;5978.0;0.0
ore_ont_15696.owl;SubClassOf(<http://purl.obolibrary.org/obo/VTO_0009112> <http://purl.obolibrary.org/obo/VTO_0008913>);106894;1940.7;;6149;0;;6019.0;0.0;;6440.0;0.0;;6210.0;0.0;0.0;;6006.0;0.0
ore_ont_15696.owl;SubClassOf(<http://purl.obolibrary.org/obo/VTO_0073595> <http://purl.obolibrary.org/obo/VTO_0048285>);106894;1425.8000000000002;;5904;0;;5979.0;0.0;;6085.0;0.0;;5910.0;0.0;0.0;;5992.0;0.0
ore_ont_15696.owl;SubClassOf(<http://purl.obolibrary.org/obo/VTO_0049816> <http://purl.obolibrary.org/obo/VTO_0042306>);106894;931.0;;6286;0;;6119.0;0.0;;5828.0;0.0;;5941.0;0.0;0.0;;5838.0;0.0
ore_ont_15696.owl;SubClassOf(<http://purl.obolibrary.org/obo/VTO_0040541> <http://purl.obolibrary.org/obo/VTO_0038680>);106894;812.1000000000003;;6156;0;;6428.0;0.0;;6037.0;0.0;;6218.0;0.0;0.0;;5997.0;0.0
ore_ont_15696.owl;SubClassOf(<http://purl.obolibrary.org/obo/VTO_0050032> <http://purl.obolibrary.org/obo/VTO_0049816>);106894;1140.0;;5977;0;;6030.0;0.0;;6099.0;0.0;;6079.0;0.0;0.0;;5906.0;0.0
ore_ont_15696.owl;SubClassOf(<http://purl.obolibrary.org/obo/VTO_0063796> <http://purl.obolibrary.org/obo/VTO_0040541>);106894;1026.1;;6439;0;;6251.0;0.0;;6063.0;0.0;;6199.0;0.0;0.0;;6198.0;0.0
ore_ont_15696.owl;SubClassOf(<http://purl.obolibrary.org/obo/VTO_9024755> <http://purl.obolibrary.org/obo/VTO_9024187>);106894;338.70000000000005;0.1036315323294951;34866;11923;0.6781812813699438;39102.0;11093.0;0.1036315323294951;31710.0;11826.0;0.1036315323294951;12626.0;11538.0;1.0;0.1036315323294951;114534.0;13470.0
ore_ont_11293.owl;SubClassOf(<http://purl.obolibrary.org/obo/CHEBI_53000> <http://purl.obolibrary.org/obo/CHEBI_24432>);114924;1135.9;;5047;0;;5409.0;0.0;;5435.0;0.0;;5183.0;0.0;0.0;;5091.0;0.0
ore_ont_11293.owl;SubClassOf(<http://purl.obolibrary.org/obo/CHEBI_75766> <http://purl.obolibrary.org/obo/CHEBI_25212>);114924;294.0;0.7068027210884354;39410;12079;0.8285714285714285;112072.0;13834.0;0.7068027210884354;41339.0;13733.0;0.8506802721088436;11168.0;14612.0;4.0;0.7068027210884354;201813.0;14214.0
ore_ont_11293.owl;SubClassOf(<http://purl.obolibrary.org/obo/CHEBI_15904> <http://purl.obolibrary.org/obo/CHEBI_25384>);114924;10376.999999999998;0.9064662233786259;17121;16030;0.9625999807266069;50074.0;15440.0;0.9064662233786259;20164.0;15417.0;0.9064662233786259;11326.0;16134.0;2.0;0.9064662233786259;76179.0;17916.0
ore_ont_11293.owl;SubClassOf(<http://purl.obolibrary.org/obo/CHEBI_58945> <http://purl.obolibrary.org/obo/CHEBI_50860>);114924;2974.3;0.48535789933765916;23866;17506;0.7412500420266954;51181.0;17188.0;0.48535789933765916;24747.0;17155.0;0.7412500420266954;10924.0;17479.0;2.0;0.48535789933765916;132939.0;16285.0
ore_ont_11293.owl;SubClassOf(<http://purl.obolibrary.org/obo/CHEBI_25705> <http://purl.obolibrary.org/obo/CHEBI_36683>);114924;3839.5;0.5053262143508269;20603;22708;0.7525198593566871;51325.0;16669.0;0.5053262143508269;18936.0;16651.0;0.7525198593566871;11229.0;17374.0;1.0;0.5053262143508269;76445.0;20493.0
ore_ont_11293.owl;SubClassOf(<http://purl.obolibrary.org/obo/CHEBI_35610> <http://purl.obolibrary.org/obo/CHEBI_23888>);114924;432.0;;5125;0;;7159.0;0.0;;5448.0;0.0;;5064.0;0.0;0.0;;5324.0;0.0
ore_ont_11293.owl;SubClassOf(<http://purl.obolibrary.org/obo/CHEBI_58342> <http://purl.obolibrary.org/obo/CHEBI_58945>);114924;4302.4;0.7656191892896989;17416;19204;0.5399312011900336;49385.0;15870.0;0.7656191892896989;19276.0;15920.0;0.7656191892896989;10899.0;17088.0;1.0;0.7656191892896989;79731.0;16502.0
ore_ont_11293.owl;SubClassOf(<http://purl.obolibrary.org/obo/CHEBI_75766> <http://purl.obolibrary.org/obo/CHEBI_26619>);114924;447.7999999999999;;5139;0;;5605.0;0.0;;7257.0;0.0;;5620.0;0.0;0.0;;5200.0;0.0
ore_ont_11293.owl;SubClassOf(<http://purl.obolibrary.org/obo/CHEBI_26619> <http://purl.obolibrary.org/obo/CHEBI_25212>);114924;169.2;;4928;0;;5283.0;0.0;;5213.0;0.0;;5242.0;0.0;0.0;;5252.0;0.0
ore_ont_11293.owl;SubClassOf(<http://purl.obolibrary.org/obo/CHEBI_26195> <http://purl.obolibrary.org/obo/CHEBI_33853>);114924;4103.999999999998;;5932;0;;5749.0;0.0;;5645.0;0.0;;5485.0;0.0;0.0;;5173.0;0.0
ore_ont_15929.owl;SubClassOf(<http://purl.obolibrary.org/obo/CHEBI_53000> <http://purl.obolibrary.org/obo/CHEBI_24432>);115746;700.9;;5053;0;;5297.0;0.0;;5385.0;0.0;;5493.0;0.0;0.0;;5581.0;0.0
ore_ont_15929.owl;SubClassOf(<http://purl.obolibrary.org/obo/CHEBI_75766> <http://purl.obolibrary.org/obo/CHEBI_25212>);115746;433.9;0.8054851348236921;39856;17090;0.8859184143811938;135876.0;14011.0;0.8054851348236921;38945.0;14554.0;0.9029730352615812;11540.0;14649.0;3.0;0.8054851348236921;207727.0;15612.0
ore_ont_15929.owl;SubClassOf(<http://purl.obolibrary.org/obo/CHEBI_15904> <http://purl.obolibrary.org/obo/CHEBI_25384>);115746;10324.3;0.905930668423041;17578;17434;0.9624090737386556;55511.0;18213.0;0.905930668423041;19236.0;18715.0;0.9624090737386556;11283.0;17505.0;2.0;0.905930668423041;80479.0;17057.0
ore_ont_15929.owl;SubClassOf(<http://purl.obolibrary.org/obo/CHEBI_58945> <http://purl.obolibrary.org/obo/CHEBI_50860>);115746;2974.3;0.48596308375079833;25796;17047;0.7420569545775477;51703.0;18113.0;0.48596308375079833;26414.0;17328.0;0.7420569545775477;10860.0;16523.0;2.0;0.48596308375079833;129993.0;15765.0
ore_ont_15929.owl;SubClassOf(<http://purl.obolibrary.org/obo/CHEBI_25705> <http://purl.obolibrary.org/obo/CHEBI_36683>);115746;3796.4;0.49884100727004527;17799;16192;0.748999051733221;49006.0;17074.0;0.49884100727004527;19609.0;18019.0;0.748999051733221;11162.0;16202.0;2.0;0.49884100727004527;77859.0;15082.0
ore_ont_15929.owl;SubClassOf(<http://purl.obolibrary.org/obo/CHEBI_35610> <http://purl.obolibrary.org/obo/CHEBI_23888>);115746;216.4;;5429;0;;5054.0;0.0;;5054.0;0.0;;5053.0;0.0;0.0;;5077.0;0.0
ore_ont_15929.owl;SubClassOf(<http://purl.obolibrary.org/obo/CHEBI_58342> <http://purl.obolibrary.org/obo/CHEBI_58945>);115746;4203.700000000001;0.7601874539096507;17212;16571;0.5292004662559172;50829.0;17312.0;0.7601874539096507;19627.0;17892.0;0.7601874539096507;11032.0;16290.0;2.0;0.7601874539096507;77229.0;15831.0
ore_ont_15929.owl;SubClassOf(<http://purl.obolibrary.org/obo/CHEBI_75766> <http://purl.obolibrary.org/obo/CHEBI_26619>);115746;1024.6;;5058;0;;5098.0;0.0;;5211.0;0.0;;5190.0;0.0;0.0;;4998.0;0.0
ore_ont_15929.owl;SubClassOf(<http://purl.obolibrary.org/obo/CHEBI_26619> <http://purl.obolibrary.org/obo/CHEBI_25212>);115746;240.1;;5037;0;;5206.0;0.0;;5089.0;0.0;;4969.0;0.0;0.0;;4910.0;0.0
ore_ont_15929.owl;SubClassOf(<http://purl.obolibrary.org/obo/CHEBI_26195> <http://purl.obolibrary.org/obo/CHEBI_33853>);115746;4031.199999999999;;5021;0;;4974.0;0.0;;5152.0;0.0;;5055.0;0.0;0.0;;5369.0;0.0
ore_ont_10248.owl;SubClassOf(<http://purl.obolibrary.org/obo/CHEBI_53000> <http://purl.obolibrary.org/obo/CHEBI_24432>);118046;549.2;;4884;0;;4892.0;0.0;;5290.0;0.0;;5129.0;0.0;0.0;;5241.0;0.0
ore_ont_10248.owl;SubClassOf(<http://purl.obolibrary.org/obo/CHEBI_75766> <http://purl.obolibrary.org/obo/CHEBI_25212>);118046;521.0;0.42879078694817657;39871;16152;0.6723608445297505;118820.0;14393.0;0.42879078694817657;39414.0;14258.0;0.8278310940499041;10363.0;13573.0;1.0;0.42879078694817657;189375.0;13876.0
ore_ont_10248.owl;SubClassOf(<http://purl.obolibrary.org/obo/CHEBI_58945> <http://purl.obolibrary.org/obo/CHEBI_50860>);118046;3275.699999999999;0.5042281039167202;23404;14418;0.7507708276093661;47304.0;14867.0;0.5042281039167202;24511.0;17104.0;0.7507708276093661;11185.0;18418.0;1.0;0.5042281039167202;133079.0;17634.0
ore_ont_10248.owl;SubClassOf(<http://purl.obolibrary.org/obo/CHEBI_25705> <http://purl.obolibrary.org/obo/CHEBI_36683>);118046;4266.599999999999;0.530023906623541;17353;17402;0.7648478882482541;50007.0;15515.0;0.530023906623541;19003.0;16770.0;0.7648478882482541;10634.0;16380.0;1.0;0.530023906623541;72087.0;15377.0
ore_ont_10248.owl;SubClassOf(<http://purl.obolibrary.org/obo/CHEBI_35610> <http://purl.obolibrary.org/obo/CHEBI_23888>);118046;664.8000000000002;;4869;0;;4959.0;0.0;;5002.0;0.0;;5034.0;0.0;0.0;;5178.0;0.0
ore_ont_10248.owl;SubClassOf(<http://purl.obolibrary.org/obo/CHEBI_75766> <http://purl.obolibrary.org/obo/CHEBI_26619>);118046;388.30000000000007;;4915;0;;5176.0;0.0;;4936.0;0.0;;4923.0;0.0;0.0;;4989.0;0.0
ore_ont_10248.owl;SubClassOf(<http://purl.obolibrary.org/obo/CHEBI_26619> <http://purl.obolibrary.org/obo/CHEBI_25212>);118046;578.6;;4984;0;;5083.0;0.0;;4944.0;0.0;;5086.0;0.0;0.0;;5216.0;0.0
ore_ont_10248.owl;SubClassOf(<http://purl.obolibrary.org/obo/CHEBI_76967> <http://purl.obolibrary.org/obo/CHEBI_75770>);118046;385.8;;4934;0;;4982.0;0.0;;5008.0;0.0;;4988.0;0.0;0.0;;5088.0;0.0
ore_ont_10248.owl;SubClassOf(<http://purl.obolibrary.org/obo/CHEBI_59737> <http://purl.obolibrary.org/obo/CHEBI_58945>);118046;3400.7;;5229;0;;5114.0;0.0;;5014.0;0.0;;5176.0;0.0;0.0;;5004.0;0.0
ore_ont_10248.owl;SubClassOf(<http://purl.obolibrary.org/obo/CHEBI_26195> <http://purl.obolibrary.org/obo/CHEBI_33853>);118046;4247.4;;5107;0;;4926.0;0.0;;4897.0;0.0;;5327.0;0.0;0.0;;5135.0;0.0
ore_ont_5612.owl;SubClassOf(<http://purl.obolibrary.org/obo/CHEBI_53000> <http://purl.obolibrary.org/obo/CHEBI_24432>);118048;399.7;;5103;0;;5174.0;0.0;;5307.0;0.0;;5090.0;0.0;0.0;;5168.0;0.0
ore_ont_5612.owl;SubClassOf(<http://purl.obolibrary.org/obo/CHEBI_75766> <http://purl.obolibrary.org/obo/CHEBI_25212>);118048;1115.1;0.4667742803336024;39582;15529;0.6941081517352704;129742.0;17809.0;0.4667742803336024;39782.0;18070.0;0.8393866020984666;11863.0;16661.0;2.0;0.4667742803336024;209630.0;17787.0
ore_ont_5612.owl;SubClassOf(<http://purl.obolibrary.org/obo/CHEBI_58945> <http://purl.obolibrary.org/obo/CHEBI_50860>);118048;3326.4999999999995;0.5117991883360891;26483;16979;0.7545768826093491;55772.0;18043.0;0.5117991883360891;27112.0;18377.0;0.7545768826093491;11515.0;17988.0;1.0;0.5117991883360891;134539.0;18112.0
ore_ont_5612.owl;SubClassOf(<http://purl.obolibrary.org/obo/CHEBI_25705> <http://purl.obolibrary.org/obo/CHEBI_36683>);118048;4702.2;0.5750287099655481;18261;22087;0.7880991876143083;57172.0;18288.0;0.5750287099655481;19561.0;19819.0;0.7880991876143083;12064.0;20796.0;1.0;0.5750287099655481;84730.0;19544.0
ore_ont_5612.owl;SubClassOf(<http://purl.obolibrary.org/obo/CHEBI_35610> <http://purl.obolibrary.org/obo/CHEBI_23888>);118048;1254.0;;4927;0;;5033.0;0.0;;5082.0;0.0;;4986.0;0.0;0.0;;4835.0;0.0
ore_ont_5612.owl;SubClassOf(<http://purl.obolibrary.org/obo/CHEBI_75766> <http://purl.obolibrary.org/obo/CHEBI_26619>);118048;1346.0;;4857;0;;5209.0;0.0;;4968.0;0.0;;5045.0;0.0;0.0;;4832.0;0.0
ore_ont_5612.owl;SubClassOf(<http://purl.obolibrary.org/obo/CHEBI_26619> <http://purl.obolibrary.org/obo/CHEBI_25212>);118048;642.9;;4881;0;;4894.0;0.0;;4817.0;0.0;;5014.0;0.0;0.0;;4952.0;0.0
ore_ont_5612.owl;SubClassOf(<http://purl.obolibrary.org/obo/CHEBI_76967> <http://purl.obolibrary.org/obo/CHEBI_75770>);118048;913.0;;4948;0;;5066.0;0.0;;4974.0;0.0;;5099.0;0.0;0.0;;5048.0;0.0
ore_ont_5612.owl;SubClassOf(<http://purl.obolibrary.org/obo/CHEBI_59737> <http://purl.obolibrary.org/obo/CHEBI_58945>);118048;3837.5;;5060;0;;5195.0;0.0;;5183.0;0.0;;4917.0;0.0;0.0;;5131.0;0.0
ore_ont_5612.owl;SubClassOf(<http://purl.obolibrary.org/obo/CHEBI_26195> <http://purl.obolibrary.org/obo/CHEBI_33853>);118048;4192.500000000001;;5011;0;;4904.0;0.0;;5035.0;0.0;;4944.0;0.0;0.0;;5081.0;0.0
ore_ont_2803.owl;SubClassOf(<http://purl.obolibrary.org/obo/CHEBI_53000> <http://purl.obolibrary.org/obo/CHEBI_24432>);115746;817.8;;4830;0;;4889.0;0.0;;4769.0;0.0;;4961.0;0.0;0.0;;4793.0;0.0
ore_ont_2803.owl;SubClassOf(<http://purl.obolibrary.org/obo/CHEBI_75766> <http://purl.obolibrary.org/obo/CHEBI_25212>);115746;340.0;0.44;36435;12412;0.6770588235294117;107425.0;14051.0;0.44;35274.0;14706.0;0.5688235294117647;10957.0;14615.0;4.0;0.44;186656.0;14082.0
ore_ont_2803.owl;SubClassOf(<http://purl.obolibrary.org/obo/CHEBI_15904> <http://purl.obolibrary.org/obo/CHEBI_25384>);115746;10166.2;0.9042906887529264;15002;16394;0.9618244771891169;46295.0;14244.0;0.9042906887529264;18044.0;14058.0;0.9042906887529264;10484.0;15376.0;1.0;0.9042906887529264;69809.0;14122.0
ore_ont_2803.owl;SubClassOf(<http://purl.obolibrary.org/obo/CHEBI_58945> <http://purl.obolibrary.org/obo/CHEBI_50860>);115746;3028.9;0.4952292911618078;22588;15911;0.746706725213774;46745.0;14776.0;0.4952292911618078;21974.0;15075.0;0.24355376539337714;10459.0;16684.0;1.0;0.4952292911618078;121695.0;15044.0
ore_ont_2803.owl;SubClassOf(<http://purl.obolibrary.org/obo/CHEBI_25705> <http://purl.obolibrary.org/obo/CHEBI_36683>);115746;3839.5;0.5053262143508269;16589;16620;0.7526761297043886;46201.0;14257.0;0.5053262143508269;16680.0;14542.0;0.7526761297043886;10094.0;14630.0;2.0;0.5053262143508269;69334.0;14479.0
ore_ont_2803.owl;SubClassOf(<http://purl.obolibrary.org/obo/CHEBI_35610> <http://purl.obolibrary.org/obo/CHEBI_23888>);115746;269.1;;4694;0;;4779.0;0.0;;4790.0;0.0;;4738.0;0.0;0.0;;4887.0;0.0
ore_ont_2803.owl;SubClassOf(<http://purl.obolibrary.org/obo/CHEBI_58342> <http://purl.obolibrary.org/obo/CHEBI_58945>);115746;4050.4;0.7505184673118704;16896;15810;0.5107890578708276;45322.0;13952.0;0.7505184673118704;16911.0;13978.0;0.5107890578708276;10619.0;14926.0;1.0;0.7505184673118704;68577.0;14970.0
ore_ont_2803.owl;SubClassOf(<http://purl.obolibrary.org/obo/CHEBI_75766> <http://purl.obolibrary.org/obo/CHEBI_26619>);115746;525.4;;4910;0;;4772.0;0.0;;4916.0;0.0;;5010.0;0.0;0.0;;4752.0;0.0
ore_ont_2803.owl;SubClassOf(<http://purl.obolibrary.org/obo/CHEBI_26619> <http://purl.obolibrary.org/obo/CHEBI_25212>);115746;787.2;;4804;0;;4834.0;0.0;;4770.0;0.0;;4985.0;0.0;0.0;;4935.0;0.0
ore_ont_2803.owl;SubClassOf(<http://purl.obolibrary.org/obo/CHEBI_26195> <http://purl.obolibrary.org/obo/CHEBI_33853>);115746;3914.2999999999993;;4867;0;;4833.0;0.0;;4813.0;0.0;;4815.0;0.0;0.0;;4814.0;0.0
ore_ont_5927.owl;SubClassOf(<http://purl.obolibrary.org/obo/FMA_78551> <http://purl.obolibrary.org/obo/FMA_63819>);121712;1610.9;;5265;0;;5669.0;0.0;;5238.0;0.0;;5520.0;0.0;0.0;;5426.0;0.0
ore_ont_5927.owl;SubClassOf(<http://purl.obolibrary.org/obo/FMA_42164> <http://purl.obolibrary.org/obo/FMA_21792>);121712;1298.6;;5192;0;;5531.0;0.0;;5380.0;0.0;;5327.0;0.0;0.0;;5360.0;0.0
ore_ont_5927.owl;SubClassOf(<http://purl.obolibrary.org/obo/FMA_7085> <http://purl.obolibrary.org/obo/FMA_29733>);121712;665.4000000000001;;5314;0;;5352.0;0.0;;5376.0;0.0;;5541.0;0.0;0.0;;5345.0;0.0
ore_ont_5927.owl;SubClassOf(<http://purl.obolibrary.org/obo/FMA_58279> <http://purl.obolibrary.org/obo/FMA_9721>);121712;478.8000000000001;;5370;0;;5637.0;0.0;;5486.0;0.0;;5257.0;0.0;0.0;;5377.0;0.0
ore_ont_5927.owl;SubClassOf(<http://purl.obolibrary.org/obo/FMA_9140> <http://purl.obolibrary.org/obo/FMA_85544>);121712;888.7000000000002;0.9715314504332168;25883;18103;0.9347361314279281;40446.0;12467.0;0.9715314504332168;28297.0;13120.0;0.9058174862158206;13416.0;13378.0;1.0;0.9715314504332168;99269.0;14483.0
ore_ont_5927.owl;SubClassOf(<http://purl.obolibrary.org/obo/FMA_7480> <http://purl.obolibrary.org/obo/FMA_85544>);121712;1372.2999999999995;;5454;0;;5761.0;0.0;;5466.0;0.0;;5533.0;0.0;0.0;;5729.0;0.0
ore_ont_5927.owl;SubClassOf(<http://purl.obolibrary.org/obo/FMA_42163> <http://purl.obolibrary.org/obo/FMA_68013>);121712;1047.3;;5416;0;;5667.0;0.0;;5345.0;0.0;;5818.0;0.0;0.0;;5389.0;0.0
ore_ont_5927.owl;SubClassOf(<http://purl.obolibrary.org/obo/FMA_4687> <http://purl.obolibrary.org/obo/FMA_63812>);121712;1007.5;0.9102729528535976;19868;21359;0.8105210918114142;38632.0;13178.0;0.9102729528535976;19815.0;12436.0;0.8105210918114142;11197.0;13222.0;2.0;0.9102729528535976;57676.0;13512.0
ore_ont_5927.owl;SubClassOf(<http://purl.obolibrary.org/obo/FMA_241733> <http://purl.obolibrary.org/obo/FMA_63814>);121712;1200.6;;5284;0;;5355.0;0.0;;5279.0;0.0;;5384.0;0.0;0.0;;5660.0;0.0
ore_ont_5927.owl;SubClassOf(<http://purl.obolibrary.org/obo/FMA_49894> <http://purl.obolibrary.org/obo/FMA_55672>);121712;2102.5000000000005;0.655695600475624;32064;22063;0.8720095124851366;46805.0;16030.0;0.655695600475624;36222.0;15536.0;0.8720095124851366;11605.0;16063.0;3.0;0.655695600475624;170054.0;18318.0
ore_ont_6722.owl;SubClassOf(<http://purl.obolibrary.org/obo/SO_0000593> <http://purl.obolibrary.org/obo/SO_0000275>);113602;76637.09999999999;;5246;0;;5219.0;0.0;;5184.0;0.0;;5245.0;0.0;0.0;;4959.0;0.0
ore_ont_6722.owl;SubClassOf(<http://purl.obolibrary.org/obo/SO_0000965> <http://purl.obolibrary.org/obo/SO_0000340>);113602;77907.09999999998;0.9904232091811915;16476;1626185;0.9809311346462647;2794281.0;1287496.0;0.9904232091811915;19874.0;1449463.0;0.9904232091811915;11226.0;1484047.0;1.0;0.9904232091811915;2819914.0;1514764.0
ore_ont_6722.owl;SubClassOf(<http://purl.obolibrary.org/obo/ENSEMBL_ENSXETG00000032084> <http://purl.obolibrary.org/obo/SO_0000274>);113602;84735.3;;5694;0;;5416.0;0.0;;5428.0;0.0;;5200.0;0.0;0.0;;5371.0;0.0
ore_ont_6722.owl;SubClassOf(<http://purl.obolibrary.org/obo/ENSEMBL_ENSXETG00000033179> <http://purl.obolibrary.org/obo/SO_0000276>);113602;92819.5;;5549;0;;5355.0;0.0;;5582.0;0.0;;5814.0;0.0;0.0;;5547.0;0.0
ore_ont_6722.owl;SubClassOf(<http://purl.obolibrary.org/obo/ENSEMBL_ENSXETG00000034312> <http://purl.obolibrary.org/obo/ENSEMBL_ENSFM00660001157157>);113602;86045.8;;5498;0;;5583.0;0.0;;5422.0;0.0;;5455.0;0.0;0.0;;5543.0;0.0
ore_ont_6722.owl;SubClassOf(<http://purl.obolibrary.org/obo/NCBIGene_100485052> <http://purl.obolibrary.org/obo/ENSEMBL_ENSFM00250000000002>);113602;94086.7;0.0;-1;-1;;;;;;;;;;;;;
ore_ont_6722.owl;SubClassOf(<http://purl.obolibrary.org/obo/SO_0000651> <http://purl.obolibrary.org/obo/SO_0000252>);113602;76650.9;;8422;0;;8704.0;0.0;;9064.0;0.0;;6230.0;0.0;0.0;;8770.0;0.0
ore_ont_6722.owl;SubClassOf(<http://purl.obolibrary.org/obo/NCBIGene_100485030> <http://purl.obolibrary.org/obo/SO_0001217>);113602;86014.9;0.0;-1;-1;0.0;-1.0;-1.0;0.0;-1.0;-1.0;0.0;-1.0;-1.0;0.0;0.0;-1.0;-1.0
ore_ont_6722.owl;SubClassOf(<http://purl.obolibrary.org/obo/SO_0001760> <http://purl.obolibrary.org/obo/SO_0000336>);113602;44291.59999999999;;8728;0;;6080.0;0.0;;6136.0;0.0;;6141.0;0.0;0.0;;6203.0;0.0
ore_ont_6722.owl;SubClassOf(<http://purl.obolibrary.org/obo/ENSEMBL_ENSXETG00000016680> <http://purl.obolibrary.org/obo/ENSEMBL_ENSFM00480000262756>);113602;86045.79999999999;;9141;0;;6351.0;0.0;;6140.0;0.0;;6369.0;0.0;0.0;;6501.0;0.0
ore_ont_7868.owl;SubClassOf(<http://purl.obolibrary.org/obo/GO_0005515> <http://purl.obolibrary.org/obo/GO_0005488>);144956;52455.6;;8429;0;;9506.0;0.0;;8879.0;0.0;;8978.0;0.0;0.0;;9158.0;0.0
ore_ont_7868.owl;SubClassOf(<http://purl.obolibrary.org/obo/GO_0048523> <http://purl.obolibrary.org/obo/GO_0065007>);144956;65644.19999999998;0.9989427855012325;76042;136672;0.9993175330036775;1508930.0;146090.0;0.9994333086548393;84993.0;143870.0;0.9991621498929075;17041.0;157534.0;4.0;0.9989427855012325;1265402.0;138216.0
ore_ont_7868.owl;SubClassOf(<http://purl.obolibrary.org/obo/GO_0044249> <http://purl.obolibrary.org/obo/GO_0009058>);144956;39447.59999999999;;8792;0;;9409.0;0.0;;8929.0;0.0;;9364.0;0.0;0.0;;9115.0;0.0
ore_ont_7868.owl;SubClassOf(<http://purl.obolibrary.org/obo/CHEBI_36683> <http://purl.obolibrary.org/obo/CHEBI_50860>);144956;93175.2;0.9967877718534546;38946;138161;0.9956018339644025;351687.0;148389.0;0.9967877718534546;50203.0;210650.0;0.9956018339644025;18952.0;149876.0;2.0;0.9967877718534546;825721.0;212255.0
ore_ont_7868.owl;SubClassOf(<http://purl.obolibrary.org/obo/GO_0015291> <http://purl.obolibrary.org/obo/GO_0022857>);144956;32818.3;0.9989578984895621;28982;145546;0.9993875368315847;321978.0;127105.0;0.9989578984895621;27765.0;145271.0;0.9993875368315847;16737.0;157340.0;2.0;0.9989578984895621;447202.0;154405.0
ore_ont_7868.owl;SubClassOf(<http://purl.obolibrary.org/obo/GO_0009058> <http://purl.obolibrary.org/obo/GO_0008152>);144956;19698.9;;8881;0;;9179.0;0.0;;9351.0;0.0;;9253.0;0.0;0.0;;8636.0;0.0
ore_ont_7868.owl;SubClassOf(<http://purl.obolibrary.org/obo/GO_0044248> <http://purl.obolibrary.org/obo/GO_0009056>);144956;39444.0;;9494;0;;9892.0;0.0;;10109.0;0.0;;9921.0;0.0;0.0;;9740.0;0.0
ore_ont_7868.owl;SubClassOf(<http://purl.obolibrary.org/obo/GO_0043235> <http://purl.obolibrary.org/obo/GO_0043234>);144956;26442.1;;9730;0;;9636.0;0.0;;9804.0;0.0;;9746.0;0.0;0.0;;9607.0;0.0
ore_ont_7868.owl;SubClassOf(<http://purl.obolibrary.org/obo/GO_0046903> <http://purl.obolibrary.org/obo/GO_0006810>);144956;26253.099999999995;;9758;0;;10511.0;0.0;;10510.0;0.0;;9837.0;0.0;0.0;;9885.0;0.0
ore_ont_7868.owl;SubClassOf(<http://purl.obolibrary.org/obo/CHEBI_37512> <http://purl.obolibrary.org/obo/CHEBI_26079>);144956;167608.9;0.9999982101189138;137175;187589;0.9961451927672098;2124962.0;164444.0;0.9962167880106605;96591.0;166206.0;0.9999248249943767;17554.0;163163.0;2.0;0.9962167880106605;2068794.0;204262.0
ore_ont_11519.owl;SubClassOf(<http://purl.obolibrary.org/obo/FMA_86594> <http://purl.obolibrary.org/obo/FMA_45688>);126545;467.5;;9067;0;;8745.0;0.0;;8654.0;0.0;;8866.0;0.0;0.0;;9656.0;0.0
ore_ont_11519.owl;SubClassOf(<http://purl.obolibrary.org/obo/FMA_78551> <http://purl.obolibrary.org/obo/FMA_63819>);126545;532.5999999999999;;8738;0;;9035.0;0.0;;12059.0;0.0;;10083.0;0.0;0.0;;10151.0;0.0
ore_ont_11519.owl;SubClassOf(<http://purl.obolibrary.org/obo/FMA_269094> <http://purl.obolibrary.org/obo/FMA_49894>);126545;692.3000000000001;;9401;0;;10003.0;0.0;;9969.0;0.0;;10082.0;0.0;0.0;;9632.0;0.0
ore_ont_11519.owl;SubClassOf(<http://purl.obolibrary.org/obo/FMA_42164> <http://purl.obolibrary.org/obo/FMA_21792>);126545;783.1999999999999;;9417;0;;9229.0;0.0;;10131.0;0.0;;9659.0;0.0;0.0;;9689.0;0.0
ore_ont_11519.owl;SubClassOf(<http://purl.obolibrary.org/obo/FMA_58279> <http://purl.obolibrary.org/obo/FMA_9721>);126545;948.0999999999998;;9412;0;;9744.0;0.0;;9747.0;0.0;;9567.0;0.0;0.0;;9607.0;0.0
ore_ont_11519.owl;SubClassOf(<http://purl.obolibrary.org/obo/FMA_9140> <http://purl.obolibrary.org/obo/FMA_85544>);126545;1118.6999999999998;0.8714579422544025;38405;17514;0.7523911683203719;53072.0;17493.0;0.8714579422544025;38414.0;18496.0;0.7523911683203719;15836.0;19258.0;3.0;0.8714579422544025;157239.0;21747.0
ore_ont_11519.owl;SubClassOf(<http://purl.obolibrary.org/obo/FMA_7480> <http://purl.obolibrary.org/obo/FMA_85544>);126545;962.1;;9692;0;;9616.0;0.0;;10395.0;0.0;;10085.0;0.0;0.0;;9365.0;0.0
ore_ont_11519.owl;SubClassOf(<http://purl.obolibrary.org/obo/FMA_4687> <http://purl.obolibrary.org/obo/FMA_63812>);126545;834.6999999999999;0.890619384209896;30566;22703;0.7705762549418954;74072.0;21769.0;0.890619384209896;34559.0;19720.0;0.890619384209896;17065.0;19565.0;1.0;0.890619384209896;94360.0;26312.0
ore_ont_11519.owl;SubClassOf(<http://purl.obolibrary.org/obo/FMA_42163> <http://purl.obolibrary.org/obo/FMA_68013>);126545;502.8;;8404;0;;8882.0;0.0;;8559.0;0.0;;8507.0;0.0;0.0;;8587.0;0.0
ore_ont_11519.owl;SubClassOf(<http://purl.obolibrary.org/obo/FMA_241733> <http://purl.obolibrary.org/obo/FMA_63814>);126545;1006.9;;8478;0;;8727.0;0.0;;8785.0;0.0;;8776.0;0.0;0.0;;9156.0;0.0
ore_ont_1357.owl;SubClassOf(<http://purl.obolibrary.org/obo/CHROMOSOME-10116#_4> <http://purl.obolibrary.org/obo/SO_0000340>);134251;267704.8;;6711;0;;6576.0;0.0;;6377.0;0.0;;6232.0;0.0;0.0;;6143.0;0.0
ore_ont_1357.owl;SubClassOf(<http://purl.obolibrary.org/obo/CHROMOSOME-10116#_3> <http://purl.obolibrary.org/obo/SO_0000340>);134251;283001.99999999994;;7101;0;;9252.0;0.0;;6993.0;0.0;;6966.0;0.0;0.0;;6706.0;0.0
ore_ont_1357.owl;SubClassOf(<http://purl.obolibrary.org/obo/CHROMOSOME-10116#_2> <http://purl.obolibrary.org/obo/SO_0000340>);134251;328893.60000000003;;9401;0;;9882.0;0.0;;8372.0;0.0;;9536.0;0.0;0.0;;9368.0;0.0
ore_ont_1357.owl;SubClassOf(<http://purl.obolibrary.org/obo/CHROMOSOME-10116#_1> <http://purl.obolibrary.org/obo/SO_0000340>);134251;206516.0;;6233;0;;6125.0;0.0;;6093.0;0.0;;5970.0;0.0;0.0;;6123.0;0.0
ore_ont_1357.owl;SubClassOf(<http://purl.obolibrary.org/obo/CHROMOSOME-10116#_10> <http://purl.obolibrary.org/obo/SO_0000340>);134251;298299.19999999995;;6068;0;;6060.0;0.0;;8805.0;0.0;;9633.0;0.0;0.0;;7383.0;0.0
ore_ont_1357.owl;SubClassOf(<http://purl.obolibrary.org/obo/CHROMOSOME-10116#_8> <http://purl.obolibrary.org/obo/SO_0000340>);134251;328893.6;;6284;0;;6574.0;0.0;;6273.0;0.0;;5997.0;0.0;0.0;;6313.0;0.0
ore_ont_1357.owl;SubClassOf(<http://purl.obolibrary.org/obo/CHROMOSOME-10116#_7> <http://purl.obolibrary.org/obo/SO_0000340>);134251;252407.6;;9871;0;;9842.0;0.0;;9526.0;0.0;;9643.0;0.0;0.0;;9511.0;0.0
ore_ont_1357.owl;SubClassOf(<http://purl.obolibrary.org/obo/RGD_1549728> <http://purl.obolibrary.org/obo/SO_0001217>);134251;282988.1;;6632;0;;6775.0;0.0;;6363.0;0.0;;6358.0;0.0;0.0;;6479.0;0.0
ore_ont_1357.owl;SubClassOf(<http://purl.obolibrary.org/obo/CHROMOSOME-10116#_5> <http://purl.obolibrary.org/obo/SO_0000340>);134251;267704.8;;6639;0;;6360.0;0.0;;6258.0;0.0;;6183.0;0.0;0.0;;6776.0;0.0
ore_ont_1357.owl;SubClassOf(<http://purl.obolibrary.org/obo/ENSEMBL#_ENSRNOG00000035759> <http://purl.obolibrary.org/obo/SO_0000275>);134251;191716.49999999997;;9827;0;;9891.0;0.0;;9923.0;0.0;;9922.0;0.0;0.0;;10442.0;0.0
ore_ont_4802.owl;SubClassOf(<http://purl.obolibrary.org/obo/CHEBI_33853> <http://purl.obolibrary.org/obo/CHEBI_50860>);140957;2335.5999999999995;0.770851173146087;78596;15255;0.14150539475937662;209865.0;14052.0;0.770851173146087;92274.0;14821.0;0.7873351601301595;15984.0;15493.0;1.0;0.770851173146087;376232.0;21903.0
ore_ont_4802.owl;SubClassOf(<http://purl.obolibrary.org/obo/CHEBI_76967> <http://purl.obolibrary.org/obo/CHEBI_77746>);140957;215.7;;10135;0;;10222.0;0.0;;10602.0;0.0;;10323.0;0.0;0.0;;9783.0;0.0
ore_ont_4802.owl;SubClassOf(<http://purl.obolibrary.org/obo/CHEBI_15904> <http://purl.obolibrary.org/obo/CHEBI_25384>);140957;7045.2;0.8873133480951569;30664;20467;0.9233662635553285;62745.0;15723.0;0.8873133480951569;27326.0;14910.0;0.9233662635553285;13318.0;15312.0;2.0;0.8873133480951569;96473.0;14900.0
ore_ont_4802.owl;SubClassOf(<http://purl.obolibrary.org/obo/CHEBI_64477> <http://purl.obolibrary.org/obo/CHEBI_76924>);140957;106.8;;6080;0;;6034.0;0.0;;8926.0;0.0;;6593.0;0.0;0.0;;6392.0;0.0
ore_ont_4802.owl;SubClassOf(<http://purl.obolibrary.org/obo/CHEBI_35610> <http://purl.obolibrary.org/obo/CHEBI_23888>);140957;58.99999999999999;;8355;0;;8698.0;0.0;;8611.0;0.0;;6200.0;0.0;0.0;;7942.0;0.0
ore_ont_4802.owl;SubClassOf(<http://purl.obolibrary.org/obo/CHEBI_78954> <http://purl.obolibrary.org/obo/CHEBI_35681>);140957;9738.2;;6384;0;;8251.0;0.0;;8401.0;0.0;;8692.0;0.0;0.0;;6543.0;0.0
ore_ont_4802.owl;SubClassOf(<http://purl.obolibrary.org/obo/CHEBI_77746> <http://purl.obolibrary.org/obo/CHEBI_25212>);140957;159.10000000000002;0.2489000628535512;50808;15544;0.37586423632935256;54016.0;15927.0;0.2489000628535512;50471.0;16123.0;0.5417976115650533;17063.0;15643.0;1.0;0.2489000628535512;236972.0;15141.0
ore_ont_4802.owl;SubClassOf(<http://purl.obolibrary.org/obo/CHEBI_26195> <http://purl.obolibrary.org/obo/CHEBI_33853>);140957;2582.0;;8824;0;;8650.0;0.0;;8900.0;0.0;;8932.0;0.0;0.0;;9232.0;0.0
ore_ont_4802.owl;SubClassOf(<http://purl.obolibrary.org/obo/CHEBI_25235> <http://purl.obolibrary.org/obo/CHEBI_35618>);140957;7149.099999999999;0.9303408820690717;28901;16823;0.8806563063882166;60841.0;16120.0;0.9303408820690717;27867.0;15742.0;0.8806563063882166;13694.0;15957.0;2.0;0.9303408820690717;98876.0;18663.0
ore_ont_4802.owl;SubClassOf(<http://purl.obolibrary.org/obo/CHEBI_59737> <http://purl.obolibrary.org/obo/CHEBI_58945>);140957;2016.2;;8582;0;;9164.0;0.0;;8589.0;0.0;;6697.0;0.0;0.0;;8972.0;0.0
ore_ont_2828.owl;SubClassOf(<http://purl.obolibrary.org/obo/PR_000036818> <http://purl.obolibrary.org/obo/PR_000018264>);177701;232740.0;;11071;0;;11553.0;0.0;;9906.0;0.0;;9940.0;0.0;0.0;;10159.0;0.0
ore_ont_2828.owl;SubClassOf(<http://purl.obolibrary.org/obo/PR_000029067> <http://purl.obolibrary.org/obo/PR_000000001>);177701;301349.6;;10385;0;;10484.0;0.0;;9944.0;0.0;;9892.0;0.0;0.0;;9809.0;0.0
ore_ont_2828.owl;SubClassOf(<http://purl.obolibrary.org/obo/PR_Q8IUC6RELAPPROXQ2> <http://purl.obolibrary.org/obo/PR_000029067>);177701;399854.70000000007;0.9669297372270477;117217;2102157;0.9832671718001562;3506725.0;1656517.0;0.9832671718001562;41168.0;1784860.0;1.0;21852.0;1894117.0;3.0;;-1.0;0.0
ore_ont_2828.owl;SubClassOf(<http://purl.obolibrary.org/obo/PR_000027172> <http://purl.obolibrary.org/obo/PR_000029032>);177701;549768.5000000001;0.9390665343685568;480436;2062269;;-1.0;0.0;0.9878394269588018;186363.0;1878179.0;0.9640577806840516;20479.0;2151066.0;1.0;;-1.0;0.0
ore_ont_2828.owl;SubClassOf(<http://purl.obolibrary.org/obo/NCBITaxon_83333> <http://purl.obolibrary.org/obo/OBI_0100026>);177701;302363.80000000005;;9394;0;;9289.0;0.0;;9059.0;0.0;;7519.0;0.0;0.0;;8980.0;0.0
ore_ont_2828.owl;SubClassOf(<http://purl.obolibrary.org/obo/PR_P39453> <http://purl.obolibrary.org/obo/PR_000029062>);177701;292443.0;1.0;78840;1868366;;-1.0;0.0;1.0;90395.0;1889277.0;0.9771237471917604;20257.0;1780403.0;1.0;;-1.0;0.0
ore_ont_2828.owl;SubClassOf(<http://purl.obolibrary.org/obo/NCBITaxon_10090> <http://purl.obolibrary.org/obo/OBI_0100026>);177701;209282.8;;6400;0;;6884.0;0.0;;8602.0;0.0;;7462.0;0.0;0.0;;7235.0;0.0
ore_ont_2828.owl;SubClassOf(<http://purl.obolibrary.org/obo/SO_0000418> <http://purl.obolibrary.org/obo/PR_000021935>);177701;364378.5;;9634;0;;9542.0;0.0;;9098.0;0.0;;6940.0;0.0;0.0;;9085.0;0.0
ore_ont_2828.owl;SubClassOf(<http://purl.obolibrary.org/obo/NCBITaxon_9606> <http://purl.obolibrary.org/obo/OBI_0100026>);177701;209243.19999999995;;6452;0;;6231.0;0.0;;6563.0;0.0;;6403.0;0.0;0.0;;6447.0;0.0
ore_ont_2828.owl;SubClassOf(<http://purl.obolibrary.org/obo/PR_000021937> <http://purl.obolibrary.org/obo/PR_000021935>);177701;364338.9;;9373;0;;7111.0;0.0;;7050.0;0.0;;6936.0;0.0;0.0;;8606.0;0.0
ore_ont_2469.owl;SubClassOf(<http://purl.obolibrary.org/obo/SO_0000593> <http://purl.obolibrary.org/obo/SO_0000275>);138452;105094.8;;6983;0;;6832.0;0.0;;6120.0;0.0;;6296.0;0.0;0.0;;5953.0;0.0
ore_ont_2469.owl;SubClassOf(<http://purl.obolibrary.org/obo/SO_0000186> <http://purl.obolibrary.org/obo/SO_0000180>);138452;104502.0;;6975;0;;6926.0;0.0;;8908.0;0.0;;9007.0;0.0;0.0;;6580.0;0.0
ore_ont_2469.owl;SubClassOf(<http://purl.obolibrary.org/obo/SO_0001217> <http://purl.obolibrary.org/obo/SO_0000704>);138452;65218.89999999999;;9731;0;;9715.0;0.0;;9514.0;0.0;;9635.0;0.0;0.0;;9427.0;0.0
ore_ont_2469.owl;SubClassOf(<http://purl.obolibrary.org/obo/SO_0000693> <http://purl.obolibrary.org/obo/SO_0001217>);138452;98195.9;;6034;0;;5895.0;0.0;;6436.0;0.0;;6130.0;0.0;0.0;;5847.0;0.0
ore_ont_2469.owl;SubClassOf(<http://purl.obolibrary.org/obo/ENSEMBL#_ENSRNOG00000034426> <http://purl.obolibrary.org/obo/SO_0000274>);138452;105018.6;;9744;0;;7287.0;0.0;;8872.0;0.0;;9398.0;0.0;0.0;;7203.0;0.0
ore_ont_2469.owl;SubClassOf(<http://purl.obolibrary.org/obo/SO_0000651> <http://purl.obolibrary.org/obo/SO_0000252>);138452;104680.2;;6784;0;;7092.0;0.0;;6655.0;0.0;;6756.0;0.0;0.0;;6753.0;0.0
ore_ont_2469.owl;SubClassOf(<http://purl.obolibrary.org/obo/ENSEMBL#_ENSRNOG00000033932> <http://purl.obolibrary.org/obo/SO_0000253>);138452;104603.1;;7344;0;;6693.0;0.0;;6319.0;0.0;;6371.0;0.0;0.0;;6237.0;0.0
ore_ont_2469.owl;SubClassOf(<http://purl.obolibrary.org/obo/SO_0001760> <http://purl.obolibrary.org/obo/SO_0000336>);138452;52599.5;;7285;0;;7065.0;0.0;;8683.0;0.0;;8579.0;0.0;0.0;;12345.0;0.0
ore_ont_2469.owl;SubClassOf(<http://purl.obolibrary.org/obo/ENSEMBL#_ENSRNOG00000035516> <http://purl.obolibrary.org/obo/SO_0000276>);138452;118098.8;;6998;0;;6730.0;0.0;;6483.0;0.0;;6483.0;0.0;0.0;;6259.0;0.0
ore_ont_2469.owl;SubClassOf(<http://purl.obolibrary.org/obo/SO_0000275> <http://purl.obolibrary.org/obo/SO_0000655>);138452;91516.6;;7640;0;;8507.0;0.0;;8639.0;0.0;;6826.0;0.0;0.0;;6670.0;0.0
ore_ont_9400.owl;SubClassOf(<http://purl.org/obo/owl/GO#GO_0019113> <http://purl.org/obo/owl/GO#GO_0016709>);316367;435.9;;10195;0;;9761.0;0.0;;10101.0;0.0;;10195.0;0.0;0.0;;9968.0;0.0
ore_ont_9400.owl;SubClassOf(<http://purl.org/obo/owl/GO#GO_0008439> <http://www.geneontology.org/formats/oboInOwl#ObsoleteClass>);316367;195.6;;10903;0;;10831.0;0.0;;11612.0;0.0;;12124.0;0.0;0.0;;11073.0;0.0
ore_ont_9400.owl;SubClassOf(<http://purl.org/obo/owl/GO#GO_0016274> <http://purl.org/obo/owl/GO#GO_0008757>);316367;580.8;1.0;41407;21963;0.9817493112947658;76452.0;19351.0;1.0;49295.0;21479.0;0.9817493112947658;22291.0;19031.0;2.0;1.0;127888.0;18683.0
ore_ont_9400.owl;SubClassOf(<http://purl.org/obo/owl/GO#GO_0004672> <http://purl.org/obo/owl/GO#GO_0016301>);316367;354.4;;10051;0;;10082.0;0.0;;10630.0;0.0;;10027.0;0.0;0.0;;10196.0;0.0
ore_ont_9400.owl;SubClassOf(<http://purl.org/obo/owl/GO#GO_0033764> <http://purl.org/obo/owl/GO#GO_0016616>);316367;472.19999999999993;;10091;0;;10112.0;0.0;;10091.0;0.0;;10037.0;0.0;0.0;;10841.0;0.0
ore_ont_9400.owl;SubClassOf(<http://purl.org/obo/owl/GO#GO_0048468> <http://purl.org/obo/owl/GO#GO_0048856>);316367;254.19999999999996;;10868;0;;11134.0;0.0;;11339.0;0.0;;11288.0;0.0;0.0;;11174.0;0.0
ore_ont_9400.owl;SubClassOf(<http://purl.org/obo/owl/GO#GO_0048608> <http://purl.org/obo/owl/GO#GO_0003006>);316367;309.4;;13481;0;;13129.0;0.0;;11232.0;0.0;;10619.0;0.0;0.0;;11154.0;0.0
ore_ont_9400.owl;SubClassOf(<http://purl.org/obo/owl/GO#GO_0019171> <http://purl.org/obo/owl/GO#GO_0016836>);316367;290.5;;11308;0;;11240.0;0.0;;10767.0;0.0;;10951.0;0.0;0.0;;11622.0;0.0
ore_ont_9400.owl;SubClassOf(<http://purl.org/obo/owl/GO#GO_0016616> <http://purl.org/obo/owl/GO#GO_0003674>);316367;272.29999999999995;0.7660668380462726;80251;20161;0.8082996694821889;79354.0;22240.0;0.7660668380462726;94239.0;20795.0;0.8082996694821889;23206.0;23067.0;2.0;0.7660668380462726;356578.0;24504.0
ore_ont_9400.owl;SubClassOf(<http://purl.org/obo/owl/GO#GO_0022412> <http://purl.org/obo/owl/GO#GO_0048610>);316367;237.7;;10684;0;;10812.0;0.0;;10717.0;0.0;;11962.0;0.0;0.0;;10897.0;0.0
ore_ont_1579.owl;SubClassOf(<http://purl.obolibrary.org/obo/SO_0000965> <http://purl.obolibrary.org/obo/SO_0000340>);259659;550469.1999999998;0.9999384161729666;44967;475522;0.9998888221175681;896729.0;390221.0;0.9999384161729666;50578.0;447704.0;0.9999384161729666;23531.0;494059.0;1.0;0.9999384161729666;1125602.0;512352.0
ore_ont_1579.owl;SubClassOf(<http://purl.obolibrary.org/obo/SO_0000108> <http://purl.obolibrary.org/obo/SO_0000234>);259659;262695.4;;11718;0;;10219.0;0.0;;12389.0;0.0;;12663.0;0.0;0.0;;12511.0;0.0
ore_ont_1579.owl;SubClassOf(<http://purl.obolibrary.org/obo/SO_0001271> <http://purl.obolibrary.org/obo/SO_0001263>);259659;525457.2999999999;;12629;0;;12645.0;0.0;;12569.0;0.0;;12796.0;0.0;0.0;;12377.0;0.0
ore_ont_1579.owl;SubClassOf(<http://purl.obolibrary.org/obo/SO_0000234> <http://purl.obolibrary.org/obo/SO_0000673>);259659;93780.1;0.999370868659769;50440;557951;0.9996737047625242;1100463.0;427096.0;0.999370868659769;48028.0;463389.0;0.999370868659769;23261.0;404108.0;1.0;0.999370868659769;938695.0;456364.0
ore_ont_1579.owl;SubClassOf(<http://purl.obolibrary.org/obo/SO_0000470> <http://purl.obolibrary.org/obo/SO_0001411>);259659;563107.9;0.9993816460397733;213042;446980;0.9988616746453033;750009.0;466578.0;0.9993816460397733;211613.0;448409.0;0.9988616746453033;23675.0;410237.0;1.0;;-1.0;0.0
ore_ont_1579.owl;SubClassOf(<http://purl.obolibrary.org/obo/SO_0001370> <http://purl.obolibrary.org/obo/SO_0001277>);259659;381584.6;;16323;0;;14413.0;0.0;;16291.0;0.0;;14086.0;0.0;0.0;;14131.0;0.0
ore_ont_1579.owl;SubClassOf(<http://purl.obolibrary.org/obo/SO_0001385> <http://purl.obolibrary.org/obo/SO_0001237>);259659;212642.6;;14212;0;;14339.0;0.0;;14666.0;0.0;;14319.0;0.0;0.0;;14133.0;0.0
ore_ont_1579.owl;SubClassOf(<http://purl.obolibrary.org/obo/SO_0000704> <http://purl.obolibrary.org/obo/SO_0001411>);259659;487937.7;;12917;0;;12645.0;0.0;;10354.0;0.0;;12392.0;0.0;0.0;;12361.0;0.0
ore_ont_1579.owl;SubClassOf(<http://purl.obolibrary.org/obo/SO_0001263> <http://purl.obolibrary.org/obo/SO_0000704>);259659;356545.1;;14569;0;;14123.0;0.0;;16785.0;0.0;;13659.0;0.0;0.0;;14083.0;0.0
ore_ont_1579.owl;SubClassOf(<http://purl.obolibrary.org/obo/SO_0000529> <http://purl.obolibrary.org/obo/SO_0000938>);259659;131372.8;;14212;0;;14290.0;0.0;;14297.0;0.0;;14392.0;0.0;0.0;;14423.0;0.0
ore_ont_9499.owl;SubClassOf(<http://purl.org/obo/owl/GO#GO_0019113> <http://purl.org/obo/owl/GO#GO_0016709>);335239;615.9;;14158;0;;14732.0;0.0;;13634.0;0.0;;12327.0;0.0;0.0;;13188.0;0.0
ore_ont_9499.owl;SubClassOf(<http://purl.org/obo/owl/GO#GO_0005887> <http://purl.org/obo/owl/GO#GO_0044459>);335239;558.9;1.0;49392;22515;1.0;105691.0;24148.0;1.0;66912.0;24445.0;1.0;30076.0;25729.0;2.0;1.0;175996.0;25887.0
ore_ont_9499.owl;SubClassOf(<http://purl.org/obo/owl/GO#GO_0044444> <http://purl.org/obo/owl/GO#GO_0044424>);335239;275.20000000000005;;15041;0;;15607.0;0.0;;16006.0;0.0;;15613.0;0.0;0.0;;15596.0;0.0
ore_ont_9499.owl;SubClassOf(<http://purl.org/obo/owl/GO#GO_0033764> <http://purl.org/obo/owl/GO#GO_0016616>);335239;652.1999999999999;;15467;0;;15480.0;0.0;;15578.0;0.0;;15584.0;0.0;0.0;;14773.0;0.0
ore_ont_9499.owl;SubClassOf(<http://purl.org/obo/owl/GO#GO_0044432> <http://purl.org/obo/owl/GO#GO_0044444>);335239;642.4000000000001;;14676;0;;15007.0;0.0;;13837.0;0.0;;12683.0;0.0;0.0;;12668.0;0.0
ore_ont_9499.owl;SubClassOf(<http://purl.org/obo/owl/GO#GO_0048468> <http://purl.org/obo/owl/GO#GO_0048856>);335239;404.2;;11621;0;;11828.0;0.0;;12529.0;0.0;;11696.0;0.0;0.0;;12096.0;0.0
ore_ont_9499.owl;SubClassOf(<http://purl.org/obo/owl/GO#GO_0043235> <http://purl.org/obo/owl/GO#GO_0043234>);335239;485.1;;14300;0;;15013.0;0.0;;12298.0;0.0;;13133.0;0.0;0.0;;15087.0;0.0
ore_ont_9499.owl;SubClassOf(<http://purl.org/obo/owl/GO#GO_0048608> <http://purl.org/obo/owl/GO#GO_0003006>);335239;459.4;;14958;0;;13136.0;0.0;;13073.0;0.0;;14129.0;0.0;0.0;;12390.0;0.0
ore_ont_9499.owl;SubClassOf(<http://purl.org/obo/owl/GO#GO_0004086> <http://www.geneontology.org/formats/oboInOwl#ObsoleteClass>);335239;558.9;;12500;0;;12161.0;0.0;;12299.0;0.0;;12108.0;0.0;0.0;;15033.0;0.0
ore_ont_9499.owl;SubClassOf(<http://purl.org/obo/owl/GO#GO_0022412> <http://purl.org/obo/owl/GO#GO_0048610>);335239;357.7;;12199;0;;12603.0;0.0;;14803.0;0.0;;14339.0;0.0;0.0;;15240.0;0.0
ore_ont_12387.owl;SubClassOf(<http://purl.obolibrary.org/obo/CHROMOSOME-9606_6> <http://purl.obolibrary.org/obo/SO_0000340>);296212;116070.9;;12298;0;;11425.0;0.0;;11570.0;0.0;;12386.0;0.0;0.0;;12229.0;0.0
ore_ont_12387.owl;SubClassOf(<http://purl.obolibrary.org/obo/ENSEMBL_ENSG00000206029> <http://purl.obolibrary.org/obo/SO_0001463>);296212;166494.49999999997;;12915;0;;12199.0;0.0;;12374.0;0.0;;12513.0;0.0;0.0;;12005.0;0.0
ore_ont_12387.owl;SubClassOf(<http://purl.obolibrary.org/obo/CHROMOSOME-9606_2> <http://purl.obolibrary.org/obo/SO_0000340>);296212;91642.7;;11264;0;;11651.0;0.0;;12362.0;0.0;;11976.0;0.0;0.0;;11964.0;0.0
ore_ont_12387.owl;SubClassOf(<http://purl.obolibrary.org/obo/CHROMOSOME-9606_3> <http://purl.obolibrary.org/obo/SO_0000340>);296212;140499.09999999998;;12265;0;;11826.0;0.0;;12918.0;0.0;;12222.0;0.0;0.0;;13214.0;0.0
ore_ont_12387.owl;SubClassOf(<http://purl.obolibrary.org/obo/NCBIGene_8368> <http://purl.obolibrary.org/obo/SO_0001217>);296212;128150.2;;12249;0;;12917.0;0.0;;12699.0;0.0;;12276.0;0.0;0.0;;12762.0;0.0
ore_ont_12387.owl;SubClassOf(<http://purl.obolibrary.org/obo/NCBIGene_7177> <http://purl.obolibrary.org/obo/SO_0000336>);296212;146425.4;1.0;70368;1507170;0.9999959023502752;2721211.0;1047872.0;1.0;67187.0;885958.0;0.999993853525413;22529.0;879660.0;2.0;;-1.0;0.0
ore_ont_12387.owl;SubClassOf(<http://purl.obolibrary.org/obo/PR_000017341> <http://purl.obolibrary.org/obo/PR_000000001>);296212;156697.19999999998;;10870;0;;10745.0;0.0;;10146.0;0.0;;10510.0;0.0;0.0;;9911.0;0.0
ore_ont_12387.owl;SubClassOf(<http://purl.obolibrary.org/obo/NCBIGene_721> <http://purl.obolibrary.org/obo/SO_0001503>);296212;134215.8;;10460;0;;10323.0;0.0;;10869.0;0.0;;10989.0;0.0;0.0;;10860.0;0.0
ore_ont_12387.owl;SubClassOf(<http://purl.obolibrary.org/obo/CHROMOSOME-9606_1> <http://purl.obolibrary.org/obo/SO_0000340>);296212;140499.09999999998;;11276;0;;10573.0;0.0;;10966.0;0.0;;10982.0;0.0;0.0;;10682.0;0.0
ore_ont_12387.owl;SubClassOf(<http://purl.obolibrary.org/obo/CHROMOSOME-9606_11> <http://purl.obolibrary.org/obo/SO_0000340>);296212;213783.7;;10371;0;;10673.0;0.0;;11230.0;0.0;;10733.0;0.0;0.0;;10385.0;0.0
ore_ont_3560.owl;SubClassOf(<http://purl.org/obo/owl/GAZ#GAZ_00002793> <http://purl.org/obo/owl/GAZ#GAZ_00002785>);382157;716915.2000000001;;12969;0;;14813.0;0.0;;13185.0;0.0;;14795.0;0.0;0.0;;12938.0;0.0
ore_ont_3560.owl;SubClassOf(<http://purl.org/obo/owl/GAZ#GAZ_00003320> <http://purl.org/obo/owl/GAZ#GAZ_00002648>);382157;463945.0;;16546;0;;14884.0;0.0;;15016.0;0.0;;16285.0;0.0;0.0;;16333.0;0.0
ore_ont_3560.owl;SubClassOf(<http://purl.org/obo/owl/GAZ#GAZ_00003122> <http://purl.org/obo/owl/GAZ#GAZ_00002722>);382157;464068.0;;17724;0;;18757.0;0.0;;19552.0;0.0;;20263.0;0.0;0.0;;19945.0;0.0
ore_ont_3560.owl;SubClassOf(<http://purl.org/obo/owl/GAZ#GAZ_00052028> <http://purl.org/obo/owl/GAZ#GAZ_00002644>);382157;379607.0;;17621;0;;18194.0;0.0;;17742.0;0.0;;17793.0;0.0;0.0;;17996.0;0.0
ore_ont_3560.owl;SubClassOf(<http://purl.org/obo/owl/GAZ#GAZ_00050243> <http://purl.org/obo/owl/GAZ#GAZ_00003138>);382157;464132.2;;17792;0;;17266.0;0.0;;17085.0;0.0;;17544.0;0.0;0.0;;17532.0;0.0
ore_ont_3560.owl;SubClassOf(<http://purl.org/obo/owl/GAZ#GAZ_00002792> <http://purl.org/obo/owl/GAZ#GAZ_00002785>);382157;716915.2;;16271;0;;16442.0;0.0;;16917.0;0.0;;14129.0;0.0;0.0;;13307.0;0.0
ore_ont_3560.owl;SubClassOf(<http://purl.org/obo/owl/GAZ#GAZ_00005785> <http://purl.org/obo/owl/GAZ#GAZ_00002855>);382157;463950.4;;12762;0;;13234.0;0.0;;12488.0;0.0;;14523.0;0.0;0.0;;12626.0;0.0
ore_ont_3560.owl;SubClassOf(<http://purl.org/obo/owl/GAZ#GAZ_00091581> <http://purl.org/obo/owl/GAZ#GAZ_00091359>);382157;295314.3;;17344;0;;15447.0;0.0;;15901.0;0.0;;16135.0;0.0;0.0;;16038.0;0.0
ore_ont_3560.owl;SubClassOf(<http://purl.org/obo/owl/GAZ#GAZ_00089467> <http://purl.org/obo/owl/GAZ#GAZ_00089473>);382157;295261.80000000005;;15622;0;;15497.0;0.0;;15365.0;0.0;;16113.0;0.0;0.0;;15610.0;0.0
ore_ont_3560.owl;SubClassOf(<http://purl.org/obo/owl/GAZ#GAZ_00086738> <http://www.geneontology.org/formats/oboInOwl#ObsoleteClass>);382157;295350.3;;16343;0;;15724.0;0.0;;16004.0;0.0;;16150.0;0.0;0.0;;16052.0;0.0
ore_ont_13355.owl;SubClassOf(<http://sadi-ontology.semanticscience.org#C450150> <http://sadi-ontology.semanticscience.org#D029681>);396047;1631.8000000000002;;13428;0;;13545.0;0.0;;13311.0;0.0;;14222.0;0.0;0.0;;13484.0;0.0
ore_ont_13355.owl;SubClassOf(<http://sadi-ontology.semanticscience.org#C083884> <http://sadi-ontology.semanticscience.org#D014157>);396047;1113.9;;16868;0;;15778.0;0.0;;13828.0;0.0;;13690.0;0.0;0.0;;13652.0;0.0
ore_ont_13355.owl;SubClassOf(<http://sadi-ontology.semanticscience.org#C436684> <http://sadi-ontology.semanticscience.org#D029701>);396047;1515.4;;14326;0;;13812.0;0.0;;14453.0;0.0;;15393.0;0.0;0.0;;14400.0;0.0
ore_ont_13355.owl;SubClassOf(<http://sadi-ontology.semanticscience.org#C453299> <http://sadi-ontology.semanticscience.org#D002352>);396047;1389.5000000000005;;13735;0;;13488.0;0.0;;13409.0;0.0;;13417.0;0.0;0.0;;14705.0;0.0
ore_ont_13355.owl;SubClassOf(<http://sadi-ontology.semanticscience.org#C011295> <http://sadi-ontology.semanticscience.org#D009942>);396047;2812.7;;16961;0;;14473.0;0.0;;14843.0;0.0;;13696.0;0.0;0.0;;17046.0;0.0
ore_ont_13355.owl;SubClassOf(<http://sadi-ontology.semanticscience.org#C427323> <http://sadi-ontology.semanticscience.org#D008565>);396047;1533.0000000000002;;14432;0;;13779.0;0.0;;13610.0;0.0;;14319.0;0.0;0.0;;13533.0;0.0
ore_ont_13355.owl;SubClassOf(<http://sadi-ontology.semanticscience.org#C445661> <http://sadi-ontology.semanticscience.org#D009842>);396047;6366.3;;15366;0;;14354.0;0.0;;15355.0;0.0;;14776.0;0.0;0.0;;14307.0;0.0
ore_ont_13355.owl;SubClassOf(<http://sadi-ontology.semanticscience.org#C083884> <http://sadi-ontology.semanticscience.org#D029721>);396047;1128.4999999999998;;14004;0;;14129.0;0.0;;13793.0;0.0;;14509.0;0.0;0.0;;13097.0;0.0
ore_ont_13355.owl;SubClassOf(<http://sadi-ontology.semanticscience.org#C067989> <http://sadi-ontology.semanticscience.org#D001426>);396047;2431.1;;14095;0;;13890.0;0.0;;13592.0;0.0;;14433.0;0.0;0.0;;14463.0;0.0
ore_ont_13355.owl;SubClassOf(<http://sadi-ontology.semanticscience.org#C083884> <http://sadi-ontology.semanticscience.org#D004268>);396047;1114.4999999999998;;14101;0;;14386.0;0.0;;13775.0;0.0;;13130.0;0.0;0.0;;13591.0;0.0
ore_ont_9498.owl;SubClassOf(<http://phenomebrowser.net/ontologies/mesh/mesh.owl#C085655> <http://phenomebrowser.net/ontologies/mesh/mesh.owl#D001426>);432805;2056.199999999999;;14764;0;;14623.0;0.0;;14317.0;0.0;;14723.0;0.0;0.0;;14028.0;0.0
ore_ont_9498.owl;SubClassOf(<http://phenomebrowser.net/ontologies/mesh/mesh.owl#C067989> <http://phenomebrowser.net/ontologies/mesh/mesh.owl#D002352>);432805;2232.7000000000003;;14384;0;;15545.0;0.0;;14317.0;0.0;;14940.0;0.0;0.0;;14301.0;0.0
ore_ont_9498.owl;SubClassOf(<http://phenomebrowser.net/ontologies/mesh/mesh.owl#C401395> <http://phenomebrowser.net/ontologies/mesh/mesh.owl#D008565>);432805;1796.1999999999998;;15040;0;;15257.0;0.0;;14845.0;0.0;;14395.0;0.0;0.0;;14782.0;0.0
ore_ont_9498.owl;SubClassOf(<http://phenomebrowser.net/ontologies/mesh/mesh.owl#C109641> <http://phenomebrowser.net/ontologies/mesh/mesh.owl#D011725>);432805;1333.5;;16487;0;;18811.0;0.0;;13327.0;0.0;;13676.0;0.0;0.0;;14043.0;0.0
ore_ont_9498.owl;SubClassOf(<http://phenomebrowser.net/ontologies/mesh/mesh.owl#C465438> <http://phenomebrowser.net/ontologies/mesh/mesh.owl#D029681>);432805;2061.7000000000003;;14566;0;;15132.0;0.0;;14509.0;0.0;;15033.0;0.0;0.0;;14990.0;0.0
ore_ont_9498.owl;SubClassOf(<http://phenomebrowser.net/ontologies/mesh/mesh.owl#C083884> <http://phenomebrowser.net/ontologies/mesh/mesh.owl#D029721>);432805;1218.8000000000002;;14513;0;;14213.0;0.0;;16689.0;0.0;;16322.0;0.0;0.0;;14732.0;0.0
ore_ont_9498.owl;SubClassOf(<http://phenomebrowser.net/ontologies/mesh/mesh.owl#C585587> <http://phenomebrowser.net/ontologies/mesh/mesh.owl#D009942>);432805;2521.100000000001;;13276;0;;15060.0;0.0;;14133.0;0.0;;13577.0;0.0;0.0;;15046.0;0.0
ore_ont_9498.owl;SubClassOf(<http://phenomebrowser.net/ontologies/mesh/mesh.owl#C494789> <http://phenomebrowser.net/ontologies/mesh/mesh.owl#D029701>);432805;2222.1000000000004;;14286;0;;13076.0;0.0;;13792.0;0.0;;13377.0;0.0;0.0;;14606.0;0.0
ore_ont_9498.owl;SubClassOf(<http://phenomebrowser.net/ontologies/mesh/mesh.owl#C083884> <http://phenomebrowser.net/ontologies/mesh/mesh.owl#D014157>);432805;1208.7;;19858;0;;18578.0;0.0;;18836.0;0.0;;20116.0;0.0;0.0;;18839.0;0.0
ore_ont_9498.owl;SubClassOf(<http://phenomebrowser.net/ontologies/mesh/mesh.owl#C445661> <http://phenomebrowser.net/ontologies/mesh/mesh.owl#D009842>);432805;6015.4000000000015;;18825;0;;19839.0;0.0;;19319.0;0.0;;19845.0;0.0;0.0;;20009.0;0.0
ore_ont_11739.owl;SubClassOf(<http://purl.obolibrary.org/obo/ENSEMBL_ENSMUSG00000023175> <http://purl.obolibrary.org/obo/UBERON_0002062-OMEO-0000001>);952087;-1.0;;17691;0;;15352.0;0.0;;16798.0;0.0;;16964.0;0.0;0.0;;15508.0;0.0
ore_ont_11739.owl;SubClassOf(<http://purl.obolibrary.org/obo/ENSEMBL_ENSMUSG00000023175> <http://purl.obolibrary.org/obo/UBERON_0002116-OMEO-0000001>);952087;-1.0;;15862;0;;15443.0;0.0;;16286.0;0.0;;16650.0;0.0;0.0;;16334.0;0.0
ore_ont_11739.owl;SubClassOf(<http://purl.obolibrary.org/obo/ENSEMBL_ENSMUSG00000023175> <http://purl.obolibrary.org/obo/UBERON_0001255-OMEO-0000001>);952087;-1.0;;17112;0;;16758.0;0.0;;17593.0;0.0;;18258.0;0.0;0.0;;16017.0;0.0
ore_ont_11739.owl;SubClassOf(<http://purl.obolibrary.org/obo/ENSEMBL_ENSMUSG00000023175> <http://purl.obolibrary.org/obo/UBERON_0000044-OMEO-0000001>);952087;-1.0;;16006;0;;17621.0;0.0;;16553.0;0.0;;16789.0;0.0;0.0;;15913.0;0.0
ore_ont_11739.owl;SubClassOf(<http://purl.obolibrary.org/obo/UBERON_0002257-OMEO-0000001> <http://purl.obolibrary.org/obo/UBERON_0002240-OMEO-0000001>);952087;7086.099999999999;0.10658895584312955;111669;230497;0.5561733534666459;2941608.0;212173.0;0.10658895584312955;131561.0;209598.0;0.5470710263755805;29723.0;195413.0;2.0;0.10658895584312955;3187216.0;237768.0
ore_ont_11739.owl;SubClassOf(<http://purl.obolibrary.org/obo/UBERON_0002979-OMEO-0000001> <http://purl.obolibrary.org/obo/UBERON_0002037-OMEO-0000001>);952087;10487.4;0.17565840913858535;79882;236306;0.45900795240002285;931917.0;226309.0;0.17565840913858535;108980.0;237017.0;0.17565840913858535;30891.0;246156.0;1.0;0.17565840913858535;2483847.0;228328.0
ore_ont_11739.owl;SubClassOf(<http://purl.obolibrary.org/obo/ENSEMBL_ENSMUSG00000023175> <http://purl.obolibrary.org/obo/UBERON_0005619-OMEO-0000001>);952087;-1.0;;16362;0;;17110.0;0.0;;16302.0;0.0;;16127.0;0.0;0.0;;16765.0;0.0
ore_ont_11739.owl;SubClassOf(<http://purl.obolibrary.org/obo/ENSEMBL_ENSMUSG00000023175> <http://purl.obolibrary.org/obo/UBERON_0005418-OMEO-0000001>);952087;-1.0;;15852;0;;17035.0;0.0;;13335.0;0.0;;15700.0;0.0;0.0;;15596.0;0.0
ore_ont_11739.owl;SubClassOf(<http://purl.obolibrary.org/obo/ENSEMBL_ENSMUSG00000023175> <http://purl.obolibrary.org/obo/UBERON_0007223-OMEO-0000001>);952087;-1.0;;16842;0;;16576.0;0.0;;16812.0;0.0;;16369.0;0.0;0.0;;17406.0;0.0
ore_ont_11739.owl;SubClassOf(<http://purl.obolibrary.org/obo/ENSEMBL_ENSMUSG00000023175> <http://purl.obolibrary.org/obo/UBERON_0001000-OMEO-0000001>);952087;-1.0;;16738;0;;16678.0;0.0;;16497.0;0.0;;16332.0;0.0;0.0;;16576.0;0.0
ore_ont_16008.owl;SubClassOf(<http://purl.obolibrary.org/obo/NCBITaxon_663130> <http://purl.obolibrary.org/obo/NCBITaxon_49928>);733098;-1.0;;29014;0;;27998.0;0.0;;29000.0;0.0;;28433.0;0.0;0.0;;28832.0;0.0
ore_ont_16008.owl;SubClassOf(<http://purl.obolibrary.org/obo/NCBITaxon_843199> <http://purl.obolibrary.org/obo/NCBITaxon_500585>);733098;-1.0;;30556;0;;33716.0;0.0;;28893.0;0.0;;27055.0;0.0;0.0;;27499.0;0.0
ore_ont_16008.owl;SubClassOf(<http://purl.obolibrary.org/obo/NCBITaxon_65119> <http://purl.obolibrary.org/obo/NCBITaxon_1386>);733098;-1.0;;28000;0;;27474.0;0.0;;28727.0;0.0;;27840.0;0.0;0.0;;28849.0;0.0
ore_ont_16008.owl;SubClassOf(<http://purl.obolibrary.org/obo/NCBITaxon_371608> <http://purl.obolibrary.org/obo/NCBITaxon_1883>);733098;-1.0;;27949;0;;28479.0;0.0;;26788.0;0.0;;26958.0;0.0;0.0;;27063.0;0.0
ore_ont_16008.owl;SubClassOf(<http://purl.obolibrary.org/obo/NCBITaxon_62104> <http://purl.obolibrary.org/obo/NCBITaxon_286>);733098;-1.0;;27456;0;;28896.0;0.0;;28029.0;0.0;;31690.0;0.0;0.0;;34907.0;0.0
ore_ont_16008.owl;SubClassOf(<http://purl.obolibrary.org/obo/NCBITaxon_826630> <http://purl.obolibrary.org/obo/NCBITaxon_156408>);733098;-1.0;;38651;0;;36826.0;0.0;;37484.0;0.0;;39676.0;0.0;0.0;;36765.0;0.0
ore_ont_16008.owl;SubClassOf(<http://purl.obolibrary.org/obo/NCBITaxon_211044> <http://purl.obolibrary.org/obo/NCBITaxon_114727>);733098;-1.0;;36165;0;;35639.0;0.0;;37708.0;0.0;;35276.0;0.0;0.0;;35233.0;0.0
ore_ont_16008.owl;SubClassOf(<http://purl.obolibrary.org/obo/NCBITaxon_383597> <http://purl.obolibrary.org/obo/NCBITaxon_119210>);733098;-1.0;;37107;0;;37716.0;0.0;;35955.0;0.0;;28087.0;0.0;0.0;;28541.0;0.0
ore_ont_16008.owl;SubClassOf(<http://purl.obolibrary.org/obo/NCBITaxon_666> <http://purl.obolibrary.org/obo/NCBITaxon_662>);733098;-1.0;;27131;0;;27578.0;0.0;;27433.0;0.0;;27258.0;0.0;0.0;;27076.0;0.0
ore_ont_16008.owl;SubClassOf(<http://purl.obolibrary.org/obo/NCBITaxon_150467> <http://purl.obolibrary.org/obo/NCBITaxon_48479>);733098;-1.0;;26624;0;;27434.0;0.0;;27138.0;0.0;;28619.0;0.0;0.0;;28153.0;0.0
ore_ont_14459.owl;SubClassOf(<http://purl.obolibrary.org/obo/NCBITaxon_663130> <http://purl.obolibrary.org/obo/NCBITaxon_49928>);847755;-1.0;;30574;0;;31116.0;0.0;;31516.0;0.0;;31787.0;0.0;0.0;;29227.0;0.0
ore_ont_14459.owl;SubClassOf(<http://purl.obolibrary.org/obo/NCBITaxon_560265> <http://purl.obolibrary.org/obo/NCBITaxon_265461>);847755;-1.0;;34131;0;;31084.0;0.0;;33506.0;0.0;;33650.0;0.0;0.0;;33517.0;0.0
ore_ont_14459.owl;SubClassOf(<http://purl.obolibrary.org/obo/NCBITaxon_65119> <http://purl.obolibrary.org/obo/NCBITaxon_1386>);847755;-1.0;;33671;0;;32599.0;0.0;;31634.0;0.0;;32601.0;0.0;0.0;;31042.0;0.0
ore_ont_14459.owl;SubClassOf(<http://purl.obolibrary.org/obo/NCBITaxon_89304> <http://purl.obolibrary.org/obo/NCBITaxon_1883>);847755;-1.0;;34017;0;;31921.0;0.0;;35401.0;0.0;;35691.0;0.0;0.0;;33434.0;0.0
ore_ont_14459.owl;SubClassOf(<http://purl.obolibrary.org/obo/NCBITaxon_902034> <http://purl.obolibrary.org/obo/NCBITaxon_500585>);847755;-1.0;;33130;0;;32164.0;0.0;;34570.0;0.0;;37363.0;0.0;0.0;;37648.0;0.0
ore_ont_14459.owl;SubClassOf(<http://purl.obolibrary.org/obo/NCBITaxon_62104> <http://purl.obolibrary.org/obo/NCBITaxon_286>);847755;-1.0;;54022;0;;42695.0;0.0;;30519.0;0.0;;31976.0;0.0;0.0;;29958.0;0.0
ore_ont_14459.owl;SubClassOf(<http://purl.obolibrary.org/obo/NCBITaxon_385624> <http://purl.obolibrary.org/obo/NCBITaxon_119210>);847755;-1.0;;31518;0;;32887.0;0.0;;35306.0;0.0;;32008.0;0.0;0.0;;32437.0;0.0
ore_ont_14459.owl;SubClassOf(<http://purl.obolibrary.org/obo/NCBITaxon_211044> <http://purl.obolibrary.org/obo/NCBITaxon_114727>);847755;-1.0;;30399;0;;33579.0;0.0;;34980.0;0.0;;31387.0;0.0;0.0;;32991.0;0.0
ore_ont_14459.owl;SubClassOf(<http://purl.obolibrary.org/obo/NCBITaxon_966941> <http://purl.obolibrary.org/obo/NCBITaxon_156408>);847755;-1.0;;37184;0;;37546.0;0.0;;33891.0;0.0;;31864.0;0.0;0.0;;32807.0;0.0
ore_ont_14459.owl;SubClassOf(<http://purl.obolibrary.org/obo/NCBITaxon_150467> <http://purl.obolibrary.org/obo/NCBITaxon_48479>);847755;-1.0;;34006;0;;35730.0;0.0;;36304.0;0.0;;36343.0;0.0;0.0;;37247.0;0.0
ore_ont_14042.owl;SubClassOf(<http://purl.obolibrary.org/obo/GAZ_00047663> <http://purl.obolibrary.org/obo/GAZ_00002593>);652361;-1.0;;25324;0;;25851.0;0.0;;25062.0;0.0;;25190.0;0.0;0.0;;24753.0;0.0
ore_ont_14042.owl;SubClassOf(<http://purl.obolibrary.org/obo/GAZ_00007824> <http://purl.obolibrary.org/obo/GAZ_00007826>);652361;-1.0;;29009;0;;26464.0;0.0;;25914.0;0.0;;25198.0;0.0;0.0;;25434.0;0.0
ore_ont_14042.owl;SubClassOf(<http://purl.obolibrary.org/obo/GAZ_00003145> <http://purl.obolibrary.org/obo/GAZ_00003138>);652361;-1.0;;24489;0;;24192.0;0.0;;23989.0;0.0;;24674.0;0.0;0.0;;24615.0;0.0
ore_ont_14042.owl;SubClassOf(<http://purl.obolibrary.org/obo/GAZ_00003122> <http://purl.obolibrary.org/obo/GAZ_00002722>);652361;-1.0;;26841;0;;26098.0;0.0;;25233.0;0.0;;25586.0;0.0;0.0;;24168.0;0.0
ore_ont_14042.owl;SubClassOf(<http://purl.obolibrary.org/obo/GAZ_00044677> <http://purl.obolibrary.org/obo/GAZ_00008188>);652361;-1.0;;25141;0;;26810.0;0.0;;27248.0;0.0;;24580.0;0.0;0.0;;24965.0;0.0
ore_ont_14042.owl;SubClassOf(<http://purl.obolibrary.org/obo/GAZ_00003466> <http://purl.obolibrary.org/obo/GAZ_00006607>);652361;-1.0;;26020;0;;29547.0;0.0;;25364.0;0.0;;24229.0;0.0;0.0;;25721.0;0.0
ore_ont_14042.owl;SubClassOf(<http://purl.obolibrary.org/obo/GAZ_00091581> <http://purl.obolibrary.org/obo/GAZ_00091359>);652361;-1.0;;26298;0;;25367.0;0.0;;26361.0;0.0;;26314.0;0.0;0.0;;26749.0;0.0
ore_ont_14042.owl;SubClassOf(<http://purl.obolibrary.org/obo/GAZ_00008078> <http://purl.obolibrary.org/obo/GAZ_00000448>);652361;-1.0;;178966;-1;;-1.0;0.0;;328804.0;-1.0;;97984.0;-1.0;1.0;;-1.0;0.0
ore_ont_14042.owl;SubClassOf(<http://purl.obolibrary.org/obo/GAZ_00002793> <http://purl.obolibrary.org/obo/GAZ_00002785>);652361;-1.0;;37307;0;;37026.0;0.0;;36590.0;0.0;;35033.0;0.0;0.0;;40390.0;0.0
ore_ont_14042.owl;SubClassOf(<http://purl.obolibrary.org/obo/GAZ_00047663> <http://purl.obolibrary.org/obo/GAZ_00004574>);652361;-1.0;;40417;0;;40462.0;0.0;;39348.0;0.0;;39492.0;0.0;0.0;;41273.0;0.0
ore_ont_8486.owl;SubClassOf(<http://purl.obolibrary.org/obo/NCBITaxon_65119> <http://purl.obolibrary.org/obo/NCBITaxon_1386>);903613;-1.0;;33685;0;;34559.0;0.0;;36054.0;0.0;;36524.0;0.0;0.0;;36922.0;0.0
ore_ont_8486.owl;SubClassOf(<http://purl.obolibrary.org/obo/NCBITaxon_89304> <http://purl.obolibrary.org/obo/NCBITaxon_1883>);903613;-1.0;;35941;0;;37364.0;0.0;;37629.0;0.0;;35444.0;0.0;0.0;;33823.0;0.0
ore_ont_8486.owl;SubClassOf(<http://purl.obolibrary.org/obo/NCBITaxon_560271> <http://purl.obolibrary.org/obo/NCBITaxon_265461>);903613;-1.0;;33656;0;;32708.0;0.0;;34736.0;0.0;;37326.0;0.0;0.0;;33337.0;0.0
ore_ont_8486.owl;SubClassOf(<http://purl.obolibrary.org/obo/NCBITaxon_62104> <http://purl.obolibrary.org/obo/NCBITaxon_286>);903613;-1.0;;33089;0;;34618.0;0.0;;36861.0;0.0;;33896.0;0.0;0.0;;34826.0;0.0
ore_ont_8486.owl;SubClassOf(<http://purl.obolibrary.org/obo/NCBITaxon_385624> <http://purl.obolibrary.org/obo/NCBITaxon_119210>);903613;-1.0;;36594;0;;31912.0;0.0;;36245.0;0.0;;32273.0;0.0;0.0;;32056.0;0.0
ore_ont_8486.owl;SubClassOf(<http://purl.obolibrary.org/obo/NCBITaxon_211044> <http://purl.obolibrary.org/obo/NCBITaxon_114727>);903613;-1.0;;35670;0;;32919.0;0.0;;36623.0;0.0;;34819.0;0.0;0.0;;38606.0;0.0
ore_ont_8486.owl;SubClassOf(<http://purl.obolibrary.org/obo/NCBITaxon_1130479> <http://purl.obolibrary.org/obo/NCBITaxon_49928>);903613;-1.0;;34457;0;;35072.0;0.0;;33798.0;0.0;;34537.0;0.0;0.0;;33583.0;0.0
ore_ont_8486.owl;SubClassOf(<http://purl.obolibrary.org/obo/NCBITaxon_1085682> <http://purl.obolibrary.org/obo/NCBITaxon_500585>);903613;-1.0;;36005;0;;36900.0;0.0;;35243.0;0.0;;33379.0;0.0;0.0;;34041.0;0.0
ore_ont_8486.owl;SubClassOf(<http://purl.obolibrary.org/obo/NCBITaxon_150467> <http://purl.obolibrary.org/obo/NCBITaxon_48479>);903613;-1.0;;55152;0;;54629.0;0.0;;55056.0;0.0;;45819.0;0.0;0.0;;33701.0;0.0
ore_ont_8486.owl;SubClassOf(<http://purl.obolibrary.org/obo/NCBITaxon_966941> <http://purl.obolibrary.org/obo/NCBITaxon_156408>);903613;-1.0;;33561;0;;33664.0;0.0;;37105.0;0.0;;32173.0;0.0;0.0;;34099.0;0.0
ore_ont_11395.owl;SubClassOf(<http://purl.obolibrary.org/obo/GAZ_00047663> <http://purl.obolibrary.org/obo/GAZ_00002593>);652361;-1.0;;25669;0;;24731.0;0.0;;24015.0;0.0;;24434.0;0.0;0.0;;25168.0;0.0
ore_ont_11395.owl;SubClassOf(<http://purl.obolibrary.org/obo/GAZ_00007824> <http://purl.obolibrary.org/obo/GAZ_00007826>);652361;-1.0;;24978;0;;23812.0;0.0;;25100.0;0.0;;25751.0;0.0;0.0;;24958.0;0.0
ore_ont_11395.owl;SubClassOf(<http://purl.obolibrary.org/obo/GAZ_00003145> <http://purl.obolibrary.org/obo/GAZ_00003138>);652361;-1.0;;24664;0;;23989.0;0.0;;24541.0;0.0;;24410.0;0.0;0.0;;24084.0;0.0
ore_ont_11395.owl;SubClassOf(<http://purl.obolibrary.org/obo/GAZ_00003122> <http://purl.obolibrary.org/obo/GAZ_00002722>);652361;-1.0;;24314;0;;23638.0;0.0;;20678.0;0.0;;21637.0;0.0;0.0;;22518.0;0.0
ore_ont_11395.owl;SubClassOf(<http://purl.obolibrary.org/obo/GAZ_00044677> <http://purl.obolibrary.org/obo/GAZ_00008188>);652361;-1.0;;24299;0;;21322.0;0.0;;23283.0;0.0;;23402.0;0.0;0.0;;30639.0;0.0
ore_ont_11395.owl;SubClassOf(<http://purl.obolibrary.org/obo/GAZ_00003466> <http://purl.obolibrary.org/obo/GAZ_00006607>);652361;-1.0;;25103;0;;24949.0;0.0;;24656.0;0.0;;24551.0;0.0;0.0;;24439.0;0.0
ore_ont_11395.owl;SubClassOf(<http://purl.obolibrary.org/obo/GAZ_00091581> <http://purl.obolibrary.org/obo/GAZ_00091359>);652361;-1.0;;26503;0;;25907.0;0.0;;25415.0;0.0;;25048.0;0.0;0.0;;25811.0;0.0
ore_ont_11395.owl;SubClassOf(<http://purl.obolibrary.org/obo/GAZ_00008078> <http://purl.obolibrary.org/obo/GAZ_00000448>);652361;-1.0;;165252;-1;;-1.0;0.0;;318379.0;-1.0;;92738.0;-1.0;3.0;;-1.0;0.0
ore_ont_11395.owl;SubClassOf(<http://purl.obolibrary.org/obo/GAZ_00002793> <http://purl.obolibrary.org/obo/GAZ_00002785>);652361;-1.0;;36622;0;;36328.0;0.0;;44387.0;0.0;;37961.0;0.0;0.0;;41002.0;0.0
ore_ont_11395.owl;SubClassOf(<http://purl.obolibrary.org/obo/GAZ_00047663> <http://purl.obolibrary.org/obo/GAZ_00004574>);652361;-1.0;;39553;0;;38938.0;0.0;;38082.0;0.0;;39583.0;0.0;0.0;;40489.0;0.0
ore_ont_10689.owl;SubClassOf(<http://purl.obolibrary.org/obo/NCBITaxon_387158> <http://purl.obolibrary.org/obo/NCBITaxon_119210>);981144;-1.0;;40059;0;;41887.0;0.0;;41940.0;0.0;;43307.0;0.0;0.0;;40846.0;0.0
ore_ont_10689.owl;SubClassOf(<http://purl.obolibrary.org/obo/NCBITaxon_65119> <http://purl.obolibrary.org/obo/NCBITaxon_1386>);981144;-1.0;;39781;0;;42169.0;0.0;;41843.0;0.0;;45436.0;0.0;0.0;;42273.0;0.0
ore_ont_10689.owl;SubClassOf(<http://purl.obolibrary.org/obo/NCBITaxon_89304> <http://purl.obolibrary.org/obo/NCBITaxon_1883>);981144;-1.0;;40930;0;;41739.0;0.0;;37200.0;0.0;;40176.0;0.0;0.0;;37317.0;0.0
ore_ont_10689.owl;SubClassOf(<http://purl.obolibrary.org/obo/NCBITaxon_62104> <http://purl.obolibrary.org/obo/NCBITaxon_286>);981144;-1.0;;40652;0;;41126.0;0.0;;42876.0;0.0;;41662.0;0.0;0.0;;41632.0;0.0
ore_ont_10689.owl;SubClassOf(<http://purl.obolibrary.org/obo/NCBITaxon_211044> <http://purl.obolibrary.org/obo/NCBITaxon_114727>);981144;-1.0;;43261;0;;41559.0;0.0;;42430.0;0.0;;41583.0;0.0;0.0;;38295.0;0.0
ore_ont_10689.owl;SubClassOf(<http://purl.obolibrary.org/obo/NCBITaxon_1130479> <http://purl.obolibrary.org/obo/NCBITaxon_49928>);981144;-1.0;;38011;0;;38597.0;0.0;;36928.0;0.0;;41434.0;0.0;0.0;;43104.0;0.0
ore_ont_10689.owl;SubClassOf(<http://purl.obolibrary.org/obo/NCBITaxon_1085682> <http://purl.obolibrary.org/obo/NCBITaxon_500585>);981144;-1.0;;44564;0;;44571.0;0.0;;43339.0;0.0;;45768.0;0.0;0.0;;43078.0;0.0
ore_ont_10689.owl;SubClassOf(<http://purl.obolibrary.org/obo/NCBITaxon_150467> <http://purl.obolibrary.org/obo/NCBITaxon_48479>);981144;-1.0;;42403;0;;40682.0;0.0;;36147.0;0.0;;41531.0;0.0;0.0;;39762.0;0.0
ore_ont_10689.owl;SubClassOf(<http://purl.obolibrary.org/obo/NCBITaxon_966941> <http://purl.obolibrary.org/obo/NCBITaxon_156408>);981144;-1.0;;41879;0;;46263.0;0.0;;41338.0;0.0;;44818.0;0.0;0.0;;42858.0;0.0
ore_ont_10689.owl;SubClassOf(<http://purl.obolibrary.org/obo/NCBITaxon_666> <http://purl.obolibrary.org/obo/NCBITaxon_662>);981144;-1.0;;40693;0;;42390.0;0.0;;45331.0;0.0;;42671.0;0.0;0.0;;43539.0;0.0
ore_ont_9674.owl;SubClassOf(<http://purl.obolibrary.org/obo/NCBITaxon_387158> <http://purl.obolibrary.org/obo/NCBITaxon_119210>);981144;-1.0;;42433;0;;41482.0;0.0;;43918.0;0.0;;40381.0;0.0;0.0;;40390.0;0.0
ore_ont_9674.owl;SubClassOf(<http://purl.obolibrary.org/obo/NCBITaxon_65119> <http://purl.obolibrary.org/obo/NCBITaxon_1386>);981144;-1.0;;40862;0;;43129.0;0.0;;47184.0;0.0;;41055.0;0.0;0.0;;42002.0;0.0
ore_ont_9674.owl;SubClassOf(<http://purl.obolibrary.org/obo/NCBITaxon_89304> <http://purl.obolibrary.org/obo/NCBITaxon_1883>);981144;-1.0;;43922;0;;41478.0;0.0;;41168.0;0.0;;46711.0;0.0;0.0;;44315.0;0.0
ore_ont_9674.owl;SubClassOf(<http://purl.obolibrary.org/obo/NCBITaxon_62104> <http://purl.obolibrary.org/obo/NCBITaxon_286>);981144;-1.0;;41402;0;;41435.0;0.0;;43243.0;0.0;;42594.0;0.0;0.0;;42647.0;0.0
ore_ont_9674.owl;SubClassOf(<http://purl.obolibrary.org/obo/NCBITaxon_211044> <http://purl.obolibrary.org/obo/NCBITaxon_114727>);981144;-1.0;;44417;0;;42443.0;0.0;;39846.0;0.0;;38254.0;0.0;0.0;;42793.0;0.0
ore_ont_9674.owl;SubClassOf(<http://purl.obolibrary.org/obo/NCBITaxon_1130479> <http://purl.obolibrary.org/obo/NCBITaxon_49928>);981144;-1.0;;41506;0;;40453.0;0.0;;40236.0;0.0;;38048.0;0.0;0.0;;39408.0;0.0
ore_ont_9674.owl;SubClassOf(<http://purl.obolibrary.org/obo/NCBITaxon_1085682> <http://purl.obolibrary.org/obo/NCBITaxon_500585>);981144;-1.0;;44415;0;;38597.0;0.0;;41522.0;0.0;;41032.0;0.0;0.0;;41555.0;0.0
ore_ont_9674.owl;SubClassOf(<http://purl.obolibrary.org/obo/NCBITaxon_150467> <http://purl.obolibrary.org/obo/NCBITaxon_48479>);981144;-1.0;;39487;0;;41256.0;0.0;;44050.0;0.0;;43551.0;0.0;0.0;;40618.0;0.0
ore_ont_9674.owl;SubClassOf(<http://purl.obolibrary.org/obo/NCBITaxon_966941> <http://purl.obolibrary.org/obo/NCBITaxon_156408>);981144;-1.0;;43144;0;;39200.0;0.0;;40615.0;0.0;;40947.0;0.0;0.0;;43418.0;0.0
ore_ont_9674.owl;SubClassOf(<http://purl.obolibrary.org/obo/NCBITaxon_666> <http://purl.obolibrary.org/obo/NCBITaxon_662>);981144;-1.0;;40068;0;;43468.0;0.0;;40042.0;0.0;;38838.0;0.0;0.0;;40347.0;0.0
ore_ont_868.owl;SubClassOf(<http://purl.obolibrary.org/obo/NCBITaxon_387158> <http://purl.obolibrary.org/obo/NCBITaxon_119210>);981146;-1.0;;40411;0;;41517.0;0.0;;46063.0;0.0;;39290.0;0.0;0.0;;41137.0;0.0
ore_ont_868.owl;SubClassOf(<http://purl.obolibrary.org/obo/NCBITaxon_65119> <http://purl.obolibrary.org/obo/NCBITaxon_1386>);981146;-1.0;;39976;0;;39299.0;0.0;;39192.0;0.0;;42009.0;0.0;0.0;;37849.0;0.0
ore_ont_868.owl;SubClassOf(<http://purl.obolibrary.org/obo/NCBITaxon_89304> <http://purl.obolibrary.org/obo/NCBITaxon_1883>);981146;-1.0;;44264;0;;40561.0;0.0;;41857.0;0.0;;41040.0;0.0;0.0;;42378.0;0.0
ore_ont_868.owl;SubClassOf(<http://purl.obolibrary.org/obo/NCBITaxon_62104> <http://purl.obolibrary.org/obo/NCBITaxon_286>);981146;-1.0;;41063;0;;43150.0;0.0;;41545.0;0.0;;42283.0;0.0;0.0;;37499.0;0.0
ore_ont_868.owl;SubClassOf(<http://purl.obolibrary.org/obo/NCBITaxon_211044> <http://purl.obolibrary.org/obo/NCBITaxon_114727>);981146;-1.0;;42186;0;;39181.0;0.0;;40203.0;0.0;;45532.0;0.0;0.0;;44227.0;0.0
ore_ont_868.owl;SubClassOf(<http://purl.obolibrary.org/obo/NCBITaxon_1130479> <http://purl.obolibrary.org/obo/NCBITaxon_49928>);981146;-1.0;;42868;0;;43455.0;0.0;;45757.0;0.0;;40970.0;0.0;0.0;;42003.0;0.0
ore_ont_868.owl;SubClassOf(<http://purl.obolibrary.org/obo/NCBITaxon_1085682> <http://purl.obolibrary.org/obo/NCBITaxon_500585>);981146;-1.0;;43620;0;;42224.0;0.0;;41680.0;0.0;;41797.0;0.0;0.0;;45767.0;0.0
ore_ont_868.owl;SubClassOf(<http://purl.obolibrary.org/obo/NCBITaxon_150467> <http://purl.obolibrary.org/obo/NCBITaxon_48479>);981146;-1.0;;42427;0;;42793.0;0.0;;42692.0;0.0;;42860.0;0.0;0.0;;40582.0;0.0
ore_ont_868.owl;SubClassOf(<http://purl.obolibrary.org/obo/NCBITaxon_966941> <http://purl.obolibrary.org/obo/NCBITaxon_156408>);981146;-1.0;;38893;0;;42039.0;0.0;;42835.0;0.0;;38914.0;0.0;0.0;;37932.0;0.0
ore_ont_868.owl;SubClassOf(<http://purl.obolibrary.org/obo/NCBITaxon_666> <http://purl.obolibrary.org/obo/NCBITaxon_662>);981146;-1.0;;40740;0;;42948.0;0.0;;40891.0;0.0;;40686.0;0.0;0.0;;42921.0;0.0
ore_ont_3524.owl;SubClassOf(<http://phenoscape.org/not_has_part/http://www.w3.org/2002/07/owl#Thing> <http://purl.obolibrary.org/obo/GO_0008150>);1974320;-1.0;;-1;0;;-1.0;0.0;;-1.0;0.0;;-1.0;0.0;1.0;;-1.0;0.0
ore_ont_3524.owl;SubClassOf(<http://phenoscape.org/not_has_part/http://www.w3.org/2002/07/owl#Thing> <http://purl.obolibrary.org/obo/BFO_0000050_some_http://purl.obolibrary.org/obo/GO_0008152>);1974320;-1.0;;-1;0;;-1.0;0.0;;-1.0;0.0;;-1.0;0.0;1.0;;-1.0;0.0
ore_ont_3524.owl;SubClassOf(<http://phenoscape.org/not_has_part/http://www.w3.org/2002/07/owl#Thing> <http://purl.obolibrary.org/obo/BFO_0000050_some_http://purl.obolibrary.org/obo/GO_0065007>);1974320;-1.0;;-1;0;;-1.0;0.0;;-1.0;0.0;;-1.0;0.0;1.0;;-1.0;0.0
ore_ont_3524.owl;SubClassOf(<http://phenoscape.org/not_has_part/http://www.w3.org/2002/07/owl#Thing> <http://purl.obolibrary.org/obo/BFO_0000050_some_http://purl.obolibrary.org/obo/GO_0008150>);1974320;-1.0;;-1;0;;-1.0;0.0;;-1.0;0.0;;-1.0;0.0;1.0;;-1.0;0.0
ore_ont_3524.owl;SubClassOf(<http://phenoscape.org/not_has_part/http://www.w3.org/2002/07/owl#Thing> <http://purl.obolibrary.org/obo/BFO_0000050_some_http://purl.obolibrary.org/obo/GO_0009987>);1974320;-1.0;;-1;0;;-1.0;0.0;;-1.0;0.0;;-1.0;0.0;1.0;;-1.0;0.0
ore_ont_3524.owl;SubClassOf(<http://phenoscape.org/not_has_part/http://www.w3.org/2002/07/owl#Thing> <http://purl.obolibrary.org/obo/BFO_0000050_some_http://purl.obolibrary.org/obo/BFO_0000004>);1974320;-1.0;;-1;0;;-1.0;0.0;;-1.0;0.0;;-1.0;0.0;1.0;;-1.0;0.0
ore_ont_3524.owl;SubClassOf(<http://phenoscape.org/not_has_part/http://www.w3.org/2002/07/owl#Thing> <http://purl.obolibrary.org/obo/BFO_0000050_some_http://purl.obolibrary.org/obo/BFO_0000002>);1974320;-1.0;;-1;0;;-1.0;0.0;;-1.0;0.0;;-1.0;0.0;1.0;;-1.0;0.0
ore_ont_3524.owl;SubClassOf(<http://phenoscape.org/not_has_part/http://www.w3.org/2002/07/owl#Thing> <http://purl.obolibrary.org/obo/BFO_0000050_some_http://purl.obolibrary.org/obo/BFO_0000001>);1974320;-1.0;;-1;0;;-1.0;0.0;;-1.0;0.0;;-1.0;0.0;1.0;;-1.0;0.0
ore_ont_3524.owl;SubClassOf(<http://phenoscape.org/not_has_part/http://www.w3.org/2002/07/owl#Thing> <http://purl.obolibrary.org/obo/BFO_0000050_some_http://www.w3.org/2002/07/owl#Thing>);1974320;-1.0;;-1;0;;-1.0;0.0;;-1.0;0.0;;-1.0;0.0;1.0;;-1.0;0.0
ore_ont_3524.owl;SubClassOf(<http://purl.obolibrary.org/obo/BFO_0000050_some_http://purl.obolibrary.org/obo/GO_0008150> <http://purl.obolibrary.org/obo/BFO_0000050_some_http://www.w3.org/2002/07/owl#Thing>);1974320;-1.0;;31111;0;;31255.0;0.0;;27376.0;0.0;;27068.0;0.0;0.0;;28166.0;0.0
ore_ont_3836.owl;SubClassOf(<http://purl.obolibrary.org/obo/ENSEMBL#_ENSMUSG00000021835> <http://purl.obolibrary.org/obo/SO_0001217>);1869498;-1.0;;36248;0;;27749.0;0.0;;28356.0;0.0;;31168.0;0.0;0.0;;33856.0;0.0
ore_ont_3836.owl;SubClassOf(<http://purl.obolibrary.org/obo/ENSEMBL#_ENSMUSG00000002633> <http://purl.obolibrary.org/obo/SO_0001217>);1869498;-1.0;;33914;0;;29089.0;0.0;;29964.0;0.0;;32355.0;0.0;0.0;;36097.0;0.0
ore_ont_3836.owl;SubClassOf(<http://purl.obolibrary.org/obo/ENSEMBL#_ENSMUSG00000030849> <http://purl.obolibrary.org/obo/SO_0001217>);1869498;-1.0;;32596;0;;27398.0;0.0;;29590.0;0.0;;31567.0;0.0;0.0;;29138.0;0.0
ore_ont_3836.owl;SubClassOf(<http://purl.obolibrary.org/obo/ENSEMBL#_ENSMUSG00000048769> <http://purl.obolibrary.org/obo/SO_0000336>);1869498;-1.0;;32072;0;;28488.0;0.0;;31350.0;0.0;;30076.0;0.0;0.0;;28493.0;0.0
ore_ont_3836.owl;SubClassOf(<http://purl.obolibrary.org/obo/ENSEMBL#_ENSMUSG00000065453> <http://purl.obolibrary.org/obo/SO_0000276>);1869498;-1.0;;27420;0;;27821.0;0.0;;28807.0;0.0;;33813.0;0.0;0.0;;28830.0;0.0
ore_ont_3836.owl;SubClassOf(<http://purl.obolibrary.org/obo/ENSEMBL#_ENSMUSG00000000031> <http://purl.obolibrary.org/obo/SO_0001503>);1869498;-1.0;;29057;0;;31641.0;0.0;;31007.0;0.0;;27676.0;0.0;0.0;;27064.0;0.0
ore_ont_3836.owl;SubClassOf(<http://purl.obolibrary.org/obo/ENSEMBL#_ENSMUSG00000086429> <http://purl.obolibrary.org/obo/SO_0001463>);1869498;-1.0;;33103;0;;33450.0;0.0;;31116.0;0.0;;34367.0;0.0;0.0;;35585.0;0.0
ore_ont_3836.owl;SubClassOf(<http://purl.obolibrary.org/obo/ENSEMBL#_ENSMUSG00000006932> <http://purl.obolibrary.org/obo/SO_0001217>);1869498;-1.0;;31203;0;;30419.0;0.0;;27852.0;0.0;;30623.0;0.0;0.0;;33427.0;0.0
ore_ont_3836.owl;SubClassOf(<http://purl.obolibrary.org/obo/ENSEMBL#_ENSMUSG00000087938> <http://purl.obolibrary.org/obo/SO_0000274>);1869498;-1.0;;29270;0;;31284.0;0.0;;28488.0;0.0;;34744.0;0.0;0.0;;31116.0;0.0
ore_ont_3836.owl;SubClassOf(<http://purl.obolibrary.org/obo/ENSEMBL#_ENSMUSG00000064493> <http://purl.obolibrary.org/obo/SO_0000275>);1869498;-1.0;;32022;0;;32559.0;0.0;;31332.0;0.0;;28039.0;0.0;0.0;;29554.0;0.0
ore_ont_1559.owl;SubClassOf(<http://purl.obolibrary.org/obo/UniProt#_P11484> <http://purl.obolibrary.org/obo/SIO_010043>);2249889;-1.0;;41961;0;;46822.0;0.0;;44796.0;0.0;;43169.0;0.0;0.0;;46098.0;0.0
ore_ont_1559.owl;SubClassOf(<http://purl.obolibrary.org/obo/NCBITaxon_10090> <http://purl.obolibrary.org/obo/SIO_010000>);2249889;-1.0;;46989;0;;43430.0;0.0;;47461.0;0.0;;47340.0;0.0;0.0;;40356.0;0.0
ore_ont_1559.owl;SubClassOf(<http://purl.obolibrary.org/obo/GO_0005515> <http://purl.obolibrary.org/obo/GO_0003674>);2249889;-1.0;;218513;-1;;-1.0;0.0;;348403.0;-1.0;;146788.0;-1.0;1.0;;-1.0;0.0
ore_ont_1559.owl;SubClassOf(<http://purl.obolibrary.org/obo/NCBITaxon_3702> <http://purl.obolibrary.org/obo/SIO_010000>);2249889;-1.0;;51124;0;;54325.0;0.0;;49921.0;0.0;;51297.0;0.0;0.0;;56546.0;0.0
ore_ont_1559.owl;SubClassOf(<http://purl.obolibrary.org/obo/NCBIGene_7404> <http://purl.obolibrary.org/obo/SIO_010035>);2249889;-1.0;;53332;0;;57699.0;0.0;;52618.0;0.0;;57987.0;0.0;0.0;;58820.0;0.0
ore_ont_1559.owl;SubClassOf(<http://purl.obolibrary.org/obo/GO_0007049> <http://purl.obolibrary.org/obo/GO_0008150>);2249889;-1.0;;55905;0;;55870.0;0.0;;55767.0;0.0;;54972.0;0.0;0.0;;53808.0;0.0
ore_ont_1559.owl;SubClassOf(<http://purl.obolibrary.org/obo/NCBITaxon_7227> <http://purl.obolibrary.org/obo/SIO_010000>);2249889;-1.0;;56530;0;;58054.0;0.0;;53375.0;0.0;;55657.0;0.0;0.0;;61100.0;0.0
ore_ont_1559.owl;SubClassOf(<http://purl.obolibrary.org/obo/MI_0407> <http://purl.obolibrary.org/obo/MI_0915>);2249889;-1.0;;59707;0;;61056.0;0.0;;57791.0;0.0;;58856.0;0.0;0.0;;58181.0;0.0
ore_ont_1559.owl;SubClassOf(<http://purl.obolibrary.org/obo/NCBITaxon_9606> <http://purl.obolibrary.org/obo/SIO_010000>);2249889;-1.0;;63052;0;;65190.0;0.0;;65168.0;0.0;;59347.0;0.0;0.0;;66717.0;0.0
ore_ont_1559.owl;SubClassOf(<http://purl.obolibrary.org/obo/GO_0001673> <http://purl.obolibrary.org/obo/GO_0005634>);2249889;0.0;0.0;351568;1296844;;-1.0;0.0;0.0;452516.0;219312.0;0.0;130162.0;176779.0;1.0;;-1.0;0.0
