Example;Defect;option1_steps;option1_cost;option2_steps;option2_cost;option3_steps;option3_cost;mix_steps;mix_cost;user_steps;user_cost;user_attempts
ore_ont_8937.owl;SubClassOf(<http://a.com/ontology#WorksOn> <http://a.com/ontology#ReifiedRelationshipClass>);0;;0;;0;;0;;0;;0.0
ore_ont_8937.owl;SubClassOf(<http://www.absoluteiri.edu/RELAPPROXC20> <http://www.absoluteiri.edu/RELAPPROXC41>);1;1.1047268203999618;1;1.1047268203999618;1;1.1047268203999618;1;1.1047268203999618;1;1.1047268203999618;4.0
ore_ont_8937.owl;SubClassOf(<http://www.absoluteiri.edu/RELAPPROXC45> <http://www.absoluteiri.edu/RELAPPROXC41>);1;1.1012767591437074;1;1.1012767591437074;1;1.1012767591437074;1;1.1012767591437074;1;1.1012767591437074;2.0
ore_ont_8937.owl;SubClassOf(<http://www.absoluteiri.edu/RELAPPROXC47> <http://www.absoluteiri.edu/RELAPPROXC21>);0;;0;;0;;0;;0;;0.0
ore_ont_8937.owl;SubClassOf(<http://www.absoluteiri.edu/RELAPPROXC21> <http://www.absoluteiri.edu/RELAPPROXC43>);1;1.102513900853629;1;1.102513900853629;1;1.102513900853629;1;1.102513900853629;1;1.102513900853629;1.0
ore_ont_8937.owl;SubClassOf(<http://a.com/ontology#Manages> <http://a.com/ontology#ReifiedRelationshipClass>);0;;0;;0;;0;;0;;0.0
ore_ont_8937.owl;SubClassOf(<http://a.com/ontology#ReifiedRelationshipClass> <http://www.absoluteiri.edu/RELAPPROXC43>);1;1.1037515825947886;1;1.1037515825947886;1;1.1037515825947886;1;1.1037515825947886;1;1.1037515825947886;3.0
ore_ont_8937.owl;SubClassOf(<http://www.absoluteiri.edu/RELAPPROXC45> <http://www.absoluteiri.edu/RELAPPROXC21>);0;;0;;0;;0;;0;;0.0
ore_ont_8937.owl;SubClassOf(<http://www.absoluteiri.edu/RELAPPROXC21> <http://www.absoluteiri.edu/RELAPPROXC23>);1;1.0997204100652376;1;1.0997204100652376;1;1.0997204100652376;1;1.0997204100652376;1;1.0997204100652376;1.0
ore_ont_8937.owl;SubClassOf(<http://www.absoluteiri.edu/RELAPPROXC21> <http://www.absoluteiri.edu/RELAPPROXC25>);1;1.106656422434867;1;1.106656422434867;1;1.106656422434867;1;1.106656422434867;1;1.106656422434867;3.0
ore_ont_9509.owl;SubClassOf(<http://www.lexinfo.net/lmf#RelatedForm> <http://www.lexinfo.net/lmf#Form>);0;;0;;0;;0;;0;;0.0
ore_ont_9509.owl;SubClassOf(<http://www.lexinfo.net/lmf#Component> <http://www.lexinfo.net/lmf#LMFClass>);0;;0;;0;;0;;0;;0.0
ore_ont_9509.owl;SubClassOf(<http://www.absoluteiri.edu/RELAPPROXC159> <http://www.absoluteiri.edu/RELAPPROXC156>);0;;0;;0;;0;;0;;0.0
ore_ont_9509.owl;SubClassOf(<http://www.lexinfo.net/lmf#ParadigmPattern> <http://www.lexinfo.net/lmf#LMFClass>);0;;0;;0;;0;;0;;0.0
ore_ont_9509.owl;SubClassOf(<http://www.lexinfo.net/lmf#ReferredRoot> <http://www.lexinfo.net/lmf#RelatedForm>);0;;0;;0;;0;;0;;0.0
ore_ont_9509.owl;SubClassOf(<http://www.lexinfo.net/lmf#Lexicon> <http://www.lexinfo.net/lmf#LMFClass>);0;;0;;0;;0;;0;;0.0
ore_ont_9509.owl;SubClassOf(<http://www.lexinfo.net/lmf#LexicalEntry> <http://www.lexinfo.net/lmf#LMFClass>);0;;0;;0;;0;;0;;0.0
ore_ont_9509.owl;SubClassOf(<http://www.lexinfo.net/lmf#Form> <http://www.lexinfo.net/lmf#LMFClass>);0;;0;;0;;0;;0;;0.0
ore_ont_9509.owl;SubClassOf(<http://www.lexinfo.net/lmf#TextRepresentation> <http://www.lexinfo.net/lmf#Representation>);0;;0;;0;;0;;0;;0.0
ore_ont_9509.owl;SubClassOf(<http://www.absoluteiri.edu/RELAPPROXC155> <http://www.absoluteiri.edu/RELAPPROXC158>);0;;0;;0;;0;;0;;0.0
ore_ont_10309.owl;SubClassOf(<http://www.absoluteiri.edu/RELAPPROXC18> <http://www.absoluteiri.edu/RELAPPROXC27>);0;;0;;0;;0;;0;;0.0
ore_ont_10309.owl;SubClassOf(<http://www.absoluteiri.edu/RELAPPROXC18> <http://www.absoluteiri.edu/RELAPPROXC29>);0;;0;;0;;0;;0;;0.0
ore_ont_10309.owl;SubClassOf(<http://rs.tdwg.org/ontology/voc/OccurrenceRecord#OccurrenceRecord> <http://rs.tdwg.org/ontology/Base#BaseThing>);0;;0;;0;;0;;0;;0.0
ore_ont_10309.owl;SubClassOf(<http://rs.tdwg.org/ontology/voc/OccurrenceRecord#Identification> <http://rs.tdwg.org/ontology/Base#BaseThing>);0;;0;;0;;0;;0;;0.0
ore_ont_10309.owl;SubClassOf(<http://www.absoluteiri.edu/RELAPPROXC28> <http://www.absoluteiri.edu/RELAPPROXC19>);0;;0;;0;;0;;0;;0.0
ore_ont_10309.owl;SubClassOf(<http://www.absoluteiri.edu/RELAPPROXC26> <http://www.absoluteiri.edu/RELAPPROXC19>);0;;0;;0;;0;;0;;0.0
ore_ont_1420.owl;SubClassOf(<http://www.opengis.net/gml/LinearRing> <http://www.opengis.net/gml/_Geometry>);0;;0;;0;;0;;0;;0.0
ore_ont_1420.owl;SubClassOf(<http://purl.org/mets/onts/2010/12/gml.owl#LinearRing> <http://www.absoluteiri.edu/RELAPPROXC66>);0;;0;;0;;0;;0;;0.0
ore_ont_1420.owl;SubClassOf(<http://purl.org/mets/onts/2010/12/gml.owl#LineString> <http://www.absoluteiri.edu/RELAPPROXC66>);0;;0;;0;;0;;0;;0.0
ore_ont_1420.owl;SubClassOf(<http://www.absoluteiri.edu/RELAPPROXC47RELAPPROXQ2> <http://www.absoluteiri.edu/RELAPPROXC47>);0;;0;;0;;0;;0;;0.0
ore_ont_1420.owl;SubClassOf(<http://purl.org/mets/onts/2010/12/gml.owl#Point> <http://purl.org/mets/onts/2010/12/gml.owl#_Geometry>);0;;0;;0;;0;;0;;0.0
ore_ont_1420.owl;SubClassOf(<http://www.opengis.net/gml/LineString> <http://www.opengis.net/gml/_Geometry>);0;;0;;0;;0;;0;;0.0
ore_ont_1420.owl;SubClassOf(<http://purl.org/mets/onts/2010/12/gml.owl#Point> <http://www.w3.org/2005/Incubator/geo/XGR-geo/W3C_XGR_Geo_files/geo_2007.owl#_Geometry>);2;0.9661431064572426;1;0.9972076788830716;2;0.9661431064572426;2;0.9661431064572426;2;0.9661431064572426;2.0
ore_ont_1420.owl;SubClassOf(<http://www.absoluteiri.edu/RELAPPROXC47RELAPPROXQ2> <http://www.absoluteiri.edu/RELAPPROXC64>);1;1.1615209619759506;1;1.1615209619759506;1;1.1615209619759506;1;1.1615209619759506;1;1.1615209619759506;3.0
ore_ont_1420.owl;SubClassOf(<http://purl.org/mets/onts/2010/12/gml.owl#_Feature> <http://www.absoluteiri.edu/RELAPPROXC64>);1;1.182899628252788;1;1.182899628252788;1;1.182899628252788;1;1.182899628252788;1;1.182899628252788;1.0
ore_ont_1420.owl;SubClassOf(<http://purl.org/mets/onts/2010/12/gml.owl#Polygon> <http://purl.org/mets/onts/2010/12/gml.owl#_Geometry>);0;;0;;0;;0;;0;;0.0
ore_ont_13429.owl;SubClassOf(<http://www.cidoc-crm.org/cidoc-crm/E36_Visual_Item> <http://www.cidoc-crm.org/cidoc-crm/E73_Information_Object>);0;;0;;0;;0;;0;;0.0
ore_ont_13429.owl;SubClassOf(<http://www.cidoc-crm.org/cidoc-crm/E7_Activity> <http://www.cidoc-crm.org/cidoc-crm/E1_CRM_Entity>);4;0.7073954983922829;1;0.6205787781350482;4;0.7073954983922829;4;0.7073954983922829;4;0.7073954983922829;1.0
ore_ont_13429.owl;SubClassOf(<http://www.cidoc-crm.org/cidoc-crm/E65_Creation> <http://www.cidoc-crm.org/cidoc-crm/E63_Beginning_of_Existence>);0;;0;;0;;0;;0;;0.0
ore_ont_13429.owl;SubClassOf(<http://www.cidoc-crm.org/cidoc-crm/E13_Attribute_Assignment> <http://www.cidoc-crm.org/cidoc-crm/E7_Activity>);0;;0;;0;;0;;0;;0.0
ore_ont_13429.owl;SubClassOf(<http://www.cidoc-crm.org/cidoc-crm/E44_Place_Appellation> <http://www.cidoc-crm.org/cidoc-crm/E41_Appellation>);0;;0;;0;;0;;0;;0.0
ore_ont_13429.owl;SubClassOf(<http://www.cidoc-crm.org/cidoc-crm/E45_Address> <http://www.cidoc-crm.org/cidoc-crm/E44_Place_Appellation>);0;;0;;0;;0;;0;;0.0
ore_ont_13429.owl;SubClassOf(<http://www.cidoc-crm.org/cidoc-crm/E81_Transformation> <http://www.cidoc-crm.org/cidoc-crm/E64_End_of_Existence>);0;;0;;0;;0;;0;;0.0
ore_ont_13429.owl;SubClassOf(<http://www.cidoc-crm.org/cidoc-crm/E17_Type_Assignment> <http://www.cidoc-crm.org/cidoc-crm/E13_Attribute_Assignment>);0;;0;;0;;0;;0;;0.0
ore_ont_13429.owl;SubClassOf(<http://www.cidoc-crm.org/cidoc-crm/E22_Man-Made_Object> <http://www.cidoc-crm.org/cidoc-crm/E24_Physical_Man-Made_Thing>);0;;0;;0;;0;;0;;0.0
ore_ont_13429.owl;SubClassOf(<http://www.cidoc-crm.org/cidoc-crm/E24_Physical_Man-Made_Thing> <http://www.cidoc-crm.org/cidoc-crm/E18_Physical_Thing>);0;;0;;0;;0;;0;;0.0
ore_ont_9854.owl;SubClassOf(<http://www.owl-ontologies.com/unnamed.owl#_1º_quadrante> <http://www.owl-ontologies.com/unnamed.owl#Circulo>);0;;0;;0;;0;;0;;0.0
ore_ont_9854.owl;SubClassOf(<http://www.owl-ontologies.com/unnamed.owl#Ansiedade-Confidente> <http://www.owl-ontologies.com/unnamed.owl#Emoção>);0;;0;;0;;0;;0;;0.0
ore_ont_9854.owl;SubClassOf(<http://www.owl-ontologies.com/unnamed.owl#Conforto> <http://www.owl-ontologies.com/unnamed.owl#Ansiedade-Confidente>);0;;0;;0;;0;;0;;0.0
ore_ont_9854.owl;SubClassOf(<http://www.owl-ontologies.com/unnamed.owl#Conforto> <http://www.owl-ontologies.com/unnamed.owl#Exito_relevante>);2;0.7330960854092526;1;0.8588374851720046;2;0.7330960854092526;2;0.7330960854092526;1;0.8588374851720046;1.0
ore_ont_9854.owl;SubClassOf(<http://www.owl-ontologies.com/unnamed.owl#Exito_relevante> <http://www.owl-ontologies.com/unnamed.owl#Satisfeito_Insatisfeito>);2;0.5315315315315315;1;0.7267267267267269;2;0.5315315315315315;2;0.5315315315315315;1;0.7267267267267269;2.0
ore_ont_9854.owl;SubClassOf(<http://www.owl-ontologies.com/unnamed.owl#Conforto> <http://www.owl-ontologies.com/unnamed.owl#_1º_quadrante>);0;;0;;0;;0;;0;;0.0
ore_ont_9854.owl;SubClassOf(<http://www.owl-ontologies.com/unnamed.owl#Persistencia> <http://www.owl-ontologies.com/unnamed.owl#Frustração-Euforia>);0;;0;;0;;0;;0;;0.0
ore_ont_9854.owl;SubClassOf(<http://www.owl-ontologies.com/unnamed.owl#Conforto> <http://www.owl-ontologies.com/unnamed.owl#Categorias_de_emoções>);2;1.0;2;1.0;2;1.0;2;1.0;2;1.0;1.0
ore_ont_9854.owl;SubClassOf(<http://www.owl-ontologies.com/unnamed.owl#Conforto> <http://www.owl-ontologies.com/unnamed.owl#Base_de_Perspectiva>);0;;0;;0;;0;;0;;0.0
ore_ont_9854.owl;SubClassOf(<http://www.owl-ontologies.com/unnamed.owl#Chateado> <http://www.owl-ontologies.com/unnamed.owl#Tedio-Fasinacao>);0;;0;;0;;0;;0;;0.0
ore_ont_8974.owl;SubClassOf(<http://www.absoluteiri.edu/RELAPPROXC18> <http://www.absoluteiri.edu/RELAPPROXC27>);0;;0;;0;;0;;0;;0.0
ore_ont_8974.owl;SubClassOf(<http://www.absoluteiri.edu/RELAPPROXC18> <http://www.absoluteiri.edu/RELAPPROXC29>);0;;0;;0;;0;;0;;0.0
ore_ont_8974.owl;SubClassOf(<http://rs.tdwg.org/ontology/voc/OccurrenceRecord#OccurrenceRecord> <http://rs.tdwg.org/ontology/Base#BaseThing>);0;;0;;0;;0;;0;;0.0
ore_ont_8974.owl;SubClassOf(<http://rs.tdwg.org/ontology/voc/OccurrenceRecord#Identification> <http://rs.tdwg.org/ontology/Base#BaseThing>);0;;0;;0;;0;;0;;0.0
ore_ont_8974.owl;SubClassOf(<http://www.absoluteiri.edu/RELAPPROXC28> <http://www.absoluteiri.edu/RELAPPROXC19>);0;;0;;0;;0;;0;;0.0
ore_ont_8974.owl;SubClassOf(<http://www.absoluteiri.edu/RELAPPROXC26> <http://www.absoluteiri.edu/RELAPPROXC19>);0;;0;;0;;0;;0;;0.0
ore_ont_3909.owl;SubClassOf(<file:/media/owl/Seagate%20Expansion%20Drive/mowlcorp_rep/mowlcorp_2014.10.07_orig/files/F22_Self_Contained_Expression> <file:/media/owl/Seagate%20Expansion%20Drive/mowlcorp_rep/mowlcorp_2014.10.07_orig/files/F2_Expression>);0;;0;;0;;0;;0;;0.0
ore_ont_3909.owl;SubClassOf(<file:/media/owl/Seagate%20Expansion%20Drive/mowlcorp_rep/mowlcorp_2014.10.07_orig/files/F34_KOS> <file:/media/owl/Seagate%20Expansion%20Drive/mowlcorp_rep/mowlcorp_2014.10.07_orig/files/E29_Design_or_Procedure>);0;;0;;0;;0;;0;;0.0
ore_ont_3909.owl;SubClassOf(<file:/media/owl/Seagate%20Expansion%20Drive/mowlcorp_rep/mowlcorp_2014.10.07_orig/files/F18_Serial_Work> <file:/media/owl/Seagate%20Expansion%20Drive/mowlcorp_rep/mowlcorp_2014.10.07_orig/files/F16_Container_Work>);2;0.9631979695431472;1;0.9784263959390864;2;0.9631979695431472;2;0.9631979695431472;2;0.9631979695431472;1.0
ore_ont_3909.owl;SubClassOf(<file:/media/owl/Seagate%20Expansion%20Drive/mowlcorp_rep/mowlcorp_2014.10.07_orig/files/F30_Publication_Event> <file:/media/owl/Seagate%20Expansion%20Drive/mowlcorp_rep/mowlcorp_2014.10.07_orig/files/F28_Expression_Creation>);0;;0;;0;;0;;0;;0.0
ore_ont_3909.owl;SubClassOf(<file:/media/owl/Seagate%20Expansion%20Drive/mowlcorp_rep/mowlcorp_2014.10.07_orig/files/F52_Name_Use_Activity> <file:/media/owl/Seagate%20Expansion%20Drive/mowlcorp_rep/mowlcorp_2014.10.07_orig/files/E13_Attribute_Assignment>);0;;0;;0;;0;;0;;0.0
ore_ont_3909.owl;SubClassOf(<file:/media/owl/Seagate%20Expansion%20Drive/mowlcorp_rep/mowlcorp_2014.10.07_orig/files/F34_KOS> <file:/media/owl/Seagate%20Expansion%20Drive/mowlcorp_rep/mowlcorp_2014.10.07_orig/files/F2_Expression>);0;;0;;0;;0;;0;;0.0
ore_ont_3909.owl;SubClassOf(<file:/media/owl/Seagate%20Expansion%20Drive/mowlcorp_rep/mowlcorp_2014.10.07_orig/files/F28_Expression_Creation> <file:/media/owl/Seagate%20Expansion%20Drive/mowlcorp_rep/mowlcorp_2014.10.07_orig/files/E12_Production>);0;;0;;0;;0;;0;;0.0
ore_ont_3909.owl;SubClassOf(<file:/media/owl/Seagate%20Expansion%20Drive/mowlcorp_rep/mowlcorp_2014.10.07_orig/files/F50_Controlled_Access_Point> <file:/media/owl/Seagate%20Expansion%20Drive/mowlcorp_rep/mowlcorp_2014.10.07_orig/files/F13_Identifier>);0;;0;;0;;0;;0;;0.0
ore_ont_3909.owl;SubClassOf(<file:/media/owl/Seagate%20Expansion%20Drive/mowlcorp_rep/mowlcorp_2014.10.07_orig/files/F16_Container_Work> <file:/media/owl/Seagate%20Expansion%20Drive/mowlcorp_rep/mowlcorp_2014.10.07_orig/files/F1_Work>);0;;0;;0;;0;;0;;0.0
ore_ont_3909.owl;SubClassOf(<file:/media/owl/Seagate%20Expansion%20Drive/mowlcorp_rep/mowlcorp_2014.10.07_orig/files/F25_Performance_Plan> <file:/media/owl/Seagate%20Expansion%20Drive/mowlcorp_rep/mowlcorp_2014.10.07_orig/files/F22_Self_Contained_Expression>);0;;0;;0;;0;;0;;0.0
ore_ont_2036.owl;SubClassOf(<http://www.owl-ontologies.com/Ontology1324330201.owl#Artifact> <http://www.owl-ontologies.com/Ontology1324330201.owl#CommonCoreObject>);2;1.0205842288481912;2;1.0205842288481912;2;1.0205842288481912;2;1.0205842288481912;1;1.0290600877856817;1.0
ore_ont_2036.owl;SubClassOf(<http://www.owl-ontologies.com/Ontology1324330201.owl#Flow> <http://www.owl-ontologies.com/Ontology1324330201.owl#CoreProperty>);0;;0;;0;;0;;0;;0.0
ore_ont_2036.owl;SubClassOf(<http://www.owl-ontologies.com/Ontology1324330201.owl#subArtifacts> <http://www.owl-ontologies.com/Ontology1324330201.owl#Artifact>);0;;0;;0;;0;;0;;0.0
ore_ont_2036.owl;SubClassOf(<http://www.owl-ontologies.com/Ontology1324330201.owl#Artifact> <http://www.owl-ontologies.com/Ontology1324330201.owl#CoreEntity>);0;;0;;0;;0;;0;;0.0
ore_ont_2036.owl;SubClassOf(<http://www.owl-ontologies.com/Ontology1324330201.owl#Form> <http://www.owl-ontologies.com/Ontology1324330201.owl#CoreProperty>);0;;0;;0;;0;;0;;0.0
ore_ont_2036.owl;SubClassOf(<http://www.owl-ontologies.com/Ontology1324330201.owl#Properties> <http://www.owl-ontologies.com/Ontology1324330201.owl#Information>);0;;0;;0;;0;;0;;0.0
ore_ont_2036.owl;SubClassOf(<http://www.owl-ontologies.com/Ontology1324330201.owl#Port> <http://www.owl-ontologies.com/Ontology1324330201.owl#Feature>);0;;0;;0;;0;;0;;0.0
ore_ont_2036.owl;SubClassOf(<http://www.owl-ontologies.com/Ontology1324330201.owl#Constraint> <http://www.owl-ontologies.com/Ontology1324330201.owl#CommonCoreRelationship>);0;;0;;0;;0;;0;;0.0
ore_ont_2036.owl;SubClassOf(<http://www.owl-ontologies.com/Ontology1324330201.owl#Form> <http://www.owl-ontologies.com/Ontology1324330201.owl#CommonCoreObject>);2;0.9658170914542727;2;0.9658170914542727;2;0.9658170914542727;2;0.9658170914542727;2;0.9658170914542727;1.0
ore_ont_2036.owl;SubClassOf(<http://www.owl-ontologies.com/Ontology1324330201.owl#TransferFunction> <http://www.owl-ontologies.com/Ontology1324330201.owl#Function>);0;;0;;0;;0;;0;;0.0
ore_ont_508.owl;SubClassOf(<http://www.owl-ontologies.com/Ontology1324330201.owl#Artifact> <http://www.owl-ontologies.com/Ontology1324330201.owl#CommonCoreObject>);2;1.0136612021857925;2;1.0136612021857925;2;1.0136612021857925;2;1.0136612021857925;2;1.0136612021857925;1.0
ore_ont_508.owl;SubClassOf(<http://www.owl-ontologies.com/Ontology1324330201.owl#Flow> <http://www.owl-ontologies.com/Ontology1324330201.owl#CoreProperty>);0;;0;;0;;0;;0;;0.0
ore_ont_508.owl;SubClassOf(<http://www.owl-ontologies.com/Ontology1324330201.owl#subArtifacts> <http://www.owl-ontologies.com/Ontology1324330201.owl#Artifact>);0;;0;;0;;0;;0;;0.0
ore_ont_508.owl;SubClassOf(<http://www.owl-ontologies.com/Ontology1324330201.owl#Artifact> <http://www.owl-ontologies.com/Ontology1324330201.owl#CoreEntity>);0;;0;;0;;0;;0;;0.0
ore_ont_508.owl;SubClassOf(<http://www.owl-ontologies.com/Ontology1324330201.owl#Form> <http://www.owl-ontologies.com/Ontology1324330201.owl#CoreProperty>);0;;0;;0;;0;;0;;0.0
ore_ont_508.owl;SubClassOf(<http://www.owl-ontologies.com/Ontology1324330201.owl#Properties> <http://www.owl-ontologies.com/Ontology1324330201.owl#Information>);0;;0;;0;;0;;0;;0.0
ore_ont_508.owl;SubClassOf(<http://www.owl-ontologies.com/Ontology1324330201.owl#Port> <http://www.owl-ontologies.com/Ontology1324330201.owl#Feature>);0;;0;;0;;0;;0;;0.0
ore_ont_508.owl;SubClassOf(<http://www.owl-ontologies.com/Ontology1324330201.owl#Constraint> <http://www.owl-ontologies.com/Ontology1324330201.owl#CommonCoreRelationship>);0;;0;;0;;0;;0;;0.0
ore_ont_508.owl;SubClassOf(<http://www.owl-ontologies.com/Ontology1324330201.owl#Form> <http://www.owl-ontologies.com/Ontology1324330201.owl#CommonCoreObject>);2;0.9673663496228274;2;0.9673663496228274;2;0.9673663496228274;2;0.9673663496228274;2;0.9673663496228274;2.0
ore_ont_508.owl;SubClassOf(<http://www.owl-ontologies.com/Ontology1324330201.owl#TransferFunction> <http://www.owl-ontologies.com/Ontology1324330201.owl#Function>);0;;0;;0;;0;;0;;0.0
ore_ont_16076.owl;SubClassOf(<http://semanticscience.org/RNA> <http://semanticscience.org/NucleicAcid>);0;;0;;0;;0;;0;;0.0
ore_ont_16076.owl;SubClassOf(<http://semanticscience.org/O4pEndoRole> <http://semanticscience.org/EndoRole>);0;;0;;0;;0;;0;;0.0
ore_ont_16076.owl;SubClassOf(<http://semanticscience.org/WatsonSugarBasePair> <http://semanticscience.org/EdgeInteraction>);0;;0;;0;;0;;0;;0.0
ore_ont_16076.owl;SubClassOf(<http://semanticscience.org/C2pExoRole> <http://semanticscience.org/ExoRole>);0;;0;;0;;0;;0;;0.0
ore_ont_16076.owl;SubClassOf(<http://semanticscience.org/EdgeInteraction> <http://semanticscience.org/NucleotideBasePair>);0;;0;;0;;0;;0;;0.0
ore_ont_16076.owl;SubClassOf(<http://semanticscience.org/mRNA> <http://semanticscience.org/RNA>);0;;0;;0;;0;;0;;0.0
ore_ont_16076.owl;SubClassOf(<http://semanticscience.org/Hexose> <http://semanticscience.org/Monosaccharide>);0;;0;;0;;0;;0;;0.0
ore_ont_16076.owl;SubClassOf(<http://semanticscience.org/BifurcatedFace> <http://semanticscience.org/NucleotideFace>);0;;0;;0;;0;;0;;0.0
ore_ont_16076.owl;SubClassOf(<http://semanticscience.org/GTP> <http://semanticscience.org/Ribonucleotide>);0;;0;;0;;0;;0;;0.0
ore_ont_16076.owl;SubClassOf(<http://semanticscience.org/Ribonucleotide> <http://semanticscience.org/Nucleotide>);0;;0;;0;;0;;0;;0.0
ore_ont_7270.owl;SubClassOf(<http://www.lia.deis.unibo.it/research/MIDAS/Ontologies/MIDAS_Preference.owl#ValuePreference> <http://www.lia.deis.unibo.it/research/MIDAS/Ontologies/MIDAS_Preference.owl#Preference>);0;;0;;0;;0;;0;;0.0
ore_ont_7270.owl;SubClassOf(<http://www.lia.deis.unibo.it/research/MIDAS/Ontologies/ZefiroRequest.owl#ExampleCapability> <http://www.lia.deis.unibo.it/research/MIDAS/Ontologies/MIDAS_Profile.owl#Capability>);5;1.008696764292109;5;1.008696764292109;3;1.008696764292109;5;1.008696764292109;3;1.008696764292109;1.0
ore_ont_7270.owl;SubClassOf(<http://www.lia.deis.unibo.it/research/MIDAS/Ontologies/TFLEOntology.owl#Cottage_Rental> <http://www.lia.deis.unibo.it/research/MIDAS/Ontologies/TFLEOntology.owl#Hotel_Motel_Inn>);0;;0;;0;;0;;0;;0.0
ore_ont_7270.owl;SubClassOf(<http://www.lia.deis.unibo.it/research/MIDAS/Ontologies/TFLEOntology.owl#Restaurant> <http://www.lia.deis.unibo.it/research/MIDAS/Ontologies/TFLEOntology.owl#Eating_Establishment>);0;;0;;0;;0;;0;;0.0
ore_ont_7270.owl;SubClassOf(<http://www.lia.deis.unibo.it/research/MIDAS/Ontologies/MIDAS_Request.owl#Request_Profile> <http://www.lia.deis.unibo.it/research/MIDAS/Ontologies/MIDAS_Profile.owl#Profile>);2;1.030237937871778;2;1.030237937871778;2;1.030237937871778;2;1.030237937871778;2;1.030237937871778;1.0
ore_ont_7270.owl;SubClassOf(<http://www.lia.deis.unibo.it/research/MIDAS/Ontologies/TFLEOntology.owl#Catering> <http://www.lia.deis.unibo.it/research/MIDAS/Ontologies/TFLEOntology.owl#Banquet_Catering>);0;;0;;0;;0;;0;;0.0
ore_ont_7270.owl;SubClassOf(<http://www.lia.deis.unibo.it/research/MIDAS/Ontologies/TFLEOntology.owl#Campsites> <http://www.lia.deis.unibo.it/research/MIDAS/Ontologies/TFLEOntology.owl#Camping_Wilderness>);0;;0;;0;;0;;0;;0.0
ore_ont_7270.owl;SubClassOf(<http://www.lia.deis.unibo.it/research/MIDAS/Ontologies/TFLEOntology.owl#Hotel_Motel_Inn> <http://www.lia.deis.unibo.it/research/MIDAS/Ontologies/TFLEOntology.owl#Hotel_Meeting_Facilities>);0;;0;;0;;0;;0;;0.0
ore_ont_7270.owl;SubClassOf(<http://www.lia.deis.unibo.it/research/MIDAS/Ontologies/TFLEOntology.owl#Banquet_Catering> <http://www.lia.deis.unibo.it/research/MIDAS/Ontologies/TFLEOntology.owl#Restaurant_Catering>);0;;0;;0;;0;;0;;0.0
ore_ont_7270.owl;SubClassOf(<http://www.absoluteiri.edu/RELAPPROXC153> <http://www.absoluteiri.edu/RELAPPROXC134>);0;;0;;0;;0;;0;;0.0
ore_ont_13643.owl;SubClassOf(<http://www.bioassayontology.org/bao#BAO_0002374> <http://www.bioassayontology.org/bao#BAO_0002094>);1;0.5298013245033112;1;0.5298013245033112;4;0.423841059602649;1;0.5298013245033112;2;0.6788079470198676;2.0
ore_ont_13643.owl;SubClassOf(<http://www.bioassayontology.org/bao#BAO_0002379> <http://www.bioassayontology.org/bao#BAO_0002374>);0;;0;;0;;0;;0;;0.0
ore_ont_13643.owl;SubClassOf(<http://www.bioassayontology.org/bao#BAO_0002330> <http://www.bioassayontology.org/bao#BAO_0002329>);0;;0;;0;;0;;0;;0.0
ore_ont_13643.owl;SubClassOf(<http://www.bioassayontology.org/bao#BAO_0002273> <http://www.bioassayontology.org/bao#BAO_0002272>);0;;0;;0;;0;;0;;0.0
ore_ont_13643.owl;SubClassOf(<http://www.bioassayontology.org/bao#BAO_0002343> <http://www.bioassayontology.org/bao#BAO_0002341>);0;;0;;0;;0;;0;;0.0
ore_ont_13643.owl;SubClassOf(<http://www.bioassayontology.org/bao#BAO_0002209> <http://www.bioassayontology.org/bao#BAO_0002206>);0;;0;;0;;0;;0;;0.0
ore_ont_13643.owl;SubClassOf(<http://www.bioassayontology.org/bao#BAO_0002297> <http://www.bioassayontology.org/bao#BAO_0002282>);2;0.272189349112426;1;0.5562130177514792;2;0.272189349112426;2;0.272189349112426;1;0.5562130177514792;2.0
ore_ont_13643.owl;SubClassOf(<http://www.bioassayontology.org/bao#BAO_0002340> <http://www.bioassayontology.org/bao#BAO_0002336>);0;;0;;0;;0;;0;;0.0
ore_ont_13643.owl;SubClassOf(<http://www.bioassayontology.org/bao#BAO_0002272> <http://www.bioassayontology.org/bao#BAO_0002269>);0;;0;;0;;0;;0;;0.0
ore_ont_13643.owl;SubClassOf(<http://www.bioassayontology.org/bao#BAO_0002272> <http://www.bioassayontology.org/bao#BAO_0002248>);2;0.5280898876404494;1;0.3089887640449438;2;0.5280898876404494;2;0.5280898876404494;2;0.5280898876404494;2.0
ore_ont_6735.owl;SubClassOf(<http://purl.obolibrary.org/obo/sep_00121> <http://purl.obolibrary.org/obo/sep_00118>);0;;0;;0;;0;;0;;0.0
ore_ont_6735.owl;SubClassOf(<http://purl.obolibrary.org/obo/sep_00086> <http://purl.obolibrary.org/obo/sep_00013>);0;;0;;0;;0;;0;;0.0
ore_ont_6735.owl;SubClassOf(<http://purl.obolibrary.org/obo/sep_00160> <http://purl.obolibrary.org/obo/sep_00101>);2;0.3046683046683046;1;0.606879606879607;2;0.3046683046683046;2;0.3046683046683046;2;0.3046683046683046;2.0
ore_ont_6735.owl;SubClassOf(<http://purl.obolibrary.org/obo/sep_00030> <http://purl.obolibrary.org/obo/sep_00004>);3;0.4048192771084337;1;0.6650602409638554;3;0.4048192771084337;3;0.4048192771084337;2;0.3204819277108434;2.0
ore_ont_6735.owl;SubClassOf(<http://purl.obolibrary.org/obo/sep_00118> <http://purl.obolibrary.org/obo/sep_00076>);3;0.6839464882943145;1;0.2926421404682274;3;0.6839464882943145;3;0.6839464882943145;3;0.6839464882943145;1.0
ore_ont_6735.owl;SubClassOf(<http://purl.obolibrary.org/obo/sep_00213> <http://purl.obolibrary.org/obo/sep_00210>);0;;0;;0;;0;;0;;0.0
ore_ont_6735.owl;SubClassOf(<http://purl.obolibrary.org/obo/sep_00053> <http://purl.obolibrary.org/obo/sep_00048>);0;;0;;0;;0;;0;;0.0
ore_ont_6735.owl;SubClassOf(<http://purl.obolibrary.org/obo/sep_00013> <http://purl.obolibrary.org/obo/sep_00078>);0;;0;;0;;0;;0;;0.0
ore_ont_6735.owl;SubClassOf(<http://purl.obolibrary.org/obo/sep_00165> <http://purl.obolibrary.org/obo/sep_00160>);0;;0;;0;;0;;0;;0.0
ore_ont_6735.owl;SubClassOf(<http://purl.obolibrary.org/obo/sep_00096> <http://purl.obolibrary.org/obo/sep_00075>);0;;0;;0;;0;;0;;0.0
ore_ont_3082.owl;SubClassOf(<http://ontology.dumontierlab.com/biological-measure-primitive-1.0.owl#MontgomeryAsbergDepressionRating> <http://ontology.dumontierlab.com/biological-measure-primitive-1.0.owl#DepressionMeasure>);2;0.3456375838926174;1;0.6140939597315438;2;0.3456375838926174;2;0.3456375838926174;2;0.3456375838926174;1.0
ore_ont_3082.owl;SubClassOf(<http://ontology.dumontierlab.com/biological-measure-primitive-1.0.owl#CoagulationProfile> <http://ontology.dumontierlab.com/biological-measure-primitive-1.0.owl#TissueMeasure>);0;;0;;0;;0;;0;;0.0
ore_ont_3082.owl;SubClassOf(<http://ontology.dumontierlab.com/biological-measure-primitive-1.0.owl#SatietyDifference> <http://ontology.dumontierlab.com/biological-measure-primitive-1.0.owl#SatietyMeasure>);0;;0;;0;;0;;0;;0.0
ore_ont_3082.owl;SubClassOf(<http://ontology.dumontierlab.com/biological-measure-primitive-1.0.owl#RemissionFrequency> <http://ontology.dumontierlab.com/biological-measure-primitive-1.0.owl#ClinicalOutcomeMeasure>);2;0.2289719626168224;1;0.5373831775700935;2;0.2289719626168224;2;0.2289719626168224;2;0.2289719626168224;1.0
ore_ont_3082.owl;SubClassOf(<http://ontology.dumontierlab.com/biological-measure-primitive-1.0.owl#HighRemissionOddsRatio> <http://ontology.dumontierlab.com/biological-measure-primitive-1.0.owl#RemissionOddsRatio>);0;;0;;0;;0;;0;;0.0
ore_ont_3082.owl;SubClassOf(<http://ontology.dumontierlab.com/biological-measure-primitive-1.0.owl#ModerateReductionInHamiltonAnxietyScore> <http://ontology.dumontierlab.com/biological-measure-primitive-1.0.owl#HamiltonAnxietyScoreDifference>);0;;0;;0;;0;;0;;0.0
ore_ont_3082.owl;SubClassOf(<http://ontology.dumontierlab.com/biological-measure-primitive-1.0.owl#TissueMeasure> <http://ontology.dumontierlab.com/biological-measure-primitive-1.0.owl#BiologicalMeasure>);0;;0;;0;;0;;0;;0.0
ore_ont_3082.owl;SubClassOf(<http://ontology.dumontierlab.com/biological-measure-primitive-1.0.owl#BloodPressure> <http://ontology.dumontierlab.com/biological-measure-primitive-1.0.owl#BiophysicalMeasure>);0;;0;;0;;0;;0;;0.0
ore_ont_3082.owl;SubClassOf(<http://ontology.dumontierlab.com/biological-measure-primitive-1.0.owl#ModerateRemission> <http://ontology.dumontierlab.com/biological-measure-primitive-1.0.owl#RemissionFrequency>);0;;0;;0;;0;;0;;0.0
ore_ont_3082.owl;SubClassOf(<http://ontology.dumontierlab.com/biological-measure-primitive-1.0.owl#IncreasedGeneExpression> <http://ontology.dumontierlab.com/biological-measure-primitive-1.0.owl#GeneExpressionDifference>);0;;0;;0;;0;;0;;0.0
ore_ont_9031.owl;SubClassOf(<http://purl.obolibrary.org/obo/MFOEM_000188> <http://purl.obolibrary.org/obo/MFOEM_000183>);0;;0;;0;;0;;0;;0.0
ore_ont_9031.owl;SubClassOf(<http://purl.obolibrary.org/obo/MFOEM_000080> <http://purl.obolibrary.org/obo/MFOEM_000006>);0;;0;;0;;0;;0;;0.0
ore_ont_9031.owl;SubClassOf(<http://purl.obolibrary.org/obo/MFOEM_000034> <http://purl.obolibrary.org/obo/MFOEM_000042>);0;;0;;0;;0;;0;;0.0
ore_ont_9031.owl;SubClassOf(<http://purl.obolibrary.org/obo/MFOEM_000174> <http://purl.obolibrary.org/obo/MFOEM_000125>);0;;0;;0;;0;;0;;0.0
ore_ont_9031.owl;SubClassOf(<http://purl.obolibrary.org/obo/MFOEM_000152> <http://purl.obolibrary.org/obo/MFOEM_000004>);0;;0;;0;;0;;0;;0.0
ore_ont_9031.owl;SubClassOf(<http://purl.obolibrary.org/obo/MFOEM_000183> <http://purl.obolibrary.org/obo/MFOEM_000152>);0;;0;;0;;0;;0;;0.0
ore_ont_9031.owl;SubClassOf(<http://purl.obolibrary.org/obo/MFOEM_000042> <http://purl.obolibrary.org/obo/MFOEM_000001>);0;;0;;0;;0;;0;;0.0
ore_ont_9031.owl;SubClassOf(<http://purl.obolibrary.org/obo/MFOEM_000075> <http://purl.obolibrary.org/obo/MFOEM_000005>);0;;0;;0;;0;;0;;0.0
ore_ont_9031.owl;SubClassOf(<http://purl.obolibrary.org/obo/MFOEM_000144> <http://purl.obolibrary.org/obo/MFOEM_000003>);0;;0;;0;;0;;0;;0.0
ore_ont_9031.owl;SubClassOf(<http://purl.obolibrary.org/obo/MFOEM_000190> <http://purl.obolibrary.org/obo/MFOEM_000174>);0;;0;;0;;0;;0;;0.0
ore_ont_13530.owl;SubClassOf(<http://purl.obolibrary.org/obo/GRO_0007132> <http://purl.obolibrary.org/obo/GRO_0007124>);0;;0;;0;;0;;0;;0.0
ore_ont_13530.owl;SubClassOf(<http://purl.obolibrary.org/obo/GRO_0007058> <http://purl.obolibrary.org/obo/GRO_0007156>);0;;0;;0;;0;;0;;0.0
ore_ont_13530.owl;SubClassOf(<http://purl.obolibrary.org/obo/GRO_0007185> <http://purl.obolibrary.org/obo/GRO_0007160>);0;;0;;0;;0;;0;;0.0
ore_ont_13530.owl;SubClassOf(<http://purl.obolibrary.org/obo/GRO_0007086> <http://purl.obolibrary.org/obo/GRO_0007080>);0;;0;;0;;0;;0;;0.0
ore_ont_13530.owl;SubClassOf(<http://purl.obolibrary.org/obo/GRO_0007119> <http://purl.obolibrary.org/obo/GRO_0007114>);0;;0;;0;;0;;0;;0.0
ore_ont_13530.owl;SubClassOf(<http://purl.obolibrary.org/obo/GRO_0007174> <http://purl.obolibrary.org/obo/GRO_0007137>);0;;0;;0;;0;;0;;0.0
ore_ont_13530.owl;SubClassOf(<http://purl.obolibrary.org/obo/GRO_0007064> <http://purl.obolibrary.org/obo/GRO_0007058>);0;;0;;0;;0;;0;;0.0
ore_ont_13530.owl;SubClassOf(<http://purl.obolibrary.org/obo/GRO_0007196> <http://purl.obolibrary.org/obo/GRO_0007157>);0;;0;;0;;0;;0;;0.0
ore_ont_13530.owl;SubClassOf(<http://purl.obolibrary.org/obo/GRO_0007075> <http://purl.obolibrary.org/obo/GRO_0007069>);0;;0;;0;;0;;0;;0.0
ore_ont_13530.owl;SubClassOf(<http://purl.obolibrary.org/obo/GRO_0007012> <http://purl.obolibrary.org/obo/GRO_0007002>);0;;0;;0;;0;;0;;0.0
ore_ont_3463.owl;SubClassOf(<https://raw.github.com/ontohub/OOR_Ontohub_API/master/Domain_Fields_Core.owl#Sport> <https://raw.github.com/ontohub/OOR_Ontohub_API/master/Domain_Fields_Core.owl#Personal_services>);0;;0;;0;;0;;0;;0.0
ore_ont_3463.owl;SubClassOf(<https://raw.github.com/ontohub/OOR_Ontohub_API/master/Domain_Fields_Core.owl#Motor_vehicle_ship_and_aircraft> <https://raw.github.com/ontohub/OOR_Ontohub_API/master/Domain_Fields_Core.owl#Engineering_and_engineering_trade>);0;;0;;0;;0;;0;;0.0
ore_ont_3463.owl;SubClassOf(<https://raw.github.com/ontohub/OOR_Ontohub_API/master/Domain_Fields_Core.owl#Personal_services> <https://raw.github.com/ontohub/OOR_Ontohub_API/master/Domain_Fields_Core.owl#Services>);0;;0;;0;;0;;0;;0.0
ore_ont_3463.owl;SubClassOf(<https://raw.github.com/ontohub/OOR_Ontohub_API/master/Domain_Fields_Core.owl#Business_and_administration> <https://raw.github.com/ontohub/OOR_Ontohub_API/master/Domain_Fields_Core.owl#Domain_Field>);2;0.2945736434108527;1;0.5271317829457364;2;0.2945736434108527;2;0.2945736434108527;1;0.5271317829457364;1.0
ore_ont_3463.owl;SubClassOf(<https://raw.github.com/ontohub/OOR_Ontohub_API/master/Domain_Fields_Core.owl#Physical_science> <https://raw.github.com/ontohub/OOR_Ontohub_API/master/Domain_Fields_Core.owl#Natural_science_mathematics_and_statistics>);0;;0;;0;;0;;0;;0.0
ore_ont_3463.owl;SubClassOf(<https://raw.github.com/ontohub/OOR_Ontohub_API/master/Domain_Fields_Core.owl#Economics> <https://raw.github.com/ontohub/OOR_Ontohub_API/master/Domain_Fields_Core.owl#Social_and_behavioural_science>);0;;0;;0;;0;;0;;0.0
ore_ont_3463.owl;SubClassOf(<https://raw.github.com/ontohub/OOR_Ontohub_API/master/Domain_Fields_Core.owl#Management_and_administration> <https://raw.github.com/ontohub/OOR_Ontohub_API/master/Domain_Fields_Core.owl#Business_and_administration>);0;;0;;0;;0;;0;;0.0
ore_ont_3463.owl;SubClassOf(<https://raw.github.com/ontohub/OOR_Ontohub_API/master/Domain_Fields_Core.owl#Medical_diagnostic_and_treatment_technology> <https://raw.github.com/ontohub/OOR_Ontohub_API/master/Domain_Fields_Core.owl#Health>);0;;0;;0;;0;;0;;0.0
ore_ont_3463.owl;SubClassOf(<https://raw.github.com/ontohub/OOR_Ontohub_API/master/Domain_Fields_Core.owl#Fine_arts> <https://raw.github.com/ontohub/OOR_Ontohub_API/master/Domain_Fields_Core.owl#Arts>);0;;0;;0;;0;;0;;0.0
ore_ont_3463.owl;SubClassOf(<https://raw.github.com/ontohub/OOR_Ontohub_API/master/Domain_Fields_Core.owl#Material_processing> <https://raw.github.com/ontohub/OOR_Ontohub_API/master/Domain_Fields_Core.owl#ManufacturingAndProcessing>);0;;0;;0;;0;;0;;0.0
ore_ont_5090.owl;SubClassOf(<http://purl.obolibrary.org/obo/XEO_00050> <http://purl.obolibrary.org/obo/XEO_00004>);2;0.9725050916496945;1;0.9236252545824848;2;0.9725050916496945;2;0.9725050916496945;1;0.9236252545824848;1.0
ore_ont_5090.owl;SubClassOf(<http://purl.obolibrary.org/obo/XEO_00054> <http://purl.obolibrary.org/obo/XEO_00049>);0;;0;;0;;0;;0;;0.0
ore_ont_5090.owl;SubClassOf(<http://purl.obolibrary.org/obo/XEO_00127> <http://purl.obolibrary.org/obo/XEO_00005>);0;;0;;0;;0;;0;;0.0
ore_ont_5090.owl;SubClassOf(<http://purl.obolibrary.org/obo/XEO_00135> <http://purl.obolibrary.org/obo/XEO_00002>);2;0.9689922480620156;1;0.7331118493909193;2;0.9689922480620156;2;0.9689922480620156;1;0.7331118493909193;2.0
ore_ont_5090.owl;SubClassOf(<http://purl.obolibrary.org/obo/XEO_00081> <http://purl.obolibrary.org/obo/XEO_00050>);0;;0;;0;;0;;0;;0.0
ore_ont_5090.owl;SubClassOf(<http://purl.obolibrary.org/obo/XEO_00135> <http://purl.obolibrary.org/obo/XEO_00005>);0;;0;;0;;0;;0;;0.0
ore_ont_5090.owl;SubClassOf(<http://purl.obolibrary.org/obo/XEO_00067> <http://purl.obolibrary.org/obo/XEO_00054>);0;;0;;0;;0;;0;;0.0
ore_ont_5090.owl;SubClassOf(<http://purl.obolibrary.org/obo/XEO_00119> <http://purl.obolibrary.org/obo/XEO_00046>);0;;0;;0;;0;;0;;0.0
ore_ont_5090.owl;SubClassOf(<http://purl.obolibrary.org/obo/XEO_00152> <http://purl.obolibrary.org/obo/XEO_00005>);0;;0;;0;;0;;0;;0.0
ore_ont_5090.owl;SubClassOf(<http://purl.obolibrary.org/obo/XEO_00171> <http://purl.obolibrary.org/obo/XEO_00237>);0;;0;;0;;0;;0;;0.0
ore_ont_10536.owl;SubClassOf(<http://www.absoluteiri.edu/RELAPPROXC198> <http://www.absoluteiri.edu/RELAPPROXC197>);0;;0;;0;;0;;0;;0.0
ore_ont_10536.owl;SubClassOf(<http://www.absoluteiri.edu/RELAPPROXC196> <http://www.absoluteiri.edu/RELAPPROXC195>);0;;0;;0;;0;;0;;0.0
ore_ont_10536.owl;SubClassOf(<http://www.absoluteiri.edu/RELAPPROXC196> <http://www.absoluteiri.edu/RELAPPROXC199>);0;;0;;0;;0;;0;;0.0
ore_ont_10536.owl;SubClassOf(<http://www.absoluteiri.edu/RELAPPROXC194> <http://www.absoluteiri.edu/RELAPPROXC197>);0;;0;;0;;0;;0;;0.0
ore_ont_2876.owl;SubClassOf(<file:/media/owl/Seagate%20Expansion%20Drive/mowlcorp_rep/mowlcorp_2014.10.07_orig/files/15142ae8-c9b2-4e1a-ac58-284d3db0504a_CIDOC1.rdf#E65.Conceptual_Creation> <file:/media/owl/Seagate%20Expansion%20Drive/mowlcorp_rep/mowlcorp_2014.10.07_orig/files/15142ae8-c9b2-4e1a-ac58-284d3db0504a_CIDOC1.rdf#E63.Beginning_of_Existence>);0;;0;;0;;0;;0;;0.0
ore_ont_2876.owl;SubClassOf(<file:/media/owl/Seagate%20Expansion%20Drive/mowlcorp_rep/mowlcorp_2014.10.07_orig/files/15142ae8-c9b2-4e1a-ac58-284d3db0504a_CIDOC1.rdf#E44.Place_Appellation> <file:/media/owl/Seagate%20Expansion%20Drive/mowlcorp_rep/mowlcorp_2014.10.07_orig/files/15142ae8-c9b2-4e1a-ac58-284d3db0504a_CIDOC1.rdf#E41.Appellation>);0;;0;;0;;0;;0;;0.0
ore_ont_2876.owl;SubClassOf(<file:/media/owl/Seagate%20Expansion%20Drive/mowlcorp_rep/mowlcorp_2014.10.07_orig/files/15142ae8-c9b2-4e1a-ac58-284d3db0504a_CIDOC1.rdf#E13.Attribute_Assignment> <file:/media/owl/Seagate%20Expansion%20Drive/mowlcorp_rep/mowlcorp_2014.10.07_orig/files/15142ae8-c9b2-4e1a-ac58-284d3db0504a_CIDOC1.rdf#E7.Activity>);0;;0;;0;;0;;0;;0.0
ore_ont_2876.owl;SubClassOf(<file:/media/owl/Seagate%20Expansion%20Drive/mowlcorp_rep/mowlcorp_2014.10.07_orig/files/15142ae8-c9b2-4e1a-ac58-284d3db0504a_CIDOC1.rdf#E24.Physical_Man-Made_Stuff> <file:/media/owl/Seagate%20Expansion%20Drive/mowlcorp_rep/mowlcorp_2014.10.07_orig/files/15142ae8-c9b2-4e1a-ac58-284d3db0504a_CIDOC1.rdf#E18.Physical_Stuff>);0;;0;;0;;0;;0;;0.0
ore_ont_2876.owl;SubClassOf(<file:/media/owl/Seagate%20Expansion%20Drive/mowlcorp_rep/mowlcorp_2014.10.07_orig/files/15142ae8-c9b2-4e1a-ac58-284d3db0504a_CIDOC1.rdf#E7.Activity> <file:/media/owl/Seagate%20Expansion%20Drive/mowlcorp_rep/mowlcorp_2014.10.07_orig/files/15142ae8-c9b2-4e1a-ac58-284d3db0504a_CIDOC1.rdf#E1.CRM_Entity>);4;0.5876010781671159;1;0.6172506738544474;4;0.5876010781671159;4;0.5876010781671159;1;0.6172506738544474;1.0
ore_ont_2876.owl;SubClassOf(<file:/media/owl/Seagate%20Expansion%20Drive/mowlcorp_rep/mowlcorp_2014.10.07_orig/files/15142ae8-c9b2-4e1a-ac58-284d3db0504a_CIDOC1.rdf#E7.Activity> <file:/media/owl/Seagate%20Expansion%20Drive/mowlcorp_rep/mowlcorp_2014.10.07_orig/files/15142ae8-c9b2-4e1a-ac58-284d3db0504a_CIDOC1.rdf#E5.Event>);0;;0;;0;;0;;0;;0.0
ore_ont_2876.owl;SubClassOf(<file:/media/owl/Seagate%20Expansion%20Drive/mowlcorp_rep/mowlcorp_2014.10.07_orig/files/15142ae8-c9b2-4e1a-ac58-284d3db0504a_CIDOC1.rdf#E56.Language> <file:/media/owl/Seagate%20Expansion%20Drive/mowlcorp_rep/mowlcorp_2014.10.07_orig/files/15142ae8-c9b2-4e1a-ac58-284d3db0504a_CIDOC1.rdf#E55.Type>);0;;0;;0;;0;;0;;0.0
ore_ont_2876.owl;SubClassOf(<file:/media/owl/Seagate%20Expansion%20Drive/mowlcorp_rep/mowlcorp_2014.10.07_orig/files/15142ae8-c9b2-4e1a-ac58-284d3db0504a_CIDOC1.rdf#E36.Visual_Item> <file:/media/owl/Seagate%20Expansion%20Drive/mowlcorp_rep/mowlcorp_2014.10.07_orig/files/15142ae8-c9b2-4e1a-ac58-284d3db0504a_CIDOC1.rdf#E73.Information_Object>);0;;0;;0;;0;;0;;0.0
ore_ont_2876.owl;SubClassOf(<file:/media/owl/Seagate%20Expansion%20Drive/mowlcorp_rep/mowlcorp_2014.10.07_orig/files/15142ae8-c9b2-4e1a-ac58-284d3db0504a_CIDOC1.rdf#E15.Identifier_Assignment> <file:/media/owl/Seagate%20Expansion%20Drive/mowlcorp_rep/mowlcorp_2014.10.07_orig/files/15142ae8-c9b2-4e1a-ac58-284d3db0504a_CIDOC1.rdf#E13.Attribute_Assignment>);0;;0;;0;;0;;0;;0.0
ore_ont_2876.owl;SubClassOf(<file:/media/owl/Seagate%20Expansion%20Drive/mowlcorp_rep/mowlcorp_2014.10.07_orig/files/15142ae8-c9b2-4e1a-ac58-284d3db0504a_CIDOC1.rdf#E45.Address> <file:/media/owl/Seagate%20Expansion%20Drive/mowlcorp_rep/mowlcorp_2014.10.07_orig/files/15142ae8-c9b2-4e1a-ac58-284d3db0504a_CIDOC1.rdf#E44.Place_Appellation>);0;;0;;0;;0;;0;;0.0
ore_ont_15145.owl;SubClassOf(<file:/media/owl/Seagate%20Expansion%20Drive/mowlcorp_rep/mowlcorp_2014.10.07_orig/files/75a65645-51c9-4fe9-9f71-443fde726c1a__v5.0.1__.rdfs#E65_> <file:/media/owl/Seagate%20Expansion%20Drive/mowlcorp_rep/mowlcorp_2014.10.07_orig/files/75a65645-51c9-4fe9-9f71-443fde726c1a__v5.0.1__.rdfs#E63_>);0;;0;;0;;0;;0;;0.0
ore_ont_15145.owl;SubClassOf(<file:/media/owl/Seagate%20Expansion%20Drive/mowlcorp_rep/mowlcorp_2014.10.07_orig/files/75a65645-51c9-4fe9-9f71-443fde726c1a__v5.0.1__.rdfs#E45_> <file:/media/owl/Seagate%20Expansion%20Drive/mowlcorp_rep/mowlcorp_2014.10.07_orig/files/75a65645-51c9-4fe9-9f71-443fde726c1a__v5.0.1__.rdfs#E44_>);0;;0;;0;;0;;0;;0.0
ore_ont_15145.owl;SubClassOf(<file:/media/owl/Seagate%20Expansion%20Drive/mowlcorp_rep/mowlcorp_2014.10.07_orig/files/75a65645-51c9-4fe9-9f71-443fde726c1a__v5.0.1__.rdfs#E24_> <file:/media/owl/Seagate%20Expansion%20Drive/mowlcorp_rep/mowlcorp_2014.10.07_orig/files/75a65645-51c9-4fe9-9f71-443fde726c1a__v5.0.1__.rdfs#E18_>);0;;0;;0;;0;;0;;0.0
ore_ont_15145.owl;SubClassOf(<file:/media/owl/Seagate%20Expansion%20Drive/mowlcorp_rep/mowlcorp_2014.10.07_orig/files/75a65645-51c9-4fe9-9f71-443fde726c1a__v5.0.1__.rdfs#E7_> <file:/media/owl/Seagate%20Expansion%20Drive/mowlcorp_rep/mowlcorp_2014.10.07_orig/files/75a65645-51c9-4fe9-9f71-443fde726c1a__v5.0.1__.rdfs#E1_>);2;0.6205787781350482;1;0.4983922829581993;4;0.5466237942122186;2;0.6205787781350482;3;0.7073954983922829;1.0
ore_ont_15145.owl;SubClassOf(<file:/media/owl/Seagate%20Expansion%20Drive/mowlcorp_rep/mowlcorp_2014.10.07_orig/files/75a65645-51c9-4fe9-9f71-443fde726c1a__v5.0.1__.rdfs#E22_> <file:/media/owl/Seagate%20Expansion%20Drive/mowlcorp_rep/mowlcorp_2014.10.07_orig/files/75a65645-51c9-4fe9-9f71-443fde726c1a__v5.0.1__.rdfs#E24_>);0;;0;;0;;0;;0;;0.0
ore_ont_15145.owl;SubClassOf(<file:/media/owl/Seagate%20Expansion%20Drive/mowlcorp_rep/mowlcorp_2014.10.07_orig/files/75a65645-51c9-4fe9-9f71-443fde726c1a__v5.0.1__.rdfs#E16_> <file:/media/owl/Seagate%20Expansion%20Drive/mowlcorp_rep/mowlcorp_2014.10.07_orig/files/75a65645-51c9-4fe9-9f71-443fde726c1a__v5.0.1__.rdfs#E13_>);0;;0;;0;;0;;0;;0.0
ore_ont_15145.owl;SubClassOf(<file:/media/owl/Seagate%20Expansion%20Drive/mowlcorp_rep/mowlcorp_2014.10.07_orig/files/75a65645-51c9-4fe9-9f71-443fde726c1a__v5.0.1__.rdfs#E44_> <file:/media/owl/Seagate%20Expansion%20Drive/mowlcorp_rep/mowlcorp_2014.10.07_orig/files/75a65645-51c9-4fe9-9f71-443fde726c1a__v5.0.1__.rdfs#E41_>);0;;0;;0;;0;;0;;0.0
ore_ont_15145.owl;SubClassOf(<file:/media/owl/Seagate%20Expansion%20Drive/mowlcorp_rep/mowlcorp_2014.10.07_orig/files/75a65645-51c9-4fe9-9f71-443fde726c1a__v5.0.1__.rdfs#E36_> <file:/media/owl/Seagate%20Expansion%20Drive/mowlcorp_rep/mowlcorp_2014.10.07_orig/files/75a65645-51c9-4fe9-9f71-443fde726c1a__v5.0.1__.rdfs#E73_>);0;;0;;0;;0;;0;;0.0
ore_ont_15145.owl;SubClassOf(<file:/media/owl/Seagate%20Expansion%20Drive/mowlcorp_rep/mowlcorp_2014.10.07_orig/files/75a65645-51c9-4fe9-9f71-443fde726c1a__v5.0.1__.rdfs#E81_> <file:/media/owl/Seagate%20Expansion%20Drive/mowlcorp_rep/mowlcorp_2014.10.07_orig/files/75a65645-51c9-4fe9-9f71-443fde726c1a__v5.0.1__.rdfs#E64_>);0;;0;;0;;0;;0;;0.0
ore_ont_15145.owl;SubClassOf(<file:/media/owl/Seagate%20Expansion%20Drive/mowlcorp_rep/mowlcorp_2014.10.07_orig/files/75a65645-51c9-4fe9-9f71-443fde726c1a__v5.0.1__.rdfs#E13_> <file:/media/owl/Seagate%20Expansion%20Drive/mowlcorp_rep/mowlcorp_2014.10.07_orig/files/75a65645-51c9-4fe9-9f71-443fde726c1a__v5.0.1__.rdfs#E7_>);0;;0;;0;;0;;0;;0.0
ore_ont_15576.owl;SubClassOf(<http://purl.obolibrary.org/obo/APO_0000003> <http://purl.obolibrary.org/obo/APO_0000002>);0;;0;;0;;0;;0;;0.0
ore_ont_15576.owl;SubClassOf(<http://purl.obolibrary.org/obo/APO_0000009> <http://purl.obolibrary.org/obo/APO_0000006>);0;;0;;0;;0;;0;;0.0
ore_ont_15576.owl;SubClassOf(<http://purl.obolibrary.org/obo/APO_0000096> <http://purl.obolibrary.org/obo/APO_0000094>);0;;0;;0;;0;;0;;0.0
ore_ont_15576.owl;SubClassOf(<http://purl.obolibrary.org/obo/APO_0000102> <http://purl.obolibrary.org/obo/APO_0000096>);2;0.6223404255319147;1;0.3377659574468084;2;0.6223404255319147;2;0.6223404255319147;2;0.6223404255319147;1.0
ore_ont_15576.owl;SubClassOf(<http://purl.obolibrary.org/obo/APO_0000180> <http://purl.obolibrary.org/obo/APO_0000187>);0;;0;;0;;0;;0;;0.0
ore_ont_15576.owl;SubClassOf(<http://purl.obolibrary.org/obo/APO_0000082> <http://purl.obolibrary.org/obo/APO_0000087>);0;;0;;0;;0;;0;;0.0
ore_ont_15576.owl;SubClassOf(<http://purl.obolibrary.org/obo/APO_0000118> <http://purl.obolibrary.org/obo/APO_0000296>);0;;0;;0;;0;;0;;0.0
ore_ont_15576.owl;SubClassOf(<http://purl.obolibrary.org/obo/APO_0000087> <http://purl.obolibrary.org/obo/APO_0000080>);0;;0;;0;;0;;0;;0.0
ore_ont_15576.owl;SubClassOf(<http://purl.obolibrary.org/obo/APO_0000303> <http://purl.obolibrary.org/obo/APO_0000226>);0;;0;;0;;0;;0;;0.0
ore_ont_15576.owl;SubClassOf(<http://purl.obolibrary.org/obo/APO_0000171> <http://purl.obolibrary.org/obo/APO_0000186>);0;;0;;0;;0;;0;;0.0
ore_ont_11522.owl;SubClassOf(<http://www.opentox.org/api/1.1#Conformer> <http://www.opentox.org/api/1.1#Compound>);0;;0;;0;;0;;0;;0.0
ore_ont_11522.owl;SubClassOf(<http://www.absoluteiri.edu/RELAPPROXC100> <http://www.opentox.org/api/1.1#Dataset>);0;;0;;0;;0;;0;;0.0
ore_ont_11522.owl;SubClassOf(<http://www.opentox.org/api/1.1#ClassValueStatistics> <http://www.opentox.org/api/1.1#Validation>);3;0.931232091690544;1;0.9247851002865328;3;0.931232091690544;3;0.931232091690544;1;0.9247851002865328;2.0
ore_ont_11522.owl;SubClassOf(<http://www.opentox.org/api/1.1#ClassValueStatistics> <http://www.opentox.org/api/1.1#OpentoxResource>);4;0.9325368938861556;1;0.931482782853127;4;0.9325368938861556;4;0.9325368938861556;1;0.931482782853127;2.0
ore_ont_11522.owl;SubClassOf(<http://www.opentox.org/api/1.1#NumericAlgorithm> <http://www.opentox.org/api/1.1#Algorithm>);0;;0;;0;;0;;0;;0.0
ore_ont_11522.owl;SubClassOf(<http://www.opentox.org/api/1.1#FeatureValue> <http://www.opentox.org/api/1.1#FeatureValuePair>);0;;0;;0;;0;;0;;0.0
ore_ont_11522.owl;SubClassOf(<http://www.opentox.org/api/1.1#NumericModel> <http://www.opentox.org/api/1.1#Model>);0;;0;;0;;0;;0;;0.0
ore_ont_11522.owl;SubClassOf(<http://www.opentox.org/api/1.1#Model> <http://www.opentox.org/api/1.1#OpentoxResource>);0;;0;;0;;0;;0;;0.0
ore_ont_11522.owl;SubClassOf(<http://www.opentox.org/api/1.1#Identifier> <http://www.opentox.org/api/1.1#Feature>);2;1.0;1;0.9912976213498356;2;1.0;2;1.0;2;1.0;1.0
ore_ont_11522.owl;SubClassOf(<http://www.opentox.org/api/1.1#DataEntryNumeric> <http://www.opentox.org/api/1.1#DataEntry>);0;;0;;0;;0;;0;;0.0
ore_ont_8806.owl;SubClassOf(<http://purl.obolibrary.org/obo/GO_0030533> <http://purl.obolibrary.org/obo/GO_0003723>);0;;0;;0;;0;;0;;0.0
ore_ont_8806.owl;SubClassOf(<http://purl.obolibrary.org/obo/GO_0012505> <http://purl.obolibrary.org/obo/GO_0005575>);0;;0;;0;;0;;0;;0.0
ore_ont_8806.owl;SubClassOf(<http://purl.obolibrary.org/obo/GO_0005739> <http://purl.obolibrary.org/obo/GO_0005575>);0;;0;;0;;0;;0;;0.0
ore_ont_8806.owl;SubClassOf(<http://purl.obolibrary.org/obo/GO_0005737> <http://purl.obolibrary.org/obo/GO_0005575>);0;;0;;0;;0;;0;;0.0
ore_ont_8806.owl;SubClassOf(<http://purl.obolibrary.org/obo/GO_0051169> <http://purl.obolibrary.org/obo/GO_0008150>);0;;0;;0;;0;;0;;0.0
ore_ont_8806.owl;SubClassOf(<http://purl.obolibrary.org/obo/GO_0000054> <http://purl.obolibrary.org/obo/GO_0051169>);0;;0;;0;;0;;0;;0.0
ore_ont_8806.owl;SubClassOf(<http://purl.obolibrary.org/obo/GO_0051603> <http://purl.obolibrary.org/obo/GO_0051604>);0;;0;;0;;0;;0;;0.0
ore_ont_8806.owl;SubClassOf(<http://purl.obolibrary.org/obo/GO_0003723> <http://purl.obolibrary.org/obo/GO_0003674>);0;;0;;0;;0;;0;;0.0
ore_ont_8806.owl;SubClassOf(<http://purl.obolibrary.org/obo/GO_0055086> <http://purl.obolibrary.org/obo/GO_0008150>);0;;0;;0;;0;;0;;0.0
ore_ont_8806.owl;SubClassOf(<http://purl.obolibrary.org/obo/GO_0055085> <http://purl.obolibrary.org/obo/GO_0008150>);0;;0;;0;;0;;0;;0.0
ore_ont_5742.owl;SubClassOf(<file:/media/owl/Seagate%20Expansion%20Drive/mowlcorp_rep/mowlcorp_2014.10.07_orig/files/c6907ef3-a626-4b34-a474-15a4563b7f29_ish_label.rdfs#E16.Measurement> <file:/media/owl/Seagate%20Expansion%20Drive/mowlcorp_rep/mowlcorp_2014.10.07_orig/files/c6907ef3-a626-4b34-a474-15a4563b7f29_ish_label.rdfs#E13.Attribute_Assignment>);0;;0;;0;;0;;0;;0.0
ore_ont_5742.owl;SubClassOf(<file:/media/owl/Seagate%20Expansion%20Drive/mowlcorp_rep/mowlcorp_2014.10.07_orig/files/c6907ef3-a626-4b34-a474-15a4563b7f29_ish_label.rdfs#E44.Place_Appellation> <file:/media/owl/Seagate%20Expansion%20Drive/mowlcorp_rep/mowlcorp_2014.10.07_orig/files/c6907ef3-a626-4b34-a474-15a4563b7f29_ish_label.rdfs#E41.Appellation>);0;;0;;0;;0;;0;;0.0
ore_ont_5742.owl;SubClassOf(<file:/media/owl/Seagate%20Expansion%20Drive/mowlcorp_rep/mowlcorp_2014.10.07_orig/files/c6907ef3-a626-4b34-a474-15a4563b7f29_ish_label.rdfs#E12.Production> <file:/media/owl/Seagate%20Expansion%20Drive/mowlcorp_rep/mowlcorp_2014.10.07_orig/files/c6907ef3-a626-4b34-a474-15a4563b7f29_ish_label.rdfs#E11.Modification>);0;;0;;0;;0;;0;;0.0
ore_ont_5742.owl;SubClassOf(<file:/media/owl/Seagate%20Expansion%20Drive/mowlcorp_rep/mowlcorp_2014.10.07_orig/files/c6907ef3-a626-4b34-a474-15a4563b7f29_ish_label.rdfs#E45.Address> <file:/media/owl/Seagate%20Expansion%20Drive/mowlcorp_rep/mowlcorp_2014.10.07_orig/files/c6907ef3-a626-4b34-a474-15a4563b7f29_ish_label.rdfs#E44.Place_Appellation>);0;;0;;0;;0;;0;;0.0
ore_ont_5742.owl;SubClassOf(<file:/media/owl/Seagate%20Expansion%20Drive/mowlcorp_rep/mowlcorp_2014.10.07_orig/files/c6907ef3-a626-4b34-a474-15a4563b7f29_ish_label.rdfs#E13.Attribute_Assignment> <file:/media/owl/Seagate%20Expansion%20Drive/mowlcorp_rep/mowlcorp_2014.10.07_orig/files/c6907ef3-a626-4b34-a474-15a4563b7f29_ish_label.rdfs#E7.Activity>);0;;0;;0;;0;;0;;0.0
ore_ont_5742.owl;SubClassOf(<file:/media/owl/Seagate%20Expansion%20Drive/mowlcorp_rep/mowlcorp_2014.10.07_orig/files/c6907ef3-a626-4b34-a474-15a4563b7f29_ish_label.rdfs#E22.Man-Made_Object> <file:/media/owl/Seagate%20Expansion%20Drive/mowlcorp_rep/mowlcorp_2014.10.07_orig/files/c6907ef3-a626-4b34-a474-15a4563b7f29_ish_label.rdfs#E24.Physical_Man-Made_Thing>);0;;0;;0;;0;;0;;0.0
ore_ont_5742.owl;SubClassOf(<file:/media/owl/Seagate%20Expansion%20Drive/mowlcorp_rep/mowlcorp_2014.10.07_orig/files/c6907ef3-a626-4b34-a474-15a4563b7f29_ish_label.rdfs#E81.Transformation> <file:/media/owl/Seagate%20Expansion%20Drive/mowlcorp_rep/mowlcorp_2014.10.07_orig/files/c6907ef3-a626-4b34-a474-15a4563b7f29_ish_label.rdfs#E64.End_of_Existence>);0;;0;;0;;0;;0;;0.0
ore_ont_5742.owl;SubClassOf(<file:/media/owl/Seagate%20Expansion%20Drive/mowlcorp_rep/mowlcorp_2014.10.07_orig/files/c6907ef3-a626-4b34-a474-15a4563b7f29_ish_label.rdfs#E7.Activity> <file:/media/owl/Seagate%20Expansion%20Drive/mowlcorp_rep/mowlcorp_2014.10.07_orig/files/c6907ef3-a626-4b34-a474-15a4563b7f29_ish_label.rdfs#E1.CRM_Entity>);1;0.6205787781350482;1;0.6205787781350482;4;0.7073954983922829;1;0.6205787781350482;1;0.6205787781350482;1.0
ore_ont_5742.owl;SubClassOf(<file:/media/owl/Seagate%20Expansion%20Drive/mowlcorp_rep/mowlcorp_2014.10.07_orig/files/c6907ef3-a626-4b34-a474-15a4563b7f29_ish_label.rdfs#E33.Linguistic_Object> <file:/media/owl/Seagate%20Expansion%20Drive/mowlcorp_rep/mowlcorp_2014.10.07_orig/files/c6907ef3-a626-4b34-a474-15a4563b7f29_ish_label.rdfs#E73.Information_Object>);0;;0;;0;;0;;0;;0.0
ore_ont_5742.owl;SubClassOf(<file:/media/owl/Seagate%20Expansion%20Drive/mowlcorp_rep/mowlcorp_2014.10.07_orig/files/c6907ef3-a626-4b34-a474-15a4563b7f29_ish_label.rdfs#E65.Creation> <file:/media/owl/Seagate%20Expansion%20Drive/mowlcorp_rep/mowlcorp_2014.10.07_orig/files/c6907ef3-a626-4b34-a474-15a4563b7f29_ish_label.rdfs#E63.Beginning_of_Existence>);0;;0;;0;;0;;0;;0.0
ore_ont_6207.owl;SubClassOf(<http://purl.obolibrary.org/obo/ID_0000071> <http://purl.obolibrary.org/obo/ID_0000064>);0;;0;;0;;0;;0;;0.0
ore_ont_6207.owl;SubClassOf(<http://purl.obolibrary.org/obo/ID_0000192> <http://purl.obolibrary.org/obo/ID_0000175>);0;;0;;0;;0;;0;;0.0
ore_ont_6207.owl;SubClassOf(<http://purl.obolibrary.org/obo/ID_0000024> <http://purl.obolibrary.org/obo/ID_0000015>);0;;0;;0;;0;;0;;0.0
ore_ont_6207.owl;SubClassOf(<http://purl.obolibrary.org/obo/ID_0000194> <http://purl.obolibrary.org/obo/ID_0000179>);0;;0;;0;;0;;0;;0.0
ore_ont_6207.owl;SubClassOf(<http://purl.obolibrary.org/obo/ID_0000107> <http://purl.obolibrary.org/obo/ID_0000094>);0;;0;;0;;0;;0;;0.0
ore_ont_6207.owl;SubClassOf(<http://purl.obolibrary.org/obo/ID_0000229> <http://purl.obolibrary.org/obo/ID_0000181>);0;;0;;0;;0;;0;;0.0
ore_ont_6207.owl;SubClassOf(<http://purl.obolibrary.org/obo/ID_0000179> <http://purl.obolibrary.org/obo/ID_0000136>);0;;0;;0;;0;;0;;0.0
ore_ont_6207.owl;SubClassOf(<http://purl.obolibrary.org/obo/ID_0000094> <http://purl.obolibrary.org/obo/ID_0000092>);0;;0;;0;;0;;0;;0.0
ore_ont_6207.owl;SubClassOf(<http://purl.obolibrary.org/obo/ID_0000029> <http://purl.obolibrary.org/obo/ID_0000013>);0;;0;;0;;0;;0;;0.0
ore_ont_6207.owl;SubClassOf(<http://purl.obolibrary.org/obo/ID_0000240> <http://purl.obolibrary.org/obo/ID_0000180>);0;;0;;0;;0;;0;;0.0
ore_ont_5089.owl;SubClassOf(<http://www.sensocomune.org/ontologies/SensoComune.owl#Continuant> <http://www.sensocomune.org/ontologies/SensoComune.owl#Entity>);2;0.967818831942789;2;0.967818831942789;2;0.967818831942789;2;0.967818831942789;1;1.0;1.0
ore_ont_5089.owl;SubClassOf(<http://www.sensocomune.org/ontologies/SensoComune.owl#Action> <http://www.sensocomune.org/ontologies/SensoComune.owl#Process>);0;;0;;0;;0;;0;;0.0
ore_ont_5089.owl;SubClassOf(<http://www.absoluteiri.edu/RELAPPROXC113> <http://www.sensocomune.org/ontologies/SensoComune.owl#Action>);3;0.9392953929539296;1;0.9392953929539296;3;0.9392953929539296;3;0.9392953929539296;3;0.9392953929539296;1.0
ore_ont_5089.owl;SubClassOf(<http://www.sensocomune.org/ontologies/SensoComune.owl#Continuant> <http://www.sensocomune.org/ontologies/SensoComune.owl#ConcreteEntity>);0;;0;;0;;0;;0;;0.0
ore_ont_5089.owl;SubClassOf(<http://www.absoluteiri.edu/RELAPPROXC118> <http://www.sensocomune.org/ontologies/SensoComune.owl#Quale>);2;0.9444067796610172;1;0.9389830508474576;2;0.9444067796610172;2;0.9444067796610172;1;0.9389830508474576;3.0
ore_ont_5089.owl;SubClassOf(<http://www.sensocomune.org/ontologies/SensoComune.owl#Quale> <http://www.sensocomune.org/ontologies/SensoComune.owl#Continuant>);0;;0;;0;;0;;0;;0.0
ore_ont_5089.owl;SubClassOf(<http://www.sensocomune.org/ontologies/SensoComune.owl#Group> <http://www.sensocomune.org/ontologies/SensoComune.owl#Collection>);0;;0;;0;;0;;0;;0.0
ore_ont_5089.owl;SubClassOf(<http://www.sensocomune.org/ontologies/SensoComune.owl#Process> <http://www.sensocomune.org/ontologies/SensoComune.owl#Occurrent>);2;0.9813620071684588;2;0.9813620071684588;2;0.9813620071684588;2;0.9813620071684588;2;0.957706093189964;1.0
ore_ont_5089.owl;SubClassOf(<http://www.sensocomune.org/ontologies/SensoComune.owl#Characterization> <http://www.sensocomune.org/ontologies/SensoComune.owl#AbstractEntity>);0;;0;;0;;0;;0;;0.0
ore_ont_5089.owl;SubClassOf(<http://www.sensocomune.org/ontologies/SensoComune.owl#Quality> <http://www.sensocomune.org/ontologies/SensoComune.owl#Characterization>);0;;0;;0;;0;;0;;0.0
ore_ont_11497.owl;SubClassOf(<http://purl.obolibrary.org/obo/XAO_1000002> <http://purl.obolibrary.org/obo/XAO_1000000>);3;0.9426627793974732;1;0.6537091026886945;3;0.9426627793974732;3;0.9426627793974732;2;0.7521865889212828;2.0
ore_ont_11497.owl;SubClassOf(<http://purl.obolibrary.org/obo/XAO_1000001> <http://purl.obolibrary.org/obo/XAO_1000000>);2;0.9247017892644136;1;0.6771868787276343;2;0.9247017892644136;2;0.9247017892644136;2;0.9247017892644136;2.0
ore_ont_11497.owl;SubClassOf(<http://purl.obolibrary.org/obo/XAO_1000001> <http://purl.obolibrary.org/obo/XAO_1000094>);0;;0;;0;;0;;0;;0.0
ore_ont_11497.owl;SubClassOf(<http://purl.obolibrary.org/obo/XAO_1000006> <http://purl.obolibrary.org/obo/XAO_1000000>);2;0.9284754869039622;1;0.6725990597716588;2;0.9284754869039622;2;0.9284754869039622;1;0.6725990597716588;3.0
ore_ont_11497.owl;SubClassOf(<http://purl.obolibrary.org/obo/XAO_1000089> <http://purl.obolibrary.org/obo/XAO_1000000>);2;0.9330052990158968;1;0.8024224072672217;2;0.9330052990158968;2;0.9330052990158968;1;0.8024224072672217;2.0
ore_ont_11497.owl;SubClassOf(<http://purl.obolibrary.org/obo/XAO_1000083> <http://purl.obolibrary.org/obo/XAO_1000082>);0;;0;;0;;0;;0;;0.0
ore_ont_11497.owl;SubClassOf(<http://purl.obolibrary.org/obo/XAO_1000005> <http://purl.obolibrary.org/obo/XAO_1000000>);2;0.9292178409825468;1;0.6405946994182289;2;0.9292178409825468;2;0.9292178409825468;2;0.9292178409825468;2.0
ore_ont_11497.owl;SubClassOf(<http://purl.obolibrary.org/obo/XAO_1000004> <http://purl.obolibrary.org/obo/XAO_1000000>);2;0.9150474469046542;1;0.6985991866244916;2;0.9150474469046542;2;0.9150474469046542;1;0.6985991866244916;3.0
ore_ont_11497.owl;SubClassOf(<http://purl.obolibrary.org/obo/XAO_1000080> <http://purl.obolibrary.org/obo/XAO_1000000>);1;0.6275839793281653;1;0.6275839793281653;3;1.0251937984496122;1;0.6275839793281653;2;0.7926356589147286;1.0
ore_ont_11497.owl;SubClassOf(<http://purl.obolibrary.org/obo/XAO_1000091> <http://purl.obolibrary.org/obo/XAO_1000000>);3;1.0175066312997347;2;0.9079575596816976;3;1.0175066312997347;3;1.0175066312997347;1;1.0310344827586206;2.0
ore_ont_16626.owl;SubClassOf(<http://purl.obolibrary.org/obo/PO_0007083> <http://purl.obolibrary.org/obo/PO_0007133>);0;;0;;0;;0;;0;;0.0
ore_ont_16626.owl;SubClassOf(<http://purl.obolibrary.org/obo/PO_0001018> <http://purl.obolibrary.org/obo/PO_0001004>);0;;0;;0;;0;;0;;0.0
ore_ont_16626.owl;SubClassOf(<http://purl.obolibrary.org/obo/PO_0007092> <http://purl.obolibrary.org/obo/PO_0007089>);0;;0;;0;;0;;0;;0.0
ore_ont_16626.owl;SubClassOf(<http://purl.obolibrary.org/obo/PO_0007122> <http://purl.obolibrary.org/obo/PO_0007073>);0;;0;;0;;0;;0;;0.0
ore_ont_16626.owl;SubClassOf(<http://purl.obolibrary.org/obo/PO_0001017> <http://purl.obolibrary.org/obo/PO_0001007>);0;;0;;0;;0;;0;;0.0
ore_ont_16626.owl;SubClassOf(<http://purl.obolibrary.org/obo/PO_0007525> <http://purl.obolibrary.org/obo/PO_0007520>);0;;0;;0;;0;;0;;0.0
ore_ont_16626.owl;SubClassOf(<http://purl.obolibrary.org/obo/PO_0007629> <http://purl.obolibrary.org/obo/PO_0007621>);0;;0;;0;;0;;0;;0.0
ore_ont_16626.owl;SubClassOf(<http://purl.obolibrary.org/obo/PO_0007013> <http://purl.obolibrary.org/obo/PO_0007014>);0;;0;;0;;0;;0;;0.0
ore_ont_16626.owl;SubClassOf(<http://purl.obolibrary.org/obo/PO_0025377> <http://purl.obolibrary.org/obo/PO_0007631>);0;;0;;0;;0;;0;;0.0
ore_ont_16626.owl;SubClassOf(<http://purl.obolibrary.org/obo/PO_0007600> <http://purl.obolibrary.org/obo/PO_0009012>);8;0.6473906911142454;6;0.2863187588152327;8;0.6473906911142454;8;0.6473906911142454;2;0.4456981664315937;2.0
ore_ont_11639.owl;SubClassOf(<http://cbmi.med.harvard.edu/asdphenotype#Class_386> <http://cbmi.med.harvard.edu/asdphenotype#Class_385>);0;;0;;0;;0;;0;;0.0
ore_ont_11639.owl;SubClassOf(<http://cbmi.med.harvard.edu/asdphenotype#Class_665> <http://cbmi.med.harvard.edu/asdphenotype#Class_406>);0;;0;;0;;0;;0;;0.0
ore_ont_11639.owl;SubClassOf(<http://cbmi.med.harvard.edu/asdphenotype#Class_517> <http://cbmi.med.harvard.edu/asdphenotype#Class_365>);2;0.5709342560553633;1;0.2837370242214532;2;0.5709342560553633;2;0.5709342560553633;1;0.2837370242214532;2.0
ore_ont_11639.owl;SubClassOf(<http://cbmi.med.harvard.edu/asdphenotype#Class_452> <http://cbmi.med.harvard.edu/asdphenotype#Class_455>);0;;0;;0;;0;;0;;0.0
ore_ont_11639.owl;SubClassOf(<http://cbmi.med.harvard.edu/asdphenotype#Class_156> <http://cbmi.med.harvard.edu/asdphenotype#Class_152>);0;;0;;0;;0;;0;;0.0
ore_ont_11639.owl;SubClassOf(<http://cbmi.med.harvard.edu/asdphenotype#Class_30> <http://cbmi.med.harvard.edu/asdphenotype#Class_155>);0;;0;;0;;0;;0;;0.0
ore_ont_11639.owl;SubClassOf(<http://cbmi.med.harvard.edu/asdphenotype#Class_365> <http://cbmi.med.harvard.edu/asdphenotype#Class_154>);0;;0;;0;;0;;0;;0.0
ore_ont_11639.owl;SubClassOf(<http://cbmi.med.harvard.edu/asdphenotype#Class_384> <http://cbmi.med.harvard.edu/asdphenotype#Class_148>);0;;0;;0;;0;;0;;0.0
ore_ont_11639.owl;SubClassOf(<http://cbmi.med.harvard.edu/asdphenotype#Class_176> <http://cbmi.med.harvard.edu/asdphenotype#Class_156>);0;;0;;0;;0;;0;;0.0
ore_ont_11639.owl;SubClassOf(<http://cbmi.med.harvard.edu/asdphenotype#Class_519> <http://cbmi.med.harvard.edu/asdphenotype#Class_517>);0;;0;;0;;0;;0;;0.0
ore_ont_4767.owl;SubClassOf(<http://purl.obolibrary.org/obo/UO_0000001> <http://purl.obolibrary.org/obo/UO_0000045>);0;;0;;0;;0;;0;;0.0
ore_ont_4767.owl;SubClassOf(<http://purl.obolibrary.org/obo/UO_0000023> <http://purl.obolibrary.org/obo/UO_0000002>);0;;0;;0;;0;;0;;0.0
ore_ont_4767.owl;SubClassOf(<http://purl.obolibrary.org/obo/UO_0000173> <http://purl.obolibrary.org/obo/UO_0000052>);0;;0;;0;;0;;0;;0.0
ore_ont_4767.owl;SubClassOf(<http://purl.obolibrary.org/obo/UO_0000166> <http://purl.obolibrary.org/obo/UO_0000051>);0;;0;;0;;0;;0;;0.0
ore_ont_4767.owl;SubClassOf(<http://purl.obolibrary.org/obo/UO_0000096> <http://purl.obolibrary.org/obo/UO_0000095>);0;;0;;0;;0;;0;;0.0
ore_ont_4767.owl;SubClassOf(<http://purl.obolibrary.org/obo/UO_0000250> <http://purl.obolibrary.org/obo/UO_0000217>);0;;0;;0;;0;;0;;0.0
ore_ont_4767.owl;SubClassOf(<http://purl.obolibrary.org/obo/UO_0000151> <http://purl.obolibrary.org/obo/UO_0000149>);0;;0;;0;;0;;0;;0.0
ore_ont_4767.owl;SubClassOf(<http://purl.obolibrary.org/obo/UO_0000133> <http://purl.obolibrary.org/obo/UO_0000128>);0;;0;;0;;0;;0;;0.0
ore_ont_4767.owl;SubClassOf(<http://purl.obolibrary.org/obo/UO_0000020> <http://purl.obolibrary.org/obo/UO_0000001>);0;;0;;0;;0;;0;;0.0
ore_ont_4767.owl;SubClassOf(<http://purl.obolibrary.org/obo/UO_0000051> <http://purl.obolibrary.org/obo/UO_0000046>);0;;0;;0;;0;;0;;0.0
ore_ont_2753.owl;SubClassOf(<http://purl.obolibrary.org/obo/AEO_0000125> <http://purl.obolibrary.org/obo/CARO_0000003>);0;;0;;0;;0;;0;;0.0
ore_ont_2753.owl;SubClassOf(<http://purl.obolibrary.org/obo/AEO_0001008> <http://purl.obolibrary.org/obo/CARO_0000066>);2;0.9287729196050776;1;0.8561354019746122;2;0.9287729196050776;2;0.9287729196050776;2;0.9287729196050776;2.0
ore_ont_2753.owl;SubClassOf(<http://purl.obolibrary.org/obo/CL_0000075> <http://purl.obolibrary.org/obo/CL_0002371>);0;;0;;0;;0;;0;;0.0
ore_ont_2753.owl;SubClassOf(<http://purl.obolibrary.org/obo/CL_0000071> <http://purl.obolibrary.org/obo/CL_0000066>);2;0.7651715039577837;1;0.8786279683377309;2;0.7651715039577837;2;0.7651715039577837;1;0.8786279683377309;2.0
ore_ont_2753.owl;SubClassOf(<http://purl.obolibrary.org/obo/AEO_0000168> <http://purl.obolibrary.org/obo/CARO_0000003>);3;0.369;1;0.709;3;0.369;3;0.369;1;0.709;1.0
ore_ont_2753.owl;SubClassOf(<http://purl.obolibrary.org/obo/CARO_0000066> <http://purl.obolibrary.org/obo/CARO_0000043>);0;;0;;0;;0;;0;;0.0
ore_ont_2753.owl;SubClassOf(<http://purl.obolibrary.org/obo/CL_0000075> <http://purl.obolibrary.org/obo/CL_0000066>);0;;0;;0;;0;;0;;0.0
ore_ont_2753.owl;SubClassOf(<http://purl.obolibrary.org/obo/CL_0002371> <http://purl.obolibrary.org/obo/CL_0000144>);0;;0;;0;;0;;0;;0.0
ore_ont_2753.owl;SubClassOf(<http://purl.obolibrary.org/obo/AEO_0000083> <http://purl.obolibrary.org/obo/CARO_0000055>);2;0.9596448748991122;1;0.9051654560129136;2;0.9596448748991122;2;0.9596448748991122;1;0.9051654560129136;3.0
ore_ont_2753.owl;SubClassOf(<http://purl.obolibrary.org/obo/AEO_0000148> <http://purl.obolibrary.org/obo/AEO_0000125>);2;1.0;1;0.9886428165814878;2;1.0;2;1.0;1;0.9886428165814878;1.0
ore_ont_13053.owl;SubClassOf(<http://purl.obolibrary.org/obo/VariO_0312> <http://purl.obolibrary.org/obo/VariO_0328>);0;;0;;0;;0;;0;;0.0
ore_ont_13053.owl;SubClassOf(<http://purl.obolibrary.org/obo/VariO_0257> <http://purl.obolibrary.org/obo/VariO_0238>);0;;0;;0;;0;;0;;0.0
ore_ont_13053.owl;SubClassOf(<http://purl.obolibrary.org/obo/VariO_0180> <http://purl.obolibrary.org/obo/VariO_0155>);2;0.4420731707317073;1;0.6585365853658538;2;0.4420731707317073;2;0.4420731707317073;1;0.6585365853658538;3.0
ore_ont_13053.owl;SubClassOf(<http://purl.obolibrary.org/obo/VariO_0102> <http://purl.obolibrary.org/obo/VariO_0089>);0;;0;;0;;0;;0;;0.0
ore_ont_13053.owl;SubClassOf(<http://purl.obolibrary.org/obo/VariO_0089> <http://purl.obolibrary.org/obo/VariO_0070>);2;0.4886877828054299;1;0.7058823529411764;2;0.4886877828054299;2;0.4886877828054299;1;0.7058823529411764;1.0
ore_ont_13053.owl;SubClassOf(<http://purl.obolibrary.org/obo/VariO_0183> <http://purl.obolibrary.org/obo/VariO_0180>);0;;0;;0;;0;;0;;0.0
ore_ont_13053.owl;SubClassOf(<http://purl.obolibrary.org/obo/VariO_0344> <http://purl.obolibrary.org/obo/VariO_0298>);2;0.4316770186335403;1;0.670807453416149;2;0.4316770186335403;2;0.4316770186335403;1;0.670807453416149;1.0
ore_ont_13053.owl;SubClassOf(<http://purl.obolibrary.org/obo/VariO_0218> <http://purl.obolibrary.org/obo/VariO_0215>);0;;0;;0;;0;;0;;0.0
ore_ont_13053.owl;SubClassOf(<http://purl.obolibrary.org/obo/VariO_0053> <http://purl.obolibrary.org/obo/VariO_0032>);0;;0;;0;;0;;0;;0.0
ore_ont_13053.owl;SubClassOf(<http://purl.obolibrary.org/obo/VariO_0005> <http://purl.obolibrary.org/obo/VariO_0003>);0;;0;;0;;0;;0;;0.0
ore_ont_11010.owl;SubClassOf(<http://purl.obolibrary.org/obo/AEO_0000125> <http://purl.obolibrary.org/obo/CARO_0000003>);0;;0;;0;;0;;0;;0.0
ore_ont_11010.owl;SubClassOf(<http://purl.obolibrary.org/obo/AEO_0001008> <http://purl.obolibrary.org/obo/CARO_0000066>);2;0.9349645846748228;1;0.8686413393432069;2;0.9349645846748228;2;0.9349645846748228;2;0.9349645846748228;2.0
ore_ont_11010.owl;SubClassOf(<http://purl.obolibrary.org/obo/CL_0000075> <http://purl.obolibrary.org/obo/CL_0002371>);0;;0;;0;;0;;0;;0.0
ore_ont_11010.owl;SubClassOf(<http://purl.obolibrary.org/obo/AEO_0000168> <http://purl.obolibrary.org/obo/CARO_0000003>);3;0.4268071195059934;1;0.7355612059571376;3;0.4268071195059934;3;0.4268071195059934;1;0.7355612059571376;2.0
ore_ont_11010.owl;SubClassOf(<http://purl.obolibrary.org/obo/CARO_0000066> <http://purl.obolibrary.org/obo/CARO_0000043>);0;;0;;0;;0;;0;;0.0
ore_ont_11010.owl;SubClassOf(<http://purl.obolibrary.org/obo/CL_0000075> <http://purl.obolibrary.org/obo/CL_0000066>);0;;0;;0;;0;;0;;0.0
ore_ont_11010.owl;SubClassOf(<http://purl.obolibrary.org/obo/CL_0000327> <http://purl.obolibrary.org/obo/CL_0002320>);2;0.9263565891472866;1;0.9651162790697672;2;0.9263565891472866;2;0.9263565891472866;1;0.9651162790697672;1.0
ore_ont_11010.owl;SubClassOf(<http://purl.obolibrary.org/obo/CL_0002371> <http://purl.obolibrary.org/obo/CL_0000144>);0;;0;;0;;0;;0;;0.0
ore_ont_11010.owl;SubClassOf(<http://purl.obolibrary.org/obo/AEO_0000083> <http://purl.obolibrary.org/obo/CARO_0000055>);2;0.8768718801996672;1;0.7645590682196339;2;0.8768718801996672;2;0.8768718801996672;1;0.7645590682196339;1.0
ore_ont_11010.owl;SubClassOf(<http://purl.obolibrary.org/obo/AEO_0000148> <http://purl.obolibrary.org/obo/AEO_0000125>);2;1.0;1;0.988045738045738;2;1.0;2;1.0;1;0.988045738045738;1.0
ore_ont_7576.owl;SubClassOf(<http://purl.obolibrary.org/obo/SP_0000309> <http://purl.obolibrary.org/obo/SP_0000220>);0;;0;;0;;0;;0;;0.0
ore_ont_7576.owl;SubClassOf(<http://purl.obolibrary.org/obo/SP_0000293> <http://purl.obolibrary.org/obo/SP_0000188>);0;;0;;0;;0;;0;;0.0
ore_ont_7576.owl;SubClassOf(<http://purl.obolibrary.org/obo/SP_0000385> <http://purl.obolibrary.org/obo/SP_0000019>);0;;0;;0;;0;;0;;0.0
ore_ont_7576.owl;SubClassOf(<http://purl.obolibrary.org/obo/SP_0000058> <http://purl.obolibrary.org/obo/SP_0000038>);0;;0;;0;;0;;0;;0.0
ore_ont_7576.owl;SubClassOf(<http://purl.obolibrary.org/obo/SP_0000019> <http://purl.obolibrary.org/obo/SP_0001000>);0;;0;;0;;0;;0;;0.0
ore_ont_7576.owl;SubClassOf(<http://purl.obolibrary.org/obo/SP_0000065> <http://purl.obolibrary.org/obo/SP_0000058>);0;;0;;0;;0;;0;;0.0
ore_ont_7576.owl;SubClassOf(<http://purl.obolibrary.org/obo/SP_0000282> <http://purl.obolibrary.org/obo/SP_0000185>);0;;0;;0;;0;;0;;0.0
ore_ont_7576.owl;SubClassOf(<http://purl.obolibrary.org/obo/SP_0000353> <http://purl.obolibrary.org/obo/SP_0000012>);2;0.7789855072463767;1;0.6920289855072463;2;0.7789855072463767;2;0.7789855072463767;2;0.7789855072463767;2.0
ore_ont_7576.owl;SubClassOf(<http://purl.obolibrary.org/obo/SP_0000231> <http://purl.obolibrary.org/obo/SP_0000211>);0;;0;;0;;0;;0;;0.0
ore_ont_7576.owl;SubClassOf(<http://purl.obolibrary.org/obo/SP_0000361> <http://purl.obolibrary.org/obo/SP_0000353>);0;;0;;0;;0;;0;;0.0
ore_ont_14518.owl;SubClassOf(<http://purl.obolibrary.org/obo/DDANAT_0000016> <http://purl.obolibrary.org/obo/DDANAT_0010085>);2;0.6870229007633587;1;0.8124318429661941;2;0.6870229007633587;2;0.6870229007633587;2;0.6870229007633587;1.0
ore_ont_14518.owl;SubClassOf(<http://purl.obolibrary.org/obo/DDANAT_0000004> <http://purl.obolibrary.org/obo/DDANAT_0010082>);0;;0;;0;;0;;0;;0.0
ore_ont_14518.owl;SubClassOf(<http://purl.obolibrary.org/obo/DDANAT_0000047> <http://purl.obolibrary.org/obo/DDANAT_0000096>);0;;0;;0;;0;;0;;0.0
ore_ont_14518.owl;SubClassOf(<http://purl.obolibrary.org/obo/DDANAT_0000005> <http://purl.obolibrary.org/obo/DDANAT_0010082>);0;;0;;0;;0;;0;;0.0
ore_ont_14518.owl;SubClassOf(<http://purl.obolibrary.org/obo/DDANAT_0000016> <http://purl.obolibrary.org/obo/DDANAT_0000087>);0;;0;;0;;0;;0;;0.0
ore_ont_14518.owl;SubClassOf(<http://purl.obolibrary.org/obo/DDANAT_0000007> <http://purl.obolibrary.org/obo/DDANAT_0010082>);0;;0;;0;;0;;0;;0.0
ore_ont_14518.owl;SubClassOf(<http://purl.obolibrary.org/obo/DDANAT_0000405> <http://purl.obolibrary.org/obo/DDANAT_0000401>);0;;0;;0;;0;;0;;0.0
ore_ont_14518.owl;SubClassOf(<http://purl.obolibrary.org/obo/DDANAT_0000041> <http://purl.obolibrary.org/obo/DDANAT_0010085>);2;0.9504483246814536;1;0.988673902784332;2;0.9504483246814536;2;0.9504483246814536;1;0.988673902784332;2.0
ore_ont_14518.owl;SubClassOf(<http://purl.obolibrary.org/obo/DDANAT_0000004> <http://purl.obolibrary.org/obo/DDANAT_0010001>);2;0.8815993788819874;1;0.8928571428571428;2;0.8815993788819874;2;0.8815993788819874;1;0.8928571428571428;3.0
ore_ont_14518.owl;SubClassOf(<http://purl.obolibrary.org/obo/DDANAT_0000019> <http://purl.obolibrary.org/obo/DDANAT_0000087>);0;;0;;0;;0;;0;;0.0
ore_ont_10516.owl;SubClassOf(<http://purl.obolibrary.org/obo/OPL_0000038> <http://purl.obolibrary.org/obo/NCBITaxon_6183>);0;;0;;0;;0;;0;;0.0
ore_ont_10516.owl;SubClassOf(<http://purl.obolibrary.org/obo/OPL_0000027> <http://purl.obolibrary.org/obo/CARO_0000003>);2;0.8021015761821366;1;0.6409807355516637;2;0.8021015761821366;2;0.8021015761821366;1;0.6409807355516637;1.0
ore_ont_10516.owl;SubClassOf(<http://purl.obolibrary.org/obo/OPL_0000146> <http://purl.obolibrary.org/obo/NCBITaxon_5833>);0;;0;;0;;0;;0;;0.0
ore_ont_10516.owl;SubClassOf(<http://purl.obolibrary.org/obo/OPL_0000171> <http://purl.obolibrary.org/obo/snap#_Role>);2;0.984974958263773;1;0.9749582637729548;2;0.984974958263773;2;0.984974958263773;1;0.9749582637729548;1.0
ore_ont_10516.owl;SubClassOf(<http://purl.obolibrary.org/obo/OPL_0000032> <http://purl.obolibrary.org/obo/UBERON_0001045>);0;;0;;0;;0;;0;;0.0
ore_ont_10516.owl;SubClassOf(<http://purl.obolibrary.org/obo/OPL_0000077> <http://purl.obolibrary.org/obo/NCBITaxon_6182>);0;;0;;0;;0;;0;;0.0
ore_ont_10516.owl;SubClassOf(<http://purl.obolibrary.org/obo/OPL_0000158> <http://purl.obolibrary.org/obo/OPL_0000165>);0;;0;;0;;0;;0;;0.0
ore_ont_10516.owl;SubClassOf(<http://purl.obolibrary.org/obo/OPL_0000165> <http://purl.obolibrary.org/obo/OPL_0000181>);0;;0;;0;;0;;0;;0.0
ore_ont_10516.owl;SubClassOf(<http://purl.obolibrary.org/obo/OPL_0000178> <http://purl.obolibrary.org/obo/NCBITaxon_6185>);0;;0;;0;;0;;0;;0.0
ore_ont_10516.owl;SubClassOf(<http://purl.obolibrary.org/obo/OPL_0000032> <http://purl.obolibrary.org/obo/CARO_0000003>);2;0.5693481276005549;1;0.731622746185853;2;0.5693481276005549;2;0.5693481276005549;2;0.5693481276005549;3.0
ore_ont_13301.owl;SubClassOf(<http://purl.obolibrary.org/obo/NCBITaxon_435447> <http://purl.obolibrary.org/obo/NCBITaxon_435434>);0;;0;;0;;0;;0;;0.0
ore_ont_13301.owl;SubClassOf(<http://purl.obolibrary.org/obo/NCBITaxon_435434> <http://purl.obolibrary.org/obo/NCBITaxon_435433>);0;;0;;0;;0;;0;;0.0
ore_ont_13301.owl;SubClassOf(<http://purl.obolibrary.org/obo/NCBITaxon_318696> <http://purl.obolibrary.org/obo/NCBITaxon_7372>);0;;0;;0;;0;;0;;0.0
ore_ont_13301.owl;SubClassOf(<http://purl.obolibrary.org/obo/NCBITaxon_367292> <http://purl.obolibrary.org/obo/NCBITaxon_7374>);0;;0;;0;;0;;0;;0.0
ore_ont_13301.owl;SubClassOf(<http://purl.obolibrary.org/obo/NCBITaxon_143287> <http://purl.obolibrary.org/obo/NCBITaxon_10140>);0;;0;;0;;0;;0;;0.0
ore_ont_13301.owl;SubClassOf(<http://purl.obolibrary.org/obo/p11#_birnlex_189> <http://purl.obolibrary.org/obo/NCBITaxon_10090>);0;;0;;0;;0;;0;;0.0
ore_ont_13301.owl;SubClassOf(<http://purl.obolibrary.org/obo/NCBITaxon_7372> <http://purl.obolibrary.org/obo/NCBITaxon_43912>);0;;0;;0;;0;;0;;0.0
ore_ont_13301.owl;SubClassOf(<http://purl.obolibrary.org/obo/NCBITaxon_7372> <http://purl.obolibrary.org/obo/NCBITaxon_7371>);2;0.8090586877678865;1;0.9020359380151663;2;0.8090586877678865;2;0.8090586877678865;1;0.9020359380151663;1.0
ore_ont_13301.owl;SubClassOf(<http://purl.obolibrary.org/obo/NCBITaxon_435434> <http://purl.obolibrary.org/obo/NCBITaxon_10114>);2;0.810319282909845;1;0.9029928142825394;2;0.810319282909845;2;0.810319282909845;1;0.9029928142825394;1.0
ore_ont_13301.owl;SubClassOf(<http://purl.obolibrary.org/obo/NCBITaxon_81419> <http://purl.obolibrary.org/obo/NCBITaxon_45449>);0;;0;;0;;0;;0;;0.0
ore_ont_15068.owl;SubClassOf(<http://biomanta.sourceforge.net/2007/10/ncbi_taxo.owl#ncbi_taxo_9825> <http://biomanta.sourceforge.net/2007/10/ncbi_taxo.owl#ncbi_taxo_9823>);0;;0;;0;;0;;0;;0.0
ore_ont_15068.owl;SubClassOf(<http://biomanta.sourceforge.net/2007/10/ncbi_taxo.owl#ncbi_taxo_400035> <http://biomanta.sourceforge.net/2007/10/ncbi_taxo.owl#ncbi_taxo_9031>);0;;0;;0;;0;;0;;0.0
ore_ont_15068.owl;SubClassOf(<http://biomanta.sourceforge.net/2007/10/ncbi_taxo.owl#ncbi_taxo_468558> <http://biomanta.sourceforge.net/2007/10/ncbi_taxo.owl#ncbi_taxo_4932>);0;;0;;0;;0;;0;;0.0
ore_ont_15068.owl;SubClassOf(<http://biomanta.sourceforge.net/2007/10/ncbi_taxo.owl#ncbi_taxo_93385> <http://biomanta.sourceforge.net/2007/10/ncbi_taxo.owl#ncbi_taxo_3711>);0;;0;;0;;0;;0;;0.0
ore_ont_15068.owl;SubClassOf(<http://biomanta.sourceforge.net/2007/10/ncbi_taxo.owl#ncbi_taxo_112250> <http://biomanta.sourceforge.net/2007/10/ncbi_taxo.owl#ncbi_taxo_4754>);0;;0;;0;;0;;0;;0.0
ore_ont_15068.owl;SubClassOf(<http://biomanta.sourceforge.net/2007/10/ncbi_taxo.owl#ncbi_taxo_208196> <http://biomanta.sourceforge.net/2007/10/ncbi_taxo.owl#ncbi_taxo_208194>);0;;0;;0;;0;;0;;0.0
ore_ont_15068.owl;SubClassOf(<http://biomanta.sourceforge.net/2007/10/ncbi_taxo.owl#ncbi_taxo_41122> <http://biomanta.sourceforge.net/2007/10/ncbi_taxo.owl#ncbi_taxo_5085>);0;;0;;0;;0;;0;;0.0
ore_ont_15068.owl;SubClassOf(<http://biomanta.sourceforge.net/2007/10/ncbi_taxo.owl#ncbi_taxo_116058> <http://biomanta.sourceforge.net/2007/10/ncbi_taxo.owl#ncbi_taxo_10090>);0;;0;;0;;0;;0;;0.0
ore_ont_15068.owl;SubClassOf(<http://biomanta.sourceforge.net/2007/10/ncbi_taxo.owl#ncbi_taxo_175564> <http://biomanta.sourceforge.net/2007/10/ncbi_taxo.owl#ncbi_taxo_5911>);0;;0;;0;;0;;0;;0.0
ore_ont_15068.owl;SubClassOf(<http://biomanta.sourceforge.net/2007/10/ncbi_taxo.owl#ncbi_taxo_10090> <http://biomanta.sourceforge.net/2007/10/ncbi_taxo.owl#ncbi_taxo_2759>);2;0.5242424242424243;1;0.1242424242424242;2;0.5242424242424243;2;0.5242424242424243;1;0.1242424242424242;1.0
ore_ont_3418.owl;SubClassOf(<http://purl.obolibrary.org/obo/PI_00371> <http://purl.obolibrary.org/obo/PI_00153>);0;;0;;0;;0;;0;;0.0
ore_ont_3418.owl;SubClassOf(<http://purl.obolibrary.org/obo/PI_00371> <http://purl.obolibrary.org/obo/PI_00143>);0;;0;;0;;0;;0;;0.0
ore_ont_3418.owl;SubClassOf(<http://purl.obolibrary.org/obo/PI_00272> <http://purl.obolibrary.org/obo/PI_00180>);0;;0;;0;;0;;0;;0.0
ore_ont_3418.owl;SubClassOf(<http://purl.obolibrary.org/obo/PI_00371> <http://purl.obolibrary.org/obo/PI_00116>);0;;0;;0;;0;;0;;0.0
ore_ont_3418.owl;SubClassOf(<http://purl.obolibrary.org/obo/PI_00050> <http://purl.obolibrary.org/obo/PI_00041>);0;;0;;0;;0;;0;;0.0
ore_ont_3418.owl;SubClassOf(<http://purl.obolibrary.org/obo/PI_00041> <http://purl.obolibrary.org/obo/PI_00302>);2;0.5848806366047745;1;0.2320954907161803;2;0.5848806366047745;2;0.5848806366047745;1;0.2320954907161803;1.0
ore_ont_3418.owl;SubClassOf(<http://purl.obolibrary.org/obo/PI_00260> <http://purl.obolibrary.org/obo/PI_00066>);0;;0;;0;;0;;0;;0.0
ore_ont_3418.owl;SubClassOf(<http://purl.obolibrary.org/obo/PI_00240> <http://purl.obolibrary.org/obo/PI_00221>);0;;0;;0;;0;;0;;0.0
ore_ont_3418.owl;SubClassOf(<http://purl.obolibrary.org/obo/PI_00284> <http://purl.obolibrary.org/obo/PI_00011>);2;0.3681102362204724;1;0.6141732283464568;2;0.3681102362204724;2;0.3681102362204724;2;0.3681102362204724;2.0
ore_ont_3418.owl;SubClassOf(<http://purl.obolibrary.org/obo/PI_00251> <http://purl.obolibrary.org/obo/PI_00045>);0;;0;;0;;0;;0;;0.0
ore_ont_10056.owl;SubClassOf(<http://purl.obolibrary.org/obo/PRIDE_0000239> <http://purl.obolibrary.org/obo/PRIDE_0000192>);0;;0;;0;;0;;0;;0.0
ore_ont_10056.owl;SubClassOf(<http://purl.obolibrary.org/obo/PRIDE_0000353> <http://purl.obolibrary.org/obo/PRIDE_0000004>);0;;0;;0;;0;;0;;0.0
ore_ont_10056.owl;SubClassOf(<http://purl.obolibrary.org/obo/PRIDE_0000353> <http://purl.obolibrary.org/obo/PRIDE_0000003>);0;;0;;0;;0;;0;;0.0
ore_ont_10056.owl;SubClassOf(<http://purl.obolibrary.org/obo/PRIDE_0000380> <http://purl.obolibrary.org/obo/PRIDE_0000353>);0;;0;;0;;0;;0;;0.0
ore_ont_10056.owl;SubClassOf(<http://purl.obolibrary.org/obo/PRIDE_0000244> <http://purl.obolibrary.org/obo/PRIDE_0000239>);0;;0;;0;;0;;0;;0.0
ore_ont_10056.owl;SubClassOf(<http://purl.obolibrary.org/obo/PRIDE_0000082> <http://purl.obolibrary.org/obo/PRIDE_0000071>);0;;0;;0;;0;;0;;0.0
ore_ont_10056.owl;SubClassOf(<http://purl.obolibrary.org/obo/PRIDE_0000071> <http://purl.obolibrary.org/obo/PRIDE_0000001>);0;;0;;0;;0;;0;;0.0
ore_ont_10056.owl;SubClassOf(<http://purl.obolibrary.org/obo/PRIDE_0000403> <http://purl.obolibrary.org/obo/PRIDE_0000006>);0;;0;;0;;0;;0;;0.0
ore_ont_10056.owl;SubClassOf(<http://purl.obolibrary.org/obo/PRIDE_0000035> <http://purl.obolibrary.org/obo/PRIDE_0000028>);0;;0;;0;;0;;0;;0.0
ore_ont_10056.owl;SubClassOf(<http://purl.obolibrary.org/obo/PRIDE_0000013> <http://purl.obolibrary.org/obo/PRIDE_0000049>);0;;0;;0;;0;;0;;0.0
ore_ont_4382.owl;SubClassOf(<http://purl.obolibrary.org/obo/phi_0000271> <http://purl.obolibrary.org/obo/phi_0000259>);0;;0;;0;;0;;0;;0.0
ore_ont_4382.owl;SubClassOf(<http://purl.obolibrary.org/obo/phi_0000263> <http://purl.obolibrary.org/obo/phi_0000191>);2;0.956260720411664;1;0.9271012006861064;2;0.956260720411664;2;0.956260720411664;1;0.9271012006861064;1.0
ore_ont_4382.owl;SubClassOf(<http://purl.obolibrary.org/obo/phi_0000188> <http://purl.obolibrary.org/obo/phi_0000262>);3;0.8733371891266629;1;0.8421052631578947;3;0.8733371891266629;3;0.8733371891266629;3;0.8733371891266629;2.0
ore_ont_4382.owl;SubClassOf(<http://purl.obolibrary.org/obo/phi_0000081> <http://purl.obolibrary.org/obo/phi_0000187>);0;;0;;0;;0;;0;;0.0
ore_ont_4382.owl;SubClassOf(<http://purl.obolibrary.org/obo/phi_0000103> <http://purl.obolibrary.org/obo/phi_0000097>);0;;0;;0;;0;;0;;0.0
ore_ont_4382.owl;SubClassOf(<http://purl.obolibrary.org/obo/phi_0000072> <http://purl.obolibrary.org/obo/phi_0000064>);0;;0;;0;;0;;0;;0.0
ore_ont_4382.owl;SubClassOf(<http://purl.obolibrary.org/obo/phi_0000081> <http://purl.obolibrary.org/obo/phi_0000061>);2;0.904933814681107;1;0.8904933814681107;2;0.904933814681107;2;0.904933814681107;2;0.904933814681107;2.0
ore_ont_4382.owl;SubClassOf(<http://purl.obolibrary.org/obo/phi_0000235> <http://purl.obolibrary.org/obo/phi_0000172>);2;0.9147582697201018;1;0.9414758269720104;2;0.9147582697201018;2;0.9147582697201018;1;0.9414758269720104;1.0
ore_ont_4382.owl;SubClassOf(<http://purl.obolibrary.org/obo/phi_0000263> <http://purl.obolibrary.org/obo/phi_0000316>);0;;0;;0;;0;;0;;0.0
ore_ont_4382.owl;SubClassOf(<http://purl.obolibrary.org/obo/phi_0000087> <http://purl.obolibrary.org/obo/phi_0000081>);0;;0;;0;;0;;0;;0.0
ore_ont_13234.owl;SubClassOf(<http://purl.obolibrary.org/obo/EO_0007149> <http://purl.obolibrary.org/obo/EO_0007189>);0;;0;;0;;0;;0;;0.0
ore_ont_13234.owl;SubClassOf(<http://purl.obolibrary.org/obo/EO_0007252> <http://purl.obolibrary.org/obo/EO_0007116>);0;;0;;0;;0;;0;;0.0
ore_ont_13234.owl;SubClassOf(<http://purl.obolibrary.org/obo/EO_0001029> <http://purl.obolibrary.org/obo/EO_0007284>);0;;0;;0;;0;;0;;0.0
ore_ont_13234.owl;SubClassOf(<http://purl.obolibrary.org/obo/EO_0007532> <http://purl.obolibrary.org/obo/EO_0007149>);0;;0;;0;;0;;0;;0.0
ore_ont_13234.owl;SubClassOf(<http://purl.obolibrary.org/obo/EO_0007154> <http://purl.obolibrary.org/obo/EO_0007316>);2;0.6147959183673469;1;0.3545918367346938;2;0.6147959183673469;2;0.6147959183673469;1;0.3545918367346938;1.0
ore_ont_13234.owl;SubClassOf(<http://purl.obolibrary.org/obo/EO_0007221> <http://purl.obolibrary.org/obo/EO_0007154>);2;0.4152249134948096;1;0.6770472895040369;2;0.4152249134948096;2;0.4152249134948096;2;0.4152249134948096;2.0
ore_ont_13234.owl;SubClassOf(<http://purl.obolibrary.org/obo/EO_0007396> <http://purl.obolibrary.org/obo/EO_0007064>);0;;0;;0;;0;;0;;0.0
ore_ont_13234.owl;SubClassOf(<http://purl.obolibrary.org/obo/EO_0007115> <http://purl.obolibrary.org/obo/EO_0007114>);0;;0;;0;;0;;0;;0.0
ore_ont_13234.owl;SubClassOf(<http://purl.obolibrary.org/obo/EO_0007118> <http://purl.obolibrary.org/obo/EO_0007107>);0;;0;;0;;0;;0;;0.0
ore_ont_13234.owl;SubClassOf(<http://purl.obolibrary.org/obo/EO_0007141> <http://purl.obolibrary.org/obo/EO_0007022>);0;;0;;0;;0;;0;;0.0
ore_ont_16730.owl;SubClassOf(<http://purl.obolibrary.org/obo/MMO_0000037> <http://purl.obolibrary.org/obo/MMO_0000030>);2;0.3241042345276872;1;0.6172638436482085;2;0.3241042345276872;2;0.3241042345276872;1;0.6172638436482085;2.0
ore_ont_16730.owl;SubClassOf(<http://purl.obolibrary.org/obo/MMO_0000030> <http://purl.obolibrary.org/obo/MMO_0000027>);2;0.2105263157894736;1;0.5263157894736842;2;0.2105263157894736;2;0.2105263157894736;1;0.5263157894736842;3.0
ore_ont_16730.owl;SubClassOf(<http://purl.obolibrary.org/obo/MMO_0000151> <http://purl.obolibrary.org/obo/MMO_0000181>);0;;0;;0;;0;;0;;0.0
ore_ont_16730.owl;SubClassOf(<http://purl.obolibrary.org/obo/MMO_0000076> <http://purl.obolibrary.org/obo/MMO_0000026>);0;;0;;0;;0;;0;;0.0
ore_ont_16730.owl;SubClassOf(<http://purl.obolibrary.org/obo/MMO_0000138> <http://purl.obolibrary.org/obo/MMO_0000037>);0;;0;;0;;0;;0;;0.0
ore_ont_16730.owl;SubClassOf(<http://purl.obolibrary.org/obo/MMO_0000204> <http://purl.obolibrary.org/obo/MMO_0000112>);0;;0;;0;;0;;0;;0.0
ore_ont_16730.owl;SubClassOf(<http://purl.obolibrary.org/obo/MMO_0000436> <http://purl.obolibrary.org/obo/MMO_0000331>);0;;0;;0;;0;;0;;0.0
ore_ont_16730.owl;SubClassOf(<http://purl.obolibrary.org/obo/MMO_0000111> <http://purl.obolibrary.org/obo/MMO_0000109>);0;;0;;0;;0;;0;;0.0
ore_ont_16730.owl;SubClassOf(<http://purl.obolibrary.org/obo/MMO_0000185> <http://purl.obolibrary.org/obo/MMO_0000180>);0;;0;;0;;0;;0;;0.0
ore_ont_16730.owl;SubClassOf(<http://purl.obolibrary.org/obo/MMO_0000181> <http://purl.obolibrary.org/obo/MMO_0000147>);2;0.7509529860228716;1;0.9390088945362132;2;0.7509529860228716;2;0.7509529860228716;1;0.9390088945362132;1.0
ore_ont_2066.owl;SubClassOf(<http://purl.org/net/miCLIP#PercentageDistributionByRace> <http://purl.org/net/miCLIP#PercentageDistribution>);0;;0;;0;;0;;0;;0.0
ore_ont_2066.owl;SubClassOf(<http://ncicb.nci.nih.gov/xml/owl/EVS/Thesaurus.owl#Sample_Study_Population> <http://ncicb.nci.nih.gov/xml/owl/EVS/Thesaurus.owl#Population_Group>);0;;0;;0;;0;;0;;0.0
ore_ont_2066.owl;SubClassOf(<http://purl.org/net/miCLIP#belongingness> <http://ncicb.nci.nih.gov/xml/owl/EVS/Thesaurus.owl#Emotion>);0;;0;;0;;0;;0;;0.0
ore_ont_2066.owl;SubClassOf(<http://ncicb.nci.nih.gov/xml/owl/EVS/Thesaurus.owl#C849916> <http://ncicb.nci.nih.gov/xml/owl/EVS/Thesaurus.owl#Mental_and_Behavioral_Signs_and_Symptoms>);0;;0;;0;;0;;0;;0.0
ore_ont_2066.owl;SubClassOf(<http://purl.obolibrary.org/obo/IAO_0000225> <http://purl.obolibrary.org/obo/IAO_0000102>);0;;0;;0;;0;;0;;0.0
ore_ont_2066.owl;SubClassOf(<http://ncicb.nci.nih.gov/xml/owl/EVS/Thesaurus.owl#Never_Married_Status> <http://ncicb.nci.nih.gov/xml/owl/EVS/Thesaurus.owl#Marital_Status>);0;;0;;0;;0;;0;;0.0
ore_ont_2066.owl;SubClassOf(<http://www.ebi.ac.uk/efo/EFO_0004786> <http://ncicb.nci.nih.gov/xml/owl/EVS/Thesaurus.owl#Symptom_Specific_Assessment_Tool>);0;;0;;0;;0;;0;;0.0
ore_ont_2066.owl;SubClassOf(<http://www.absoluteiri.edu/RELAPPROXC654> <http://www.absoluteiri.edu/RELAPPROXC660>);0;;0;;0;;0;;0;;0.0
ore_ont_2066.owl;SubClassOf(<http://ncicb.nci.nih.gov/xml/owl/EVS/Thesaurus.owl#Anxiety_Disorder> <http://ncicb.nci.nih.gov/xml/owl/EVS/Thesaurus.owl#Psychiatric_Disorder>);0;;0;;0;;0;;0;;0.0
ore_ont_2066.owl;SubClassOf(<http://purl.org/net/miCLIP#OfficeOfTheSecretaryOfDefense> <http://ncicb.nci.nih.gov/xml/owl/EVS/Thesaurus.owl#Department_of_Defense>);0;;0;;0;;0;;0;;0.0
ore_ont_5966.owl;SubClassOf(<file:/media/owl/Seagate%20Expansion%20Drive/mowlcorp_rep/mowlcorp_2014.10.07_orig/files/ea19299c-ae9f-4f9a-a2de-3a52ee71e696_oldonto.rdf#SweetFruit> <file:/media/owl/Seagate%20Expansion%20Drive/mowlcorp_rep/mowlcorp_2014.10.07_orig/files/ea19299c-ae9f-4f9a-a2de-3a52ee71e696_oldonto.rdf#Fruit>);0;;0;;0;;0;;0;;0.0
ore_ont_5966.owl;SubClassOf(<file:/media/owl/Seagate%20Expansion%20Drive/mowlcorp_rep/mowlcorp_2014.10.07_orig/files/ea19299c-ae9f-4f9a-a2de-3a52ee71e696_oldonto.rdf#OtherTomatoBasedFoodCourse> <http://www.absoluteiri.edu/RELAPPROXC211>);0;;0;;0;;0;;0;;0.0
ore_ont_5966.owl;SubClassOf(<file:/media/owl/Seagate%20Expansion%20Drive/mowlcorp_rep/mowlcorp_2014.10.07_orig/files/ea19299c-ae9f-4f9a-a2de-3a52ee71e696_oldonto.rdf#Fish> <file:/media/owl/Seagate%20Expansion%20Drive/mowlcorp_rep/mowlcorp_2014.10.07_orig/files/ea19299c-ae9f-4f9a-a2de-3a52ee71e696_oldonto.rdf#Seafood>);0;;0;;0;;0;;0;;0.0
ore_ont_5966.owl;SubClassOf(<file:/media/owl/Seagate%20Expansion%20Drive/mowlcorp_rep/mowlcorp_2014.10.07_orig/files/ea19299c-ae9f-4f9a-a2de-3a52ee71e696_oldonto.rdf#OtherTomatoBasedFoodCourse> <file:/media/owl/Seagate%20Expansion%20Drive/mowlcorp_rep/mowlcorp_2014.10.07_orig/files/ea19299c-ae9f-4f9a-a2de-3a52ee71e696_oldonto.rdf#MealCourse>);0;;0;;0;;0;;0;;0.0
ore_ont_5966.owl;SubClassOf(<file:/media/owl/Seagate%20Expansion%20Drive/mowlcorp_rep/mowlcorp_2014.10.07_orig/files/ea19299c-ae9f-4f9a-a2de-3a52ee71e696_oldonto.rdf#CheeseNutsDessert> <file:/media/owl/Seagate%20Expansion%20Drive/mowlcorp_rep/mowlcorp_2014.10.07_orig/files/ea19299c-ae9f-4f9a-a2de-3a52ee71e696_oldonto.rdf#Dessert>);0;;0;;0;;0;;0;;0.0
ore_ont_5966.owl;SubClassOf(<file:/media/owl/Seagate%20Expansion%20Drive/mowlcorp_rep/mowlcorp_2014.10.07_orig/files/ea19299c-ae9f-4f9a-a2de-3a52ee71e696_oldonto.rdf#PastaWithRedSauce> <file:/media/owl/Seagate%20Expansion%20Drive/mowlcorp_rep/mowlcorp_2014.10.07_orig/files/ea19299c-ae9f-4f9a-a2de-3a52ee71e696_oldonto.rdf#Pasta>);0;;0;;0;;0;;0;;0.0
ore_ont_5966.owl;SubClassOf(<file:/media/owl/Seagate%20Expansion%20Drive/mowlcorp_rep/mowlcorp_2014.10.07_orig/files/ea19299c-ae9f-4f9a-a2de-3a52ee71e696_oldonto.rdf#RedMeat> <file:/media/owl/Seagate%20Expansion%20Drive/mowlcorp_rep/mowlcorp_2014.10.07_orig/files/ea19299c-ae9f-4f9a-a2de-3a52ee71e696_oldonto.rdf#Meat>);0;;0;;0;;0;;0;;0.0
ore_ont_5966.owl;SubClassOf(<file:/media/owl/Seagate%20Expansion%20Drive/mowlcorp_rep/mowlcorp_2014.10.07_orig/files/ea19299c-ae9f-4f9a-a2de-3a52ee71e696_oldonto.rdf#OtherTomatoBasedFoodCourse> <http://www.absoluteiri.edu/RELAPPROXC243>);0;;0;;0;;0;;0;;0.0
ore_ont_5966.owl;SubClassOf(<file:/media/owl/Seagate%20Expansion%20Drive/mowlcorp_rep/mowlcorp_2014.10.07_orig/files/ea19299c-ae9f-4f9a-a2de-3a52ee71e696_oldonto.rdf#DarkMeatFowl> <file:/media/owl/Seagate%20Expansion%20Drive/mowlcorp_rep/mowlcorp_2014.10.07_orig/files/ea19299c-ae9f-4f9a-a2de-3a52ee71e696_oldonto.rdf#Fowl>);0;;0;;0;;0;;0;;0.0
ore_ont_5966.owl;SubClassOf(<file:/media/owl/Seagate%20Expansion%20Drive/mowlcorp_rep/mowlcorp_2014.10.07_orig/files/ea19299c-ae9f-4f9a-a2de-3a52ee71e696_oldonto.rdf#Pasta> <file:/media/owl/Seagate%20Expansion%20Drive/mowlcorp_rep/mowlcorp_2014.10.07_orig/files/ea19299c-ae9f-4f9a-a2de-3a52ee71e696_oldonto.rdf#EdibleThing>);0;;0;;0;;0;;0;;0.0
ore_ont_11504.owl;SubClassOf(<http://www.semanticweb.org/vanessa/ontologies/2012/7/untitled-ontology-33#Job> <http://www.semanticweb.org/vanessa/ontologies/2012/7/untitled-ontology-33#Finances>);0;;0;;0;;0;;0;;0.0
ore_ont_11504.owl;SubClassOf(<http://www.semanticweb.org/vanessa/ontologies/2012/7/untitled-ontology-33#Care_plan> <http://www.semanticweb.org/vanessa/ontologies/2012/7/untitled-ontology-33#Documentation>);0;;0;;0;;0;;0;;0.0
ore_ont_11504.owl;SubClassOf(<http://www.semanticweb.org/vanessa/ontologies/2012/7/untitled-ontology-33#Impaired_Skin_Integrity> <http://www.semanticweb.org/vanessa/ontologies/2012/7/untitled-ontology-33#Physical_problems>);0;;0;;0;;0;;0;;0.0
ore_ont_11504.owl;SubClassOf(<http://www.semanticweb.org/vanessa/ontologies/2012/7/untitled-ontology-33#Family> <http://www.semanticweb.org/vanessa/ontologies/2012/7/untitled-ontology-33#People>);0;;0;;0;;0;;0;;0.0
ore_ont_11504.owl;SubClassOf(<http://www.semanticweb.org/vanessa/ontologies/2012/7/untitled-ontology-33#Conference> <http://www.semanticweb.org/vanessa/ontologies/2012/7/untitled-ontology-33#Communicate>);0;;0;;0;;0;;0;;0.0
ore_ont_11504.owl;SubClassOf(<http://www.semanticweb.org/vanessa/ontologies/2012/7/untitled-ontology-33#Adjust> <http://www.semanticweb.org/vanessa/ontologies/2012/7/untitled-ontology-33#Manage>);0;;0;;0;;0;;0;;0.0
ore_ont_11504.owl;SubClassOf(<http://www.semanticweb.org/vanessa/ontologies/2012/7/untitled-ontology-33#Physical_Care> <http://www.semanticweb.org/vanessa/ontologies/2012/7/untitled-ontology-33#Coordination_Focus>);2;0.5858585858585857;1;0.4797979797979796;2;0.5858585858585857;2;0.5858585858585857;2;0.5858585858585857;2.0
ore_ont_11504.owl;SubClassOf(<http://www.semanticweb.org/vanessa/ontologies/2012/7/untitled-ontology-33#Medical_Devices> <http://www.semanticweb.org/vanessa/ontologies/2012/7/untitled-ontology-33#Services>);3;0.402321083172147;1;0.471953578336557;3;0.402321083172147;3;0.402321083172147;2;0.6963249516441006;2.0
ore_ont_11504.owl;SubClassOf(<http://www.semanticweb.org/vanessa/ontologies/2012/7/untitled-ontology-33#Laboratory_Tests> <http://www.semanticweb.org/vanessa/ontologies/2012/7/untitled-ontology-33#Physical_Care>);2;0.4012096774193547;1;0.6592741935483871;2;0.4012096774193547;2;0.4012096774193547;1;0.6592741935483871;1.0
ore_ont_11504.owl;SubClassOf(<http://www.semanticweb.org/vanessa/ontologies/2012/7/untitled-ontology-33#Oral_medication> <http://www.semanticweb.org/vanessa/ontologies/2012/7/untitled-ontology-33#Medication>);0;;0;;0;;0;;0;;0.0
ore_ont_637.owl;SubClassOf(<http://purl.obolibrary.org/obo/GO_0005622> <http://purl.obolibrary.org/obo/GO_0044464>);0;;0;;0;;0;;0;;0.0
ore_ont_637.owl;SubClassOf(<http://purl.obolibrary.org/obo/GO_0009987> <http://purl.obolibrary.org/obo/GO_0008150>);0;;0;;0;;0;;0;;0.0
ore_ont_637.owl;SubClassOf(<http://purl.obolibrary.org/obo/GO_0070517> <http://purl.obolibrary.org/obo/GO_0043234>);0;;0;;0;;0;;0;;0.0
ore_ont_637.owl;SubClassOf(<http://purl.obolibrary.org/obo/GO_0005634> <http://purl.obolibrary.org/obo/GO_0044464>);1;0.9958777052559256;1;0.9958777052559256;3;0.919958777052559;1;0.9958777052559256;1;0.9958777052559256;1.0
ore_ont_637.owl;SubClassOf(<http://purl.obolibrary.org/obo/GO_0016020> <http://purl.obolibrary.org/obo/GO_0005575>);0;;0;;0;;0;;0;;0.0
ore_ont_637.owl;SubClassOf(<http://purl.obolibrary.org/obo/GO_0006259> <http://purl.obolibrary.org/obo/GO_0044237>);5;0.8497813866333545;1;0.953778888194878;1;0.953778888194878;1;0.953778888194878;1;0.953778888194878;1.0
ore_ont_637.owl;SubClassOf(<http://purl.obolibrary.org/obo/GO_0005622> <http://purl.obolibrary.org/obo/GO_0005575>);2;0.8972945891783567;1;0.6638276553106213;2;0.8972945891783567;2;0.8972945891783567;2;0.8972945891783567;1.0
ore_ont_637.owl;SubClassOf(<http://purl.obolibrary.org/obo/GO_0044237> <http://purl.obolibrary.org/obo/GO_0009987>);0;;0;;0;;0;;0;;0.0
ore_ont_637.owl;SubClassOf(<http://purl.obolibrary.org/obo/GO_0006811> <http://purl.obolibrary.org/obo/GO_0006810>);0;;0;;0;;0;;0;;0.0
ore_ont_637.owl;SubClassOf(<http://purl.obolibrary.org/obo/GO_0031406> <http://purl.obolibrary.org/obo/GO_0005488>);2;0.8909991742361683;1;0.7745664739884394;2;0.8909991742361683;2;0.8909991742361683;2;0.8909991742361683;3.0
ore_ont_2713.owl;SubClassOf(<file:/media/owl/Seagate%20Expansion%20Drive/mowlcorp_rep/mowlcorp_2014.10.07_orig/files/87d0a399-d147-45f0-8680-92eb7f975195_ka.owl#AcademicStaff> <file:/media/owl/Seagate%20Expansion%20Drive/mowlcorp_rep/mowlcorp_2014.10.07_orig/files/87d0a399-d147-45f0-8680-92eb7f975195_ka.owl#Person>);2;0.9911187698833508;1;0.9938361611876988;2;0.9911187698833508;2;0.9911187698833508;1;0.9938361611876988;1.0
ore_ont_2713.owl;SubClassOf(<file:/media/owl/Seagate%20Expansion%20Drive/mowlcorp_rep/mowlcorp_2014.10.07_orig/files/87d0a399-d147-45f0-8680-92eb7f975195_ka.owl#ComputerSupport> <file:/media/owl/Seagate%20Expansion%20Drive/mowlcorp_rep/mowlcorp_2014.10.07_orig/files/87d0a399-d147-45f0-8680-92eb7f975195_ka.owl#Product>);0;;0;;0;;0;;0;;0.0
ore_ont_2713.owl;SubClassOf(<file:/media/owl/Seagate%20Expansion%20Drive/mowlcorp_rep/mowlcorp_2014.10.07_orig/files/87d0a399-d147-45f0-8680-92eb7f975195_ka.owl#Meeting> <file:/media/owl/Seagate%20Expansion%20Drive/mowlcorp_rep/mowlcorp_2014.10.07_orig/files/87d0a399-d147-45f0-8680-92eb7f975195_ka.owl#Event>);0;;0;;0;;0;;0;;0.0
ore_ont_2713.owl;SubClassOf(<http://www.absoluteiri.edu/RELAPPROXC396> <http://www.absoluteiri.edu/RELAPPROXC203>);0;;0;;0;;0;;0;;0.0
ore_ont_2713.owl;SubClassOf(<file:/media/owl/Seagate%20Expansion%20Drive/mowlcorp_rep/mowlcorp_2014.10.07_orig/files/87d0a399-d147-45f0-8680-92eb7f975195_ka.owl#CaseBaseReasoning> <file:/media/owl/Seagate%20Expansion%20Drive/mowlcorp_rep/mowlcorp_2014.10.07_orig/files/87d0a399-d147-45f0-8680-92eb7f975195_ka.owl#KAThroughMachineLearning>);0;;0;;0;;0;;0;;0.0
ore_ont_2713.owl;SubClassOf(<file:/media/owl/Seagate%20Expansion%20Drive/mowlcorp_rep/mowlcorp_2014.10.07_orig/files/87d0a399-d147-45f0-8680-92eb7f975195_ka.owl#OntologyLibrary> <file:/media/owl/Seagate%20Expansion%20Drive/mowlcorp_rep/mowlcorp_2014.10.07_orig/files/87d0a399-d147-45f0-8680-92eb7f975195_ka.owl#ComputerSupport>);0;;0;;0;;0;;0;;0.0
ore_ont_2713.owl;SubClassOf(<file:/media/owl/Seagate%20Expansion%20Drive/mowlcorp_rep/mowlcorp_2014.10.07_orig/files/87d0a399-d147-45f0-8680-92eb7f975195_ka.owl#ResearchGroup> <file:/media/owl/Seagate%20Expansion%20Drive/mowlcorp_rep/mowlcorp_2014.10.07_orig/files/87d0a399-d147-45f0-8680-92eb7f975195_ka.owl#Organization>);0;;0;;0;;0;;0;;0.0
ore_ont_2713.owl;SubClassOf(<file:/media/owl/Seagate%20Expansion%20Drive/mowlcorp_rep/mowlcorp_2014.10.07_orig/files/87d0a399-d147-45f0-8680-92eb7f975195_ka.owl#DevelopmentProject> <file:/media/owl/Seagate%20Expansion%20Drive/mowlcorp_rep/mowlcorp_2014.10.07_orig/files/87d0a399-d147-45f0-8680-92eb7f975195_ka.owl#Project>);0;;0;;0;;0;;0;;0.0
ore_ont_2713.owl;SubClassOf(<file:/media/owl/Seagate%20Expansion%20Drive/mowlcorp_rep/mowlcorp_2014.10.07_orig/files/87d0a399-d147-45f0-8680-92eb7f975195_ka.owl#Journal> <file:/media/owl/Seagate%20Expansion%20Drive/mowlcorp_rep/mowlcorp_2014.10.07_orig/files/87d0a399-d147-45f0-8680-92eb7f975195_ka.owl#Publication>);0;;0;;0;;0;;0;;0.0
ore_ont_2713.owl;SubClassOf(<file:/media/owl/Seagate%20Expansion%20Drive/mowlcorp_rep/mowlcorp_2014.10.07_orig/files/87d0a399-d147-45f0-8680-92eb7f975195_ka.owl#KAThroughMachineLearning> <file:/media/owl/Seagate%20Expansion%20Drive/mowlcorp_rep/mowlcorp_2014.10.07_orig/files/87d0a399-d147-45f0-8680-92eb7f975195_ka.owl#ResearchTopic>);0;;0;;0;;0;;0;;0.0
ore_ont_14901.owl;SubClassOf(<http://purl.obolibrary.org/obo/MPATH_215> <http://purl.obolibrary.org/obo/MPATH_212>);0;;0;;0;;0;;0;;0.0
ore_ont_14901.owl;SubClassOf(<http://purl.obolibrary.org/obo/MPATH_270> <http://purl.obolibrary.org/obo/MPATH_267>);0;;0;;0;;0;;0;;0.0
ore_ont_14901.owl;SubClassOf(<http://purl.obolibrary.org/obo/MPATH_474> <http://purl.obolibrary.org/obo/MPATH_56>);2;0.6110056925996206;1;0.2808349146110057;2;0.6110056925996206;2;0.6110056925996206;2;0.6110056925996206;1.0
ore_ont_14901.owl;SubClassOf(<http://purl.obolibrary.org/obo/MPATH_268> <http://purl.obolibrary.org/obo/MPATH_549>);0;;0;;0;;0;;0;;0.0
ore_ont_14901.owl;SubClassOf(<http://purl.obolibrary.org/obo/MPATH_276> <http://purl.obolibrary.org/obo/MPATH_268>);0;;0;;0;;0;;0;;0.0
ore_ont_14901.owl;SubClassOf(<http://purl.obolibrary.org/obo/MPATH_322> <http://purl.obolibrary.org/obo/MPATH_254>);0;;0;;0;;0;;0;;0.0
ore_ont_14901.owl;SubClassOf(<http://purl.obolibrary.org/obo/MPATH_575> <http://purl.obolibrary.org/obo/MPATH_219>);0;;0;;0;;0;;0;;0.0
ore_ont_14901.owl;SubClassOf(<http://purl.obolibrary.org/obo/MPATH_544> <http://purl.obolibrary.org/obo/MPATH_270>);0;;0;;0;;0;;0;;0.0
ore_ont_14901.owl;SubClassOf(<http://purl.obolibrary.org/obo/MPATH_270> <http://purl.obolibrary.org/obo/MPATH_218>);4;0.2972972972972973;3;0.4198198198198198;4;0.2972972972972973;4;0.2972972972972973;3;0.6414414414414414;2.0
ore_ont_14901.owl;SubClassOf(<http://purl.obolibrary.org/obo/MPATH_555> <http://purl.obolibrary.org/obo/MPATH_33>);0;;0;;0;;0;;0;;0.0
ore_ont_3349.owl;SubClassOf(<http://purl.obolibrary.org/obo/PORO_0000043> <http://purl.obolibrary.org/obo/PORO_0000905>);0;;0;;0;;0;;0;;0.0
ore_ont_3349.owl;SubClassOf(<http://purl.obolibrary.org/obo/PORO_0000261> <http://purl.obolibrary.org/obo/PORO_0000601>);0;;0;;0;;0;;0;;0.0
ore_ont_3349.owl;SubClassOf(<http://purl.obolibrary.org/obo/PORO_0000101> <http://purl.obolibrary.org/obo/PATO_0000051>);0;;0;;0;;0;;0;;0.0
ore_ont_3349.owl;SubClassOf(<http://purl.obolibrary.org/obo/PORO_0000017> <http://purl.obolibrary.org/obo/CARO_0000003>);2;0.9753820033955858;1;0.9173740803621958;2;0.9753820033955858;2;0.9753820033955858;1;0.9173740803621958;2.0
ore_ont_3349.owl;SubClassOf(<http://purl.obolibrary.org/obo/PORO_0000343> <http://purl.obolibrary.org/obo/PORO_0000097>);0;;0;;0;;0;;0;;0.0
ore_ont_3349.owl;SubClassOf(<http://purl.obolibrary.org/obo/PORO_0000601> <http://purl.obolibrary.org/obo/PORO_0000098>);0;;0;;0;;0;;0;;0.0
ore_ont_3349.owl;SubClassOf(<http://purl.obolibrary.org/obo/PORO_0000097> <http://purl.obolibrary.org/obo/PORO_0000017>);0;;0;;0;;0;;0;;0.0
ore_ont_3349.owl;SubClassOf(<http://purl.obolibrary.org/obo/PORO_0000914> <http://purl.obolibrary.org/obo/PORO_0000000>);0;;0;;0;;0;;0;;0.0
ore_ont_3349.owl;SubClassOf(<http://purl.obolibrary.org/obo/PORO_0000499> <http://purl.obolibrary.org/obo/PORO_0000532>);0;;0;;0;;0;;0;;0.0
ore_ont_3349.owl;SubClassOf(<http://purl.obolibrary.org/obo/PORO_0000017> <http://purl.obolibrary.org/obo/CARO_0000040>);0;;0;;0;;0;;0;;0.0
ore_ont_4671.owl;SubClassOf(<http://purl.obolibrary.org/obo/SPD_0000286> <http://purl.obolibrary.org/obo/SPD_0000359>);0;;0;;0;;0;;0;;0.0
ore_ont_4671.owl;SubClassOf(<http://purl.obolibrary.org/obo/SPD_0000020> <http://purl.obolibrary.org/obo/SPD_0000331>);2;0.999407543940491;1;0.996247778289777;2;0.999407543940491;2;0.999407543940491;1;0.996247778289777;1.0
ore_ont_4671.owl;SubClassOf(<http://purl.obolibrary.org/obo/SPD_0000112> <http://purl.obolibrary.org/obo/SPD_0000379>);0;;0;;0;;0;;0;;0.0
ore_ont_4671.owl;SubClassOf(<http://purl.obolibrary.org/obo/SPD_0000277> <http://purl.obolibrary.org/obo/SPD_0000364>);0;;0;;0;;0;;0;;0.0
ore_ont_4671.owl;SubClassOf(<http://purl.obolibrary.org/obo/SPD_0000015> <http://purl.obolibrary.org/obo/SPD_0000650>);0;;0;;0;;0;;0;;0.0
ore_ont_4671.owl;SubClassOf(<http://purl.obolibrary.org/obo/SPD_0000208> <http://purl.obolibrary.org/obo/SPD_0000153>);0;;0;;0;;0;;0;;0.0
ore_ont_4671.owl;SubClassOf(<http://purl.obolibrary.org/obo/SPD_0000425> <http://purl.obolibrary.org/obo/SPD_0000055>);0;;0;;0;;0;;0;;0.0
ore_ont_4671.owl;SubClassOf(<http://purl.obolibrary.org/obo/SPD_0000209> <http://purl.obolibrary.org/obo/SPD_0000147>);0;;0;;0;;0;;0;;0.0
ore_ont_4671.owl;SubClassOf(<http://purl.obolibrary.org/obo/SPD_0000379> <http://purl.obolibrary.org/obo/SPD_0000451>);0;;0;;0;;0;;0;;0.0
ore_ont_4671.owl;SubClassOf(<http://purl.obolibrary.org/obo/SPD_0000022> <http://purl.obolibrary.org/obo/SPD_0000372>);0;;0;;0;;0;;0;;0.0
ore_ont_12831.owl;SubClassOf(<http://www.text2onto.org/ontology#support_cell> <http://www.text2onto.org/ontology#supportive_cell>);0;;0;;0;;0;;0;;0.0
ore_ont_12831.owl;SubClassOf(<http://www.text2onto.org/ontology#peptide_hormone_secreting_cell> <http://www.text2onto.org/ontology#secretory_cell>);2;1.0100083402835696;1;0.871142618849041;2;1.0100083402835696;2;1.0100083402835696;1;0.871142618849041;3.0
ore_ont_12831.owl;SubClassOf(<http://www.text2onto.org/ontology#somatostatin_secreting_cell> <http://www.text2onto.org/ontology#peptide_hormone_secreting_cell>);0;;0;;0;;0;;0;;0.0
ore_ont_12831.owl;SubClassOf(<http://www.text2onto.org/ontology#secretory_cell> <http://www.text2onto.org/ontology#cell_by_function>);0;;0;;0;;0;;0;;0.0
ore_ont_12831.owl;SubClassOf(<http://www.text2onto.org/ontology#columnar/cuboidal_epithelial_cell> <http://www.text2onto.org/ontology#epithelial_cell>);0;;0;;0;;0;;0;;0.0
ore_ont_12831.owl;SubClassOf(<http://www.text2onto.org/ontology#macrophage> <http://www.text2onto.org/ontology#stuff_accumulating_cell>);3;0.983343615052437;2;0.9811227637260952;3;0.983343615052437;3;0.983343615052437;1;1.0;2.0
ore_ont_12831.owl;SubClassOf(<http://www.text2onto.org/ontology#myeloid_progenitor_cell> <http://www.text2onto.org/ontology#non-terminally_differentiated_cell>);2;0.7636796193497225;1;0.8683584456780333;2;0.7636796193497225;2;0.7636796193497225;1;0.8683584456780333;2.0
ore_ont_12831.owl;SubClassOf(<http://www.text2onto.org/ontology#vegetative_cell> <http://www.text2onto.org/ontology#plant_cell>);0;;0;;0;;0;;0;;0.0
ore_ont_12831.owl;SubClassOf(<http://www.text2onto.org/ontology#cns_neuron> <http://www.text2onto.org/ontology#neuron>);0;;0;;0;;0;;0;;0.0
ore_ont_12831.owl;SubClassOf(<http://www.text2onto.org/ontology#peptide_hormone_secreting_cell> <http://www.text2onto.org/ontology#animal_cell>);2;0.8742880390561432;2;0.8742880390561432;2;0.8742880390561432;2;0.8742880390561432;1;1.0;1.0
ore_ont_7220.owl;SubClassOf(<http://purl.obolibrary.org/obo/TO_0000454> <http://purl.obolibrary.org/obo/TO_0000261>);0;;0;;0;;0;;0;;0.0
ore_ont_7220.owl;SubClassOf(<http://purl.obolibrary.org/obo/TO_0002633> <http://purl.obolibrary.org/obo/TO_0000349>);0;;0;;0;;0;;0;;0.0
ore_ont_7220.owl;SubClassOf(<http://purl.obolibrary.org/obo/TO_0000084> <http://purl.obolibrary.org/obo/TO_0000043>);0;;0;;0;;0;;0;;0.0
ore_ont_7220.owl;SubClassOf(<http://purl.obolibrary.org/obo/TO_0000654> <http://purl.obolibrary.org/obo/TO_0000357>);0;;0;;0;;0;;0;;0.0
ore_ont_7220.owl;SubClassOf(<http://purl.obolibrary.org/obo/TO_0000327> <http://purl.obolibrary.org/obo/TO_0000371>);0;;0;;0;;0;;0;;0.0
ore_ont_7220.owl;SubClassOf(<http://purl.obolibrary.org/obo/TO_0002625> <http://purl.obolibrary.org/obo/TO_0002728>);0;;0;;0;;0;;0;;0.0
ore_ont_7220.owl;SubClassOf(<http://purl.obolibrary.org/obo/TO_0000401> <http://purl.obolibrary.org/obo/TO_0000168>);2;0.6885245901639344;1;0.4737704918032787;2;0.6885245901639344;2;0.6885245901639344;1;0.4737704918032787;1.0
ore_ont_7220.owl;SubClassOf(<http://purl.obolibrary.org/obo/TO_0000667> <http://purl.obolibrary.org/obo/TO_0000162>);0;;0;;0;;0;;0;;0.0
ore_ont_7220.owl;SubClassOf(<http://purl.obolibrary.org/obo/TO_0000657> <http://purl.obolibrary.org/obo/TO_0000373>);0;;0;;0;;0;;0;;0.0
ore_ont_7220.owl;SubClassOf(<http://purl.obolibrary.org/obo/TO_0000664> <http://purl.obolibrary.org/obo/TO_0000439>);0;;0;;0;;0;;0;;0.0
ore_ont_16821.owl;SubClassOf(<http://cbo.biocomplexity.indiana.edu/svn/cbo/trunk/CBO_1_0.owl#KineticProperty> <http://cbo.biocomplexity.indiana.edu/svn/cbo/trunk/CBO_1_0.owl#CBO_Object>);2;0.9918527607361964;1;0.9898404907975468;2;0.9918527607361964;2;0.9918527607361964;1;0.9898404907975468;2.0
ore_ont_16821.owl;SubClassOf(<http://cbo.biocomplexity.indiana.edu/svn/cbo/trunk/CBO_1_0.owl#GeometricalProperty> <http://cbo.biocomplexity.indiana.edu/svn/cbo/trunk/CBO_1_0.owl#CBO_Object>);2;0.9984304681369016;1;0.9901503867774948;2;0.9984304681369016;2;0.9984304681369016;2;0.9984304681369016;3.0
ore_ont_16821.owl;SubClassOf(<http://cbo.biocomplexity.indiana.edu/svn/cbo/trunk/CBO_1_0.owl#Texture> <http://cbo.biocomplexity.indiana.edu/svn/cbo/trunk/CBO_1_0.owl#GeometricalProperty>);0;;0;;0;;0;;0;;0.0
ore_ont_16821.owl;SubClassOf(<http://cbo.biocomplexity.indiana.edu/svn/cbo/trunk/CBO_1_0.owl#Charge> <http://cbo.biocomplexity.indiana.edu/svn/cbo/trunk/CBO_1_0.owl#ElectricalProperty>);0;;0;;0;;0;;0;;0.0
ore_ont_16821.owl;SubClassOf(<http://cbo.biocomplexity.indiana.edu/svn/cbo/trunk/CBO_1_0.owl#Energy> <http://cbo.biocomplexity.indiana.edu/svn/cbo/trunk/CBO_1_0.owl#CBO_Object>);2;0.9919820320235708;1;0.9900741420532766;2;0.9919820320235708;2;0.9919820320235708;1;0.9900741420532766;2.0
ore_ont_16821.owl;SubClassOf(<http://cbo.biocomplexity.indiana.edu/svn/cbo/trunk/CBO_1_0.owl#GeometricalProperty> <http://cbo.biocomplexity.indiana.edu/svn/cbo/trunk/CBO_1_0.owl#PhysicalObjectQuality>);0;;0;;0;;0;;0;;0.0
ore_ont_16821.owl;SubClassOf(<http://cbo.biocomplexity.indiana.edu/svn/cbo/trunk/CBO_1_0.owl#StiffnessMechanical> <http://cbo.biocomplexity.indiana.edu/svn/cbo/trunk/CBO_1_0.owl#MechanicalProperty>);0;;0;;0;;0;;0;;0.0
ore_ont_16821.owl;SubClassOf(<http://cbo.biocomplexity.indiana.edu/svn/cbo/trunk/CBO_1_0.owl#ChemicalPattern> <http://cbo.biocomplexity.indiana.edu/svn/cbo/trunk/CBO_1_0.owl#ChemicalProperty>);0;;0;;0;;0;;0;;0.0
ore_ont_16821.owl;SubClassOf(<http://cbo.biocomplexity.indiana.edu/svn/cbo/trunk/CBO_1_0.owl#GenerationalAge> <http://cbo.biocomplexity.indiana.edu/svn/cbo/trunk/CBO_1_0.owl#Age>);0;;0;;0;;0;;0;;0.0
ore_ont_16821.owl;SubClassOf(<http://cbo.biocomplexity.indiana.edu/svn/cbo/trunk/CBO_1_0.owl#Random> <http://cbo.biocomplexity.indiana.edu/svn/cbo/trunk/CBO_1_0.owl#StatisticalProperty>);0;;0;;0;;0;;0;;0.0
ore_ont_4400.owl;SubClassOf(<http://www.aiai.ed.ac.uk/resources/go/cell.owl#CL.0000510> <http://www.aiai.ed.ac.uk/resources/go/cell.owl#CL.0000075>);4;0.999083969465649;3;0.9340458015267178;4;0.999083969465649;4;0.999083969465649;2;0.9340458015267178;1.0
ore_ont_4400.owl;SubClassOf(<http://www.aiai.ed.ac.uk/resources/go/cell.owl#CL.0000154> <http://www.aiai.ed.ac.uk/resources/go/cell.owl#CL.0000152>);0;;0;;0;;0;;0;;0.0
ore_ont_4400.owl;SubClassOf(<http://www.aiai.ed.ac.uk/resources/go/cell.owl#CL.0000056> <http://www.aiai.ed.ac.uk/resources/go/cell.owl#CL.0000055>);0;;0;;0;;0;;0;;0.0
ore_ont_4400.owl;SubClassOf(<http://www.aiai.ed.ac.uk/resources/go/cell.owl#CL.0000167> <http://www.aiai.ed.ac.uk/resources/go/cell.owl#CL.0000163>);0;;0;;0;;0;;0;;0.0
ore_ont_4400.owl;SubClassOf(<http://www.aiai.ed.ac.uk/resources/go/cell.owl#CL.0000152> <http://www.aiai.ed.ac.uk/resources/go/cell.owl#CL.0000548>);0;;0;;0;;0;;0;;0.0
ore_ont_4400.owl;SubClassOf(<http://www.aiai.ed.ac.uk/resources/go/cell.owl#CL.0000117> <http://www.aiai.ed.ac.uk/resources/go/cell.owl#CL.0000540>);0;;0;;0;;0;;0;;0.0
ore_ont_4400.owl;SubClassOf(<http://www.aiai.ed.ac.uk/resources/go/cell.owl#CL.0000392> <http://www.aiai.ed.ac.uk/resources/go/cell.owl#CL.0000009>);0;;0;;0;;0;;0;;0.0
ore_ont_4400.owl;SubClassOf(<http://www.aiai.ed.ac.uk/resources/go/cell.owl#CL.0000172> <http://www.aiai.ed.ac.uk/resources/go/cell.owl#CL.0000167>);0;;0;;0;;0;;0;;0.0
ore_ont_4400.owl;SubClassOf(<http://www.aiai.ed.ac.uk/resources/go/cell.owl#CL.0000075> <http://www.aiai.ed.ac.uk/resources/go/cell.owl#CL.0000066>);0;;0;;0;;0;;0;;0.0
ore_ont_4400.owl;SubClassOf(<http://www.aiai.ed.ac.uk/resources/go/cell.owl#CL.0000152> <http://www.aiai.ed.ac.uk/resources/go/cell.owl#CL.0000144>);2;0.9041095890410958;2;0.9041095890410958;2;0.9041095890410958;2;0.9041095890410958;1;1.1027397260273974;1.0
ore_ont_15397.owl;SubClassOf(<http://ccdb.ucsd.edu/NIF/NIF-Subcellular2.owl#sao1687101204> <http://ccdb.ucsd.edu/NIF/NIF-Subcellular2.owl#sao830981606>);0;;0;;0;;0;;0;;0.0
ore_ont_15397.owl;SubClassOf(<http://ccdb.ucsd.edu/NIF/NIF-Subcellular2.owl#sao-343550527> <http://ccdb.ucsd.edu/NIF/NIF-Subcellular2.owl#sao1289190043>);0;;0;;0;;0;;0;;0.0
ore_ont_15397.owl;SubClassOf(<http://ccdb.ucsd.edu/NIF/NIF-Subcellular2.owl#sao11978067> <http://www.absoluteiri.edu/RELAPPROXC235>);0;;0;;0;;0;;0;;0.0
ore_ont_15397.owl;SubClassOf(<http://ccdb.ucsd.edu/NIF/NIF-Subcellular2.owl#sao1911631652> <http://ccdb.ucsd.edu/NIF/NIF-Subcellular2.owl#sao1784069613>);2;0.9996913484984103;1;0.9943825426710702;2;0.9996913484984103;2;0.9996913484984103;2;0.9996913484984103;2.0
ore_ont_15397.owl;SubClassOf(<http://ccdb.ucsd.edu/NIF/NIF-Subcellular2.owl#sao1615953555> <http://ccdb.ucsd.edu/NIF/NIF-Subcellular2.owl#sao628508602>);2;0.9976740579934876;1;0.9967436811908824;2;0.9976740579934876;2;0.9976740579934876;2;0.9976740579934876;2.0
ore_ont_15397.owl;SubClassOf(<http://ccdb.ucsd.edu/NIF/NIF-Subcellular2.owl#sao414196390> <http://ccdb.ucsd.edu/NIF/NIF-Subcellular2.owl#sao1539965131>);0;;0;;0;;0;;0;;0.0
ore_ont_15397.owl;SubClassOf(<http://ccdb.ucsd.edu/NIF/NIF-Subcellular2.owl#sao730872736> <http://www.absoluteiri.edu/RELAPPROXC235>);0;;0;;0;;0;;0;;0.0
ore_ont_15397.owl;SubClassOf(<http://ccdb.ucsd.edu/NIF/NIF-Subcellular2.owl#sao4933778419> <http://ccdb.ucsd.edu/NIF/NIF-Subcellular2.owl#sao120573470>);0;;0;;0;;0;;0;;0.0
ore_ont_15397.owl;SubClassOf(<http://ccdb.ucsd.edu/NIF/NIF-Subcellular2.owl#sao1362520468> <http://ccdb.ucsd.edu/NIF/NIF-Subcellular2.owl#sao221389602>);2;0.9967072861846732;1;0.9978048574564488;2;0.9967072861846732;2;0.9967072861846732;1;0.9978048574564488;3.0
ore_ont_15397.owl;SubClassOf(<http://ccdb.ucsd.edu/NIF/NIF-Subcellular2.owl#sao1846835077> <http://ccdb.ucsd.edu/NIF/NIF-Subcellular2.owl#sao1635329413>);0;;0;;0;;0;;0;;0.0
ore_ont_15985.owl;SubClassOf(<http://purl.obolibrary.org/obo/TO_0000454> <http://purl.obolibrary.org/obo/TO_0000261>);0;;0;;0;;0;;0;;0.0
ore_ont_15985.owl;SubClassOf(<http://purl.obolibrary.org/obo/TO_0000654> <http://purl.obolibrary.org/obo/TO_0000357>);0;;0;;0;;0;;0;;0.0
ore_ont_15985.owl;SubClassOf(<http://purl.obolibrary.org/obo/TO_0012006> <http://purl.obolibrary.org/obo/TO_0000349>);0;;0;;0;;0;;0;;0.0
ore_ont_15985.owl;SubClassOf(<http://purl.obolibrary.org/obo/TO_0000327> <http://purl.obolibrary.org/obo/TO_0000371>);0;;0;;0;;0;;0;;0.0
ore_ont_15985.owl;SubClassOf(<http://purl.obolibrary.org/obo/TO_0002625> <http://purl.obolibrary.org/obo/TO_0002728>);0;;0;;0;;0;;0;;0.0
ore_ont_15985.owl;SubClassOf(<http://purl.obolibrary.org/obo/TO_0000084> <http://purl.obolibrary.org/obo/TO_0000168>);0;;0;;0;;0;;0;;0.0
ore_ont_15985.owl;SubClassOf(<http://purl.obolibrary.org/obo/TO_0000667> <http://purl.obolibrary.org/obo/TO_0000162>);0;;0;;0;;0;;0;;0.0
ore_ont_15985.owl;SubClassOf(<http://purl.obolibrary.org/obo/TO_0000657> <http://purl.obolibrary.org/obo/TO_0000373>);0;;0;;0;;0;;0;;0.0
ore_ont_15985.owl;SubClassOf(<http://purl.obolibrary.org/obo/TO_0001024> <http://purl.obolibrary.org/obo/TO_0000465>);0;;0;;0;;0;;0;;0.0
ore_ont_15985.owl;SubClassOf(<http://purl.obolibrary.org/obo/TO_0000664> <http://purl.obolibrary.org/obo/TO_0000439>);0;;0;;0;;0;;0;;0.0
ore_ont_10283.owl;SubClassOf(<http://www.lornet.org/ACM-CSS.owl#G.3.0> <http://www.lornet.org/ACM-CSS.owl#G.3>);0;;0;;0;;0;;0;;0.0
ore_ont_10283.owl;SubClassOf(<http://www.lornet.org/ACM-CSS.owl#D.2.2> <http://www.lornet.org/ACM-CSS.owl#D.2>);0;;0;;0;;0;;0;;0.0
ore_ont_10283.owl;SubClassOf(<http://www.lornet.org/ACM-CSS.owl#D.3.3.15> <http://www.lornet.org/ACM-CSS.owl#D.3.3>);0;;0;;0;;0;;0;;0.0
ore_ont_10283.owl;SubClassOf(<http://www.lornet.org/ACM-CSS.owl#D.3.4.8> <http://www.lornet.org/ACM-CSS.owl#D.3.4>);0;;0;;0;;0;;0;;0.0
ore_ont_10283.owl;SubClassOf(<http://www.lornet.org/ACM-CSS.owl#I.2.10> <http://www.lornet.org/ACM-CSS.owl#I.2>);0;;0;;0;;0;;0;;0.0
ore_ont_10283.owl;SubClassOf(<http://www.lornet.org/ACM-CSS.owl#D.2.2.0> <http://www.lornet.org/ACM-CSS.owl#D.2.2>);0;;0;;0;;0;;0;;0.0
ore_ont_10283.owl;SubClassOf(<http://www.lornet.org/ACM-CSS.owl#I.4.8.9> <http://www.lornet.org/ACM-CSS.owl#I.4.8>);0;;0;;0;;0;;0;;0.0
ore_ont_10283.owl;SubClassOf(<http://www.lornet.org/ACM-CSS.owl#H.5.2.1> <http://www.lornet.org/ACM-CSS.owl#H.5.2>);0;;0;;0;;0;;0;;0.0
ore_ont_10283.owl;SubClassOf(<http://www.lornet.org/ACM-CSS.owl#D.3.2.13> <http://www.lornet.org/ACM-CSS.owl#D.3.2>);0;;0;;0;;0;;0;;0.0
ore_ont_10283.owl;SubClassOf(<http://www.lornet.org/ACM-CSS.owl#G.1.2> <http://www.lornet.org/ACM-CSS.owl#G.1>);0;;0;;0;;0;;0;;0.0
ore_ont_1473.owl;SubClassOf(<http://purl.obolibrary.org/obo/DIS_2322> <http://purl.obolibrary.org/obo/DIS_0298>);3;0.7995604395604397;1;0.6738461538461539;3;0.7995604395604397;3;0.7995604395604397;3;0.7995604395604397;1.0
ore_ont_1473.owl;SubClassOf(<http://purl.obolibrary.org/obo/DIS_1613> <http://purl.obolibrary.org/obo/DIS_1246>);3;0.453804347826087;1;0.3043478260869565;3;0.453804347826087;3;0.453804347826087;2;0.6920289855072462;1.0
ore_ont_1473.owl;SubClassOf(<http://purl.obolibrary.org/obo/DIS_0331> <http://purl.obolibrary.org/obo/DIS_0455>);0;;0;;0;;0;;0;;0.0
ore_ont_1473.owl;SubClassOf(<http://purl.obolibrary.org/obo/DIS_1242> <http://purl.obolibrary.org/obo/DIS_1613>);0;;0;;0;;0;;0;;0.0
ore_ont_1473.owl;SubClassOf(<http://purl.obolibrary.org/obo/DIS_0952> <http://purl.obolibrary.org/obo/DIS_0155>);0;;0;;0;;0;;0;;0.0
ore_ont_1473.owl;SubClassOf(<http://purl.obolibrary.org/obo/DIS_0455> <http://purl.obolibrary.org/obo/DIS_1947>);0;;0;;0;;0;;0;;0.0
ore_ont_1473.owl;SubClassOf(<http://purl.obolibrary.org/obo/DIS_0428> <http://purl.obolibrary.org/obo/DIS_0067>);0;;0;;0;;0;;0;;0.0
ore_ont_1473.owl;SubClassOf(<http://purl.obolibrary.org/obo/DIS_1140> <http://purl.obolibrary.org/obo/DIS_0361>);0;;0;;0;;0;;0;;0.0
ore_ont_1473.owl;SubClassOf(<http://purl.obolibrary.org/obo/DIS_0106> <http://purl.obolibrary.org/obo/DIS_0255>);0;;0;;0;;0;;0;;0.0
ore_ont_1473.owl;SubClassOf(<http://purl.obolibrary.org/obo/DIS_0574> <http://purl.obolibrary.org/obo/DIS_0428>);0;;0;;0;;0;;0;;0.0
ore_ont_12009.owl;SubClassOf(<http://doe-generated-ontology.com/OntoPneumo#Cystectomie> <http://doe-generated-ontology.com/OntoPneumo#InterventionChirurgicale>);0;;0;;0;;0;;0;;0.0
ore_ont_12009.owl;SubClassOf(<http://doe-generated-ontology.com/OntoPneumo#PseudomonasAeruginosa> <http://doe-generated-ontology.com/OntoPneumo#Bacterie>);0;;0;;0;;0;;0;;0.0
ore_ont_12009.owl;SubClassOf(<http://doe-generated-ontology.com/OntoPneumo#Tete> <http://doe-generated-ontology.com/OntoPneumo#RegionAnatomique>);0;;0;;0;;0;;0;;0.0
ore_ont_12009.owl;SubClassOf(<http://doe-generated-ontology.com/OntoPneumo#Poumon> <http://doe-generated-ontology.com/OntoPneumo#Organe>);0;;0;;0;;0;;0;;0.0
ore_ont_12009.owl;SubClassOf(<http://doe-generated-ontology.com/OntoPneumo#Bisolvon> <http://doe-generated-ontology.com/OntoPneumo#Fluidifiant>);0;;0;;0;;0;;0;;0.0
ore_ont_12009.owl;SubClassOf(<http://doe-generated-ontology.com/OntoPneumo#Vertebre> <http://doe-generated-ontology.com/OntoPneumo#Os>);0;;0;;0;;0;;0;;0.0
ore_ont_12009.owl;SubClassOf(<http://doe-generated-ontology.com/OntoPneumo#PathologieRespiratoireTumoraleBenigne> <http://doe-generated-ontology.com/OntoPneumo#PathologieRespiratoire>);0;;0;;0;;0;;0;;0.0
ore_ont_12009.owl;SubClassOf(<http://doe-generated-ontology.com/OntoPneumo#ArtereBronchique> <http://doe-generated-ontology.com/OntoPneumo#Artere>);0;;0;;0;;0;;0;;0.0
ore_ont_12009.owl;SubClassOf(<http://doe-generated-ontology.com/OntoPneumo#ComposantDeLExplorationDeLHemostase> <http://doe-generated-ontology.com/OntoPneumo#PrelevementSanguin>);0;;0;;0;;0;;0;;0.0
ore_ont_12009.owl;SubClassOf(<http://doe-generated-ontology.com/OntoPneumo#PseudoLymphomePulmonaire> <http://doe-generated-ontology.com/OntoPneumo#PathologieRespiratoireTumoraleBenigne>);0;;0;;0;;0;;0;;0.0
ore_ont_8135.owl;SubClassOf(<http://www.ebi.ac.uk/efo/swo/SWO_0000595> <http://purl.obolibrary.org/obo/IAO_0000064>);0;;0;;0;;0;;0;;0.0
ore_ont_8135.owl;SubClassOf(<http://www.ebi.ac.uk/efo/swo/SWO_0000084> <http://purl.obolibrary.org/obo/IAO_0000098>);0;;0;;0;;0;;0;;0.0
ore_ont_8135.owl;SubClassOf(<http://www.ebi.ac.uk/efo/swo/SWO_0000182> <http://purl.obolibrary.org/obo/IAO_0000010>);2;0.5618233618233618;1;0.7846153846153846;2;0.5618233618233618;2;0.5618233618233618;2;0.5618233618233618;2.0
ore_ont_8135.owl;SubClassOf(<http://www.ebi.ac.uk/efo/swo/SWO_0000554> <http://purl.obolibrary.org/obo/IAO_0000027>);0;;0;;0;;0;;0;;0.0
ore_ont_8135.owl;SubClassOf(<http://www.ebi.ac.uk/efo/swo/SWO_0000409> <http://purl.obolibrary.org/obo/IAO_0000098>);0;;0;;0;;0;;0;;0.0
ore_ont_8135.owl;SubClassOf(<http://purl.obolibrary.org/obo/OBI_0200031> <http://purl.obolibrary.org/obo/IAO_0000005>);0;;0;;0;;0;;0;;0.0
ore_ont_8135.owl;SubClassOf(<http://www.ebi.ac.uk/efo/swo/SWO_0000624> <http://purl.obolibrary.org/obo/IAO_0000027>);0;;0;;0;;0;;0;;0.0
ore_ont_8135.owl;SubClassOf(<http://www.ebi.ac.uk/efo/swo/SWO_0000116> <http://purl.obolibrary.org/obo/IAO_0000027>);0;;0;;0;;0;;0;;0.0
ore_ont_8135.owl;SubClassOf(<http://www.ebi.ac.uk/efo/swo/SWO_0000661> <http://purl.obolibrary.org/obo/IAO_0000027>);0;;0;;0;;0;;0;;0.0
ore_ont_8135.owl;SubClassOf(<http://www.ebi.ac.uk/efo/swo/SWO_0000415> <http://purl.obolibrary.org/obo/IAO_0000030>);2;0.9666745450248168;1;0.9943275821318835;2;0.9666745450248168;2;0.9666745450248168;2;0.9666745450248168;1.0
ore_ont_11014.owl;SubClassOf(<http://purl.obolibrary.org/obo/MS_1001371> <http://purl.obolibrary.org/obo/MS_1001143>);0;;0;;0;;0;;0;;0.0
ore_ont_11014.owl;SubClassOf(<http://purl.obolibrary.org/obo/MS_1001371> <http://purl.obolibrary.org/obo/MS_1001153>);0;;0;;0;;0;;0;;0.0
ore_ont_11014.owl;SubClassOf(<http://purl.obolibrary.org/obo/MS_1000752> <http://purl.obolibrary.org/obo/MS_1001457>);0;;0;;0;;0;;0;;0.0
ore_ont_11014.owl;SubClassOf(<http://purl.obolibrary.org/obo/MS_1000719> <http://purl.obolibrary.org/obo/MS_1000692>);0;;0;;0;;0;;0;;0.0
ore_ont_11014.owl;SubClassOf(<http://purl.obolibrary.org/obo/MS_1000752> <http://purl.obolibrary.org/obo/MS_1001456>);0;;0;;0;;0;;0;;0.0
ore_ont_11014.owl;SubClassOf(<http://purl.obolibrary.org/obo/MS_1000242> <http://purl.obolibrary.org/obo/MS_1000437>);0;;0;;0;;0;;0;;0.0
ore_ont_11014.owl;SubClassOf(<http://purl.obolibrary.org/obo/MS_1000247> <http://purl.obolibrary.org/obo/MS_1000008>);0;;0;;0;;0;;0;;0.0
ore_ont_11014.owl;SubClassOf(<http://purl.obolibrary.org/obo/MS_1000293> <http://purl.obolibrary.org/obo/MS_1000479>);0;;0;;0;;0;;0;;0.0
ore_ont_11014.owl;SubClassOf(<http://purl.obolibrary.org/obo/MS_1001227> <http://purl.obolibrary.org/obo/MS_1001221>);0;;0;;0;;0;;0;;0.0
ore_ont_11014.owl;SubClassOf(<http://purl.obolibrary.org/obo/MS_1001041> <http://purl.obolibrary.org/obo/MS_1001302>);2;0.8396674584323041;1;0.7060570071258907;2;0.8396674584323041;2;0.8396674584323041;2;0.8396674584323041;1.0
ore_ont_13578.owl;SubClassOf(<http://purl.obolibrary.org/obo/VHOG_0000319> <http://purl.obolibrary.org/obo/VHOG_0001245>);0;;0;;0;;0;;0;;0.0
ore_ont_13578.owl;SubClassOf(<http://purl.obolibrary.org/obo/VHOG_0000334> <http://purl.obolibrary.org/obo/VHOG_0001190>);0;;0;;0;;0;;0;;0.0
ore_ont_13578.owl;SubClassOf(<http://purl.obolibrary.org/obo/VHOG_0000726> <http://purl.obolibrary.org/obo/VHOG_0001725>);2;0.9957730195813966;1;0.9915099111250272;2;0.9957730195813966;2;0.9957730195813966;2;0.9957730195813966;2.0
ore_ont_13578.owl;SubClassOf(<http://purl.obolibrary.org/obo/VHOG_0000725> <http://purl.obolibrary.org/obo/VHOG_0001725>);2;0.9998157864214128;1;0.998608164072894;2;0.9998157864214128;2;0.9998157864214128;2;0.9998157864214128;1.0
ore_ont_13578.owl;SubClassOf(<http://purl.obolibrary.org/obo/VHOG_0000319> <http://purl.obolibrary.org/obo/VHOG_0001757>);2;0.9989447114356204;1;0.9997575688433183;2;0.9989447114356204;2;0.9989447114356204;1;0.9997575688433183;2.0
ore_ont_13578.owl;SubClassOf(<http://purl.obolibrary.org/obo/VHOG_0000713> <http://purl.obolibrary.org/obo/VHOG_0000319>);0;;0;;0;;0;;0;;0.0
ore_ont_13578.owl;SubClassOf(<http://purl.obolibrary.org/obo/VHOG_0000288> <http://purl.obolibrary.org/obo/VHOG_0001737>);0;;0;;0;;0;;0;;0.0
ore_ont_13578.owl;SubClassOf(<http://purl.obolibrary.org/obo/VHOG_0000276> <http://purl.obolibrary.org/obo/VHOG_0001730>);0;;0;;0;;0;;0;;0.0
ore_ont_13578.owl;SubClassOf(<http://purl.obolibrary.org/obo/VHOG_0001535> <http://purl.obolibrary.org/obo/VHOG_0001533>);0;;0;;0;;0;;0;;0.0
ore_ont_13578.owl;SubClassOf(<http://purl.obolibrary.org/obo/VHOG_0000275> <http://purl.obolibrary.org/obo/VHOG_0001730>);0;;0;;0;;0;;0;;0.0
ore_ont_3635.owl;SubClassOf(<http://purl.obolibrary.org/obo/HAO_0000461> <http://purl.obolibrary.org/obo/HAO_0000397>);0;;0;;0;;0;;0;;0.0
ore_ont_3635.owl;SubClassOf(<http://purl.obolibrary.org/obo/HAO_0000864> <http://purl.obolibrary.org/obo/HAO_0000188>);0;;0;;0;;0;;0;;0.0
ore_ont_3635.owl;SubClassOf(<http://purl.obolibrary.org/obo/HAO_0000234> <http://purl.obolibrary.org/obo/HAO_0000003>);3;0.7598650927487355;1;0.7682967959527827;3;0.7598650927487355;3;0.7598650927487355;1;0.7682967959527827;1.0
ore_ont_3635.owl;SubClassOf(<http://purl.obolibrary.org/obo/HAO_0000505> <http://purl.obolibrary.org/obo/HAO_0000003>);4;0.4585635359116023;1;0.9066912216083488;4;0.4585635359116023;4;0.4585635359116023;2;0.7667280540208719;2.0
ore_ont_3635.owl;SubClassOf(<http://purl.obolibrary.org/obo/HAO_0000853> <http://purl.obolibrary.org/obo/HAO_0000003>);5;0.8677066699422674;1;0.6591327846701879;5;0.8677066699422674;5;0.8677066699422674;1;0.6591327846701879;2.0
ore_ont_3635.owl;SubClassOf(<http://purl.obolibrary.org/obo/HAO_0000822> <http://purl.obolibrary.org/obo/HAO_0000146>);0;;0;;0;;0;;0;;0.0
ore_ont_3635.owl;SubClassOf(<http://purl.obolibrary.org/obo/HAO_0000234> <http://purl.obolibrary.org/obo/HAO_0000909>);0;;0;;0;;0;;0;;0.0
ore_ont_3635.owl;SubClassOf(<http://purl.obolibrary.org/obo/HAO_0000244> <http://purl.obolibrary.org/obo/HAO_0000978>);0;;0;;0;;0;;0;;0.0
ore_ont_3635.owl;SubClassOf(<http://purl.obolibrary.org/obo/HAO_0000853> <http://purl.obolibrary.org/obo/HAO_0000041>);3;0.7854524950662533;1;0.4663095573724274;3;0.7854524950662533;3;0.7854524950662533;1;0.4663095573724274;3.0
ore_ont_3635.owl;SubClassOf(<http://purl.obolibrary.org/obo/HAO_0000925> <http://purl.obolibrary.org/obo/HAO_0000641>);0;;0;;0;;0;;0;;0.0
ore_ont_725.owl;SubClassOf(<http://purl.obolibrary.org/obo/MOD_00707> <http://purl.obolibrary.org/obo/MOD_00919>);0;;0;;0;;0;;0;;0.0
ore_ont_725.owl;SubClassOf(<http://purl.obolibrary.org/obo/MOD_00134> <http://purl.obolibrary.org/obo/MOD_00912>);0;;0;;0;;0;;0;;0.0
ore_ont_725.owl;SubClassOf(<http://purl.obolibrary.org/obo/MOD_00002> <http://purl.obolibrary.org/obo/MOD_00916>);0;;0;;0;;0;;0;;0.0
ore_ont_725.owl;SubClassOf(<http://purl.obolibrary.org/obo/MI_0612> <http://purl.obolibrary.org/obo/MI_0664>);0;;0;;0;;0;;0;;0.0
ore_ont_725.owl;SubClassOf(<http://purl.obolibrary.org/obo/MI_0212> <http://purl.obolibrary.org/obo/MI_0414>);2;0.6115288220551377;1;0.7869674185463659;2;0.6115288220551377;2;0.6115288220551377;1;0.7869674185463659;2.0
ore_ont_725.owl;SubClassOf(<http://purl.obolibrary.org/obo/MOD_00687> <http://purl.obolibrary.org/obo/MOD_00905>);0;;0;;0;;0;;0;;0.0
ore_ont_725.owl;SubClassOf(<http://purl.obolibrary.org/obo/MOD_00298> <http://purl.obolibrary.org/obo/MOD_00909>);0;;0;;0;;0;;0;;0.0
ore_ont_725.owl;SubClassOf(<http://purl.obolibrary.org/obo/MI_2064> <http://purl.obolibrary.org/obo/MI_0640>);0;;0;;0;;0;;0;;0.0
ore_ont_725.owl;SubClassOf(<http://purl.obolibrary.org/obo/MI_0434> <http://purl.obolibrary.org/obo/MI_0415>);0;;0;;0;;0;;0;;0.0
ore_ont_725.owl;SubClassOf(<http://purl.obolibrary.org/obo/MOD_00134> <http://purl.obolibrary.org/obo/MOD_00908>);0;;0;;0;;0;;0;;0.0
ore_ont_15950.owl;SubClassOf(<http://purl.obolibrary.org/obo/WBPhenotype_0000717> <http://purl.obolibrary.org/obo/WBPhenotype_0000027>);0;;0;;0;;0;;0;;0.0
ore_ont_15950.owl;SubClassOf(<http://purl.obolibrary.org/obo/WBPhenotype_0001344> <http://purl.obolibrary.org/obo/WBPhenotype_0000533>);2;0.8296943231441047;1;0.9001871490954461;2;0.8296943231441047;2;0.8296943231441047;2;0.8296943231441047;3.0
ore_ont_15950.owl;SubClassOf(<http://purl.obolibrary.org/obo/WBPhenotype_0000011> <http://purl.obolibrary.org/obo/WBPhenotype_0000631>);0;;0;;0;;0;;0;;0.0
ore_ont_15950.owl;SubClassOf(<http://purl.obolibrary.org/obo/WBPhenotype_0001438> <http://purl.obolibrary.org/obo/WBPhenotype_0000525>);10;0.8436588921282797;2;0.9901603498542272;2;0.9901603498542272;2;0.9901603498542272;1;1.0;1.0
ore_ont_15950.owl;SubClassOf(<http://purl.obolibrary.org/obo/WBPhenotype_0001102> <http://purl.obolibrary.org/obo/WBPhenotype_0001100>);2;0.9725069897483692;1;0.953246349798074;2;0.9725069897483692;2;0.9725069897483692;1;0.953246349798074;1.0
ore_ont_15950.owl;SubClassOf(<http://purl.obolibrary.org/obo/WBPhenotype_0000024> <http://purl.obolibrary.org/obo/WBPhenotype_0000011>);0;;0;;0;;0;;0;;0.0
ore_ont_15950.owl;SubClassOf(<http://purl.obolibrary.org/obo/WBPhenotype_0001100> <http://purl.obolibrary.org/obo/WBPhenotype_0000749>);2;1.0;1;0.9287194363862412;2;1.0;2;1.0;2;1.0;1.0
ore_ont_15950.owl;SubClassOf(<http://purl.obolibrary.org/obo/WBPhenotype_0000146> <http://purl.obolibrary.org/obo/WBPhenotype_0000067>);0;;0;;0;;0;;0;;0.0
ore_ont_15950.owl;SubClassOf(<http://purl.obolibrary.org/obo/WBPhenotype_0000825> <http://purl.obolibrary.org/obo/WBPhenotype_0000529>);2;0.908169727675744;1;0.8385053831538949;2;0.908169727675744;2;0.908169727675744;2;0.908169727675744;2.0
ore_ont_15950.owl;SubClassOf(<http://purl.obolibrary.org/obo/WBPhenotype_0000746> <http://purl.obolibrary.org/obo/WBPhenotype_0000536>);0;;0;;0;;0;;0;;0.0
ore_ont_12397.owl;SubClassOf(<http://purl.obolibrary.org/obo/CMO_0000119> <http://purl.obolibrary.org/obo/CMO_0000028>);0;;0;;0;;0;;0;;0.0
ore_ont_12397.owl;SubClassOf(<http://purl.obolibrary.org/obo/CMO_0000265> <http://purl.obolibrary.org/obo/CMO_0000230>);0;;0;;0;;0;;0;;0.0
ore_ont_12397.owl;SubClassOf(<http://purl.obolibrary.org/obo/CMO_0000230> <http://purl.obolibrary.org/obo/CMO_0000000>);5;0.4765478424015009;1;0.7185741088180112;1;0.7185741088180112;1;0.7185741088180112;3;0.5891181988742964;1.0
ore_ont_12397.owl;SubClassOf(<http://purl.obolibrary.org/obo/CMO_0000758> <http://purl.obolibrary.org/obo/CMO_0000256>);4;0.2964426877470355;3;0.5098814229249012;4;0.2964426877470355;4;0.2964426877470355;2;0.7338603425559947;3.0
ore_ont_12397.owl;SubClassOf(<http://purl.obolibrary.org/obo/CMO_0000927> <http://purl.obolibrary.org/obo/CMO_0000926>);2;0.8816388467374809;2;0.8816388467374809;2;0.8816388467374809;2;0.8816388467374809;2;0.8816388467374809;1.0
ore_ont_12397.owl;SubClassOf(<http://purl.obolibrary.org/obo/CMO_0000518> <http://purl.obolibrary.org/obo/CMO_0000119>);0;;0;;0;;0;;0;;0.0
ore_ont_12397.owl;SubClassOf(<http://purl.obolibrary.org/obo/CMO_0000110> <http://purl.obolibrary.org/obo/CMO_0000227>);9;0.9967897271268058;1;0.8707865168539326;2;0.7552166934189406;2;0.7552166934189406;2;0.7552166934189406;1.0
ore_ont_12397.owl;SubClassOf(<http://purl.obolibrary.org/obo/CMO_0000951> <http://purl.obolibrary.org/obo/CMO_0000068>);3;0.84575260804769;1;0.5991058122205664;3;0.84575260804769;3;0.84575260804769;3;0.84575260804769;1.0
ore_ont_12397.owl;SubClassOf(<http://purl.obolibrary.org/obo/CMO_0000068> <http://purl.obolibrary.org/obo/CMO_0000021>);0;;0;;0;;0;;0;;0.0
ore_ont_12397.owl;SubClassOf(<http://purl.obolibrary.org/obo/CMO_0000230> <http://purl.obolibrary.org/obo/CMO_0000669>);2;0.6606334841628959;2;0.6606334841628959;2;0.6606334841628959;2;0.6606334841628959;1;1.0;1.0
ore_ont_412.owl;SubClassOf(<http://purl.org/biotop/biotop.owl#Population> <http://www.absoluteiri.edu/RELAPPROXC443>);6;0.9981344307270232;2;0.9987517146776396;3;0.9978600823045268;3;0.9978600823045268;3;0.9978600823045268;2.0
ore_ont_412.owl;SubClassOf(<http://purl.org/biotop/biotop.owl#Population> <http://purl.org/biotop/biotop.owl#MaterialEntity>);5;0.9981326376493204;2;0.9987505148977058;2;0.9987505148977058;2;0.9987505148977058;1;1.0;3.0
ore_ont_412.owl;SubClassOf(<http://purl.org/biotop/biotop.owl#TaxonQuality> <http://www.absoluteiri.edu/RELAPPROXC409>);2;0.9953295400663822;1;0.9958036984352774;2;0.9953295400663822;2;0.9953295400663822;1;0.9958036984352774;1.0
ore_ont_412.owl;SubClassOf(<http://purl.org/biotop/biotop.owl#AnimalPopulation> <http://purl.org/biotop/biotop.owl#Population>);0;;0;;0;;0;;0;;0.0
ore_ont_412.owl;SubClassOf(<http://purl.org/biotop/biotop.owl#Action> <http://purl.org/biotop/biotop.owl#ProcessualEntity>);0;;0;;0;;0;;0;;0.0
ore_ont_412.owl;SubClassOf(<http://purl.org/biotop/biotop.owl#BacterialCell> <http://purl.org/biotop/biotop.owl#Cell>);2;1.0;2;0.9986662987490784;2;1.0;2;1.0;2;0.9986662987490784;1.0
ore_ont_412.owl;SubClassOf(<http://www.absoluteiri.edu/RELAPPROXC1149> <http://purl.org/biotop/biotop.owl#TaxonQuality>);0;;0;;0;;0;;0;;0.0
ore_ont_412.owl;SubClassOf(<http://purl.org/biotop/biotop.owl#SubmolecularGroup> <http://purl.org/biotop/biotop.owl#MonoMolecularEntity>);2;0.9954216466961806;1;0.9969326543872108;2;0.9954216466961806;2;0.9954216466961806;1;0.9969326543872108;1.0
ore_ont_412.owl;SubClassOf(<http://purl.org/biotop/biotop.owl#AnimalIncludingHuman> <http://purl.org/biotop/biotop.owl#Organism>);3;0.9906184035650052;1;0.9955214045590092;3;0.9906184035650052;3;0.9906184035650052;2;0.9919698001943332;1.0
ore_ont_412.owl;SubClassOf(<http://purl.org/biotop/biotop.owl#Organism> <http://purl.org/biotop/biotop.owl#StructuredBiologicalEntity>);2;0.9967365702772496;2;0.9966940038026052;2;0.9967365702772496;2;0.9967365702772496;2;0.9967365702772496;1.0
ore_ont_670.owl;SubClassOf(<http://purl.obolibrary.org/obo/WBPhenotype_0001441> <http://purl.obolibrary.org/obo/WBPhenotype_0000525>);10;0.7540716612377848;2;0.978013029315961;2;0.978013029315961;2;0.978013029315961;2;0.978013029315961;2.0
ore_ont_670.owl;SubClassOf(<http://purl.obolibrary.org/obo/WBPhenotype_0000631> <http://purl.obolibrary.org/obo/WBPhenotype_0000577>);3;0.6682520808561238;1;0.3365041617122474;3;0.6682520808561238;3;0.6682520808561238;1;0.3365041617122474;1.0
ore_ont_670.owl;SubClassOf(<http://purl.obolibrary.org/obo/WBPhenotype_0000717> <http://purl.obolibrary.org/obo/WBPhenotype_0000027>);0;;0;;0;;0;;0;;0.0
ore_ont_670.owl;SubClassOf(<http://purl.obolibrary.org/obo/WBPhenotype_0000011> <http://purl.obolibrary.org/obo/WBPhenotype_0000631>);0;;0;;0;;0;;0;;0.0
ore_ont_670.owl;SubClassOf(<http://purl.obolibrary.org/obo/WBPhenotype_0001260> <http://purl.obolibrary.org/obo/WBPhenotype_0000533>);2;0.2585227272727272;1;0.5625;2;0.2585227272727272;2;0.2585227272727272;2;0.2585227272727272;1.0
ore_ont_670.owl;SubClassOf(<http://purl.obolibrary.org/obo/WBPhenotype_0001102> <http://purl.obolibrary.org/obo/WBPhenotype_0001100>);2;0.9168081494057724;1;0.8313525749858509;2;0.9168081494057724;2;0.9168081494057724;1;0.8313525749858509;2.0
ore_ont_670.owl;SubClassOf(<http://purl.obolibrary.org/obo/WBPhenotype_0000024> <http://purl.obolibrary.org/obo/WBPhenotype_0000011>);0;;0;;0;;0;;0;;0.0
ore_ont_670.owl;SubClassOf(<http://purl.obolibrary.org/obo/WBPhenotype_0001100> <http://purl.obolibrary.org/obo/WBPhenotype_0000749>);2;1.0;1;0.6893382352941178;2;1.0;2;1.0;2;1.0;2.0
ore_ont_670.owl;SubClassOf(<http://purl.obolibrary.org/obo/WBPhenotype_0000825> <http://purl.obolibrary.org/obo/WBPhenotype_0000529>);2;0.5748502994011977;1;0.2544910179640718;2;0.5748502994011977;2;0.5748502994011977;2;0.5748502994011977;2.0
ore_ont_670.owl;SubClassOf(<http://purl.obolibrary.org/obo/WBPhenotype_0000746> <http://purl.obolibrary.org/obo/WBPhenotype_0000536>);0;;0;;0;;0;;0;;0.0
ore_ont_15292.owl;SubClassOf(<http://purl.obolibrary.org/obo/MOD_00964> <http://purl.obolibrary.org/obo/MOD_00947>);0;;0;;0;;0;;0;;0.0
ore_ont_15292.owl;SubClassOf(<http://purl.obolibrary.org/obo/MOD_01426> <http://purl.obolibrary.org/obo/MOD_00848>);0;;0;;0;;0;;0;;0.0
ore_ont_15292.owl;SubClassOf(<http://purl.obolibrary.org/obo/MOD_00134> <http://purl.obolibrary.org/obo/MOD_01875>);0;;0;;0;;0;;0;;0.0
ore_ont_15292.owl;SubClassOf(<http://purl.obolibrary.org/obo/MOD_00002> <http://purl.obolibrary.org/obo/MOD_00916>);0;;0;;0;;0;;0;;0.0
ore_ont_15292.owl;SubClassOf(<http://purl.obolibrary.org/obo/MOD_01875> <http://purl.obolibrary.org/obo/MOD_00912>);0;;0;;0;;0;;0;;0.0
ore_ont_15292.owl;SubClassOf(<http://purl.obolibrary.org/obo/MOD_00985> <http://purl.obolibrary.org/obo/MOD_00919>);0;;0;;0;;0;;0;;0.0
ore_ont_15292.owl;SubClassOf(<http://purl.obolibrary.org/obo/MOD_00005> <http://purl.obolibrary.org/obo/MOD_00917>);0;;0;;0;;0;;0;;0.0
ore_ont_15292.owl;SubClassOf(<http://purl.obolibrary.org/obo/MOD_00687> <http://purl.obolibrary.org/obo/MOD_00905>);0;;0;;0;;0;;0;;0.0
ore_ont_15292.owl;SubClassOf(<http://purl.obolibrary.org/obo/MOD_00298> <http://purl.obolibrary.org/obo/MOD_00909>);0;;0;;0;;0;;0;;0.0
ore_ont_15292.owl;SubClassOf(<http://purl.obolibrary.org/obo/MOD_01453> <http://purl.obolibrary.org/obo/MOD_00906>);2;1.0;2;1.0;2;1.0;2;1.0;2;1.0;1.0
ore_ont_5080.owl;SubClassOf(<http://purl.obolibrary.org/obo/PO_0025018> <http://purl.obolibrary.org/obo/PO_0025001>);2;0.9728822314049588;1;0.8339359504132229;2;0.9728822314049588;2;0.9728822314049588;2;0.9728822314049588;2.0
ore_ont_5080.owl;SubClassOf(<http://purl.obolibrary.org/obo/PO_0000010> <http://purl.obolibrary.org/obo/PO_0009009>);0;;0;;0;;0;;0;;0.0
ore_ont_5080.owl;SubClassOf(<http://purl.obolibrary.org/obo/PO_0025030> <http://purl.obolibrary.org/obo/PO_0009002>);0;;0;;0;;0;;0;;0.0
ore_ont_5080.owl;SubClassOf(<http://purl.obolibrary.org/obo/PO_0006016> <http://purl.obolibrary.org/obo/PO_0005679>);4;0.9613249444855664;3;0.8645447816432272;3;0.9696521095484828;4;0.9613249444855664;4;0.9613249444855664;2.0
ore_ont_5080.owl;SubClassOf(<http://purl.obolibrary.org/obo/PO_0005679> <http://purl.obolibrary.org/obo/PO_0009007>);0;;0;;0;;0;;0;;0.0
ore_ont_5080.owl;SubClassOf(<http://purl.obolibrary.org/obo/PO_0020030> <http://purl.obolibrary.org/obo/PO_0009025>);0;;0;;0;;0;;0;;0.0
ore_ont_5080.owl;SubClassOf(<http://purl.obolibrary.org/obo/PO_0025128> <http://purl.obolibrary.org/obo/PO_0009013>);2;0.8353889943074001;1;0.96584440227704;2;0.8353889943074001;2;0.8353889943074001;2;0.8353889943074001;1.0
ore_ont_5080.owl;SubClassOf(<http://purl.obolibrary.org/obo/PO_0020121> <http://purl.obolibrary.org/obo/PO_0009005>);0;;0;;0;;0;;0;;0.0
ore_ont_5080.owl;SubClassOf(<http://purl.obolibrary.org/obo/PO_0009081> <http://purl.obolibrary.org/obo/PO_0025029>);4;0.8681848040289024;4;0.8681848040289024;4;0.8681848040289024;4;0.8681848040289024;3;0.8857017735931678;2.0
ore_ont_5080.owl;SubClassOf(<http://purl.obolibrary.org/obo/PO_0005421> <http://purl.obolibrary.org/obo/PO_0025059>);0;;0;;0;;0;;0;;0.0
ore_ont_9598.owl;SubClassOf(<http://purl.obolibrary.org/obo/AAO_0000137> <http://purl.obolibrary.org/obo/AAO_0000138>);2;0.2060957910014514;1;0.5631349782293179;2;0.2060957910014514;2;0.2060957910014514;1;0.5631349782293179;3.0
ore_ont_9598.owl;SubClassOf(<http://purl.obolibrary.org/obo/AAO_0010603> <http://purl.obolibrary.org/obo/AAO_0000977>);0;;0;;0;;0;;0;;0.0
ore_ont_9598.owl;SubClassOf(<http://purl.obolibrary.org/obo/AAO_0010714> <http://purl.obolibrary.org/obo/AAO_0010687>);0;;0;;0;;0;;0;;0.0
ore_ont_9598.owl;SubClassOf(<http://purl.obolibrary.org/obo/AAO_0000320> <http://purl.obolibrary.org/obo/AAO_0010841>);2;0.0098354454321921;1;0.5012294306790239;2;0.0098354454321921;2;0.0098354454321921;2;0.0098354454321921;1.0
ore_ont_9598.owl;SubClassOf(<http://purl.obolibrary.org/obo/AAO_0000192> <http://purl.obolibrary.org/obo/AAO_0000051>);0;;0;;0;;0;;0;;0.0
ore_ont_9598.owl;SubClassOf(<http://purl.obolibrary.org/obo/AAO_0010517> <http://purl.obolibrary.org/obo/AAO_0010212>);0;;0;;0;;0;;0;;0.0
ore_ont_9598.owl;SubClassOf(<http://purl.obolibrary.org/obo/AAO_0010758> <http://purl.obolibrary.org/obo/AAO_0000218>);0;;0;;0;;0;;0;;0.0
ore_ont_9598.owl;SubClassOf(<http://purl.obolibrary.org/obo/AAO_0000052> <http://purl.obolibrary.org/obo/AAO_0010009>);2;0.3672566371681417;1;0.6548672566371683;2;0.3672566371681417;2;0.3672566371681417;2;0.3672566371681417;1.0
ore_ont_9598.owl;SubClassOf(<http://purl.obolibrary.org/obo/AAO_0010324> <http://purl.obolibrary.org/obo/AAO_0010012>);0;;0;;0;;0;;0;;0.0
ore_ont_9598.owl;SubClassOf(<http://purl.obolibrary.org/obo/AAO_0010146> <http://purl.obolibrary.org/obo/AAO_0000320>);0;;0;;0;;0;;0;;0.0
ore_ont_380.owl;SubClassOf(<http://rhizomik.net/ontologies/2006/01/NewsCodes-SubjectsOnto.owl#04005003> <http://rhizomik.net/ontologies/2006/01/NewsCodes-SubjectsOnto.owl#SubjectDetail>);0;;0;;0;;0;;0;;0.0
ore_ont_380.owl;SubClassOf(<http://rhizomik.net/ontologies/2006/01/NewsCodes-SubjectsOnto.owl#15005000> <http://rhizomik.net/ontologies/2006/01/NewsCodes-SubjectsOnto.owl#15000000>);0;;0;;0;;0;;0;;0.0
ore_ont_380.owl;SubClassOf(<http://rhizomik.net/ontologies/2006/01/NewsCodes-SubjectsOnto.owl#04008018> <http://rhizomik.net/ontologies/2006/01/NewsCodes-SubjectsOnto.owl#04008000>);0;;0;;0;;0;;0;;0.0
ore_ont_380.owl;SubClassOf(<http://rhizomik.net/ontologies/2006/01/NewsCodes-SubjectsOnto.owl#04016019> <http://rhizomik.net/ontologies/2006/01/NewsCodes-SubjectsOnto.owl#04016000>);0;;0;;0;;0;;0;;0.0
ore_ont_380.owl;SubClassOf(<http://rhizomik.net/ontologies/2006/01/NewsCodes-SubjectsOnto.owl#15005013> <http://rhizomik.net/ontologies/2006/01/NewsCodes-SubjectsOnto.owl#15005000>);0;;0;;0;;0;;0;;0.0
ore_ont_380.owl;SubClassOf(<http://rhizomik.net/ontologies/2006/01/NewsCodes-SubjectsOnto.owl#15062009> <http://rhizomik.net/ontologies/2006/01/NewsCodes-SubjectsOnto.owl#15062000>);0;;0;;0;;0;;0;;0.0
ore_ont_380.owl;SubClassOf(<http://rhizomik.net/ontologies/2006/01/NewsCodes-SubjectsOnto.owl#14006000> <http://rhizomik.net/ontologies/2006/01/NewsCodes-SubjectsOnto.owl#14000000>);0;;0;;0;;0;;0;;0.0
ore_ont_380.owl;SubClassOf(<http://rhizomik.net/ontologies/2006/01/NewsCodes-SubjectsOnto.owl#15073025> <http://rhizomik.net/ontologies/2006/01/NewsCodes-SubjectsOnto.owl#15073000>);0;;0;;0;;0;;0;;0.0
ore_ont_380.owl;SubClassOf(<http://rhizomik.net/ontologies/2006/01/NewsCodes-SubjectsOnto.owl#SubjectDetail> <http://rhizomik.net/ontologies/2006/01/NewsCodes-SubjectsOnto.owl#SubjectMatter>);0;;0;;0;;0;;0;;0.0
ore_ont_380.owl;SubClassOf(<http://rhizomik.net/ontologies/2006/01/NewsCodes-SubjectsOnto.owl#01011000> <http://rhizomik.net/ontologies/2006/01/NewsCodes-SubjectsOnto.owl#01000000>);0;;0;;0;;0;;0;;0.0
ore_ont_566.owl;SubClassOf(<http://rhizomik.net/ontologies/2006/01/NewsCodes-SubjectsOnto.owl#04005003> <http://rhizomik.net/ontologies/2006/01/NewsCodes-SubjectsOnto.owl#SubjectDetail>);0;;0;;0;;0;;0;;0.0
ore_ont_566.owl;SubClassOf(<http://rhizomik.net/ontologies/2006/01/NewsCodes-SubjectsOnto.owl#15005000> <http://rhizomik.net/ontologies/2006/01/NewsCodes-SubjectsOnto.owl#15000000>);0;;0;;0;;0;;0;;0.0
ore_ont_566.owl;SubClassOf(<http://rhizomik.net/ontologies/2006/01/NewsCodes-SubjectsOnto.owl#04008018> <http://rhizomik.net/ontologies/2006/01/NewsCodes-SubjectsOnto.owl#04008000>);0;;0;;0;;0;;0;;0.0
ore_ont_566.owl;SubClassOf(<http://rhizomik.net/ontologies/2006/01/NewsCodes-SubjectsOnto.owl#15005057> <http://rhizomik.net/ontologies/2006/01/NewsCodes-SubjectsOnto.owl#15005000>);0;;0;;0;;0;;0;;0.0
ore_ont_566.owl;SubClassOf(<http://rhizomik.net/ontologies/2006/01/NewsCodes-SubjectsOnto.owl#04016019> <http://rhizomik.net/ontologies/2006/01/NewsCodes-SubjectsOnto.owl#04016000>);0;;0;;0;;0;;0;;0.0
ore_ont_566.owl;SubClassOf(<http://rhizomik.net/ontologies/2006/01/NewsCodes-SubjectsOnto.owl#15062009> <http://rhizomik.net/ontologies/2006/01/NewsCodes-SubjectsOnto.owl#15062000>);0;;0;;0;;0;;0;;0.0
ore_ont_566.owl;SubClassOf(<http://rhizomik.net/ontologies/2006/01/NewsCodes-SubjectsOnto.owl#14006000> <http://rhizomik.net/ontologies/2006/01/NewsCodes-SubjectsOnto.owl#14000000>);0;;0;;0;;0;;0;;0.0
ore_ont_566.owl;SubClassOf(<http://rhizomik.net/ontologies/2006/01/NewsCodes-SubjectsOnto.owl#15073025> <http://rhizomik.net/ontologies/2006/01/NewsCodes-SubjectsOnto.owl#15073000>);0;;0;;0;;0;;0;;0.0
ore_ont_566.owl;SubClassOf(<http://rhizomik.net/ontologies/2006/01/NewsCodes-SubjectsOnto.owl#SubjectDetail> <http://rhizomik.net/ontologies/2006/01/NewsCodes-SubjectsOnto.owl#SubjectMatter>);0;;0;;0;;0;;0;;0.0
ore_ont_566.owl;SubClassOf(<http://rhizomik.net/ontologies/2006/01/NewsCodes-SubjectsOnto.owl#01011000> <http://rhizomik.net/ontologies/2006/01/NewsCodes-SubjectsOnto.owl#01000000>);0;;0;;0;;0;;0;;0.0
ore_ont_7120.owl;SubClassOf(<http://purl.obolibrary.org/obo/UniProtKB_Q9Y169> <http://purl.obolibrary.org/obo/PR_000000001>);0;;0;;0;;0;;0;;0.0
ore_ont_7120.owl;SubClassOf(<http://purl.obolibrary.org/obo/UniProtKB_Q9VVI3> <http://purl.obolibrary.org/obo/PR_000000001>);0;;0;;0;;0;;0;;0.0
ore_ont_7120.owl;SubClassOf(<http://purl.obolibrary.org/obo/UniProtKB_Q9VEG9> <http://purl.obolibrary.org/obo/PR_000000001>);0;;0;;0;;0;;0;;0.0
ore_ont_7120.owl;SubClassOf(<http://purl.obolibrary.org/obo/UniProtKB_P28465> <http://purl.obolibrary.org/obo/PR_000000001>);0;;0;;0;;0;;0;;0.0
ore_ont_7120.owl;SubClassOf(<http://purl.obolibrary.org/obo/UniProtKB_Q9VEG6> <http://purl.obolibrary.org/obo/PR_000000001>);0;;0;;0;;0;;0;;0.0
ore_ont_7120.owl;SubClassOf(<http://purl.obolibrary.org/obo/UniProtKB_Q05192> <http://purl.obolibrary.org/obo/PR_000000001>);0;;0;;0;;0;;0;;0.0
ore_ont_7120.owl;SubClassOf(<http://purl.obolibrary.org/obo/UniProtKB_Q95RC0> <http://purl.obolibrary.org/obo/PR_000000001>);0;;0;;0;;0;;0;;0.0
ore_ont_7120.owl;SubClassOf(<http://purl.obolibrary.org/obo/UniProtKB_Q9VVI2> <http://purl.obolibrary.org/obo/PR_000000001>);0;;0;;0;;0;;0;;0.0
ore_ont_7120.owl;SubClassOf(<http://purl.obolibrary.org/obo/UniProtKB_P17336> <http://purl.obolibrary.org/obo/PR_000000001>);0;;0;;0;;0;;0;;0.0
ore_ont_7120.owl;SubClassOf(<http://purl.obolibrary.org/obo/UniProtKB_Q9VJ07> <http://purl.obolibrary.org/obo/PR_000000001>);0;;0;;0;;0;;0;;0.0
ore_ont_2440.owl;SubClassOf(<http://purl.obolibrary.org/obo/TGMA_0000527> <http://purl.obolibrary.org/obo/TGMA_0001835>);0;;0;;0;;0;;0;;0.0
ore_ont_2440.owl;SubClassOf(<http://purl.obolibrary.org/obo/TGMA_0000883> <http://purl.obolibrary.org/obo/TGMA_0001842>);0;;0;;0;;0;;0;;0.0
ore_ont_2440.owl;SubClassOf(<http://purl.obolibrary.org/obo/TGMA_0000527> <http://purl.obolibrary.org/obo/TGMA_0001823>);3;0.99836001818037;1;0.9971792312702362;3;0.99836001818037;3;0.99836001818037;1;0.9971792312702362;1.0
ore_ont_2440.owl;SubClassOf(<http://purl.obolibrary.org/obo/TGMA_0001044> <http://purl.obolibrary.org/obo/TGMA_0001013>);0;;0;;0;;0;;0;;0.0
ore_ont_2440.owl;SubClassOf(<http://purl.obolibrary.org/obo/TGMA_0000470> <http://purl.obolibrary.org/obo/TGMA_0001825>);0;;0;;0;;0;;0;;0.0
ore_ont_2440.owl;SubClassOf(<http://purl.obolibrary.org/obo/TGMA_0000878> <http://purl.obolibrary.org/obo/TGMA_0001828>);0;;0;;0;;0;;0;;0.0
ore_ont_2440.owl;SubClassOf(<http://purl.obolibrary.org/obo/TGMA_0000003> <http://purl.obolibrary.org/obo/TGMA_0001842>);0;;0;;0;;0;;0;;0.0
ore_ont_2440.owl;SubClassOf(<http://purl.obolibrary.org/obo/TGMA_0001587> <http://purl.obolibrary.org/obo/TGMA_0000809>);2;0.9991279003918786;1;0.9992487107272028;2;0.9991279003918786;2;0.9991279003918786;1;0.9992487107272028;3.0
ore_ont_2440.owl;SubClassOf(<http://purl.obolibrary.org/obo/TGMA_0000829> <http://purl.obolibrary.org/obo/TGMA_0001363>);3;0.99646649758036;1;0.99646649758036;3;0.99646649758036;3;0.99646649758036;1;0.99646649758036;1.0
ore_ont_2440.owl;SubClassOf(<http://purl.obolibrary.org/obo/TGMA_0000720> <http://purl.obolibrary.org/obo/TGMA_0001830>);0;;0;;0;;0;;0;;0.0
ore_ont_8298.owl;SubClassOf(<http://purl.obolibrary.org/obo/CHEBI_25708> <http://purl.obolibrary.org/obo/MIRO_10000169>);0;;0;;0;;0;;0;;0.0
ore_ont_8298.owl;SubClassOf(<http://purl.obolibrary.org/obo/MIRO_40003478> <http://purl.obolibrary.org/obo/MIRO_40002217>);0;;0;;0;;0;;0;;0.0
ore_ont_8298.owl;SubClassOf(<http://purl.obolibrary.org/obo/CHEBI_39314> <http://purl.obolibrary.org/obo/CHEBI_26413>);0;;0;;0;;0;;0;;0.0
ore_ont_8298.owl;SubClassOf(<http://purl.obolibrary.org/obo/IDOMAL_0000380> <http://purl.obolibrary.org/obo/IDOMAL_0000340>);0;;0;;0;;0;;0;;0.0
ore_ont_8298.owl;SubClassOf(<http://purl.obolibrary.org/obo/IDOMAL_0001061> <http://purl.obolibrary.org/obo/IDOMAL_0000001>);0;;0;;0;;0;;0;;0.0
ore_ont_8298.owl;SubClassOf(<http://purl.obolibrary.org/obo/CHEBI_6651> <http://purl.obolibrary.org/obo/CHEBI_25708>);0;;0;;0;;0;;0;;0.0
ore_ont_8298.owl;SubClassOf(<http://purl.obolibrary.org/obo/MIRO_40000121> <http://purl.obolibrary.org/obo/MIRO_40000016>);0;;0;;0;;0;;0;;0.0
ore_ont_8298.owl;SubClassOf(<http://purl.obolibrary.org/obo/IDOMAL_0000503> <http://purl.obolibrary.org/obo/IDOMAL_0001242>);0;;0;;0;;0;;0;;0.0
ore_ont_8298.owl;SubClassOf(<http://purl.obolibrary.org/obo/IDOMAL_0001134> <http://purl.obolibrary.org/obo/IDOMAL_0001069>);0;;0;;0;;0;;0;;0.0
ore_ont_8298.owl;SubClassOf(<http://purl.obolibrary.org/obo/IDOMAL_0000258> <http://purl.obolibrary.org/obo/IDOMAL_0000001>);3;0.897662665824384;1;0.7555274794693618;3;0.897662665824384;3;0.897662665824384;1;0.7555274794693618;3.0
ore_ont_2377.owl;SubClassOf(<http://purl.obolibrary.org/obo/FYPO_0000949> <http://purl.obolibrary.org/obo/FYPO_0000287>);0;;0;;0;;0;;0;;0.0
ore_ont_2377.owl;SubClassOf(<http://purl.obolibrary.org/obo/FYPO_0000953> <http://purl.obolibrary.org/obo/FYPO_0000627>);0;;0;;0;;0;;0;;0.0
ore_ont_2377.owl;SubClassOf(<http://purl.obolibrary.org/obo/FYPO_0000287> <http://purl.obolibrary.org/obo/FYPO_0000136>);0;;0;;0;;0;;0;;0.0
ore_ont_2377.owl;SubClassOf(<http://purl.obolibrary.org/obo/FYPO_0000663> <http://purl.obolibrary.org/obo/FYPO_0000661>);0;;0;;0;;0;;0;;0.0
ore_ont_2377.owl;SubClassOf(<http://purl.obolibrary.org/obo/FYPO_0000540> <http://purl.obolibrary.org/obo/FYPO_0000443>);0;;0;;0;;0;;0;;0.0
ore_ont_2377.owl;SubClassOf(<http://purl.obolibrary.org/obo/FYPO_0000127> <http://purl.obolibrary.org/obo/FYPO_0000002>);0;;0;;0;;0;;0;;0.0
ore_ont_2377.owl;SubClassOf(<http://purl.obolibrary.org/obo/FYPO_0000841> <http://purl.obolibrary.org/obo/FYPO_0000127>);0;;0;;0;;0;;0;;0.0
ore_ont_2377.owl;SubClassOf(<http://purl.obolibrary.org/obo/FYPO_0000924> <http://purl.obolibrary.org/obo/FYPO_0000126>);0;;0;;0;;0;;0;;0.0
ore_ont_2377.owl;SubClassOf(<http://purl.obolibrary.org/obo/FYPO_0001113> <http://purl.obolibrary.org/obo/FYPO_0000953>);0;;0;;0;;0;;0;;0.0
ore_ont_2377.owl;SubClassOf(<http://purl.obolibrary.org/obo/FYPO_0000443> <http://purl.obolibrary.org/obo/FYPO_0000628>);5;1.0;2;0.9917655606684428;5;1.0;5;1.0;5;1.0;1.0
ore_ont_3313.owl;SubClassOf(<http://biomanta.sourceforge.net/celltype_instance_edit.owl#lymphoblast_CL_0000229> <http://www.geneontology.org/formats/oboInOwl#ObsoleteClass>);0;;0;;0;;0;;0;;0.0
ore_ont_3313.owl;SubClassOf(<http://biomanta.sourceforge.net/celltype_instance_edit.owl#epidermal_initial_CL_0000538> <http://biomanta.sourceforge.net/celltype_instance_edit.owl#plant_cell_CL_0000610>);2;1.0;1;0.9152663568108688;2;1.0;2;1.0;1;0.9152663568108688;2.0
ore_ont_3313.owl;SubClassOf(<http://biomanta.sourceforge.net/celltype_instance_edit.owl#CNS_neuron__sensu_Vertebrata__CL_0000117> <http://biomanta.sourceforge.net/celltype_instance_edit.owl#neuron_CL_0000540>);0;;0;;0;;0;;0;;0.0
ore_ont_3313.owl;SubClassOf(<http://biomanta.sourceforge.net/celltype_instance_edit.owl#peptide_hormone_secreting_cell_CL_0000167> <http://biomanta.sourceforge.net/celltype_instance_edit.owl#secretory_cell_CL_0000151>);2;1.017399710004833;1;0.8477525374577091;2;1.017399710004833;2;1.017399710004833;1;0.8477525374577091;2.0
ore_ont_3313.owl;SubClassOf(<http://biomanta.sourceforge.net/celltype_instance_edit.owl#columnar_cuboidal_epithelial_cell_CL_0000075> <http://biomanta.sourceforge.net/celltype_instance_edit.owl#epithelial_cell_CL_0000066>);0;;0;;0;;0;;0;;0.0
ore_ont_3313.owl;SubClassOf(<http://biomanta.sourceforge.net/celltype_instance_edit.owl#myeloid_progenitor_cell_CL_0000839> <http://biomanta.sourceforge.net/celltype_instance_edit.owl#non_terminally_differentiated_cell_CL_0000055>);2;0.7019801980198019;1;0.8326732673267326;2;0.7019801980198019;2;0.7019801980198019;1;0.8326732673267326;1.0
ore_ont_3313.owl;SubClassOf(<http://biomanta.sourceforge.net/celltype_instance_edit.owl#neuron_CL_0000540> <http://biomanta.sourceforge.net/celltype_instance_edit.owl#animal_cell_CL_0000548>);5;0.7618369526521895;1;0.809184763260947;1;0.809184763260947;1;0.809184763260947;1;0.809184763260947;2.0
ore_ont_3313.owl;SubClassOf(<http://biomanta.sourceforge.net/celltype_instance_edit.owl#enterochromaffin_cell_CL_0000504> <http://biomanta.sourceforge.net/celltype_instance_edit.owl#peptide_hormone_secreting_cell_CL_0000167>);5;0.8748690002095998;3;0.7011108782225949;5;0.8748690002095998;5;0.8748690002095998;3;0.7011108782225949;2.0
ore_ont_3313.owl;SubClassOf(<http://biomanta.sourceforge.net/celltype_instance_edit.owl#secretory_cell_CL_0000151> <http://biomanta.sourceforge.net/celltype_instance_edit.owl#cell_by_function_CL_0000144>);0;;0;;0;;0;;0;;0.0
ore_ont_3313.owl;SubClassOf(<http://biomanta.sourceforge.net/celltype_instance_edit.owl#support_cell__sensu_Nematoda_and_Protostomia__CL_0000378> <http://biomanta.sourceforge.net/celltype_instance_edit.owl#supportive_cell_CL_0000630>);0;;0;;0;;0;;0;;0.0
ore_ont_9435.owl;SubClassOf(<http://purl.obolibrary.org/obo/MA_0001472> <http://purl.obolibrary.org/obo/MA_0001478>);0;;0;;0;;0;;0;;0.0
ore_ont_9435.owl;SubClassOf(<http://purl.obolibrary.org/obo/MA_0001407> <http://purl.obolibrary.org/obo/MA_0000315>);0;;0;;0;;0;;0;;0.0
ore_ont_9435.owl;SubClassOf(<http://purl.obolibrary.org/obo/MA_0002949> <http://purl.obolibrary.org/obo/MA_0000261>);0;;0;;0;;0;;0;;0.0
ore_ont_9435.owl;SubClassOf(<http://purl.obolibrary.org/obo/MA_0001953> <http://purl.obolibrary.org/obo/MA_0000064>);0;;0;;0;;0;;0;;0.0
ore_ont_9435.owl;SubClassOf(<http://purl.obolibrary.org/obo/MA_0001040> <http://purl.obolibrary.org/obo/MA_0000821>);0;;0;;0;;0;;0;;0.0
ore_ont_9435.owl;SubClassOf(<http://purl.obolibrary.org/obo/MA_0000736> <http://purl.obolibrary.org/obo/MA_0000139>);0;;0;;0;;0;;0;;0.0
ore_ont_9435.owl;SubClassOf(<http://purl.obolibrary.org/obo/MA_0000168> <http://purl.obolibrary.org/obo/MA_0000581>);0;;0;;0;;0;;0;;0.0
ore_ont_9435.owl;SubClassOf(<http://purl.obolibrary.org/obo/MA_0002120> <http://purl.obolibrary.org/obo/MA_0000067>);0;;0;;0;;0;;0;;0.0
ore_ont_9435.owl;SubClassOf(<http://purl.obolibrary.org/obo/MA_0002324> <http://purl.obolibrary.org/obo/MA_0000015>);0;;0;;0;;0;;0;;0.0
ore_ont_9435.owl;SubClassOf(<http://purl.obolibrary.org/obo/MA_0002512> <http://purl.obolibrary.org/obo/MA_0002450>);0;;0;;0;;0;;0;;0.0
ore_ont_11619.owl;SubClassOf(<http://purl.obolibrary.org/obo/RS_0000285> <http://purl.obolibrary.org/obo/RS_0000459>);0;;0;;0;;0;;0;;0.0
ore_ont_11619.owl;SubClassOf(<http://purl.obolibrary.org/obo/RS_0000121> <http://purl.obolibrary.org/obo/RS_0000765>);0;;0;;0;;0;;0;;0.0
ore_ont_11619.owl;SubClassOf(<http://purl.obolibrary.org/obo/RS_0003515> <http://purl.obolibrary.org/obo/RS_0001229>);0;;0;;0;;0;;0;;0.0
ore_ont_11619.owl;SubClassOf(<http://purl.obolibrary.org/obo/RS_0003146> <http://purl.obolibrary.org/obo/RS_0003396>);0;;0;;0;;0;;0;;0.0
ore_ont_11619.owl;SubClassOf(<http://purl.obolibrary.org/obo/RS_0003147> <http://purl.obolibrary.org/obo/RS_0003397>);0;;0;;0;;0;;0;;0.0
ore_ont_11619.owl;SubClassOf(<http://purl.obolibrary.org/obo/RS_0000878> <http://purl.obolibrary.org/obo/RS_0000818>);0;;0;;0;;0;;0;;0.0
ore_ont_11619.owl;SubClassOf(<http://purl.obolibrary.org/obo/RS_0002576> <http://purl.obolibrary.org/obo/RS_0000461>);3;0.366914103923648;1;0.6521739130434784;3;0.366914103923648;3;0.366914103923648;2;0.1092258748674443;1.0
ore_ont_11619.owl;SubClassOf(<http://purl.obolibrary.org/obo/RS_0001734> <http://purl.obolibrary.org/obo/RS_0000285>);0;;0;;0;;0;;0;;0.0
ore_ont_11619.owl;SubClassOf(<http://purl.obolibrary.org/obo/RS_0002437> <http://purl.obolibrary.org/obo/RS_0002576>);0;;0;;0;;0;;0;;0.0
ore_ont_11619.owl;SubClassOf(<http://purl.obolibrary.org/obo/RS_0001609> <http://purl.obolibrary.org/obo/RS_0001231>);0;;0;;0;;0;;0;;0.0
ore_ont_15222.owl;SubClassOf(<http://purl.obolibrary.org/obo/MIRO_40002652> <http://purl.obolibrary.org/obo/MIRO_40002482>);0;;0;;0;;0;;0;;0.0
ore_ont_15222.owl;SubClassOf(<http://purl.obolibrary.org/obo/MIRO_40003478> <http://purl.obolibrary.org/obo/MIRO_40002217>);0;;0;;0;;0;;0;;0.0
ore_ont_15222.owl;SubClassOf(<http://purl.obolibrary.org/obo/MIRO_40000800> <http://purl.obolibrary.org/obo/MIRO_40000648>);0;;0;;0;;0;;0;;0.0
ore_ont_15222.owl;SubClassOf(<http://purl.obolibrary.org/obo/MIRO_40002010> <http://purl.obolibrary.org/obo/MIRO_40001928>);0;;0;;0;;0;;0;;0.0
ore_ont_15222.owl;SubClassOf(<http://purl.obolibrary.org/obo/MIRO_40000590> <http://purl.obolibrary.org/obo/MIRO_40000517>);0;;0;;0;;0;;0;;0.0
ore_ont_15222.owl;SubClassOf(<http://purl.obolibrary.org/obo/MIRO_40002090> <http://purl.obolibrary.org/obo/MIRO_40002031>);0;;0;;0;;0;;0;;0.0
ore_ont_15222.owl;SubClassOf(<http://purl.obolibrary.org/obo/MIRO_40002890> <http://purl.obolibrary.org/obo/MIRO_40002860>);0;;0;;0;;0;;0;;0.0
ore_ont_15222.owl;SubClassOf(<http://purl.obolibrary.org/obo/MIRO_40003737> <http://purl.obolibrary.org/obo/MIRO_40000960>);0;;0;;0;;0;;0;;0.0
ore_ont_15222.owl;SubClassOf(<http://purl.obolibrary.org/obo/MIRO_40000110> <http://purl.obolibrary.org/obo/MIRO_40000016>);0;;0;;0;;0;;0;;0.0
ore_ont_15222.owl;SubClassOf(<http://purl.obolibrary.org/obo/MIRO_40003062> <http://purl.obolibrary.org/obo/MIRO_40002995>);0;;0;;0;;0;;0;;0.0
ore_ont_4798.owl;SubClassOf(<http://purl.obolibrary.org/obo/MIRO_40002652> <http://purl.obolibrary.org/obo/MIRO_40002482>);0;;0;;0;;0;;0;;0.0
ore_ont_4798.owl;SubClassOf(<http://purl.obolibrary.org/obo/MIRO_40003478> <http://purl.obolibrary.org/obo/MIRO_40002217>);0;;0;;0;;0;;0;;0.0
ore_ont_4798.owl;SubClassOf(<http://purl.obolibrary.org/obo/MIRO_40000800> <http://purl.obolibrary.org/obo/MIRO_40000648>);0;;0;;0;;0;;0;;0.0
ore_ont_4798.owl;SubClassOf(<http://purl.obolibrary.org/obo/MIRO_40002010> <http://purl.obolibrary.org/obo/MIRO_40001928>);0;;0;;0;;0;;0;;0.0
ore_ont_4798.owl;SubClassOf(<http://purl.obolibrary.org/obo/MIRO_40000590> <http://purl.obolibrary.org/obo/MIRO_40000517>);0;;0;;0;;0;;0;;0.0
ore_ont_4798.owl;SubClassOf(<http://purl.obolibrary.org/obo/MIRO_40002090> <http://purl.obolibrary.org/obo/MIRO_40002031>);0;;0;;0;;0;;0;;0.0
ore_ont_4798.owl;SubClassOf(<http://purl.obolibrary.org/obo/MIRO_40002890> <http://purl.obolibrary.org/obo/MIRO_40002860>);0;;0;;0;;0;;0;;0.0
ore_ont_4798.owl;SubClassOf(<http://purl.obolibrary.org/obo/MIRO_40003737> <http://purl.obolibrary.org/obo/MIRO_40000960>);0;;0;;0;;0;;0;;0.0
ore_ont_4798.owl;SubClassOf(<http://purl.obolibrary.org/obo/MIRO_40000110> <http://purl.obolibrary.org/obo/MIRO_40000016>);0;;0;;0;;0;;0;;0.0
ore_ont_4798.owl;SubClassOf(<http://purl.obolibrary.org/obo/MIRO_40003062> <http://purl.obolibrary.org/obo/MIRO_40002995>);0;;0;;0;;0;;0;;0.0
ore_ont_9646.owl;SubClassOf(<http://purl.obolibrary.org/obo/MA_0001472> <http://purl.obolibrary.org/obo/MA_0001478>);0;;0;;0;;0;;0;;0.0
ore_ont_9646.owl;SubClassOf(<http://purl.obolibrary.org/obo/MA_0001407> <http://purl.obolibrary.org/obo/MA_0000315>);0;;0;;0;;0;;0;;0.0
ore_ont_9646.owl;SubClassOf(<http://purl.obolibrary.org/obo/MA_0002949> <http://purl.obolibrary.org/obo/MA_0000261>);0;;0;;0;;0;;0;;0.0
ore_ont_9646.owl;SubClassOf(<http://purl.obolibrary.org/obo/MA_0001953> <http://purl.obolibrary.org/obo/MA_0000064>);0;;0;;0;;0;;0;;0.0
ore_ont_9646.owl;SubClassOf(<http://purl.obolibrary.org/obo/MA_0001040> <http://purl.obolibrary.org/obo/MA_0000821>);0;;0;;0;;0;;0;;0.0
ore_ont_9646.owl;SubClassOf(<http://purl.obolibrary.org/obo/MA_0000736> <http://purl.obolibrary.org/obo/MA_0000139>);0;;0;;0;;0;;0;;0.0
ore_ont_9646.owl;SubClassOf(<http://purl.obolibrary.org/obo/MA_0000168> <http://purl.obolibrary.org/obo/MA_0000581>);0;;0;;0;;0;;0;;0.0
ore_ont_9646.owl;SubClassOf(<http://purl.obolibrary.org/obo/MA_0002120> <http://purl.obolibrary.org/obo/MA_0000067>);0;;0;;0;;0;;0;;0.0
ore_ont_9646.owl;SubClassOf(<http://purl.obolibrary.org/obo/MA_0003024> <http://purl.obolibrary.org/obo/MA_0003148>);0;;0;;0;;0;;0;;0.0
ore_ont_9646.owl;SubClassOf(<http://purl.obolibrary.org/obo/MA_0002512> <http://purl.obolibrary.org/obo/MA_0002450>);0;;0;;0;;0;;0;;0.0
ore_ont_10742.owl;SubClassOf(<http://purl.obolibrary.org/obo/XAO_0000437> <http://purl.obolibrary.org/obo/XAO_1000000>);0;;0;;0;;0;;0;;0.0
ore_ont_10742.owl;SubClassOf(<http://purl.obolibrary.org/obo/XAO_1000020> <http://purl.obolibrary.org/obo/XAO_1000094>);0;;0;;0;;0;;0;;0.0
ore_ont_10742.owl;SubClassOf(<http://purl.obolibrary.org/obo/XAO_0000001> <http://purl.obolibrary.org/obo/XAO_0003040>);2;0.9182642035552456;1;0.8227605437434647;2;0.9182642035552456;2;0.9182642035552456;2;0.9182642035552456;1.0
ore_ont_10742.owl;SubClassOf(<http://purl.obolibrary.org/obo/XAO_1000078> <http://purl.obolibrary.org/obo/XAO_1000094>);0;;0;;0;;0;;0;;0.0
ore_ont_10742.owl;SubClassOf(<http://purl.obolibrary.org/obo/XAO_0000115> <http://purl.obolibrary.org/obo/XAO_0003037>);2;0.913239719157472;1;0.8224674022066196;2;0.913239719157472;2;0.913239719157472;1;0.8224674022066196;1.0
ore_ont_10742.owl;SubClassOf(<http://purl.obolibrary.org/obo/XAO_1000052> <http://purl.obolibrary.org/obo/XAO_1000094>);0;;0;;0;;0;;0;;0.0
ore_ont_10742.owl;SubClassOf(<http://purl.obolibrary.org/obo/XAO_1000059> <http://purl.obolibrary.org/obo/XAO_1000094>);0;;0;;0;;0;;0;;0.0
ore_ont_10742.owl;SubClassOf(<http://purl.obolibrary.org/obo/XAO_1000057> <http://purl.obolibrary.org/obo/XAO_1000094>);0;;0;;0;;0;;0;;0.0
ore_ont_10742.owl;SubClassOf(<http://purl.obolibrary.org/obo/XAO_1000038> <http://purl.obolibrary.org/obo/XAO_1000094>);0;;0;;0;;0;;0;;0.0
ore_ont_10742.owl;SubClassOf(<http://purl.obolibrary.org/obo/XAO_1000049> <http://purl.obolibrary.org/obo/XAO_1000094>);0;;0;;0;;0;;0;;0.0
ore_ont_10968.owl;SubClassOf(<http://purl.obolibrary.org/obo/BTO_0001912> <http://purl.obolibrary.org/obo/BTO_0000356>);0;;0;;0;;0;;0;;0.0
ore_ont_10968.owl;SubClassOf(<http://purl.obolibrary.org/obo/BTO_0000379> <http://purl.obolibrary.org/obo/BTO_0000284>);2;0.989136875370334;1;0.9889887418526564;2;0.989136875370334;2;0.989136875370334;2;0.989136875370334;1.0
ore_ont_10968.owl;SubClassOf(<http://purl.obolibrary.org/obo/BTO_0000300> <http://purl.obolibrary.org/obo/BTO_0000713>);0;;0;;0;;0;;0;;0.0
ore_ont_10968.owl;SubClassOf(<http://purl.obolibrary.org/obo/BTO_0002559> <http://purl.obolibrary.org/obo/BTO_0002553>);0;;0;;0;;0;;0;;0.0
ore_ont_10968.owl;SubClassOf(<http://purl.obolibrary.org/obo/BTO_0001080> <http://purl.obolibrary.org/obo/BTO_0000578>);0;;0;;0;;0;;0;;0.0
ore_ont_10968.owl;SubClassOf(<http://purl.obolibrary.org/obo/BTO_0003825> <http://purl.obolibrary.org/obo/BTO_0001479>);0;;0;;0;;0;;0;;0.0
ore_ont_10968.owl;SubClassOf(<http://purl.obolibrary.org/obo/BTO_0000720> <http://purl.obolibrary.org/obo/BTO_0001461>);0;;0;;0;;0;;0;;0.0
ore_ont_10968.owl;SubClassOf(<http://purl.obolibrary.org/obo/BTO_0002130> <http://purl.obolibrary.org/obo/BTO_0000849>);0;;0;;0;;0;;0;;0.0
ore_ont_10968.owl;SubClassOf(<http://purl.obolibrary.org/obo/BTO_0001521> <http://purl.obolibrary.org/obo/BTO_0000794>);0;;0;;0;;0;;0;;0.0
ore_ont_10968.owl;SubClassOf(<http://purl.obolibrary.org/obo/BTO_0000419> <http://purl.obolibrary.org/obo/BTO_0000416>);0;;0;;0;;0;;0;;0.0
ore_ont_9790.owl;SubClassOf(<http://purl.obolibrary.org/obo/DOID_11104> <http://purl.obolibrary.org/obo/DOID_0050338>);0;;0;;0;;0;;0;;0.0
ore_ont_9790.owl;SubClassOf(<http://purl.obolibrary.org/obo/DOID_2723> <http://purl.obolibrary.org/obo/DOID_37>);0;;0;;0;;0;;0;;0.0
ore_ont_9790.owl;SubClassOf(<http://purl.obolibrary.org/obo/DOID_5353> <http://purl.obolibrary.org/obo/DOID_5295>);0;;0;;0;;0;;0;;0.0
ore_ont_9790.owl;SubClassOf(<http://purl.obolibrary.org/obo/DOID_4953> <http://purl.obolibrary.org/obo/DOID_934>);0;;0;;0;;0;;0;;0.0
ore_ont_9790.owl;SubClassOf(<http://purl.obolibrary.org/obo/DOID_2921> <http://purl.obolibrary.org/obo/DOID_557>);2;0.2774480712166173;1;0.6112759643916915;2;0.2774480712166173;2;0.2774480712166173;2;0.2774480712166173;3.0
ore_ont_9790.owl;SubClassOf(<http://purl.obolibrary.org/obo/DOID_0080014> <http://purl.obolibrary.org/obo/DOID_0050177>);0;;0;;0;;0;;0;;0.0
ore_ont_9790.owl;SubClassOf(<http://purl.obolibrary.org/obo/DOID_6713> <http://purl.obolibrary.org/obo/DOID_936>);0;;0;;0;;0;;0;;0.0
ore_ont_9790.owl;SubClassOf(<http://purl.obolibrary.org/obo/DOID_1080> <http://purl.obolibrary.org/obo/DOID_883>);0;;0;;0;;0;;0;;0.0
ore_ont_9790.owl;SubClassOf(<http://purl.obolibrary.org/obo/DOID_6686> <http://purl.obolibrary.org/obo/DOID_225>);0;;0;;0;;0;;0;;0.0
ore_ont_9790.owl;SubClassOf(<http://purl.obolibrary.org/obo/DOID_1682> <http://purl.obolibrary.org/obo/DOID_0080015>);0;;0;;0;;0;;0;;0.0
ore_ont_1493.owl;SubClassOf(<http://purl.obolibrary.org/obo/FBsp_00001388> <http://purl.obolibrary.org/obo/FBsp_30000076>);0;;0;;0;;0;;0;;0.0
ore_ont_1493.owl;SubClassOf(<http://purl.obolibrary.org/obo/FBsp_00002350> <http://purl.obolibrary.org/obo/FBsp_00002343>);0;;0;;0;;0;;0;;0.0
ore_ont_1493.owl;SubClassOf(<http://purl.obolibrary.org/obo/FBsp_00001815> <http://purl.obolibrary.org/obo/FBsp_20000031>);0;;0;;0;;0;;0;;0.0
ore_ont_1493.owl;SubClassOf(<http://purl.obolibrary.org/obo/FBsp_00001222> <http://purl.obolibrary.org/obo/FBsp_30000101>);2;0.7929622326710148;1;0.8945851660852419;2;0.7929622326710148;2;0.7929622326710148;1;0.8945851660852419;2.0
ore_ont_1493.owl;SubClassOf(<http://purl.obolibrary.org/obo/FBsp_30003589> <http://purl.obolibrary.org/obo/FBsp_30000146>);0;;0;;0;;0;;0;;0.0
ore_ont_1493.owl;SubClassOf(<http://purl.obolibrary.org/obo/FBsp_00001180> <http://purl.obolibrary.org/obo/FBsp_30000093>);0;;0;;0;;0;;0;;0.0
ore_ont_1493.owl;SubClassOf(<http://purl.obolibrary.org/obo/FBsp_10000100> <http://purl.obolibrary.org/obo/FBsp_30000112>);0;;0;;0;;0;;0;;0.0
ore_ont_1493.owl;SubClassOf(<http://purl.obolibrary.org/obo/FBsp_30000101> <http://purl.obolibrary.org/obo/FBsp_00000751>);0;;0;;0;;0;;0;;0.0
ore_ont_1493.owl;SubClassOf(<http://purl.obolibrary.org/obo/FBsp_00001340> <http://purl.obolibrary.org/obo/FBsp_00001337>);0;;0;;0;;0;;0;;0.0
ore_ont_1493.owl;SubClassOf(<http://purl.obolibrary.org/obo/FBsp_10000075> <http://purl.obolibrary.org/obo/FBsp_30000013>);0;;0;;0;;0;;0;;0.0
ore_ont_8641.owl;SubClassOf(<http://purl.org/obo/owl/IEV#IEV_0000027> <http://purl.org/obo/owl/IEV#IEV_0001842>);0;;0;;0;;0;;0;;0.0
ore_ont_8641.owl;SubClassOf(<http://purl.org/obo/owl/IEV#IEV_0000345> <http://purl.org/obo/owl/IEV#IEV_0000293>);0;;0;;0;;0;;0;;0.0
ore_ont_8641.owl;SubClassOf(<http://purl.org/obo/owl/IEV#IEV_0000583> <http://purl.org/obo/owl/IEV#IEV_0000013>);0;;0;;0;;0;;0;;0.0
ore_ont_8641.owl;SubClassOf(<http://purl.org/obo/owl/IEV#IEV_0002269> <http://purl.org/obo/owl/IEV#IEV_0000027>);0;;0;;0;;0;;0;;0.0
ore_ont_8641.owl;SubClassOf(<http://purl.org/obo/owl/IEV#IEV_0000867> <http://purl.org/obo/owl/IEV#IEV_0000044>);0;;0;;0;;0;;0;;0.0
ore_ont_8641.owl;SubClassOf(<http://purl.org/obo/owl/IEV#IEV_0001676> <http://purl.org/obo/owl/IEV#IEV_0001670>);0;;0;;0;;0;;0;;0.0
ore_ont_8641.owl;SubClassOf(<http://purl.org/obo/owl/IEV#IEV_0001669> <http://purl.org/obo/owl/IEV#IEV_0000145>);0;;0;;0;;0;;0;;0.0
ore_ont_8641.owl;SubClassOf(<http://purl.org/obo/owl/IEV#IEV_0000053> <http://purl.org/obo/owl/IEV#IEV_0000025>);0;;0;;0;;0;;0;;0.0
ore_ont_8641.owl;SubClassOf(<http://purl.org/obo/owl/IEV#IEV_0000045> <http://purl.org/obo/owl/IEV#IEV_0000016>);0;;0;;0;;0;;0;;0.0
ore_ont_8641.owl;SubClassOf(<http://purl.org/obo/owl/IEV#IEV_0001479> <http://purl.org/obo/owl/IEV#IEV_0001669>);5;0.9993980335763492;5;0.9991973781017992;1;1.0;5;0.9993980335763492;1;1.0;2.0
ore_ont_4655.owl;SubClassOf(<http://purl.obolibrary.org/obo/MFO_0000030> <http://purl.obolibrary.org/obo/MFO_0000010>);0;;0;;0;;0;;0;;0.0
ore_ont_4655.owl;SubClassOf(<http://purl.obolibrary.org/obo/MFO_0002980> <http://purl.obolibrary.org/obo/MFO_0002880>);0;;0;;0;;0;;0;;0.0
ore_ont_4655.owl;SubClassOf(<http://purl.obolibrary.org/obo/MFO_0002880> <http://purl.obolibrary.org/obo/MFO_0001620>);0;;0;;0;;0;;0;;0.0
ore_ont_4655.owl;SubClassOf(<http://purl.obolibrary.org/obo/MFO_0005020> <http://purl.obolibrary.org/obo/MFO_0005000>);0;;0;;0;;0;;0;;0.0
ore_ont_4655.owl;SubClassOf(<http://purl.obolibrary.org/obo/MFO_0002660> <http://purl.obolibrary.org/obo/MFO_0002520>);0;;0;;0;;0;;0;;0.0
ore_ont_4655.owl;SubClassOf(<http://purl.obolibrary.org/obo/MFO_0002980> <http://purl.obolibrary.org/obo/MFO_0001620>);2;0.99827676705654;1;0.9988610816752992;2;0.99827676705654;2;0.99827676705654;2;0.99827676705654;2.0
ore_ont_4655.owl;SubClassOf(<http://purl.obolibrary.org/obo/MFO_0001340> <http://purl.obolibrary.org/obo/MFO_0001020>);0;;0;;0;;0;;0;;0.0
ore_ont_4655.owl;SubClassOf(<http://purl.obolibrary.org/obo/MFO_0002000> <http://purl.obolibrary.org/obo/MFO_0001860>);0;;0;;0;;0;;0;;0.0
ore_ont_4655.owl;SubClassOf(<http://purl.obolibrary.org/obo/MFO_0001780> <http://purl.obolibrary.org/obo/MFO_0001740>);0;;0;;0;;0;;0;;0.0
ore_ont_4655.owl;SubClassOf(<http://purl.obolibrary.org/obo/MFO_0002220> <http://purl.obolibrary.org/obo/MFO_0001620>);0;;0;;0;;0;;0;;0.0
ore_ont_5792.owl;SubClassOf(<http://purl.obolibrary.org/obo/MP_0005118> <http://purl.obolibrary.org/obo/MP_0005418>);2;0.7988636363636363;2;0.7988636363636363;2;0.7988636363636363;2;0.7988636363636363;1;1.0;2.0
ore_ont_5792.owl;SubClassOf(<http://purl.obolibrary.org/obo/MP_0002206> <http://purl.obolibrary.org/obo/MP_0003633>);2;0.2801857585139319;1;0.5944272445820434;2;0.2801857585139319;2;0.2801857585139319;2;0.2801857585139319;1.0
ore_ont_5792.owl;SubClassOf(<http://purl.obolibrary.org/obo/MP_0000965> <http://purl.obolibrary.org/obo/MP_0002882>);0;;0;;0;;0;;0;;0.0
ore_ont_5792.owl;SubClassOf(<http://purl.obolibrary.org/obo/MP_0004896> <http://purl.obolibrary.org/obo/MP_0001120>);0;;0;;0;;0;;0;;0.0
ore_ont_5792.owl;SubClassOf(<http://purl.obolibrary.org/obo/MP_0002191> <http://purl.obolibrary.org/obo/MP_0001614>);0;;0;;0;;0;;0;;0.0
ore_ont_5792.owl;SubClassOf(<http://purl.obolibrary.org/obo/MP_0004175> <http://purl.obolibrary.org/obo/MP_0002106>);3;0.7901960784313724;1;0.6058823529411764;3;0.7901960784313724;3;0.7901960784313724;1;0.6058823529411764;1.0
ore_ont_5792.owl;SubClassOf(<http://purl.obolibrary.org/obo/MP_0005418> <http://purl.obolibrary.org/obo/MP_0001764>);4;0.2440677966101695;3;0.5152542372881356;4;0.2440677966101695;4;0.2440677966101695;4;0.4813559322033898;1.0
ore_ont_5792.owl;SubClassOf(<http://purl.obolibrary.org/obo/MP_0001846> <http://purl.obolibrary.org/obo/MP_0000001>);4;0.3495702005730658;1;0.4154727793696275;4;0.3495702005730658;4;0.3495702005730658;1;0.4154727793696275;1.0
ore_ont_5792.owl;SubClassOf(<http://purl.obolibrary.org/obo/MP_0001851> <http://purl.obolibrary.org/obo/MP_0001846>);0;;0;;0;;0;;0;;0.0
ore_ont_5792.owl;SubClassOf(<http://purl.obolibrary.org/obo/MP_0002703> <http://purl.obolibrary.org/obo/MP_0002135>);2;0.6603995299647474;1;0.3642773207990599;2;0.6603995299647474;2;0.6603995299647474;2;0.6603995299647474;1.0
ore_ont_3106.owl;SubClassOf(<http://purl.obolibrary.org/obo/GO_0004672> <http://purl.obolibrary.org/obo/GO_0016773>);0;;0;;0;;0;;0;;0.0
ore_ont_3106.owl;SubClassOf(<http://purl.obolibrary.org/obo/GO_0004672> <http://purl.obolibrary.org/obo/GO_0016301>);0;;0;;0;;0;;0;;0.0
ore_ont_3106.owl;SubClassOf(<http://purl.obolibrary.org/obo/GO_0019113> <http://purl.obolibrary.org/obo/GO_0016709>);0;;0;;0;;0;;0;;0.0
ore_ont_3106.owl;SubClassOf(<http://purl.obolibrary.org/obo/GO_0004407> <http://purl.obolibrary.org/obo/GO_0016811>);0;;0;;0;;0;;0;;0.0
ore_ont_3106.owl;SubClassOf(<http://purl.obolibrary.org/obo/GO_0016274> <http://purl.obolibrary.org/obo/GO_0008757>);2;0.9614264919941776;2;0.9614264919941776;2;0.9614264919941776;2;0.9614264919941776;1;1.0;1.0
ore_ont_3106.owl;SubClassOf(<http://purl.obolibrary.org/obo/GO_0019171> <http://purl.obolibrary.org/obo/GO_0016836>);0;;0;;0;;0;;0;;0.0
ore_ont_3106.owl;SubClassOf(<http://purl.obolibrary.org/obo/GO_0033764> <http://purl.obolibrary.org/obo/GO_0016616>);0;;0;;0;;0;;0;;0.0
ore_ont_3106.owl;SubClassOf(<http://purl.obolibrary.org/obo/GO_0004611> <http://purl.obolibrary.org/obo/GO_0016831>);0;;0;;0;;0;;0;;0.0
ore_ont_3106.owl;SubClassOf(<http://purl.obolibrary.org/obo/GO_0001664> <http://purl.obolibrary.org/obo/GO_0005515>);2;0.4732208363903154;1;0.2010271460014673;2;0.4732208363903154;2;0.4732208363903154;1;0.2010271460014673;2.0
ore_ont_3106.owl;SubClassOf(<http://purl.obolibrary.org/obo/GO_0016709> <http://purl.obolibrary.org/obo/GO_0016705>);0;;0;;0;;0;;0;;0.0
ore_ont_10389.owl;SubClassOf(<http://purl.obolibrary.org/obo/MP_0002962> <http://purl.obolibrary.org/obo/MP_0009643>);2;0.7030254777070064;1;0.4307324840764332;2;0.7030254777070064;2;0.7030254777070064;1;0.4307324840764332;2.0
ore_ont_10389.owl;SubClassOf(<http://purl.obolibrary.org/obo/MP_0005118> <http://purl.obolibrary.org/obo/MP_0005418>);2;1.0;2;1.0;2;1.0;2;1.0;2;1.0;1.0
ore_ont_10389.owl;SubClassOf(<http://purl.obolibrary.org/obo/MP_0009643> <http://purl.obolibrary.org/obo/MP_0000001>);6;0.3156424581005585;2;0.5041899441340781;6;0.3156424581005585;6;0.3156424581005585;4;0.5460893854748603;3.0
ore_ont_10389.owl;SubClassOf(<http://purl.obolibrary.org/obo/MP_0002206> <http://purl.obolibrary.org/obo/MP_0003633>);2;0.2725832012678288;1;0.589540412044374;2;0.2725832012678288;2;0.2725832012678288;2;0.2725832012678288;1.0
ore_ont_10389.owl;SubClassOf(<http://purl.obolibrary.org/obo/MP_0005563> <http://purl.obolibrary.org/obo/MP_0002447>);2;0.5256484149855909;1;0.7504322766570606;2;0.5256484149855909;2;0.5256484149855909;2;0.5256484149855909;1.0
ore_ont_10389.owl;SubClassOf(<http://purl.obolibrary.org/obo/MP_0000965> <http://purl.obolibrary.org/obo/MP_0002882>);0;;0;;0;;0;;0;;0.0
ore_ont_10389.owl;SubClassOf(<http://purl.obolibrary.org/obo/MP_0009643> <http://purl.obolibrary.org/obo/MP_0001764>);0;;0;;0;;0;;0;;0.0
ore_ont_10389.owl;SubClassOf(<http://purl.obolibrary.org/obo/MP_0005325> <http://purl.obolibrary.org/obo/MP_0002135>);5;0.4332493702770781;1;0.763853904282116;1;0.763853904282116;1;0.763853904282116;1;0.763853904282116;2.0
ore_ont_10389.owl;SubClassOf(<http://purl.obolibrary.org/obo/MP_0006042> <http://purl.obolibrary.org/obo/MP_0001648>);0;;0;;0;;0;;0;;0.0
ore_ont_10389.owl;SubClassOf(<http://purl.obolibrary.org/obo/MP_0001851> <http://purl.obolibrary.org/obo/MP_0001846>);0;;0;;0;;0;;0;;0.0
ore_ont_8329.owl;SubClassOf(<http://purl.obolibrary.org/obo/ZFS_0000027> <http://purl.obolibrary.org/obo/ZFS_0100000>);0;;0;;0;;0;;0;;0.0
ore_ont_8329.owl;SubClassOf(<http://purl.obolibrary.org/obo/ZFA_0000005> <http://purl.obolibrary.org/obo/ZFA_0001488>);2;0.9811489760188918;1;0.962012947355564;2;0.9811489760188918;2;0.9811489760188918;1;0.962012947355564;3.0
ore_ont_8329.owl;SubClassOf(<http://purl.obolibrary.org/obo/ZFS_0000024> <http://purl.obolibrary.org/obo/ZFS_0100000>);0;;0;;0;;0;;0;;0.0
ore_ont_8329.owl;SubClassOf(<http://purl.obolibrary.org/obo/ZFS_0000025> <http://purl.obolibrary.org/obo/ZFS_0100000>);0;;0;;0;;0;;0;;0.0
ore_ont_8329.owl;SubClassOf(<http://purl.obolibrary.org/obo/ZFS_0000034> <http://purl.obolibrary.org/obo/ZFS_0100000>);0;;0;;0;;0;;0;;0.0
ore_ont_8329.owl;SubClassOf(<http://purl.obolibrary.org/obo/ZFS_0000044> <http://purl.obolibrary.org/obo/ZFS_0100000>);0;;0;;0;;0;;0;;0.0
ore_ont_8329.owl;SubClassOf(<http://purl.obolibrary.org/obo/ZFS_0000000> <http://purl.obolibrary.org/obo/ZFS_0100000>);0;;0;;0;;0;;0;;0.0
ore_ont_8329.owl;SubClassOf(<http://purl.obolibrary.org/obo/ZFA_0001591> <http://purl.obolibrary.org/obo/ZFA_0001477>);5;0.9806192389506032;1;0.9099503663436544;5;0.9806192389506032;5;0.9806192389506032;1;0.9099503663436544;1.0
ore_ont_8329.owl;SubClassOf(<http://purl.obolibrary.org/obo/ZFS_0000028> <http://purl.obolibrary.org/obo/ZFS_0100000>);0;;0;;0;;0;;0;;0.0
ore_ont_8329.owl;SubClassOf(<http://purl.obolibrary.org/obo/ZFS_0000029> <http://purl.obolibrary.org/obo/ZFS_0100000>);0;;0;;0;;0;;0;;0.0
ore_ont_13141.owl;SubClassOf(<http://www.ontologydesignpatterns.org/ont/fao/asfa.owl#Rifting> <http://www.ontologydesignpatterns.org/ont/own/own16.owl#PHENOMENON_1>);0;;0;;0;;0;;0;;0.0
ore_ont_13141.owl;SubClassOf(<http://www.ontologydesignpatterns.org/ont/fao/asfa.owl#Environmental_assessment> <http://www.ontologydesignpatterns.org/ont/own/own16.owl#ACT%24HUMAN_ACTION%24HUMAN_ACTIVITY>);0;;0;;0;;0;;0;;0.0
ore_ont_13141.owl;SubClassOf(<http://www.ontologydesignpatterns.org/ont/fao/asfa.owl#Organic_compounds> <http://www.ontologydesignpatterns.org/ont/fao/asfa.owl#Chemical_compounds>);0;;0;;0;;0;;0;;0.0
ore_ont_13141.owl;SubClassOf(<http://www.ontologydesignpatterns.org/ont/fao/asfa.owl#Uranium-234%2Furanium-238_ratio> <http://www.ontologydesignpatterns.org/ont/own/own16.owl#MEASURE%24QUANTITY%24AMOUNT%24QUANTUM>);0;;0;;0;;0;;0;;0.0
ore_ont_13141.owl;SubClassOf(<http://www.ontologydesignpatterns.org/ont/fao/asfa.owl#Navigational_aids> <http://www.ontologydesignpatterns.org/ont/own/own16.owl#INSTRUMENTALITY%24INSTRUMENTATION>);0;;0;;0;;0;;0;;0.0
ore_ont_13141.owl;SubClassOf(<http://www.ontologydesignpatterns.org/ont/fao/asfa.owl#Nickel> <http://www.ontologydesignpatterns.org/ont/fao/asfa.owl#Heavy_metals>);0;;0;;0;;0;;0;;0.0
ore_ont_13141.owl;SubClassOf(<http://www.ontologydesignpatterns.org/ont/fao/asfa.owl#Measuring_devices> <http://www.ontologydesignpatterns.org/ont/fao/asfa.owl#Equipment>);0;;0;;0;;0;;0;;0.0
ore_ont_13141.owl;SubClassOf(<http://www.ontologydesignpatterns.org/ont/fao/asfa.owl#Carbon_isotopes> <http://www.ontologydesignpatterns.org/ont/fao/asfa.owl#Isotopes>);0;;0;;0;;0;;0;;0.0
ore_ont_13141.owl;SubClassOf(<http://www.ontologydesignpatterns.org/ont/fao/asfa.owl#Separation_processes> <http://www.ontologydesignpatterns.org/ont/own/own16.owl#NATURAL_PROCESS%24NATURAL_ACTION%24ACTION%24ACTIVITY>);0;;0;;0;;0;;0;;0.0
ore_ont_13141.owl;SubClassOf(<http://www.ontologydesignpatterns.org/ont/fao/asfa.owl#Light_measuring_instruments> <http://www.ontologydesignpatterns.org/ont/fao/asfa.owl#Measuring_devices>);0;;0;;0;;0;;0;;0.0
ore_ont_10280.owl;SubClassOf(<http://purl.obolibrary.org/obo/FB_FBgn0039805> <http://purl.obolibrary.org/obo/PANTHER_PTHR10380>);0;;0;;0;;0;;0;;0.0
ore_ont_10280.owl;SubClassOf(<http://purl.obolibrary.org/obo/FB_FBgn0028517> <http://purl.obolibrary.org/obo/PANTHER_PTHR24268>);0;;0;;0;;0;;0;;0.0
ore_ont_10280.owl;SubClassOf(<http://purl.obolibrary.org/obo/FB_FBgn0043550> <http://purl.obolibrary.org/obo/PANTHER_PTHR19282>);0;;0;;0;;0;;0;;0.0
ore_ont_10280.owl;SubClassOf(<http://purl.obolibrary.org/obo/FB_FBgn0029928> <http://purl.obolibrary.org/obo/PANTHER_PTHR11389>);0;;0;;0;;0;;0;;0.0
ore_ont_10280.owl;SubClassOf(<http://purl.obolibrary.org/obo/FB_FBgn0040383> <http://purl.obolibrary.org/obo/PANTHER_PTHR24089>);0;;0;;0;;0;;0;;0.0
ore_ont_10280.owl;SubClassOf(<http://purl.obolibrary.org/obo/FB_FBgn0051876> <http://purl.obolibrary.org/obo/PANTHER_PTHR12236>);0;;0;;0;;0;;0;;0.0
ore_ont_10280.owl;SubClassOf(<http://purl.obolibrary.org/obo/FB_FBgn0038020> <http://purl.obolibrary.org/obo/PANTHER_PTHR11260>);0;;0;;0;;0;;0;;0.0
ore_ont_10280.owl;SubClassOf(<http://purl.obolibrary.org/obo/FB_FBgn0037591> <http://purl.obolibrary.org/obo/PANTHER_PTHR21137>);0;;0;;0;;0;;0;;0.0
ore_ont_10280.owl;SubClassOf(<http://purl.obolibrary.org/obo/FB_FBgn0051975> <http://purl.obolibrary.org/obo/PANTHER_PTHR11012>);0;;0;;0;;0;;0;;0.0
ore_ont_10280.owl;SubClassOf(<http://purl.obolibrary.org/obo/FB_FBgn0038481> <http://purl.obolibrary.org/obo/PANTHER_PTHR24260>);0;;0;;0;;0;;0;;0.0
ore_ont_12161.owl;SubClassOf(<http://purl.obolibrary.org/obo/MP_0002962> <http://purl.obolibrary.org/obo/MP_0009643>);2;0.7001569858712716;1;0.424646781789639;2;0.7001569858712716;2;0.7001569858712716;1;0.424646781789639;2.0
ore_ont_12161.owl;SubClassOf(<http://purl.obolibrary.org/obo/MP_0002151> <http://purl.obolibrary.org/obo/MP_0002085>);0;;0;;0;;0;;0;;0.0
ore_ont_12161.owl;SubClassOf(<http://purl.obolibrary.org/obo/MP_0009643> <http://purl.obolibrary.org/obo/MP_0000001>);6;0.3127629733520337;2;0.5021037868162692;6;0.3127629733520337;6;0.3127629733520337;2;0.5021037868162692;2.0
ore_ont_12161.owl;SubClassOf(<http://purl.obolibrary.org/obo/MP_0002206> <http://purl.obolibrary.org/obo/MP_0003633>);2;0.2555720653789005;1;0.5839524517087668;2;0.2555720653789005;2;0.2555720653789005;1;0.5839524517087668;2.0
ore_ont_12161.owl;SubClassOf(<http://purl.obolibrary.org/obo/MP_0005563> <http://purl.obolibrary.org/obo/MP_0002447>);2;0.51847640704946;1;0.7453098351335986;2;0.51847640704946;2;0.51847640704946;2;0.51847640704946;1.0
ore_ont_12161.owl;SubClassOf(<http://purl.obolibrary.org/obo/MP_0008987> <http://purl.obolibrary.org/obo/MP_0000598>);2;0.6552984165651644;1;0.3556638246041413;2;0.6552984165651644;2;0.6552984165651644;2;0.6552984165651644;1.0
ore_ont_12161.owl;SubClassOf(<http://purl.obolibrary.org/obo/MP_0000965> <http://purl.obolibrary.org/obo/MP_0002882>);0;;0;;0;;0;;0;;0.0
ore_ont_12161.owl;SubClassOf(<http://purl.obolibrary.org/obo/MP_0000352> <http://purl.obolibrary.org/obo/MP_0000350>);0;;0;;0;;0;;0;;0.0
ore_ont_12161.owl;SubClassOf(<http://purl.obolibrary.org/obo/MP_0005325> <http://purl.obolibrary.org/obo/MP_0002135>);5;0.4318749999999999;1;0.76375;1;0.76375;1;0.76375;1;0.76375;2.0
ore_ont_12161.owl;SubClassOf(<http://purl.obolibrary.org/obo/MP_0001851> <http://purl.obolibrary.org/obo/MP_0001846>);0;;0;;0;;0;;0;;0.0
ore_ont_6751.owl;SubClassOf(<http://purl.obolibrary.org/obo/MP_0002962> <http://purl.obolibrary.org/obo/MP_0009643>);2;0.7142857142857142;1;0.4517576664173522;2;0.7142857142857142;2;0.7142857142857142;1;0.4517576664173522;3.0
ore_ont_6751.owl;SubClassOf(<http://purl.obolibrary.org/obo/MP_0002151> <http://purl.obolibrary.org/obo/MP_0002085>);0;;0;;0;;0;;0;;0.0
ore_ont_6751.owl;SubClassOf(<http://purl.obolibrary.org/obo/MP_0009643> <http://purl.obolibrary.org/obo/MP_0000001>);6;0.3535620052770449;2;0.5316622691292876;6;0.3535620052770449;6;0.3535620052770449;3;0.600263852242744;2.0
ore_ont_6751.owl;SubClassOf(<http://purl.obolibrary.org/obo/MP_0002206> <http://purl.obolibrary.org/obo/MP_0003633>);2;0.2933709449929478;1;0.6050775740479548;2;0.2933709449929478;2;0.2933709449929478;1;0.6050775740479548;2.0
ore_ont_6751.owl;SubClassOf(<http://purl.obolibrary.org/obo/MP_0005563> <http://purl.obolibrary.org/obo/MP_0002447>);2;0.5374112506826871;1;0.7553249590387767;2;0.5374112506826871;2;0.5374112506826871;1;0.7553249590387767;1.0
ore_ont_6751.owl;SubClassOf(<http://purl.obolibrary.org/obo/MP_0008987> <http://purl.obolibrary.org/obo/MP_0000598>);2;0.6732101616628176;1;0.3891454965357968;2;0.6732101616628176;2;0.6732101616628176;1;0.3891454965357968;2.0
ore_ont_6751.owl;SubClassOf(<http://purl.obolibrary.org/obo/MP_0000965> <http://purl.obolibrary.org/obo/MP_0002882>);0;;0;;0;;0;;0;;0.0
ore_ont_6751.owl;SubClassOf(<http://purl.obolibrary.org/obo/MP_0000352> <http://purl.obolibrary.org/obo/MP_0000350>);0;;0;;0;;0;;0;;0.0
ore_ont_6751.owl;SubClassOf(<http://purl.obolibrary.org/obo/MP_0005325> <http://purl.obolibrary.org/obo/MP_0002135>);5;0.4533974744437763;1;0.7726999398677089;1;0.7726999398677089;1;0.7726999398677089;1;0.7726999398677089;2.0
ore_ont_6751.owl;SubClassOf(<http://purl.obolibrary.org/obo/MP_0001851> <http://purl.obolibrary.org/obo/MP_0001846>);0;;0;;0;;0;;0;;0.0
ore_ont_11452.owl;SubClassOf(<http://purl.obolibrary.org/obo/MP_0002962> <http://purl.obolibrary.org/obo/MP_0009643>);2;0.7001569858712716;1;0.424646781789639;2;0.7001569858712716;2;0.7001569858712716;1;0.424646781789639;3.0
ore_ont_11452.owl;SubClassOf(<http://purl.obolibrary.org/obo/MP_0002151> <http://purl.obolibrary.org/obo/MP_0002085>);0;;0;;0;;0;;0;;0.0
ore_ont_11452.owl;SubClassOf(<http://purl.obolibrary.org/obo/MP_0009643> <http://purl.obolibrary.org/obo/MP_0000001>);6;0.3127629733520337;2;0.5021037868162692;6;0.3127629733520337;6;0.3127629733520337;3;0.5750350631136045;2.0
ore_ont_11452.owl;SubClassOf(<http://purl.obolibrary.org/obo/MP_0002206> <http://purl.obolibrary.org/obo/MP_0003633>);2;0.2510948905109489;1;0.5824817518248177;2;0.2510948905109489;2;0.2510948905109489;2;0.2510948905109489;3.0
ore_ont_11452.owl;SubClassOf(<http://purl.obolibrary.org/obo/MP_0005563> <http://purl.obolibrary.org/obo/MP_0002447>);2;0.51847640704946;1;0.7453098351335986;2;0.51847640704946;2;0.51847640704946;1;0.7453098351335986;2.0
ore_ont_11452.owl;SubClassOf(<http://purl.obolibrary.org/obo/MP_0008987> <http://purl.obolibrary.org/obo/MP_0000598>);2;0.6552984165651644;1;0.3556638246041413;2;0.6552984165651644;2;0.6552984165651644;2;0.6552984165651644;1.0
ore_ont_11452.owl;SubClassOf(<http://purl.obolibrary.org/obo/MP_0000965> <http://purl.obolibrary.org/obo/MP_0002882>);0;;0;;0;;0;;0;;0.0
ore_ont_11452.owl;SubClassOf(<http://purl.obolibrary.org/obo/MP_0000352> <http://purl.obolibrary.org/obo/MP_0000350>);0;;0;;0;;0;;0;;0.0
ore_ont_11452.owl;SubClassOf(<http://purl.obolibrary.org/obo/MP_0005325> <http://purl.obolibrary.org/obo/MP_0002135>);5;0.4318749999999999;1;0.76375;1;0.76375;1;0.76375;1;0.76375;4.0
ore_ont_11452.owl;SubClassOf(<http://purl.obolibrary.org/obo/MP_0001851> <http://purl.obolibrary.org/obo/MP_0001846>);0;;0;;0;;0;;0;;0.0
ore_ont_6869.owl;SubClassOf(<http://purl.obolibrary.org/obo/HP_0003907> <http://purl.obolibrary.org/obo/HP_0003063>);0;;0;;0;;0;;0;;0.0
ore_ont_6869.owl;SubClassOf(<http://purl.obolibrary.org/obo/HP_0000107> <http://purl.obolibrary.org/obo/HP_0000077>);0;;0;;0;;0;;0;;0.0
ore_ont_6869.owl;SubClassOf(<http://purl.obolibrary.org/obo/HP_0001167> <http://purl.obolibrary.org/obo/HP_0001155>);0;;0;;0;;0;;0;;0.0
ore_ont_6869.owl;SubClassOf(<http://purl.obolibrary.org/obo/HP_0000926> <http://purl.obolibrary.org/obo/HP_0003312>);0;;0;;0;;0;;0;;0.0
ore_ont_6869.owl;SubClassOf(<http://purl.obolibrary.org/obo/HP_0010161> <http://purl.obolibrary.org/obo/HP_0001780>);0;;0;;0;;0;;0;;0.0
ore_ont_6869.owl;SubClassOf(<http://purl.obolibrary.org/obo/HP_0001780> <http://purl.obolibrary.org/obo/HP_0001760>);0;;0;;0;;0;;0;;0.0
ore_ont_6869.owl;SubClassOf(<http://purl.obolibrary.org/obo/HP_0003355> <http://purl.obolibrary.org/obo/HP_0003110>);0;;0;;0;;0;;0;;0.0
ore_ont_6869.owl;SubClassOf(<http://purl.obolibrary.org/obo/HP_0002093> <http://purl.obolibrary.org/obo/HP_0002088>);0;;0;;0;;0;;0;;0.0
ore_ont_6869.owl;SubClassOf(<http://purl.obolibrary.org/obo/HP_0001103> <http://purl.obolibrary.org/obo/HP_0000479>);0;;0;;0;;0;;0;;0.0
ore_ont_6869.owl;SubClassOf(<http://purl.obolibrary.org/obo/HP_0003110> <http://purl.obolibrary.org/obo/HP_0001939>);0;;0;;0;;0;;0;;0.0
ore_ont_3712.owl;SubClassOf(<http://purl.obolibrary.org/obo/HP_0003907> <http://purl.obolibrary.org/obo/HP_0003063>);0;;0;;0;;0;;0;;0.0
ore_ont_3712.owl;SubClassOf(<http://purl.obolibrary.org/obo/HP_0000107> <http://purl.obolibrary.org/obo/HP_0000077>);0;;0;;0;;0;;0;;0.0
ore_ont_3712.owl;SubClassOf(<http://purl.obolibrary.org/obo/HP_0000926> <http://purl.obolibrary.org/obo/HP_0003312>);0;;0;;0;;0;;0;;0.0
ore_ont_3712.owl;SubClassOf(<http://purl.obolibrary.org/obo/HP_0001780> <http://purl.obolibrary.org/obo/HP_0001760>);0;;0;;0;;0;;0;;0.0
ore_ont_3712.owl;SubClassOf(<http://purl.obolibrary.org/obo/HP_0003355> <http://purl.obolibrary.org/obo/HP_0003110>);0;;0;;0;;0;;0;;0.0
ore_ont_3712.owl;SubClassOf(<http://purl.obolibrary.org/obo/HP_0002514> <http://purl.obolibrary.org/obo/HP_0010766>);0;;0;;0;;0;;0;;0.0
ore_ont_3712.owl;SubClassOf(<http://purl.obolibrary.org/obo/HP_0002093> <http://purl.obolibrary.org/obo/HP_0002088>);0;;0;;0;;0;;0;;0.0
ore_ont_3712.owl;SubClassOf(<http://purl.obolibrary.org/obo/HP_0001103> <http://purl.obolibrary.org/obo/HP_0000479>);0;;0;;0;;0;;0;;0.0
ore_ont_3712.owl;SubClassOf(<http://purl.obolibrary.org/obo/HP_0003110> <http://purl.obolibrary.org/obo/HP_0001939>);0;;0;;0;;0;;0;;0.0
ore_ont_3712.owl;SubClassOf(<http://purl.obolibrary.org/obo/HP_0011001> <http://purl.obolibrary.org/obo/HP_0004348>);0;;0;;0;;0;;0;;0.0
ore_ont_4732.owl;SubClassOf(<http://purl.obolibrary.org/obo/MP_0002962> <http://purl.obolibrary.org/obo/MP_0009643>);2;0.6971560338201382;1;0.4227517294388931;2;0.6971560338201382;2;0.6971560338201382;1;0.4227517294388931;3.0
ore_ont_4732.owl;SubClassOf(<http://purl.obolibrary.org/obo/MP_0002151> <http://purl.obolibrary.org/obo/MP_0002085>);0;;0;;0;;0;;0;;0.0
ore_ont_4732.owl;SubClassOf(<http://purl.obolibrary.org/obo/MP_0009643> <http://purl.obolibrary.org/obo/MP_0000001>);6;0.3269230769230768;2;0.4958791208791208;6;0.3269230769230768;6;0.3269230769230768;6;0.4381868131868131;1.0
ore_ont_4732.owl;SubClassOf(<http://purl.obolibrary.org/obo/MP_0012579> <http://purl.obolibrary.org/obo/MP_0005584>);0;;0;;0;;0;;0;;0.0
ore_ont_4732.owl;SubClassOf(<http://purl.obolibrary.org/obo/MP_0002206> <http://purl.obolibrary.org/obo/MP_0003633>);2;0.2533136966126658;1;0.5832106038291607;2;0.2533136966126658;2;0.2533136966126658;2;0.2533136966126658;1.0
ore_ont_4732.owl;SubClassOf(<http://purl.obolibrary.org/obo/MP_0005563> <http://purl.obolibrary.org/obo/MP_0002447>);2;0.520113314447592;1;0.7461756373937677;2;0.520113314447592;2;0.520113314447592;1;0.7461756373937677;4.0
ore_ont_4732.owl;SubClassOf(<http://purl.obolibrary.org/obo/MP_0000965> <http://purl.obolibrary.org/obo/MP_0002882>);0;;0;;0;;0;;0;;0.0
ore_ont_4732.owl;SubClassOf(<http://purl.obolibrary.org/obo/MP_0011368> <http://purl.obolibrary.org/obo/MP_0006042>);0;;0;;0;;0;;0;;0.0
ore_ont_4732.owl;SubClassOf(<http://purl.obolibrary.org/obo/MP_0005325> <http://purl.obolibrary.org/obo/MP_0002135>);5;0.4318749999999999;1;0.76375;1;0.76375;1;0.76375;1;0.76375;1.0
ore_ont_4732.owl;SubClassOf(<http://purl.obolibrary.org/obo/MP_0001851> <http://purl.obolibrary.org/obo/MP_0001846>);0;;0;;0;;0;;0;;0.0
ore_ont_9612.owl;SubClassOf(<http://purl.obolibrary.org/obo/IMR_0000299> <http://purl.obolibrary.org/obo/IMR_0010044>);3;0.9994870083314792;1;0.9993077702786224;3;0.9994870083314792;3;0.9994870083314792;2;0.9989781370779665;3.0
ore_ont_9612.owl;SubClassOf(<http://purl.obolibrary.org/obo/IMR_0000397> <http://purl.obolibrary.org/obo/IMR_0000369>);0;;0;;0;;0;;0;;0.0
ore_ont_9612.owl;SubClassOf(<http://purl.obolibrary.org/obo/IMR_0010047> <http://purl.obolibrary.org/obo/IMR_0000952>);0;;0;;0;;0;;0;;0.0
ore_ont_9612.owl;SubClassOf(<http://purl.obolibrary.org/obo/IMR_0002102> <http://purl.obolibrary.org/obo/IMR_0002096>);0;;0;;0;;0;;0;;0.0
ore_ont_9612.owl;SubClassOf(<http://purl.obolibrary.org/obo/IMR_0010489> <http://purl.obolibrary.org/obo/IMR_0000897>);0;;0;;0;;0;;0;;0.0
ore_ont_9612.owl;SubClassOf(<http://purl.obolibrary.org/obo/IMR_0000191> <http://purl.obolibrary.org/obo/IMR_0000949>);6;0.9985266001592684;1;0.9967726327319892;2;0.9961342154691863;2;0.9961342154691863;6;0.9974362506762182;1.0
ore_ont_9612.owl;SubClassOf(<http://purl.obolibrary.org/obo/IMR_0002103> <http://purl.obolibrary.org/obo/IMR_0002096>);0;;0;;0;;0;;0;;0.0
ore_ont_9612.owl;SubClassOf(<http://purl.obolibrary.org/obo/IMR_0002818> <http://purl.obolibrary.org/obo/IMR_0001998>);0;;0;;0;;0;;0;;0.0
ore_ont_9612.owl;SubClassOf(<http://purl.obolibrary.org/obo/IMR_0001577> <http://purl.obolibrary.org/obo/IMR_0000299>);0;;0;;0;;0;;0;;0.0
ore_ont_9612.owl;SubClassOf(<http://purl.obolibrary.org/obo/IMR_0010046> <http://purl.obolibrary.org/obo/IMR_0010053>);0;;0;;0;;0;;0;;0.0
ore_ont_6358.owl;SubClassOf(<http://purl.obolibrary.org/obo/HP_0005920> <http://purl.obolibrary.org/obo/HP_0001155>);5;0.8451664661050944;3;0.901323706377858;5;0.8451664661050944;5;0.8451664661050944;4;0.8596068993180909;1.0
ore_ont_6358.owl;SubClassOf(<http://purl.obolibrary.org/obo/HP_0003907> <http://purl.obolibrary.org/obo/HP_0003063>);0;;0;;0;;0;;0;;0.0
ore_ont_6358.owl;SubClassOf(<http://purl.obolibrary.org/obo/HP_0010161> <http://purl.obolibrary.org/obo/HP_0001780>);0;;0;;0;;0;;0;;0.0
ore_ont_6358.owl;SubClassOf(<http://purl.obolibrary.org/obo/HP_0000926> <http://purl.obolibrary.org/obo/HP_0003312>);0;;0;;0;;0;;0;;0.0
ore_ont_6358.owl;SubClassOf(<http://purl.obolibrary.org/obo/HP_0001780> <http://purl.obolibrary.org/obo/HP_0001760>);0;;0;;0;;0;;0;;0.0
ore_ont_6358.owl;SubClassOf(<http://purl.obolibrary.org/obo/HP_0003355> <http://purl.obolibrary.org/obo/HP_0003110>);2;0.970314318975553;1;0.8009313154831201;2;0.970314318975553;2;0.970314318975553;1;0.8009313154831201;3.0
ore_ont_6358.owl;SubClassOf(<http://purl.obolibrary.org/obo/HP_0002360> <http://purl.obolibrary.org/obo/HP_0000708>);0;;0;;0;;0;;0;;0.0
ore_ont_6358.owl;SubClassOf(<http://purl.obolibrary.org/obo/HP_0002093> <http://purl.obolibrary.org/obo/HP_0002088>);0;;0;;0;;0;;0;;0.0
ore_ont_6358.owl;SubClassOf(<http://purl.obolibrary.org/obo/HP_0001103> <http://purl.obolibrary.org/obo/HP_0000479>);0;;0;;0;;0;;0;;0.0
ore_ont_6358.owl;SubClassOf(<http://purl.obolibrary.org/obo/HP_0003110> <http://purl.obolibrary.org/obo/HP_0001939>);0;;0;;0;;0;;0;;0.0
ore_ont_7218.owl;SubClassOf(<http://purl.obolibrary.org/obo/ZFS_0000027> <http://purl.obolibrary.org/obo/ZFS_0100000>);0;;0;;0;;0;;0;;0.0
ore_ont_7218.owl;SubClassOf(<http://purl.obolibrary.org/obo/ZFA_0000005> <http://purl.obolibrary.org/obo/ZFA_0001488>);2;0.9861021954037746;1;0.9710168185903196;2;0.9861021954037746;2;0.9861021954037746;2;0.9861021954037746;2.0
ore_ont_7218.owl;SubClassOf(<http://purl.obolibrary.org/obo/ZFS_0000024> <http://purl.obolibrary.org/obo/ZFS_0100000>);0;;0;;0;;0;;0;;0.0
ore_ont_7218.owl;SubClassOf(<http://purl.obolibrary.org/obo/ZFS_0000025> <http://purl.obolibrary.org/obo/ZFS_0100000>);0;;0;;0;;0;;0;;0.0
ore_ont_7218.owl;SubClassOf(<http://purl.obolibrary.org/obo/ZFS_0000034> <http://purl.obolibrary.org/obo/ZFS_0100000>);0;;0;;0;;0;;0;;0.0
ore_ont_7218.owl;SubClassOf(<http://purl.obolibrary.org/obo/ZFS_0000044> <http://purl.obolibrary.org/obo/ZFS_0100000>);0;;0;;0;;0;;0;;0.0
ore_ont_7218.owl;SubClassOf(<http://purl.obolibrary.org/obo/ZFS_0000000> <http://purl.obolibrary.org/obo/ZFS_0100000>);0;;0;;0;;0;;0;;0.0
ore_ont_7218.owl;SubClassOf(<http://purl.obolibrary.org/obo/ZFA_0001591> <http://purl.obolibrary.org/obo/ZFA_0001477>);5;0.9842375261513776;1;0.9242541483965268;5;0.9842375261513776;5;0.9842375261513776;2;0.9349726306135904;2.0
ore_ont_7218.owl;SubClassOf(<http://purl.obolibrary.org/obo/ZFS_0000028> <http://purl.obolibrary.org/obo/ZFS_0100000>);0;;0;;0;;0;;0;;0.0
ore_ont_7218.owl;SubClassOf(<http://purl.obolibrary.org/obo/ZFS_0000029> <http://purl.obolibrary.org/obo/ZFS_0100000>);0;;0;;0;;0;;0;;0.0
ore_ont_4460.owl;SubClassOf(<http://purl.obolibrary.org/obo/HP_0003907> <http://purl.obolibrary.org/obo/HP_0003063>);0;;0;;0;;0;;0;;0.0
ore_ont_4460.owl;SubClassOf(<http://purl.obolibrary.org/obo/HP_0010161> <http://purl.obolibrary.org/obo/HP_0001780>);0;;0;;0;;0;;0;;0.0
ore_ont_4460.owl;SubClassOf(<http://purl.obolibrary.org/obo/HP_0000926> <http://purl.obolibrary.org/obo/HP_0003312>);0;;0;;0;;0;;0;;0.0
ore_ont_4460.owl;SubClassOf(<http://purl.obolibrary.org/obo/HP_0001780> <http://purl.obolibrary.org/obo/HP_0001760>);0;;0;;0;;0;;0;;0.0
ore_ont_4460.owl;SubClassOf(<http://purl.obolibrary.org/obo/HP_0003355> <http://purl.obolibrary.org/obo/HP_0003110>);2;0.9691075514874145;1;0.7991990846681923;2;0.9691075514874145;2;0.9691075514874145;1;0.7991990846681923;3.0
ore_ont_4460.owl;SubClassOf(<http://purl.obolibrary.org/obo/HP_0002360> <http://purl.obolibrary.org/obo/HP_0000708>);0;;0;;0;;0;;0;;0.0
ore_ont_4460.owl;SubClassOf(<http://purl.obolibrary.org/obo/HP_0002093> <http://purl.obolibrary.org/obo/HP_0002088>);0;;0;;0;;0;;0;;0.0
ore_ont_4460.owl;SubClassOf(<http://purl.obolibrary.org/obo/HP_0001103> <http://purl.obolibrary.org/obo/HP_0000479>);0;;0;;0;;0;;0;;0.0
ore_ont_4460.owl;SubClassOf(<http://purl.obolibrary.org/obo/HP_0003110> <http://purl.obolibrary.org/obo/HP_0001939>);0;;0;;0;;0;;0;;0.0
ore_ont_4460.owl;SubClassOf(<http://purl.obolibrary.org/obo/HP_0005918> <http://purl.obolibrary.org/obo/HP_0001155>);2;0.7606768734891217;1;0.8771152296535052;2;0.7606768734891217;2;0.7606768734891217;1;0.8771152296535052;1.0
ore_ont_8492.owl;SubClassOf(<http://purl.obolibrary.org/obo/WBbt_0004400> <http://purl.obolibrary.org/obo/WBbt_0008069>);0;;0;;0;;0;;0;;0.0
ore_ont_8492.owl;SubClassOf(<http://purl.obolibrary.org/obo/WBbt_0008070> <http://purl.obolibrary.org/obo/WBbt_0005757>);0;;0;;0;;0;;0;;0.0
ore_ont_8492.owl;SubClassOf(<http://purl.obolibrary.org/obo/WBbt_0004047> <http://purl.obolibrary.org/obo/WBbt_0005154>);0;;0;;0;;0;;0;;0.0
ore_ont_8492.owl;SubClassOf(<http://purl.obolibrary.org/obo/WBbt_0005045> <http://purl.obolibrary.org/obo/WBbt_0005113>);0;;0;;0;;0;;0;;0.0
ore_ont_8492.owl;SubClassOf(<http://purl.obolibrary.org/obo/WBbt_0003928> <http://purl.obolibrary.org/obo/WBbt_0007028>);0;;0;;0;;0;;0;;0.0
ore_ont_8492.owl;SubClassOf(<http://purl.obolibrary.org/obo/WBbt_0004708> <http://purl.obolibrary.org/obo/WBbt_0007030>);2;0.987664384023924;1;0.9942059985566916;2;0.987664384023924;2;0.987664384023924;1;0.9942059985566916;1.0
ore_ont_8492.owl;SubClassOf(<http://purl.obolibrary.org/obo/WBbt_0007064> <http://purl.obolibrary.org/obo/WBbt_0006925>);0;;0;;0;;0;;0;;0.0
ore_ont_8492.owl;SubClassOf(<http://purl.obolibrary.org/obo/WBbt_0005246> <http://purl.obolibrary.org/obo/WBbt_0006751>);0;;0;;0;;0;;0;;0.0
ore_ont_8492.owl;SubClassOf(<http://purl.obolibrary.org/obo/WBbt_0008071> <http://purl.obolibrary.org/obo/WBbt_0008074>);2;0.9997814668011648;2;0.9997814668011648;2;0.9997814668011648;2;0.9997814668011648;1;1.0;1.0
ore_ont_8492.owl;SubClassOf(<http://purl.obolibrary.org/obo/WBbt_0005371> <http://purl.obolibrary.org/obo/WBbt_0005135>);2;0.999559868379687;1;0.9998113721627228;2;0.999559868379687;2;0.999559868379687;1;0.9998113721627228;2.0
ore_ont_13000.owl;SubClassOf(<http://purl.obolibrary.org/obo/WBbt_0004400> <http://purl.obolibrary.org/obo/WBbt_0008069>);0;;0;;0;;0;;0;;0.0
ore_ont_13000.owl;SubClassOf(<http://purl.obolibrary.org/obo/WBbt_0008070> <http://purl.obolibrary.org/obo/WBbt_0005757>);0;;0;;0;;0;;0;;0.0
ore_ont_13000.owl;SubClassOf(<http://purl.obolibrary.org/obo/WBbt_0007834> <http://purl.obolibrary.org/obo/WBbt_0005113>);0;;0;;0;;0;;0;;0.0
ore_ont_13000.owl;SubClassOf(<http://purl.obolibrary.org/obo/WBbt_0003928> <http://purl.obolibrary.org/obo/WBbt_0007028>);0;;0;;0;;0;;0;;0.0
ore_ont_13000.owl;SubClassOf(<http://purl.obolibrary.org/obo/WBbt_0007064> <http://purl.obolibrary.org/obo/WBbt_0006925>);0;;0;;0;;0;;0;;0.0
ore_ont_13000.owl;SubClassOf(<http://purl.obolibrary.org/obo/WBbt_0005310> <http://purl.obolibrary.org/obo/WBbt_0005300>);0;;0;;0;;0;;0;;0.0
ore_ont_13000.owl;SubClassOf(<http://purl.obolibrary.org/obo/WBbt_0004003> <http://purl.obolibrary.org/obo/WBbt_0006751>);0;;0;;0;;0;;0;;0.0
ore_ont_13000.owl;SubClassOf(<http://purl.obolibrary.org/obo/WBbt_0008071> <http://purl.obolibrary.org/obo/WBbt_0008074>);2;0.9985124280831073;2;0.9985124280831073;2;0.9985124280831073;2;0.9985124280831073;2;0.9985124280831073;2.0
ore_ont_13000.owl;SubClassOf(<http://purl.obolibrary.org/obo/WBbt_0005371> <http://purl.obolibrary.org/obo/WBbt_0005135>);2;0.9988535138064728;1;0.999312108283884;2;0.9988535138064728;2;0.9988535138064728;1;0.999312108283884;1.0
ore_ont_13000.owl;SubClassOf(<http://purl.obolibrary.org/obo/WBbt_0007688> <http://purl.obolibrary.org/obo/WBbt_0007030>);2;0.987816264864935;2;0.988118858960892;2;0.987816264864935;2;0.987816264864935;2;0.9940194438320517;2.0
ore_ont_13852.owl;SubClassOf(<http://purl.org/obo/owl/EMAPA#EMAPA_27175> <http://purl.org/obo/owl/UBERON#UBERON_0003350>);0;;0;;0;;0;;0;;0.0
ore_ont_13852.owl;SubClassOf(<http://purl.org/obo/owl/EHDAA#EHDAA_524> <http://purl.org/obo/owl/UBERON#UBERON_0000925>);0;;0;;0;;0;;0;;0.0
ore_ont_13852.owl;SubClassOf(<http://purl.org/obo/owl/MAT#MAT_0000453> <http://purl.org/obo/owl/UBERON#UBERON_0002349>);0;;0;;0;;0;;0;;0.0
ore_ont_13852.owl;SubClassOf(<http://purl.org/obo/owl/EHDAA#EHDAA_703> <http://purl.org/obo/owl/UBERON#UBERON_0003089>);0;;0;;0;;0;;0;;0.0
ore_ont_13852.owl;SubClassOf(<http://purl.org/obo/owl/EHDAA#EHDAA_205> <http://purl.org/obo/owl/UBERON#UBERON_0003104>);0;;0;;0;;0;;0;;0.0
ore_ont_13852.owl;SubClassOf(<http://purl.org/obo/owl/EHDAA#EHDAA_138> <http://purl.org/obo/owl/UBERON#UBERON_0000924>);0;;0;;0;;0;;0;;0.0
ore_ont_13852.owl;SubClassOf(<http://purl.org/obo/owl/EHDAA#EHDAA_8027> <http://purl.org/obo/owl/UBERON#UBERON_0000483>);0;;0;;0;;0;;0;;0.0
ore_ont_13852.owl;SubClassOf(<http://purl.org/obo/owl/FMA#FMA_86666> <http://purl.org/obo/owl/UBERON#UBERON_0002342>);0;;0;;0;;0;;0;;0.0
ore_ont_13852.owl;SubClassOf(<http://purl.org/obo/owl/EHDAA#EHDAA_3698> <http://purl.org/obo/owl/UBERON#UBERON_0003079>);0;;0;;0;;0;;0;;0.0
ore_ont_13852.owl;SubClassOf(<http://purl.org/obo/owl/EHDAA#EHDAA_3494> <http://purl.org/obo/owl/UBERON#UBERON_0003054>);0;;0;;0;;0;;0;;0.0
ore_ont_6198.owl;SubClassOf(<http://purl.obolibrary.org/obo/TO_0000454> <http://purl.obolibrary.org/obo/TO_0000261>);0;;0;;0;;0;;0;;0.0
ore_ont_6198.owl;SubClassOf(<http://purl.obolibrary.org/obo/VT_0010323> <http://purl.obolibrary.org/obo/VT_0010374>);0;;0;;0;;0;;0;;0.0
ore_ont_6198.owl;SubClassOf(<http://purl.obolibrary.org/obo/TO_0000327> <http://purl.obolibrary.org/obo/TO_0000371>);0;;0;;0;;0;;0;;0.0
ore_ont_6198.owl;SubClassOf(<http://purl.obolibrary.org/obo/TO_0000419> <http://purl.obolibrary.org/obo/TO_0000748>);0;;0;;0;;0;;0;;0.0
ore_ont_6198.owl;SubClassOf(<http://purl.obolibrary.org/obo/TO_0000084> <http://purl.obolibrary.org/obo/TO_0000168>);0;;0;;0;;0;;0;;0.0
ore_ont_6198.owl;SubClassOf(<http://purl.obolibrary.org/obo/TO_0000667> <http://purl.obolibrary.org/obo/TO_0000162>);0;;0;;0;;0;;0;;0.0
ore_ont_6198.owl;SubClassOf(<http://purl.obolibrary.org/obo/TO_0000439> <http://purl.obolibrary.org/obo/OBA_0000001>);6;0.9544534412955464;1;0.955848561111719;6;0.9544534412955464;6;0.9544534412955464;1;0.955848561111719;1.0
ore_ont_6198.owl;SubClassOf(<http://purl.obolibrary.org/obo/VT_0000104> <http://purl.obolibrary.org/obo/OBA_1000067>);0;;0;;0;;0;;0;;0.0
ore_ont_6198.owl;SubClassOf(<http://purl.obolibrary.org/obo/TO_0001024> <http://purl.obolibrary.org/obo/TO_0000465>);0;;0;;0;;0;;0;;0.0
ore_ont_6198.owl;SubClassOf(<http://purl.obolibrary.org/obo/TO_0000664> <http://purl.obolibrary.org/obo/TO_0000439>);0;;0;;0;;0;;0;;0.0
ore_ont_4226.owl;SubClassOf(<http://purl.obolibrary.org/obo/WBbt_0004400> <http://purl.obolibrary.org/obo/WBbt_0008069>);0;;0;;0;;0;;0;;0.0
ore_ont_4226.owl;SubClassOf(<http://purl.obolibrary.org/obo/WBbt_0007834> <http://purl.obolibrary.org/obo/WBbt_0005113>);0;;0;;0;;0;;0;;0.0
ore_ont_4226.owl;SubClassOf(<http://purl.obolibrary.org/obo/WBbt_0003928> <http://purl.obolibrary.org/obo/WBbt_0007028>);0;;0;;0;;0;;0;;0.0
ore_ont_4226.owl;SubClassOf(<http://purl.obolibrary.org/obo/WBbt_0007064> <http://purl.obolibrary.org/obo/WBbt_0006925>);0;;0;;0;;0;;0;;0.0
ore_ont_4226.owl;SubClassOf(<http://purl.obolibrary.org/obo/WBbt_0005310> <http://purl.obolibrary.org/obo/WBbt_0005300>);0;;0;;0;;0;;0;;0.0
ore_ont_4226.owl;SubClassOf(<http://purl.obolibrary.org/obo/WBbt_0004003> <http://purl.obolibrary.org/obo/WBbt_0006751>);0;;0;;0;;0;;0;;0.0
ore_ont_4226.owl;SubClassOf(<http://purl.obolibrary.org/obo/WBbt_0008070> <http://purl.obolibrary.org/obo/WBbt_0008074>);2;1.0;1;0.9998871295154608;2;1.0;2;1.0;1;0.9998871295154608;1.0
ore_ont_4226.owl;SubClassOf(<http://purl.obolibrary.org/obo/WBbt_0008071> <http://purl.obolibrary.org/obo/WBbt_0008074>);2;0.999563369092596;2;0.999563369092596;2;0.999563369092596;2;0.999563369092596;2;0.999563369092596;1.0
ore_ont_4226.owl;SubClassOf(<http://purl.obolibrary.org/obo/WBbt_0005371> <http://purl.obolibrary.org/obo/WBbt_0005135>);2;0.9994102202281356;1;0.9996985570054916;2;0.9994102202281356;2;0.9994102202281356;2;0.9994102202281356;1.0
ore_ont_4226.owl;SubClassOf(<http://purl.obolibrary.org/obo/WBbt_0007686> <http://purl.obolibrary.org/obo/WBbt_0007030>);0;;0;;0;;0;;0;;0.0
ore_ont_8864.owl;SubClassOf(<http://purl.obolibrary.org/obo/__spinal_cord_and_meninges> <http://purl.obolibrary.org/obo/MA_0002405>);1;1.0;1;1.0;1;1.0;1;1.0;1;1.0;3.0
ore_ont_8864.owl;SubClassOf(<http://purl.obolibrary.org/obo/__spinal_cord_and_meninges> <http://purl.obolibrary.org/obo/__temp_term_holder>);0;;0;;0;;0;;0;;0.0
ore_ont_11502.owl;SubClassOf(<http://purl.org/obo/owl/IEV#IEV_0001451> <http://purl.org/obo/owl/IEV#IEV_0000818>);3;0.9831684005751502;1;0.9654909921339764;3;0.9831684005751502;3;0.9831684005751502;1;0.9654909921339764;1.0
ore_ont_11502.owl;SubClassOf(<http://purl.org/obo/owl/IEV#IEV_0000583> <http://purl.org/obo/owl/IEV#IEV_0000013>);0;;0;;0;;0;;0;;0.0
ore_ont_11502.owl;SubClassOf(<http://purl.org/obo/owl/IEV#IEV_0000022> <http://purl.org/obo/owl/IEV#IEV_0000184>);3;0.9611098729663472;1;0.9426119901938936;3;0.9611098729663472;3;0.9611098729663472;1;0.9426119901938936;2.0
ore_ont_11502.owl;SubClassOf(<http://purl.org/obo/owl/IEV#IEV_0002734> <http://purl.org/obo/owl/IEV#IEV_0000914>);0;;0;;0;;0;;0;;0.0
ore_ont_11502.owl;SubClassOf(<http://purl.org/obo/owl/IEV#IEV_0001928> <http://www.geneontology.org/formats/oboInOwl#ObsoleteClass>);0;;0;;0;;0;;0;;0.0
ore_ont_11502.owl;SubClassOf(<http://purl.org/obo/owl/IEV#IEV_0001257> <http://purl.org/obo/owl/IEV#IEV_0001842>);2;0.9820033151787828;1;0.963769831873076;2;0.9820033151787828;2;0.9820033151787828;1;0.963769831873076;2.0
ore_ont_11502.owl;SubClassOf(<http://purl.org/obo/owl/IEV#IEV_0001432> <http://purl.org/obo/owl/IEV#IEV_0001450>);0;;0;;0;;0;;0;;0.0
ore_ont_11502.owl;SubClassOf(<http://purl.org/obo/owl/IEV#IEV_0000025> <http://purl.org/obo/owl/IEV#IEV_0000913>);3;0.8655462184873949;1;0.8734074274871239;3;0.8655462184873949;3;0.8655462184873949;1;0.8734074274871239;2.0
ore_ont_11502.owl;SubClassOf(<http://purl.org/obo/owl/IEV#IEV_0000053> <http://purl.org/obo/owl/IEV#IEV_0000025>);0;;0;;0;;0;;0;;0.0
ore_ont_11502.owl;SubClassOf(<http://purl.org/obo/owl/IEV#IEV_0000025> <http://purl.org/obo/owl/IEV#IEV_0000005>);2;0.9680676448644616;1;0.933598607311614;2;0.9680676448644616;2;0.9680676448644616;1;0.933598607311614;2.0
ore_ont_14027.owl;SubClassOf(<http://purl.obolibrary.org/obo/WB_WBGene00021708> <http://purl.obolibrary.org/obo/PANTHER_PTHR10664>);0;;0;;0;;0;;0;;0.0
ore_ont_14027.owl;SubClassOf(<http://purl.obolibrary.org/obo/WB_WBGene00005500> <http://purl.obolibrary.org/obo/PANTHER_PTHR22941>);0;;0;;0;;0;;0;;0.0
ore_ont_14027.owl;SubClassOf(<http://purl.obolibrary.org/obo/WB_WBGene00007483> <http://purl.obolibrary.org/obo/PANTHER_PTHR22751>);0;;0;;0;;0;;0;;0.0
ore_ont_14027.owl;SubClassOf(<http://purl.obolibrary.org/obo/WB_WBGene00010410> <http://purl.obolibrary.org/obo/PANTHER_PTHR24082>);0;;0;;0;;0;;0;;0.0
ore_ont_14027.owl;SubClassOf(<http://purl.obolibrary.org/obo/WB_WBGene00010099> <http://purl.obolibrary.org/obo/PANTHER_PTHR22899>);0;;0;;0;;0;;0;;0.0
ore_ont_14027.owl;SubClassOf(<http://purl.obolibrary.org/obo/WB_WBGene00016515> <http://purl.obolibrary.org/obo/PANTHER_PTHR23015>);0;;0;;0;;0;;0;;0.0
ore_ont_14027.owl;SubClassOf(<http://purl.obolibrary.org/obo/WB_WBGene00000050> <http://purl.obolibrary.org/obo/PANTHER_PTHR18945>);0;;0;;0;;0;;0;;0.0
ore_ont_14027.owl;SubClassOf(<http://purl.obolibrary.org/obo/WB_WBGene00012036> <http://purl.obolibrary.org/obo/PANTHER_PTHR23124>);0;;0;;0;;0;;0;;0.0
ore_ont_14027.owl;SubClassOf(<http://purl.obolibrary.org/obo/WB_WBGene00007360> <http://purl.obolibrary.org/obo/PANTHER_PTHR22943>);0;;0;;0;;0;;0;;0.0
ore_ont_14027.owl;SubClassOf(<http://purl.obolibrary.org/obo/WB_WBGene00013489> <http://purl.obolibrary.org/obo/PANTHER_PTHR24023>);0;;0;;0;;0;;0;;0.0
ore_ont_16114.owl;SubClassOf(<http://purl.obolibrary.org/obo/NCBIGene_776667> <http://purl.obolibrary.org/obo/PANTHER_PTHR11738>);0;;0;;0;;0;;0;;0.0
ore_ont_16114.owl;SubClassOf(<http://purl.obolibrary.org/obo/NCBIGene_396206> <http://purl.obolibrary.org/obo/PANTHER_PTHR23239>);0;;0;;0;;0;;0;;0.0
ore_ont_16114.owl;SubClassOf(<http://purl.obolibrary.org/obo/NCBIGene_770043> <http://purl.obolibrary.org/obo/PANTHER_PTHR24023>);0;;0;;0;;0;;0;;0.0
ore_ont_16114.owl;SubClassOf(<http://purl.obolibrary.org/obo/NCBIGene_772243> <http://purl.obolibrary.org/obo/PANTHER_PTHR19422>);0;;0;;0;;0;;0;;0.0
ore_ont_16114.owl;SubClassOf(<http://purl.obolibrary.org/obo/NCBIGene_770342> <http://purl.obolibrary.org/obo/PANTHER_PTHR24412>);0;;0;;0;;0;;0;;0.0
ore_ont_16114.owl;SubClassOf(<http://purl.obolibrary.org/obo/NCBIGene_425531> <http://purl.obolibrary.org/obo/PANTHER_PTHR24073>);0;;0;;0;;0;;0;;0.0
ore_ont_16114.owl;SubClassOf(<http://purl.obolibrary.org/obo/NCBIGene_396406> <http://purl.obolibrary.org/obo/PANTHER_PTHR24416>);0;;0;;0;;0;;0;;0.0
ore_ont_16114.owl;SubClassOf(<http://purl.obolibrary.org/obo/NCBIGene_777238> <http://purl.obolibrary.org/obo/PANTHER_PTHR19331>);0;;0;;0;;0;;0;;0.0
ore_ont_16114.owl;SubClassOf(<http://purl.obolibrary.org/obo/NCBIGene_497221> <http://purl.obolibrary.org/obo/PANTHER_PTHR24028>);0;;0;;0;;0;;0;;0.0
ore_ont_16114.owl;SubClassOf(<http://purl.obolibrary.org/obo/NCBIGene_776301> <http://purl.obolibrary.org/obo/PANTHER_PTHR13140>);0;;0;;0;;0;;0;;0.0
ore_ont_9590.owl;SubClassOf(<http://purl.obolibrary.org/obo/UniProtKB_P17879> <http://purl.obolibrary.org/obo/PR_000025338>);0;;0;;0;;0;;0;;0.0
ore_ont_9590.owl;SubClassOf(<http://purl.obolibrary.org/obo/UniProtKB_Q61699> <http://purl.obolibrary.org/obo/PR_000003410>);0;;0;;0;;0;;0;;0.0
ore_ont_9590.owl;SubClassOf(<http://purl.obolibrary.org/obo/UniProtKB_Q61387> <http://purl.obolibrary.org/obo/PR_000025379>);0;;0;;0;;0;;0;;0.0
ore_ont_9590.owl;SubClassOf(<http://purl.obolibrary.org/obo/UniProtKB_Q8K4B2> <http://purl.obolibrary.org/obo/PR_000001784>);0;;0;;0;;0;;0;;0.0
ore_ont_9590.owl;SubClassOf(<http://purl.obolibrary.org/obo/UniProtKB_Q61696> <http://purl.obolibrary.org/obo/PR_000008871>);0;;0;;0;;0;;0;;0.0
ore_ont_9590.owl;SubClassOf(<http://purl.obolibrary.org/obo/UniProtKB_P16627> <http://purl.obolibrary.org/obo/PR_000025289>);0;;0;;0;;0;;0;;0.0
ore_ont_9590.owl;SubClassOf(<http://purl.obolibrary.org/obo/UniProtKB_Q9WV04> <http://purl.obolibrary.org/obo/PR_000026969>);0;;0;;0;;0;;0;;0.0
ore_ont_9590.owl;SubClassOf(<http://purl.obolibrary.org/obo/UniProtKB_Q9JKR6> <http://purl.obolibrary.org/obo/PR_000025325>);0;;0;;0;;0;;0;;0.0
ore_ont_9590.owl;SubClassOf(<http://purl.obolibrary.org/obo/UniProtKB_A6H666> <http://purl.obolibrary.org/obo/PR_000005793>);0;;0;;0;;0;;0;;0.0
ore_ont_9590.owl;SubClassOf(<http://purl.obolibrary.org/obo/UniProtKB_P12023> <http://purl.obolibrary.org/obo/PR_000025533>);0;;0;;0;;0;;0;;0.0
ore_ont_3406.owl;SubClassOf(<http://purl.obolibrary.org/obo/CHEBI_28868> <http://purl.obolibrary.org/obo/CHEBI_35757>);0;;0;;0;;0;;0;;0.0
ore_ont_3406.owl;SubClassOf(<http://purl.obolibrary.org/obo/CHEBI_58945> <http://purl.obolibrary.org/obo/CHEBI_24431>);22;0.489600899381675;1;0.7698145025295109;1;0.7698145025295109;1;0.7698145025295109;8;0.5123664980326026;1.0
ore_ont_3406.owl;SubClassOf(<http://purl.obolibrary.org/obo/CHEBI_57299> <http://purl.obolibrary.org/obo/CHEBI_38101>);16;0.9384295602688034;1;0.9867818295562324;3;0.9866809274917764;3;0.9866809274917764;7;0.9959639174217504;2.0
ore_ont_3406.owl;SubClassOf(<http://purl.obolibrary.org/obo/CHEBI_72447> <http://purl.obolibrary.org/obo/CHEBI_35274>);0;;0;;0;;0;;0;;0.0
ore_ont_3406.owl;SubClassOf(<http://purl.obolibrary.org/obo/CHEBI_59814> <http://purl.obolibrary.org/obo/CHEBI_33558>);0;;0;;0;;0;;0;;0.0
ore_ont_3406.owl;SubClassOf(<http://purl.obolibrary.org/obo/CHEBI_75766> <http://purl.obolibrary.org/obo/CHEBI_26619>);0;;0;;0;;0;;0;;0.0
ore_ont_3406.owl;SubClassOf(<http://purl.obolibrary.org/obo/CHEBI_26619> <http://purl.obolibrary.org/obo/CHEBI_25212>);0;;0;;0;;0;;0;;0.0
ore_ont_3406.owl;SubClassOf(<http://purl.obolibrary.org/obo/CHEBI_35366> <http://purl.obolibrary.org/obo/CHEBI_25384>);0;;0;;0;;0;;0;;0.0
ore_ont_3406.owl;SubClassOf(<http://purl.obolibrary.org/obo/CHEBI_76967> <http://purl.obolibrary.org/obo/CHEBI_75770>);0;;0;;0;;0;;0;;0.0
ore_ont_3406.owl;SubClassOf(<http://purl.obolibrary.org/obo/CHEBI_59737> <http://purl.obolibrary.org/obo/CHEBI_58945>);0;;0;;0;;0;;0;;0.0
ore_ont_964.owl;SubClassOf(<http://purl.obolibrary.org/obo/ENSEMBL_ENSGALG00000016255> <http://purl.obolibrary.org/obo/SO_0001217>);0;;0;;0;;0;;0;;0.0
ore_ont_964.owl;SubClassOf(<http://purl.obolibrary.org/obo/ENSEMBL_ENSGALG00000016256> <http://purl.obolibrary.org/obo/SO_0001217>);0;;0;;0;;0;;0;;0.0
ore_ont_964.owl;SubClassOf(<http://purl.obolibrary.org/obo/ENSEMBL_ENSGALG00000000188> <http://purl.obolibrary.org/obo/SO_0000336>);0;;0;;0;;0;;0;;0.0
ore_ont_964.owl;SubClassOf(<http://purl.obolibrary.org/obo/ENSEMBL_ENSGALG00000025656> <http://purl.obolibrary.org/obo/SO_0000252>);0;;0;;0;;0;;0;;0.0
ore_ont_964.owl;SubClassOf(<http://purl.obolibrary.org/obo/ENSEMBL_ENSGALG00000025527> <http://purl.obolibrary.org/obo/SO_0000275>);0;;0;;0;;0;;0;;0.0
ore_ont_964.owl;SubClassOf(<http://purl.obolibrary.org/obo/ENSEMBL_ENSGALG00000025644> <http://purl.obolibrary.org/obo/SO_0000274>);0;;0;;0;;0;;0;;0.0
ore_ont_964.owl;SubClassOf(<http://purl.obolibrary.org/obo/ENSEMBL_ENSGALG00000025688> <http://purl.obolibrary.org/obo/SO_0000655>);0;;0;;0;;0;;0;;0.0
ore_ont_964.owl;SubClassOf(<http://purl.obolibrary.org/obo/ENSEMBL_ENSGALG00000004269> <http://purl.obolibrary.org/obo/SO_0001217>);0;;0;;0;;0;;0;;0.0
ore_ont_964.owl;SubClassOf(<http://purl.obolibrary.org/obo/ENSEMBL_ENSGALG00000021721> <http://purl.obolibrary.org/obo/SO_0000276>);0;;0;;0;;0;;0;;0.0
ore_ont_964.owl;SubClassOf(<http://purl.obolibrary.org/obo/ENSEMBL_ENSGALG00000021720> <http://purl.obolibrary.org/obo/SO_0000253>);0;;0;;0;;0;;0;;0.0
ore_ont_935.owl;SubClassOf(<http://purl.obolibrary.org/obo/FYPO_0001362> <http://purl.obolibrary.org/obo/FYPO_0000002>);28;1.0005196048268554;27;1.0003350083752092;21;0.9987283355553276;28;1.0005196048268554;14;0.9998769356989028;3.0
ore_ont_935.owl;SubClassOf(<http://purl.obolibrary.org/obo/FYPO_0001330> <http://purl.obolibrary.org/obo/PATO_0001159>);18;0.9999815855741389;3;0.998397944950074;3;0.998397944950074;3;0.998397944950074;3;0.998397944950074;3.0
ore_ont_935.owl;SubClassOf(<http://purl.obolibrary.org/obo/FYPO_0001362> <http://purl.obolibrary.org/obo/PATO_0000001>);6;1.0;6;1.0;5;0.9997324240324384;6;1.0;5;0.9997324240324384;1.0
ore_ont_935.owl;SubClassOf(<http://purl.obolibrary.org/obo/CL_0000334> <http://purl.obolibrary.org/obo/CL_0000000>);4;0.9972069403300886;1;0.9983636620115672;4;0.9972069403300886;4;0.9972069403300886;3;0.9972069403300892;1.0
ore_ont_935.owl;SubClassOf(<http://purl.obolibrary.org/obo/FYPO_0000663> <http://purl.obolibrary.org/obo/PATO_0002052>);0;;0;;0;;0;;0;;0.0
ore_ont_935.owl;SubClassOf(<http://purl.obolibrary.org/obo/FYPO_0000662> <http://purl.obolibrary.org/obo/PATO_0002051>);0;;0;;0;;0;;0;;0.0
ore_ont_935.owl;SubClassOf(<http://purl.obolibrary.org/obo/FYPO_0001330> <http://purl.obolibrary.org/obo/PATO_0001162>);2;1.0001236425082944;2;1.0001236425082944;2;1.0001236425082944;2;1.0001236425082944;1;1.0;2.0
ore_ont_935.owl;SubClassOf(<http://purl.obolibrary.org/obo/GO_0072690> <http://purl.obolibrary.org/obo/GO_0044763>);0;;0;;0;;0;;0;;0.0
ore_ont_935.owl;SubClassOf(<http://purl.obolibrary.org/obo/GO_0071850> <http://purl.obolibrary.org/obo/GO_0065007>);15;0.9979746003941318;1;0.9989947648147778;2;1.001005235185222;15;0.9979746003941318;2;1.001005235185222;1.0
ore_ont_935.owl;SubClassOf(<http://purl.obolibrary.org/obo/FYPO_0000664> <http://purl.obolibrary.org/obo/PATO_0001558>);0;;0;;0;;0;;0;;0.0
ore_ont_2317.owl;SubClassOf(<http://purl.obolibrary.org/obo/GO_0045289> <http://purl.obolibrary.org/obo/GO_0004497>);0;;0;;0;;0;;0;;0.0
ore_ont_2317.owl;SubClassOf(<http://purl.obolibrary.org/obo/GO_0004601> <http://purl.obolibrary.org/obo/GO_0003824>);0;;0;;0;;0;;0;;0.0
ore_ont_2317.owl;SubClassOf(<http://purl.obolibrary.org/obo/GO_0008233> <http://purl.obolibrary.org/obo/GO_0016787>);0;;0;;0;;0;;0;;0.0
ore_ont_2317.owl;SubClassOf(<http://purl.obolibrary.org/obo/GO_0015075> <http://purl.obolibrary.org/obo/GO_0022857>);0;;0;;0;;0;;0;;0.0
ore_ont_2317.owl;SubClassOf(<http://purl.obolibrary.org/obo/GO_0016502> <http://purl.obolibrary.org/obo/GO_0004872>);0;;0;;0;;0;;0;;0.0
ore_ont_2317.owl;SubClassOf(<http://purl.obolibrary.org/obo/GO_0018611> <http://purl.obolibrary.org/obo/GO_0051213>);0;;0;;0;;0;;0;;0.0
ore_ont_2317.owl;SubClassOf(<http://purl.obolibrary.org/obo/GO_0015197> <http://purl.obolibrary.org/obo/GO_0005215>);0;;0;;0;;0;;0;;0.0
ore_ont_2317.owl;SubClassOf(<http://purl.obolibrary.org/obo/GO_0043167> <http://purl.obolibrary.org/obo/GO_0005488>);0;;0;;0;;0;;0;;0.0
ore_ont_2317.owl;SubClassOf(<http://purl.obolibrary.org/obo/GO_0051427> <http://purl.obolibrary.org/obo/GO_0005102>);0;;0;;0;;0;;0;;0.0
ore_ont_2317.owl;SubClassOf(<http://purl.obolibrary.org/obo/GO_0008976> <http://purl.obolibrary.org/obo/GO_0016301>);0;;0;;0;;0;;0;;0.0
ore_ont_5487.owl;SubClassOf(<http://purl.obolibrary.org/obo/ENSEMBL_ENSXETG00000008493> <http://purl.obolibrary.org/obo/SO_0000336>);0;;0;;0;;0;;0;;0.0
ore_ont_5487.owl;SubClassOf(<http://purl.obolibrary.org/obo/ENSEMBL_ENSXETG00000032084> <http://purl.obolibrary.org/obo/SO_0000274>);0;;0;;0;;0;;0;;0.0
ore_ont_5487.owl;SubClassOf(<http://purl.obolibrary.org/obo/ENSEMBL_ENSXETG00000033179> <http://purl.obolibrary.org/obo/SO_0000276>);0;;0;;0;;0;;0;;0.0
ore_ont_5487.owl;SubClassOf(<http://purl.obolibrary.org/obo/ENSEMBL_ENSXETG00000017801> <http://purl.obolibrary.org/obo/SO_0001217>);0;;0;;0;;0;;0;;0.0
ore_ont_5487.owl;SubClassOf(<http://purl.obolibrary.org/obo/ENSEMBL_ENSXETG00000017800> <http://purl.obolibrary.org/obo/SO_0001217>);0;;0;;0;;0;;0;;0.0
ore_ont_5487.owl;SubClassOf(<http://purl.obolibrary.org/obo/ENSEMBL_ENSXETG00000033293> <http://purl.obolibrary.org/obo/SO_0000180>);0;;0;;0;;0;;0;;0.0
ore_ont_5487.owl;SubClassOf(<http://purl.obolibrary.org/obo/ENSEMBL_ENSXETG00000032760> <http://purl.obolibrary.org/obo/SO_0000252>);0;;0;;0;;0;;0;;0.0
ore_ont_5487.owl;SubClassOf(<http://purl.obolibrary.org/obo/ENSEMBL_ENSXETG00000029473> <http://purl.obolibrary.org/obo/SO_0000275>);0;;0;;0;;0;;0;;0.0
ore_ont_5487.owl;SubClassOf(<http://purl.obolibrary.org/obo/ENSEMBL_ENSXETG00000033032> <http://purl.obolibrary.org/obo/SO_0000655>);0;;0;;0;;0;;0;;0.0
ore_ont_5487.owl;SubClassOf(<http://purl.obolibrary.org/obo/ENSEMBL_ENSXETG00000017809> <http://purl.obolibrary.org/obo/SO_0001217>);0;;0;;0;;0;;0;;0.0
ore_ont_9513.owl;SubClassOf(<http://purl.obolibrary.org/obo/MGI_MGI%3A1935227> <http://purl.obolibrary.org/obo/PANTHER_PTHR24028>);0;;0;;0;;0;;0;;0.0
ore_ont_9513.owl;SubClassOf(<http://purl.obolibrary.org/obo/MGI_MGI%3A3710610> <http://purl.obolibrary.org/obo/PANTHER_PTHR21558>);0;;0;;0;;0;;0;;0.0
ore_ont_9513.owl;SubClassOf(<http://purl.obolibrary.org/obo/MGI_MGI%3A1277212> <http://purl.obolibrary.org/obo/PANTHER_PTHR24402>);0;;0;;0;;0;;0;;0.0
ore_ont_9513.owl;SubClassOf(<http://purl.obolibrary.org/obo/MGI_MGI%3A2684869> <http://purl.obolibrary.org/obo/PANTHER_PTHR24103>);0;;0;;0;;0;;0;;0.0
ore_ont_9513.owl;SubClassOf(<http://purl.obolibrary.org/obo/MGI_MGI%3A3648662> <http://purl.obolibrary.org/obo/PANTHER_PTHR24062>);0;;0;;0;;0;;0;;0.0
ore_ont_9513.owl;SubClassOf(<http://purl.obolibrary.org/obo/MGI_MGI%3A2444913> <http://purl.obolibrary.org/obo/PANTHER_PTHR23239>);0;;0;;0;;0;;0;;0.0
ore_ont_9513.owl;SubClassOf(<http://purl.obolibrary.org/obo/MGI_MGI%3A2681831> <http://purl.obolibrary.org/obo/PANTHER_PTHR24329>);0;;0;;0;;0;;0;;0.0
ore_ont_9513.owl;SubClassOf(<http://purl.obolibrary.org/obo/MGI_MGI%3A3703084> <http://purl.obolibrary.org/obo/PANTHER_PTHR24061>);0;;0;;0;;0;;0;;0.0
ore_ont_9513.owl;SubClassOf(<http://purl.obolibrary.org/obo/MGI_MGI%3A3649399> <http://purl.obolibrary.org/obo/PANTHER_PTHR14224>);0;;0;;0;;0;;0;;0.0
ore_ont_9513.owl;SubClassOf(<http://purl.obolibrary.org/obo/MGI_MGI%3A894696> <http://purl.obolibrary.org/obo/PANTHER_PTHR11461>);0;;0;;0;;0;;0;;0.0
ore_ont_6433.owl;SubClassOf(<http://www.ontologydesignpatterns.org/ont/fao/agrovoc.owl#Chlorsulfuron> <http://www.ontologydesignpatterns.org/ont/fao/agrovoc.owl#Agricultural_Chemicals>);0;;0;;0;;0;;0;;0.0
ore_ont_6433.owl;SubClassOf(<http://www.ontologydesignpatterns.org/ont/fao/agrovoc.owl#Measuring_Instruments> <http://www.ontologydesignpatterns.org/ont/fao/agrovoc.owl#Equipment>);0;;0;;0;;0;;0;;0.0
ore_ont_6433.owl;SubClassOf(<http://www.ontologydesignpatterns.org/ont/fao/agrovoc.owl#Paspalum> <http://www.ontologydesignpatterns.org/ont/fao/agrovoc.owl#Poaceae>);0;;0;;0;;0;;0;;0.0
ore_ont_6433.owl;SubClassOf(<http://www.ontologydesignpatterns.org/ont/fao/agrovoc.owl#Flatfish> <http://www.ontologydesignpatterns.org/ont/fao/agrovoc.owl#Saltwater_Fishes>);0;;0;;0;;0;;0;;0.0
ore_ont_6433.owl;SubClassOf(<http://www.ontologydesignpatterns.org/ont/fao/agrovoc.owl#Vigna> <http://www.ontologydesignpatterns.org/ont/fao/agrovoc.owl#Papilionoideae>);0;;0;;0;;0;;0;;0.0
ore_ont_6433.owl;SubClassOf(<http://www.ontologydesignpatterns.org/ont/fao/agrovoc.owl#Squashes> <http://www.ontologydesignpatterns.org/ont/fao/agrovoc.owl#Vegetables>);0;;0;;0;;0;;0;;0.0
ore_ont_6433.owl;SubClassOf(<http://www.ontologydesignpatterns.org/ont/fao/agrovoc.owl#Penicillium> <http://www.ontologydesignpatterns.org/ont/fao/agrovoc.owl#Deuteromycotina>);0;;0;;0;;0;;0;;0.0
ore_ont_6433.owl;SubClassOf(<http://www.ontologydesignpatterns.org/ont/fao/agrovoc.owl#Agricultural_Chemicals> <http://www.ontologydesignpatterns.org/ont/fao/agrovoc.owl#AGTOP>);0;;0;;0;;0;;0;;0.0
ore_ont_6433.owl;SubClassOf(<http://www.ontologydesignpatterns.org/ont/fao/agrovoc.owl#Drying> <http://www.ontologydesignpatterns.org/ont/fao/agrovoc.owl#Processing>);0;;0;;0;;0;;0;;0.0
ore_ont_6433.owl;SubClassOf(<http://www.ontologydesignpatterns.org/ont/fao/agrovoc.owl#Oreochromis> <http://www.ontologydesignpatterns.org/ont/fao/agrovoc.owl#Percoidei>);0;;0;;0;;0;;0;;0.0
ore_ont_4235.owl;SubClassOf(<http://purl.obolibrary.org/obo/UniProtKB#_F4JHB3> <http://purl.obolibrary.org/obo/PR_000000001>);0;;0;;0;;0;;0;;0.0
ore_ont_4235.owl;SubClassOf(<http://purl.obolibrary.org/obo/UniProtKB#_Q9FPT1> <http://purl.obolibrary.org/obo/PR_000000001>);0;;0;;0;;0;;0;;0.0
ore_ont_4235.owl;SubClassOf(<http://purl.obolibrary.org/obo/UniProtKB#_Q9SVY4> <http://purl.obolibrary.org/obo/PR_000000001>);0;;0;;0;;0;;0;;0.0
ore_ont_4235.owl;SubClassOf(<http://purl.obolibrary.org/obo/UniProtKB#_Q9SVY1> <http://purl.obolibrary.org/obo/PR_000000001>);0;;0;;0;;0;;0;;0.0
ore_ont_4235.owl;SubClassOf(<http://purl.obolibrary.org/obo/UniProtKB#_Q9FPS2> <http://purl.obolibrary.org/obo/PR_000000001>);0;;0;;0;;0;;0;;0.0
ore_ont_4235.owl;SubClassOf(<http://purl.obolibrary.org/obo/UniProtKB#_Q9FPS3> <http://purl.obolibrary.org/obo/PR_000000001>);0;;0;;0;;0;;0;;0.0
ore_ont_4235.owl;SubClassOf(<http://purl.obolibrary.org/obo/UniProtKB#_Q9FPS4> <http://purl.obolibrary.org/obo/PR_000000001>);0;;0;;0;;0;;0;;0.0
ore_ont_4235.owl;SubClassOf(<http://purl.obolibrary.org/obo/UniProtKB#_Q9SVY0> <http://purl.obolibrary.org/obo/PR_000000001>);0;;0;;0;;0;;0;;0.0
ore_ont_4235.owl;SubClassOf(<http://purl.obolibrary.org/obo/UniProtKB#_Q9SVY8> <http://purl.obolibrary.org/obo/PR_000000001>);0;;0;;0;;0;;0;;0.0
ore_ont_4235.owl;SubClassOf(<http://purl.obolibrary.org/obo/UniProtKB#_Q9SVY5> <http://purl.obolibrary.org/obo/PR_000000001>);0;;0;;0;;0;;0;;0.0
ore_ont_11081.owl;SubClassOf(<http://purl.obolibrary.org/obo/FYPO_0001362> <http://purl.obolibrary.org/obo/FYPO_0000002>);28;1.0004230734746944;27;1.000523938673959;20;0.9996637826691172;28;1.0004230734746944;28;1.0031548392881156;2.0
ore_ont_11081.owl;SubClassOf(<http://purl.obolibrary.org/obo/PATO_0002052> <http://purl.obolibrary.org/obo/PATO_0000001>);14;0.9956991306664892;15;0.994500049961696;6;1.000524597808347;14;0.9956991306664892;14;0.999017419978017;2.0
ore_ont_11081.owl;SubClassOf(<http://purl.obolibrary.org/obo/CL_0000334> <http://purl.obolibrary.org/obo/CL_0000000>);2;0.9989127902461754;1;0.9989710336258446;4;0.9981750407703658;2;0.9989127902461754;4;0.9981750407703658;1.0
ore_ont_11081.owl;SubClassOf(<http://purl.obolibrary.org/obo/GO_0072690> <http://purl.obolibrary.org/obo/GO_0008150>);2;1.0001393586287113;1;0.9999142408438702;2;1.0001393586287113;2;1.0001393586287113;1;0.9999142408438702;2.0
ore_ont_11081.owl;SubClassOf(<http://purl.obolibrary.org/obo/FYPO_0000663> <http://purl.obolibrary.org/obo/PATO_0002052>);0;;0;;0;;0;;0;;0.0
ore_ont_11081.owl;SubClassOf(<http://purl.obolibrary.org/obo/PATO_0000461> <http://purl.obolibrary.org/obo/PATO_0000001>);3;0.9976682479697676;1;0.998311489909142;3;0.9976682479697676;3;0.9976682479697676;1;0.998311489909142;1.0
ore_ont_11081.owl;SubClassOf(<http://purl.obolibrary.org/obo/FYPO_0000662> <http://purl.obolibrary.org/obo/PATO_0002051>);0;;0;;0;;0;;0;;0.0
ore_ont_11081.owl;SubClassOf(<http://purl.obolibrary.org/obo/PATO_0000460> <http://purl.obolibrary.org/obo/PATO_0000001>);3;0.998874531054606;2;0.998874531054606;3;0.998874531054606;3;0.998874531054606;1;1.0000937890787829;1.0
ore_ont_11081.owl;SubClassOf(<http://purl.obolibrary.org/obo/FYPO_0000127> <http://purl.obolibrary.org/obo/PATO_0001551>);0;;0;;0;;0;;0;;0.0
ore_ont_11081.owl;SubClassOf(<http://purl.obolibrary.org/obo/FYPO_0000664> <http://purl.obolibrary.org/obo/PATO_0001558>);0;;0;;0;;0;;0;;0.0
ore_ont_7716.owl;SubClassOf(<http://purl.obolibrary.org/obo/FMA_20328> <http://purl.obolibrary.org/obo/FMA_9653>);0;;0;;0;;0;;0;;0.0
ore_ont_7716.owl;SubClassOf(<http://purl.obolibrary.org/obo/FMA_10681> <http://purl.obolibrary.org/obo/FMA_10663>);0;;0;;0;;0;;0;;0.0
ore_ont_7716.owl;SubClassOf(<http://purl.obolibrary.org/obo/FMA_10698> <http://purl.obolibrary.org/obo/FMA_70353>);2;0.999641262040143;1;0.9995874513461644;2;0.999641262040143;2;0.999641262040143;1;0.9995874513461644;1.0
ore_ont_7716.owl;SubClassOf(<http://purl.obolibrary.org/obo/FMA_14151> <http://purl.obolibrary.org/obo/FMA_9337>);0;;0;;0;;0;;0;;0.0
ore_ont_7716.owl;SubClassOf(<http://purl.obolibrary.org/obo/FMA_223915> <http://purl.obolibrary.org/obo/FMA_62865>);0;;0;;0;;0;;0;;0.0
ore_ont_7716.owl;SubClassOf(<http://purl.obolibrary.org/obo/FMA_224106> <http://purl.obolibrary.org/obo/FMA_224058>);0;;0;;0;;0;;0;;0.0
ore_ont_7716.owl;SubClassOf(<http://purl.obolibrary.org/obo/FMA_232916> <http://purl.obolibrary.org/obo/FMA_63815>);0;;0;;0;;0;;0;;0.0
ore_ont_7716.owl;SubClassOf(<http://purl.obolibrary.org/obo/FMA_18332> <http://purl.obolibrary.org/obo/FMA_86103>);0;;0;;0;;0;;0;;0.0
ore_ont_7716.owl;SubClassOf(<http://purl.obolibrary.org/obo/FMA_10698> <http://purl.obolibrary.org/obo/FMA_10663>);0;;0;;0;;0;;0;;0.0
ore_ont_7716.owl;SubClassOf(<http://purl.obolibrary.org/obo/FMA_20347> <http://purl.obolibrary.org/obo/FMA_20346>);0;;0;;0;;0;;0;;0.0
ore_ont_2661.owl;SubClassOf(<http://purl.obolibrary.org/obo/ENSEMBL_F26G5.4> <http://purl.obolibrary.org/obo/ENSEMBL_ENSFM00500000271667>);0;;0;;0;;0;;0;;0.0
ore_ont_2661.owl;SubClassOf(<http://purl.obolibrary.org/obo/ENSEMBL_F54B8.16> <http://purl.obolibrary.org/obo/ENSEMBL_ENSFM00500000270898>);0;;0;;0;;0;;0;;0.0
ore_ont_2661.owl;SubClassOf(<http://purl.obolibrary.org/obo/ENSEMBL_T23F1.4> <http://purl.obolibrary.org/obo/ENSEMBL_ENSFM00500000270900>);0;;0;;0;;0;;0;;0.0
ore_ont_2661.owl;SubClassOf(<http://purl.obolibrary.org/obo/ENSEMBL_Y49C4A.8> <http://purl.obolibrary.org/obo/ENSEMBL_ENSFM00250000000580>);0;;0;;0;;0;;0;;0.0
ore_ont_2661.owl;SubClassOf(<http://purl.obolibrary.org/obo/ENSEMBL_Y119D3B.8> <http://purl.obolibrary.org/obo/ENSEMBL_ENSFM00500000271108>);0;;0;;0;;0;;0;;0.0
ore_ont_2661.owl;SubClassOf(<http://purl.obolibrary.org/obo/ENSEMBL_ZK1251.6> <http://purl.obolibrary.org/obo/ENSEMBL_ENSFM00250000001200>);0;;0;;0;;0;;0;;0.0
ore_ont_2661.owl;SubClassOf(<http://purl.obolibrary.org/obo/ENSEMBL_ZK354.9> <http://purl.obolibrary.org/obo/ENSEMBL_ENSFM00420000140518>);0;;0;;0;;0;;0;;0.0
ore_ont_2661.owl;SubClassOf(<http://purl.obolibrary.org/obo/ENSEMBL_C53B4.5> <http://purl.obolibrary.org/obo/ENSEMBL_ENSFM00600000921403>);0;;0;;0;;0;;0;;0.0
ore_ont_2661.owl;SubClassOf(<http://purl.obolibrary.org/obo/ENSEMBL_F44C8.8> <http://purl.obolibrary.org/obo/ENSEMBL_ENSFM00500000270071>);0;;0;;0;;0;;0;;0.0
ore_ont_2661.owl;SubClassOf(<http://purl.obolibrary.org/obo/ENSEMBL_F35E2.6> <http://purl.obolibrary.org/obo/ENSEMBL_ENSFM00250000000481>);0;;0;;0;;0;;0;;0.0
ore_ont_12194.owl;SubClassOf(<http://www.loria.fr/~coulet/ontology/sopharm/version2.0/disease_ontology.owl#DOID_15977> <http://www.loria.fr/~coulet/ontology/sopharm/version2.0/disease_ontology.owl#DOID_19120>);0;;0;;0;;0;;0;;0.0
ore_ont_12194.owl;SubClassOf(<http://www.loria.fr/~coulet/ontology/sopharm/version2.0/disease_ontology.owl#DOID_2405> <http://www.loria.fr/~coulet/ontology/sopharm/version2.0/disease_ontology.owl#DOID_19132>);0;;0;;0;;0;;0;;0.0
ore_ont_12194.owl;SubClassOf(<http://www.loria.fr/~coulet/ontology/sopharm/version2.0/disease_ontology.owl#DOID_1097> <http://www.loria.fr/~coulet/ontology/sopharm/version2.0/disease_ontology.owl#DOID_21>);0;;0;;0;;0;;0;;0.0
ore_ont_12194.owl;SubClassOf(<http://www.loria.fr/~coulet/ontology/sopharm/version2.0/disease_ontology.owl#DOID_11245> <http://www.loria.fr/~coulet/ontology/sopharm/version2.0/disease_ontology.owl#DOID_19119>);0;;0;;0;;0;;0;;0.0
ore_ont_12194.owl;SubClassOf(<http://www.loria.fr/~coulet/ontology/sopharm/version2.0/disease_ontology.owl#DOID_2037> <http://www.loria.fr/~coulet/ontology/sopharm/version2.0/disease_ontology.owl#DOID_1228>);0;;0;;0;;0;;0;;0.0
ore_ont_12194.owl;SubClassOf(<http://www.loria.fr/~coulet/ontology/sopharm/version2.0/disease_ontology.owl#DOID_225> <http://www.loria.fr/~coulet/ontology/sopharm/version2.0/disease_ontology.owl#DOID_1150>);0;;0;;0;;0;;0;;0.0
ore_ont_12194.owl;SubClassOf(<http://www.loria.fr/~coulet/ontology/sopharm/version2.0/disease_ontology.owl#DOID_1150> <http://www.loria.fr/~coulet/ontology/sopharm/version2.0/disease_ontology.owl#DOID_1493>);0;;0;;0;;0;;0;;0.0
ore_ont_12194.owl;SubClassOf(<http://www.loria.fr/~coulet/ontology/sopharm/version2.0/disease_ontology.owl#DOID_19119> <http://www.loria.fr/~coulet/ontology/sopharm/version2.0/disease_ontology.owl#DOID_19129>);0;;0;;0;;0;;0;;0.0
ore_ont_12194.owl;SubClassOf(<http://www.loria.fr/~coulet/ontology/sopharm/version2.0/disease_ontology.owl#DOID_2315> <http://www.loria.fr/~coulet/ontology/sopharm/version2.0/disease_ontology.owl#DOID_7345>);0;;0;;0;;0;;0;;0.0
ore_ont_12194.owl;SubClassOf(<http://www.loria.fr/~coulet/ontology/sopharm/version2.0/disease_ontology.owl#DOID_5375> <http://www.loria.fr/~coulet/ontology/sopharm/version2.0/disease_ontology.owl#DOID_1234>);0;;0;;0;;0;;0;;0.0
ore_ont_16687.owl;SubClassOf(<http://purl.obolibrary.org/obo/ENSEMBL_ENSDARG00000091091> <http://purl.obolibrary.org/obo/SO_0000655>);0;;0;;0;;0;;0;;0.0
ore_ont_16687.owl;SubClassOf(<http://purl.obolibrary.org/obo/ENSEMBL_ENSDARG00000082738> <http://purl.obolibrary.org/obo/SO_0000276>);0;;0;;0;;0;;0;;0.0
ore_ont_16687.owl;SubClassOf(<http://purl.obolibrary.org/obo/ENSEMBL_ENSDARG00000082618> <http://purl.obolibrary.org/obo/SO_0000252>);0;;0;;0;;0;;0;;0.0
ore_ont_16687.owl;SubClassOf(<http://purl.obolibrary.org/obo/ENSEMBL_ENSDARG00000082739> <http://purl.obolibrary.org/obo/SO_0000275>);0;;0;;0;;0;;0;;0.0
ore_ont_16687.owl;SubClassOf(<http://purl.obolibrary.org/obo/ENSEMBL_ENSDARG00000095931> <http://purl.obolibrary.org/obo/SO_0001503>);0;;0;;0;;0;;0;;0.0
ore_ont_16687.owl;SubClassOf(<http://purl.obolibrary.org/obo/ENSEMBL_ENSDARG00000094481> <http://purl.obolibrary.org/obo/SO_0000704>);0;;0;;0;;0;;0;;0.0
ore_ont_16687.owl;SubClassOf(<http://purl.obolibrary.org/obo/ENSEMBL_ENSDARG00000015807> <http://purl.obolibrary.org/obo/SO_0001217>);0;;0;;0;;0;;0;;0.0
ore_ont_16687.owl;SubClassOf(<http://purl.obolibrary.org/obo/ENSEMBL_ENSDARG00000082614> <http://purl.obolibrary.org/obo/SO_0000274>);0;;0;;0;;0;;0;;0.0
ore_ont_16687.owl;SubClassOf(<http://purl.obolibrary.org/obo/ENSEMBL_ENSDARG00000031703> <http://purl.obolibrary.org/obo/SO_0000336>);0;;0;;0;;0;;0;;0.0
ore_ont_16687.owl;SubClassOf(<http://purl.obolibrary.org/obo/ENSEMBL_ENSDARG00000080329> <http://purl.obolibrary.org/obo/SO_0000253>);0;;0;;0;;0;;0;;0.0
ore_ont_12149.owl;SubClassOf(<http://purl.obolibrary.org/obo/TTO_107911> <http://purl.obolibrary.org/obo/TTO_14030>);0;;0;;0;;0;;0;;0.0
ore_ont_12149.owl;SubClassOf(<http://purl.obolibrary.org/obo/TTO_100867> <http://purl.obolibrary.org/obo/TTO_10760>);0;;0;;0;;0;;0;;0.0
ore_ont_12149.owl;SubClassOf(<http://purl.obolibrary.org/obo/TTO_1068919> <http://purl.obolibrary.org/obo/TTO_101503>);0;;0;;0;;0;;0;;0.0
ore_ont_12149.owl;SubClassOf(<http://purl.obolibrary.org/obo/TTO_1001818> <http://purl.obolibrary.org/obo/TTO_100867>);0;;0;;0;;0;;0;;0.0
ore_ont_12149.owl;SubClassOf(<http://purl.obolibrary.org/obo/TTO_1068514> <http://purl.obolibrary.org/obo/TTO_100490>);0;;0;;0;;0;;0;;0.0
ore_ont_12149.owl;SubClassOf(<http://purl.obolibrary.org/obo/TTO_1004808> <http://purl.obolibrary.org/obo/TTO_100552>);0;;0;;0;;0;;0;;0.0
ore_ont_12149.owl;SubClassOf(<http://purl.obolibrary.org/obo/TTO_104345> <http://purl.obolibrary.org/obo/TTO_13440>);0;;0;;0;;0;;0;;0.0
ore_ont_12149.owl;SubClassOf(<http://purl.obolibrary.org/obo/TTO_1069967> <http://purl.obolibrary.org/obo/TTO_104345>);0;;0;;0;;0;;0;;0.0
ore_ont_12149.owl;SubClassOf(<http://purl.obolibrary.org/obo/TTO_14030> <http://purl.obolibrary.org/obo/TTO_1630>);0;;0;;0;;0;;0;;0.0
ore_ont_12149.owl;SubClassOf(<http://purl.obolibrary.org/obo/TTO_102171> <http://purl.obolibrary.org/obo/TTO_10910>);0;;0;;0;;0;;0;;0.0
ore_ont_7493.owl;SubClassOf(<http://purl.obolibrary.org/obo/TTO_107911> <http://purl.obolibrary.org/obo/TTO_14030>);0;;0;;0;;0;;0;;0.0
ore_ont_7493.owl;SubClassOf(<http://purl.obolibrary.org/obo/TTO_100867> <http://purl.obolibrary.org/obo/TTO_10760>);0;;0;;0;;0;;0;;0.0
ore_ont_7493.owl;SubClassOf(<http://purl.obolibrary.org/obo/TTO_1068919> <http://purl.obolibrary.org/obo/TTO_101503>);0;;0;;0;;0;;0;;0.0
ore_ont_7493.owl;SubClassOf(<http://purl.obolibrary.org/obo/TTO_1001818> <http://purl.obolibrary.org/obo/TTO_100867>);0;;0;;0;;0;;0;;0.0
ore_ont_7493.owl;SubClassOf(<http://purl.obolibrary.org/obo/TTO_1068514> <http://purl.obolibrary.org/obo/TTO_100490>);0;;0;;0;;0;;0;;0.0
ore_ont_7493.owl;SubClassOf(<http://purl.obolibrary.org/obo/TTO_1004808> <http://purl.obolibrary.org/obo/TTO_100552>);0;;0;;0;;0;;0;;0.0
ore_ont_7493.owl;SubClassOf(<http://purl.obolibrary.org/obo/TTO_104345> <http://purl.obolibrary.org/obo/TTO_13440>);0;;0;;0;;0;;0;;0.0
ore_ont_7493.owl;SubClassOf(<http://purl.obolibrary.org/obo/TTO_1069967> <http://purl.obolibrary.org/obo/TTO_104345>);0;;0;;0;;0;;0;;0.0
ore_ont_7493.owl;SubClassOf(<http://purl.obolibrary.org/obo/TTO_14030> <http://purl.obolibrary.org/obo/TTO_1630>);0;;0;;0;;0;;0;;0.0
ore_ont_7493.owl;SubClassOf(<http://purl.obolibrary.org/obo/TTO_102171> <http://purl.obolibrary.org/obo/TTO_10910>);0;;0;;0;;0;;0;;0.0
ore_ont_6310.owl;SubClassOf(<http://ncicb.nci.nih.gov/xml/owl/EVS/Hugo.owl#HGNC_4149> <http://ncicb.nci.nih.gov/xml/owl/EVS/Hugo.owl#pseudogene>);0;;0;;0;;0;;0;;0.0
ore_ont_6310.owl;SubClassOf(<http://ncicb.nci.nih.gov/xml/owl/EVS/Hugo.owl#HGNC_2089> <http://ncicb.nci.nih.gov/xml/owl/EVS/Hugo.owl#phenotype_only>);0;;0;;0;;0;;0;;0.0
ore_ont_6310.owl;SubClassOf(<http://ncicb.nci.nih.gov/xml/owl/EVS/Hugo.owl#HGNC_32988> <http://ncicb.nci.nih.gov/xml/owl/EVS/Hugo.owl#RNA,_small_nucleolar>);0;;0;;0;;0;;0;;0.0
ore_ont_6310.owl;SubClassOf(<http://ncicb.nci.nih.gov/xml/owl/EVS/Hugo.owl#HGNC_8509> <http://ncicb.nci.nih.gov/xml/owl/EVS/Hugo.owl#withdrawn>);0;;0;;0;;0;;0;;0.0
ore_ont_6310.owl;SubClassOf(<http://ncicb.nci.nih.gov/xml/owl/EVS/Hugo.owl#HGNC_34124> <http://ncicb.nci.nih.gov/xml/owl/EVS/Hugo.owl#RNA,_pseudogene>);0;;0;;0;;0;;0;;0.0
ore_ont_6310.owl;SubClassOf(<http://ncicb.nci.nih.gov/xml/owl/EVS/Hugo.owl#HGNC_26066> <http://ncicb.nci.nih.gov/xml/owl/EVS/Hugo.owl#gene_with_no_protein_product>);0;;0;;0;;0;;0;;0.0
ore_ont_6310.owl;SubClassOf(<http://ncicb.nci.nih.gov/xml/owl/EVS/Hugo.owl#HGNC_5477> <http://ncicb.nci.nih.gov/xml/owl/EVS/Hugo.owl#gene_with_protein_product>);0;;0;;0;;0;;0;;0.0
ore_ont_6310.owl;SubClassOf(<http://ncicb.nci.nih.gov/xml/owl/EVS/Hugo.owl#HGNC_9838> <http://ncicb.nci.nih.gov/xml/owl/EVS/Hugo.owl#unknown>);0;;0;;0;;0;;0;;0.0
ore_ont_6310.owl;SubClassOf(<http://ncicb.nci.nih.gov/xml/owl/EVS/Hugo.owl#HGNC_12332> <http://ncicb.nci.nih.gov/xml/owl/EVS/Hugo.owl#RNA,_transfer>);0;;0;;0;;0;;0;;0.0
ore_ont_6310.owl;SubClassOf(<http://ncicb.nci.nih.gov/xml/owl/EVS/Hugo.owl#HGNC_32144> <http://ncicb.nci.nih.gov/xml/owl/EVS/Hugo.owl#RNA,_micro>);0;;0;;0;;0;;0;;0.0
ore_ont_13664.owl;SubClassOf(<http://purl.obolibrary.org/obo/ENSEMBL_ENSMUSG00000082488> <http://purl.obolibrary.org/obo/SO_0001217>);0;;0;;0;;0;;0;;0.0
ore_ont_13664.owl;SubClassOf(<http://purl.obolibrary.org/obo/ENSEMBL_ENSMUSG00000084545> <http://purl.obolibrary.org/obo/SO_0000252>);0;;0;;0;;0;;0;;0.0
ore_ont_13664.owl;SubClassOf(<http://purl.obolibrary.org/obo/ENSEMBL_ENSMUSG00000093140> <http://purl.obolibrary.org/obo/SO_0000276>);0;;0;;0;;0;;0;;0.0
ore_ont_13664.owl;SubClassOf(<http://purl.obolibrary.org/obo/ENSEMBL_ENSMUSG00000086846> <http://purl.obolibrary.org/obo/SO_0000336>);0;;0;;0;;0;;0;;0.0
ore_ont_13664.owl;SubClassOf(<http://purl.obolibrary.org/obo/ENSEMBL_ENSMUSG00000084667> <http://purl.obolibrary.org/obo/SO_0000275>);0;;0;;0;;0;;0;;0.0
ore_ont_13664.owl;SubClassOf(<http://purl.obolibrary.org/obo/ENSEMBL_ENSMUSG00000084666> <http://purl.obolibrary.org/obo/SO_0000655>);0;;0;;0;;0;;0;;0.0
ore_ont_13664.owl;SubClassOf(<http://purl.obolibrary.org/obo/ENSEMBL_ENSMUSG00000085515> <http://purl.obolibrary.org/obo/SO_0001503>);0;;0;;0;;0;;0;;0.0
ore_ont_13664.owl;SubClassOf(<http://purl.obolibrary.org/obo/ENSEMBL_ENSMUSG00000065906> <http://purl.obolibrary.org/obo/SO_0000274>);0;;0;;0;;0;;0;;0.0
ore_ont_13664.owl;SubClassOf(<http://purl.obolibrary.org/obo/ENSEMBL_ENSMUSG00000086604> <http://purl.obolibrary.org/obo/SO_0001463>);0;;0;;0;;0;;0;;0.0
ore_ont_13664.owl;SubClassOf(<http://purl.obolibrary.org/obo/ENSEMBL_ENSMUSG00000091087> <http://purl.obolibrary.org/obo/SO_0000704>);0;;0;;0;;0;;0;;0.0
ore_ont_6102.owl;SubClassOf(<http://www.absoluteiri.edu/RELAPPROXC11685> <http://purl.obolibrary.org/obo/TAO_0001834>);0;;0;;0;;0;;0;;0.0
ore_ont_6102.owl;SubClassOf(<http://www.absoluteiri.edu/RELAPPROXC11797> <http://purl.obolibrary.org/obo/PATO_0000117>);0;;0;;0;;0;;0;;0.0
ore_ont_6102.owl;SubClassOf(<http://www.absoluteiri.edu/RELAPPROXC11976> <http://purl.obolibrary.org/obo/PATO_0000141>);0;;0;;0;;0;;0;;0.0
ore_ont_6102.owl;SubClassOf(<http://www.absoluteiri.edu/RELAPPROXC11767> <http://purl.obolibrary.org/obo/BFO_0000004>);5;0.9954315394385151;1;0.9954315394385151;1;0.9954315394385151;1;0.9954315394385151;1;0.9954315394385151;1.0
ore_ont_6102.owl;SubClassOf(<http://www.absoluteiri.edu/RELAPPROXC12189> <http://purl.obolibrary.org/obo/TAO_0000240>);0;;0;;0;;0;;0;;0.0
ore_ont_6102.owl;SubClassOf(<http://www.absoluteiri.edu/RELAPPROXC11818> <http://purl.obolibrary.org/obo/TAO_0000226>);0;;0;;0;;0;;0;;0.0
ore_ont_6102.owl;SubClassOf(<http://www.absoluteiri.edu/RELAPPROXC11887> <http://purl.obolibrary.org/obo/TAO_0000672>);0;;0;;0;;0;;0;;0.0
ore_ont_6102.owl;SubClassOf(<http://www.absoluteiri.edu/RELAPPROXC11778> <http://purl.obolibrary.org/obo/TAO_0002053>);0;;0;;0;;0;;0;;0.0
ore_ont_6102.owl;SubClassOf(<http://www.absoluteiri.edu/RELAPPROXC11966> <http://purl.obolibrary.org/obo/TAO_0001114>);0;;0;;0;;0;;0;;0.0
ore_ont_6102.owl;SubClassOf(<http://www.absoluteiri.edu/RELAPPROXC12150> <http://purl.obolibrary.org/obo/TAO_0002019>);0;;0;;0;;0;;0;;0.0
ore_ont_7455.owl;SubClassOf(<http://purl.obolibrary.org/obo/ENSEMBL_YLR157C-A> <http://purl.obolibrary.org/obo/SO_0001217>);31;1.000271683637138;0;;31;1.000273856140678;0;;31;1.0002727698889078;4.0
ore_ont_7455.owl;SubClassOf(<http://purl.obolibrary.org/obo/CHROMOSOME-4932_IV> <http://purl.obolibrary.org/obo/SO_0000340>);0;;0;;0;;0;;0;;0.0
ore_ont_7455.owl;SubClassOf(<http://purl.obolibrary.org/obo/CHROMOSOME-4932_XVI> <http://purl.obolibrary.org/obo/SO_0000340>);0;;0;;0;;0;;0;;0.0
ore_ont_7455.owl;SubClassOf(<http://purl.obolibrary.org/obo/CHROMOSOME-4932_II> <http://purl.obolibrary.org/obo/SO_0000340>);0;;0;;0;;0;;0;;0.0
ore_ont_7455.owl;SubClassOf(<http://purl.obolibrary.org/obo/CHROMOSOME-4932_VII> <http://purl.obolibrary.org/obo/SO_0000340>);0;;0;;0;;0;;0;;0.0
ore_ont_7455.owl;SubClassOf(<http://purl.obolibrary.org/obo/CHROMOSOME-4932_XII> <http://purl.obolibrary.org/obo/SO_0000340>);0;;0;;0;;0;;0;;0.0
ore_ont_7455.owl;SubClassOf(<http://purl.obolibrary.org/obo/CHROMOSOME-4932_XIV> <http://purl.obolibrary.org/obo/SO_0000340>);0;;0;;0;;0;;0;;0.0
ore_ont_7455.owl;SubClassOf(<http://purl.obolibrary.org/obo/CHROMOSOME-4932_XV> <http://purl.obolibrary.org/obo/SO_0000340>);0;;0;;0;;0;;0;;0.0
ore_ont_7455.owl;SubClassOf(<http://purl.obolibrary.org/obo/CHROMOSOME-4932_XIII> <http://purl.obolibrary.org/obo/SO_0000340>);0;;0;;0;;0;;0;;0.0
ore_ont_7455.owl;SubClassOf(<http://purl.obolibrary.org/obo/CHROMOSOME-4932_X> <http://purl.obolibrary.org/obo/SO_0000340>);0;;0;;0;;0;;0;;0.0
ore_ont_10778.owl;SubClassOf(<http://purl.obolibrary.org/obo/GO_0019113> <http://purl.obolibrary.org/obo/GO_0016709>);0;;0;;0;;0;;0;;0.0
ore_ont_10778.owl;SubClassOf(<http://purl.obolibrary.org/obo/GO_0048468> <http://purl.obolibrary.org/obo/GO_0048856>);0;;0;;0;;0;;0;;0.0
ore_ont_10778.owl;SubClassOf(<http://purl.obolibrary.org/obo/GO_0022402> <http://purl.obolibrary.org/obo/GO_0044763>);0;;0;;0;;0;;0;;0.0
ore_ont_10778.owl;SubClassOf(<http://purl.obolibrary.org/obo/GO_0030154> <http://purl.obolibrary.org/obo/GO_0044767>);2;0.5928400954653938;2;0.5928400954653938;2;0.5928400954653938;2;0.5928400954653938;2;0.5928400954653938;1.0
ore_ont_10778.owl;SubClassOf(<http://purl.obolibrary.org/obo/GO_0005887> <http://purl.obolibrary.org/obo/GO_0044459>);0;;0;;0;;0;;0;;0.0
ore_ont_10778.owl;SubClassOf(<http://purl.obolibrary.org/obo/GO_0033764> <http://purl.obolibrary.org/obo/GO_0016616>);0;;0;;0;;0;;0;;0.0
ore_ont_10778.owl;SubClassOf(<http://purl.obolibrary.org/obo/GO_0007338> <http://purl.obolibrary.org/obo/GO_0044702>);2;0.163538873994638;1;0.5690348525469169;2;0.163538873994638;2;0.163538873994638;1;0.5690348525469169;1.0
ore_ont_10778.owl;SubClassOf(<http://purl.obolibrary.org/obo/GO_1902494> <http://purl.obolibrary.org/obo/GO_0043234>);0;;0;;0;;0;;0;;0.0
ore_ont_10778.owl;SubClassOf(<http://purl.obolibrary.org/obo/GO_0044445> <http://purl.obolibrary.org/obo/GO_0044444>);0;;0;;0;;0;;0;;0.0
ore_ont_10778.owl;SubClassOf(<http://purl.obolibrary.org/obo/GO_0048608> <http://purl.obolibrary.org/obo/GO_0003006>);0;;0;;0;;0;;0;;0.0
ore_ont_13243.owl;SubClassOf(<http://purl.obolibrary.org/obo/GO_0019113> <http://purl.obolibrary.org/obo/GO_0016709>);0;;0;;0;;0;;0;;0.0
ore_ont_13243.owl;SubClassOf(<http://purl.obolibrary.org/obo/GO_0048468> <http://purl.obolibrary.org/obo/GO_0048856>);0;;0;;0;;0;;0;;0.0
ore_ont_13243.owl;SubClassOf(<http://purl.obolibrary.org/obo/GO_0022402> <http://purl.obolibrary.org/obo/GO_0044763>);0;;0;;0;;0;;0;;0.0
ore_ont_13243.owl;SubClassOf(<http://purl.obolibrary.org/obo/GO_0030154> <http://purl.obolibrary.org/obo/GO_0044767>);2;0.5934223069590084;2;0.5934223069590084;2;0.5934223069590084;2;0.5934223069590084;1;1.0;3.0
ore_ont_13243.owl;SubClassOf(<http://purl.obolibrary.org/obo/GO_0005887> <http://purl.obolibrary.org/obo/GO_0044459>);0;;0;;0;;0;;0;;0.0
ore_ont_13243.owl;SubClassOf(<http://purl.obolibrary.org/obo/GO_0033764> <http://purl.obolibrary.org/obo/GO_0016616>);0;;0;;0;;0;;0;;0.0
ore_ont_13243.owl;SubClassOf(<http://purl.obolibrary.org/obo/GO_0022412> <http://purl.obolibrary.org/obo/GO_0048610>);0;;0;;0;;0;;0;;0.0
ore_ont_13243.owl;SubClassOf(<http://purl.obolibrary.org/obo/GO_1902494> <http://purl.obolibrary.org/obo/GO_0043234>);0;;0;;0;;0;;0;;0.0
ore_ont_13243.owl;SubClassOf(<http://purl.obolibrary.org/obo/GO_0044445> <http://purl.obolibrary.org/obo/GO_0044444>);0;;0;;0;;0;;0;;0.0
ore_ont_13243.owl;SubClassOf(<http://purl.obolibrary.org/obo/GO_0048608> <http://purl.obolibrary.org/obo/GO_0003006>);0;;0;;0;;0;;0;;0.0
ore_ont_14934.owl;SubClassOf(<http://purl.obolibrary.org/obo/ENSEMBL#_FBgn0011870> <http://purl.obolibrary.org/obo/SO_0000253>);0;;0;;0;;0;;0;;0.0
ore_ont_14934.owl;SubClassOf(<http://purl.obolibrary.org/obo/SO_0000593> <http://purl.obolibrary.org/obo/SO_0000275>);0;;0;;0;;0;;0;;0.0
ore_ont_14934.owl;SubClassOf(<http://purl.obolibrary.org/obo/CHROMOSOME-7227#_3L> <http://purl.obolibrary.org/obo/SO_0000340>);0;;0;;0;;0;;0;;0.0
ore_ont_14934.owl;SubClassOf(<http://purl.obolibrary.org/obo/CHROMOSOME-7227#_2L> <http://purl.obolibrary.org/obo/SO_0000340>);0;;0;;0;;0;;0;;0.0
ore_ont_14934.owl;SubClassOf(<http://purl.obolibrary.org/obo/ENSEMBL#_FBgn0005630> <http://purl.obolibrary.org/obo/SO_0001217>);0;;0;;0;;0;;0;;0.0
ore_ont_14934.owl;SubClassOf(<http://purl.obolibrary.org/obo/CHROMOSOME-7227#_2R> <http://purl.obolibrary.org/obo/SO_0000340>);0;;0;;0;;0;;0;;0.0
ore_ont_14934.owl;SubClassOf(<http://purl.obolibrary.org/obo/CHROMOSOME-7227#_X> <http://purl.obolibrary.org/obo/SO_0000340>);0;;0;;0;;0;;0;;0.0
ore_ont_14934.owl;SubClassOf(<http://purl.obolibrary.org/obo/SO_0000651> <http://purl.obolibrary.org/obo/SO_0000252>);0;;0;;0;;0;;0;;0.0
ore_ont_14934.owl;SubClassOf(<http://purl.obolibrary.org/obo/CHROMOSOME-7227#_3R> <http://purl.obolibrary.org/obo/SO_0000340>);0;;0;;0;;0;;0;;0.0
ore_ont_14934.owl;SubClassOf(<http://purl.obolibrary.org/obo/SO_0000253> <http://purl.obolibrary.org/obo/SO_0000655>);0;;0;;0;;0;;0;;0.0
ore_ont_10175.owl;SubClassOf(<http://purl.obolibrary.org/obo/GO_0004517> <http://purl.obolibrary.org/obo/GO_0016709>);0;;0;;0;;0;;0;;0.0
ore_ont_10175.owl;SubClassOf(<http://purl.obolibrary.org/obo/GO_0048468> <http://purl.obolibrary.org/obo/GO_0048856>);0;;0;;0;;0;;0;;0.0
ore_ont_10175.owl;SubClassOf(<http://purl.obolibrary.org/obo/GO_0022402> <http://purl.obolibrary.org/obo/GO_0044763>);1;0.2073778664007976;1;0.2073778664007976;1;0.2073778664007976;1;0.2073778664007976;1;0.2073778664007976;2.0
ore_ont_10175.owl;SubClassOf(<http://purl.obolibrary.org/obo/GO_0030154> <http://purl.obolibrary.org/obo/GO_0044767>);2;0.5926275992438563;2;0.5926275992438563;2;0.5926275992438563;2;0.5926275992438563;1;1.0;3.0
ore_ont_10175.owl;SubClassOf(<http://purl.obolibrary.org/obo/GO_0005739> <http://purl.obolibrary.org/obo/GO_0044444>);0;;0;;0;;0;;0;;0.0
ore_ont_10175.owl;SubClassOf(<http://purl.obolibrary.org/obo/GO_0048523> <http://purl.obolibrary.org/obo/GO_0065007>);9;0.5756613756613758;9;0.5756613756613758;8;0.6402116402116402;9;0.5756613756613758;9;0.3968253968253968;2.0
ore_ont_10175.owl;SubClassOf(<http://purl.obolibrary.org/obo/GO_0005887> <http://purl.obolibrary.org/obo/GO_0044459>);5;0.7881679389312978;5;0.7881679389312978;4;0.241412213740458;5;0.7881679389312978;4;0.241412213740458;1.0
ore_ont_10175.owl;SubClassOf(<http://purl.obolibrary.org/obo/GO_0033764> <http://purl.obolibrary.org/obo/GO_0016616>);0;;0;;0;;0;;0;;0.0
ore_ont_10175.owl;SubClassOf(<http://purl.obolibrary.org/obo/GO_0022412> <http://purl.obolibrary.org/obo/GO_0048610>);4;0.3022026431718061;4;0.3022026431718061;4;0.3022026431718061;4;0.3022026431718061;4;0.3022026431718061;1.0
ore_ont_10175.owl;SubClassOf(<http://purl.obolibrary.org/obo/GO_1902494> <http://purl.obolibrary.org/obo/GO_0043234>);0;;0;;0;;0;;0;;0.0
ore_ont_5781.owl;SubClassOf(<http://purl.org/obo/owl/IMR#IMR_0000299> <http://purl.org/obo/owl/IMR#IMR_0010044>);3;0.999675668268023;1;0.9992949972211016;3;0.999675668268023;3;0.999675668268023;1;0.9992949972211016;1.0
ore_ont_5781.owl;SubClassOf(<http://purl.org/obo/owl/IMR#IMR_0010047> <http://purl.org/obo/owl/IMR#IMR_0000952>);0;;0;;0;;0;;0;;0.0
ore_ont_5781.owl;SubClassOf(<http://purl.org/obo/owl/IMR#IMR_0002102> <http://purl.org/obo/owl/IMR#IMR_0002096>);0;;0;;0;;0;;0;;0.0
ore_ont_5781.owl;SubClassOf(<http://purl.org/obo/owl/IMR#IMR_0000825> <http://purl.org/obo/owl/IMR#IMR_0000369>);0;;0;;0;;0;;0;;0.0
ore_ont_5781.owl;SubClassOf(<http://purl.org/obo/owl/IMR#IMR_0200273> <http://purl.org/obo/owl/IMR#IMR_0001998>);0;;0;;0;;0;;0;;0.0
ore_ont_5781.owl;SubClassOf(<http://purl.org/obo/owl/IMR#IMR_0002103> <http://purl.org/obo/owl/IMR#IMR_0002096>);0;;0;;0;;0;;0;;0.0
ore_ont_5781.owl;SubClassOf(<http://purl.org/obo/owl/IMR#IMR_0001586> <http://purl.org/obo/owl/IMR#IMR_0000299>);0;;0;;0;;0;;0;;0.0
ore_ont_5781.owl;SubClassOf(<http://purl.org/obo/owl/IMR#IMR_0010046> <http://purl.org/obo/owl/IMR#IMR_0010053>);0;;0;;0;;0;;0;;0.0
ore_ont_5781.owl;SubClassOf(<http://purl.org/obo/owl/IMR#IMR_0010462> <http://purl.org/obo/owl/IMR#IMR_0000897>);0;;0;;0;;0;;0;;0.0
ore_ont_5781.owl;SubClassOf(<http://purl.org/obo/owl/IMR#IMR_0000191> <http://purl.org/obo/owl/IMR#IMR_0000949>);6;0.9982042156855336;1;0.9976299676859566;2;0.9971514276863092;2;0.9971514276863092;1;0.9976299676859566;1.0
ore_ont_15696.owl;SubClassOf(<http://purl.obolibrary.org/obo/VTO_0048285> <http://purl.obolibrary.org/obo/VTO_0046983>);0;;0;;0;;0;;0;;0.0
ore_ont_15696.owl;SubClassOf(<http://purl.obolibrary.org/obo/VTO_0005670> <http://purl.obolibrary.org/obo/VTO_0005565>);0;;0;;0;;0;;0;;0.0
ore_ont_15696.owl;SubClassOf(<http://purl.obolibrary.org/obo/VTO_0012881> <http://purl.obolibrary.org/obo/VTO_0012653>);0;;0;;0;;0;;0;;0.0
ore_ont_15696.owl;SubClassOf(<http://purl.obolibrary.org/obo/VTO_0009112> <http://purl.obolibrary.org/obo/VTO_0008913>);0;;0;;0;;0;;0;;0.0
ore_ont_15696.owl;SubClassOf(<http://purl.obolibrary.org/obo/VTO_0073595> <http://purl.obolibrary.org/obo/VTO_0048285>);0;;0;;0;;0;;0;;0.0
ore_ont_15696.owl;SubClassOf(<http://purl.obolibrary.org/obo/VTO_0049816> <http://purl.obolibrary.org/obo/VTO_0042306>);0;;0;;0;;0;;0;;0.0
ore_ont_15696.owl;SubClassOf(<http://purl.obolibrary.org/obo/VTO_0040541> <http://purl.obolibrary.org/obo/VTO_0038680>);0;;0;;0;;0;;0;;0.0
ore_ont_15696.owl;SubClassOf(<http://purl.obolibrary.org/obo/VTO_0050032> <http://purl.obolibrary.org/obo/VTO_0049816>);0;;0;;0;;0;;0;;0.0
ore_ont_15696.owl;SubClassOf(<http://purl.obolibrary.org/obo/VTO_0063796> <http://purl.obolibrary.org/obo/VTO_0040541>);0;;0;;0;;0;;0;;0.0
ore_ont_15696.owl;SubClassOf(<http://purl.obolibrary.org/obo/VTO_9024755> <http://purl.obolibrary.org/obo/VTO_9024187>);3;0.1036315323294951;1;0.6781812813699438;3;0.1036315323294951;3;0.1036315323294951;3;0.1036315323294951;1.0
ore_ont_11293.owl;SubClassOf(<http://purl.obolibrary.org/obo/CHEBI_53000> <http://purl.obolibrary.org/obo/CHEBI_24432>);0;;0;;0;;0;;0;;0.0
ore_ont_11293.owl;SubClassOf(<http://purl.obolibrary.org/obo/CHEBI_75766> <http://purl.obolibrary.org/obo/CHEBI_25212>);5;0.7068027210884354;3;0.8285714285714285;5;0.7068027210884354;5;0.7068027210884354;3;0.8506802721088436;4.0
ore_ont_11293.owl;SubClassOf(<http://purl.obolibrary.org/obo/CHEBI_15904> <http://purl.obolibrary.org/obo/CHEBI_25384>);2;0.906466223378626;1;0.9625999807266068;2;0.906466223378626;2;0.906466223378626;2;0.906466223378626;2.0
ore_ont_11293.owl;SubClassOf(<http://purl.obolibrary.org/obo/CHEBI_58945> <http://purl.obolibrary.org/obo/CHEBI_50860>);3;0.4853578993376591;1;0.7412500420266954;3;0.4853578993376591;3;0.4853578993376591;1;0.7412500420266954;2.0
ore_ont_11293.owl;SubClassOf(<http://purl.obolibrary.org/obo/CHEBI_25705> <http://purl.obolibrary.org/obo/CHEBI_36683>);2;0.5053262143508269;1;0.7525198593566871;2;0.5053262143508269;2;0.5053262143508269;1;0.7525198593566871;1.0
ore_ont_11293.owl;SubClassOf(<http://purl.obolibrary.org/obo/CHEBI_35610> <http://purl.obolibrary.org/obo/CHEBI_23888>);0;;0;;0;;0;;0;;0.0
ore_ont_11293.owl;SubClassOf(<http://purl.obolibrary.org/obo/CHEBI_58342> <http://purl.obolibrary.org/obo/CHEBI_58945>);2;0.7656191892896989;1;0.5399312011900336;2;0.7656191892896989;2;0.7656191892896989;2;0.7656191892896989;1.0
ore_ont_11293.owl;SubClassOf(<http://purl.obolibrary.org/obo/CHEBI_75766> <http://purl.obolibrary.org/obo/CHEBI_26619>);0;;0;;0;;0;;0;;0.0
ore_ont_11293.owl;SubClassOf(<http://purl.obolibrary.org/obo/CHEBI_26619> <http://purl.obolibrary.org/obo/CHEBI_25212>);0;;0;;0;;0;;0;;0.0
ore_ont_11293.owl;SubClassOf(<http://purl.obolibrary.org/obo/CHEBI_26195> <http://purl.obolibrary.org/obo/CHEBI_33853>);0;;0;;0;;0;;0;;0.0
ore_ont_15929.owl;SubClassOf(<http://purl.obolibrary.org/obo/CHEBI_53000> <http://purl.obolibrary.org/obo/CHEBI_24432>);0;;0;;0;;0;;0;;0.0
ore_ont_15929.owl;SubClassOf(<http://purl.obolibrary.org/obo/CHEBI_75766> <http://purl.obolibrary.org/obo/CHEBI_25212>);5;0.8054851348236921;3;0.8859184143811938;5;0.8054851348236921;5;0.8054851348236921;3;0.9029730352615812;3.0
ore_ont_15929.owl;SubClassOf(<http://purl.obolibrary.org/obo/CHEBI_15904> <http://purl.obolibrary.org/obo/CHEBI_25384>);2;0.905930668423041;1;0.9624090737386556;2;0.905930668423041;2;0.905930668423041;1;0.9624090737386556;2.0
ore_ont_15929.owl;SubClassOf(<http://purl.obolibrary.org/obo/CHEBI_58945> <http://purl.obolibrary.org/obo/CHEBI_50860>);3;0.4859630837507983;1;0.7420569545775477;3;0.4859630837507983;3;0.4859630837507983;1;0.7420569545775477;2.0
ore_ont_15929.owl;SubClassOf(<http://purl.obolibrary.org/obo/CHEBI_25705> <http://purl.obolibrary.org/obo/CHEBI_36683>);2;0.4988410072700452;1;0.748999051733221;2;0.4988410072700452;2;0.4988410072700452;1;0.748999051733221;2.0
ore_ont_15929.owl;SubClassOf(<http://purl.obolibrary.org/obo/CHEBI_35610> <http://purl.obolibrary.org/obo/CHEBI_23888>);0;;0;;0;;0;;0;;0.0
ore_ont_15929.owl;SubClassOf(<http://purl.obolibrary.org/obo/CHEBI_58342> <http://purl.obolibrary.org/obo/CHEBI_58945>);2;0.7601874539096507;1;0.5292004662559172;2;0.7601874539096507;2;0.7601874539096507;2;0.7601874539096507;2.0
ore_ont_15929.owl;SubClassOf(<http://purl.obolibrary.org/obo/CHEBI_75766> <http://purl.obolibrary.org/obo/CHEBI_26619>);0;;0;;0;;0;;0;;0.0
ore_ont_15929.owl;SubClassOf(<http://purl.obolibrary.org/obo/CHEBI_26619> <http://purl.obolibrary.org/obo/CHEBI_25212>);0;;0;;0;;0;;0;;0.0
ore_ont_15929.owl;SubClassOf(<http://purl.obolibrary.org/obo/CHEBI_26195> <http://purl.obolibrary.org/obo/CHEBI_33853>);0;;0;;0;;0;;0;;0.0
ore_ont_10248.owl;SubClassOf(<http://purl.obolibrary.org/obo/CHEBI_53000> <http://purl.obolibrary.org/obo/CHEBI_24432>);0;;0;;0;;0;;0;;0.0
ore_ont_10248.owl;SubClassOf(<http://purl.obolibrary.org/obo/CHEBI_75766> <http://purl.obolibrary.org/obo/CHEBI_25212>);5;0.4287907869481765;3;0.6723608445297505;5;0.4287907869481765;5;0.4287907869481765;3;0.8278310940499041;1.0
ore_ont_10248.owl;SubClassOf(<http://purl.obolibrary.org/obo/CHEBI_58945> <http://purl.obolibrary.org/obo/CHEBI_50860>);3;0.5042281039167202;1;0.7507708276093661;3;0.5042281039167202;3;0.5042281039167202;1;0.7507708276093661;1.0
ore_ont_10248.owl;SubClassOf(<http://purl.obolibrary.org/obo/CHEBI_25705> <http://purl.obolibrary.org/obo/CHEBI_36683>);2;0.530023906623541;1;0.7648478882482541;2;0.530023906623541;2;0.530023906623541;1;0.7648478882482541;1.0
ore_ont_10248.owl;SubClassOf(<http://purl.obolibrary.org/obo/CHEBI_35610> <http://purl.obolibrary.org/obo/CHEBI_23888>);0;;0;;0;;0;;0;;0.0
ore_ont_10248.owl;SubClassOf(<http://purl.obolibrary.org/obo/CHEBI_75766> <http://purl.obolibrary.org/obo/CHEBI_26619>);0;;0;;0;;0;;0;;0.0
ore_ont_10248.owl;SubClassOf(<http://purl.obolibrary.org/obo/CHEBI_26619> <http://purl.obolibrary.org/obo/CHEBI_25212>);0;;0;;0;;0;;0;;0.0
ore_ont_10248.owl;SubClassOf(<http://purl.obolibrary.org/obo/CHEBI_76967> <http://purl.obolibrary.org/obo/CHEBI_75770>);0;;0;;0;;0;;0;;0.0
ore_ont_10248.owl;SubClassOf(<http://purl.obolibrary.org/obo/CHEBI_59737> <http://purl.obolibrary.org/obo/CHEBI_58945>);0;;0;;0;;0;;0;;0.0
ore_ont_10248.owl;SubClassOf(<http://purl.obolibrary.org/obo/CHEBI_26195> <http://purl.obolibrary.org/obo/CHEBI_33853>);0;;0;;0;;0;;0;;0.0
ore_ont_5612.owl;SubClassOf(<http://purl.obolibrary.org/obo/CHEBI_53000> <http://purl.obolibrary.org/obo/CHEBI_24432>);0;;0;;0;;0;;0;;0.0
ore_ont_5612.owl;SubClassOf(<http://purl.obolibrary.org/obo/CHEBI_75766> <http://purl.obolibrary.org/obo/CHEBI_25212>);5;0.4667742803336024;3;0.6941081517352704;5;0.4667742803336024;5;0.4667742803336024;3;0.8393866020984666;2.0
ore_ont_5612.owl;SubClassOf(<http://purl.obolibrary.org/obo/CHEBI_58945> <http://purl.obolibrary.org/obo/CHEBI_50860>);3;0.5117991883360891;1;0.7545768826093491;3;0.5117991883360891;3;0.5117991883360891;1;0.7545768826093491;1.0
ore_ont_5612.owl;SubClassOf(<http://purl.obolibrary.org/obo/CHEBI_25705> <http://purl.obolibrary.org/obo/CHEBI_36683>);2;0.5750287099655481;1;0.7880991876143083;2;0.5750287099655481;2;0.5750287099655481;1;0.7880991876143083;1.0
ore_ont_5612.owl;SubClassOf(<http://purl.obolibrary.org/obo/CHEBI_35610> <http://purl.obolibrary.org/obo/CHEBI_23888>);0;;0;;0;;0;;0;;0.0
ore_ont_5612.owl;SubClassOf(<http://purl.obolibrary.org/obo/CHEBI_75766> <http://purl.obolibrary.org/obo/CHEBI_26619>);0;;0;;0;;0;;0;;0.0
ore_ont_5612.owl;SubClassOf(<http://purl.obolibrary.org/obo/CHEBI_26619> <http://purl.obolibrary.org/obo/CHEBI_25212>);0;;0;;0;;0;;0;;0.0
ore_ont_5612.owl;SubClassOf(<http://purl.obolibrary.org/obo/CHEBI_76967> <http://purl.obolibrary.org/obo/CHEBI_75770>);0;;0;;0;;0;;0;;0.0
ore_ont_5612.owl;SubClassOf(<http://purl.obolibrary.org/obo/CHEBI_59737> <http://purl.obolibrary.org/obo/CHEBI_58945>);0;;0;;0;;0;;0;;0.0
ore_ont_5612.owl;SubClassOf(<http://purl.obolibrary.org/obo/CHEBI_26195> <http://purl.obolibrary.org/obo/CHEBI_33853>);0;;0;;0;;0;;0;;0.0
ore_ont_2803.owl;SubClassOf(<http://purl.obolibrary.org/obo/CHEBI_53000> <http://purl.obolibrary.org/obo/CHEBI_24432>);0;;0;;0;;0;;0;;0.0
ore_ont_2803.owl;SubClassOf(<http://purl.obolibrary.org/obo/CHEBI_75766> <http://purl.obolibrary.org/obo/CHEBI_25212>);5;0.44;3;0.6770588235294117;5;0.44;5;0.44;4;0.5688235294117647;4.0
ore_ont_2803.owl;SubClassOf(<http://purl.obolibrary.org/obo/CHEBI_15904> <http://purl.obolibrary.org/obo/CHEBI_25384>);2;0.9042906887529264;1;0.9618244771891168;2;0.9042906887529264;2;0.9042906887529264;2;0.9042906887529264;1.0
ore_ont_2803.owl;SubClassOf(<http://purl.obolibrary.org/obo/CHEBI_58945> <http://purl.obolibrary.org/obo/CHEBI_50860>);3;0.4952292911618078;1;0.746706725213774;3;0.4952292911618078;3;0.4952292911618078;2;0.2435537653933771;1.0
ore_ont_2803.owl;SubClassOf(<http://purl.obolibrary.org/obo/CHEBI_25705> <http://purl.obolibrary.org/obo/CHEBI_36683>);2;0.5053262143508269;1;0.7526761297043886;2;0.5053262143508269;2;0.5053262143508269;1;0.7526761297043886;2.0
ore_ont_2803.owl;SubClassOf(<http://purl.obolibrary.org/obo/CHEBI_35610> <http://purl.obolibrary.org/obo/CHEBI_23888>);0;;0;;0;;0;;0;;0.0
ore_ont_2803.owl;SubClassOf(<http://purl.obolibrary.org/obo/CHEBI_58342> <http://purl.obolibrary.org/obo/CHEBI_58945>);2;0.7505184673118704;1;0.5107890578708276;2;0.7505184673118704;2;0.7505184673118704;1;0.5107890578708276;1.0
ore_ont_2803.owl;SubClassOf(<http://purl.obolibrary.org/obo/CHEBI_75766> <http://purl.obolibrary.org/obo/CHEBI_26619>);0;;0;;0;;0;;0;;0.0
ore_ont_2803.owl;SubClassOf(<http://purl.obolibrary.org/obo/CHEBI_26619> <http://purl.obolibrary.org/obo/CHEBI_25212>);0;;0;;0;;0;;0;;0.0
ore_ont_2803.owl;SubClassOf(<http://purl.obolibrary.org/obo/CHEBI_26195> <http://purl.obolibrary.org/obo/CHEBI_33853>);0;;0;;0;;0;;0;;0.0
ore_ont_5927.owl;SubClassOf(<http://purl.obolibrary.org/obo/FMA_78551> <http://purl.obolibrary.org/obo/FMA_63819>);0;;0;;0;;0;;0;;0.0
ore_ont_5927.owl;SubClassOf(<http://purl.obolibrary.org/obo/FMA_42164> <http://purl.obolibrary.org/obo/FMA_21792>);0;;0;;0;;0;;0;;0.0
ore_ont_5927.owl;SubClassOf(<http://purl.obolibrary.org/obo/FMA_7085> <http://purl.obolibrary.org/obo/FMA_29733>);0;;0;;0;;0;;0;;0.0
ore_ont_5927.owl;SubClassOf(<http://purl.obolibrary.org/obo/FMA_58279> <http://purl.obolibrary.org/obo/FMA_9721>);0;;0;;0;;0;;0;;0.0
ore_ont_5927.owl;SubClassOf(<http://purl.obolibrary.org/obo/FMA_9140> <http://purl.obolibrary.org/obo/FMA_85544>);3;0.9715314504332168;1;0.934736131427928;3;0.9715314504332168;3;0.9715314504332168;2;0.9058174862158206;1.0
ore_ont_5927.owl;SubClassOf(<http://purl.obolibrary.org/obo/FMA_7480> <http://purl.obolibrary.org/obo/FMA_85544>);0;;0;;0;;0;;0;;0.0
ore_ont_5927.owl;SubClassOf(<http://purl.obolibrary.org/obo/FMA_42163> <http://purl.obolibrary.org/obo/FMA_68013>);0;;0;;0;;0;;0;;0.0
ore_ont_5927.owl;SubClassOf(<http://purl.obolibrary.org/obo/FMA_4687> <http://purl.obolibrary.org/obo/FMA_63812>);2;0.9102729528535976;1;0.8105210918114142;2;0.9102729528535976;2;0.9102729528535976;1;0.8105210918114142;2.0
ore_ont_5927.owl;SubClassOf(<http://purl.obolibrary.org/obo/FMA_241733> <http://purl.obolibrary.org/obo/FMA_63814>);0;;0;;0;;0;;0;;0.0
ore_ont_5927.owl;SubClassOf(<http://purl.obolibrary.org/obo/FMA_49894> <http://purl.obolibrary.org/obo/FMA_55672>);4;0.655695600475624;1;0.8720095124851366;4;0.655695600475624;4;0.655695600475624;1;0.8720095124851366;3.0
ore_ont_6722.owl;SubClassOf(<http://purl.obolibrary.org/obo/SO_0000593> <http://purl.obolibrary.org/obo/SO_0000275>);0;;0;;0;;0;;0;;0.0
ore_ont_6722.owl;SubClassOf(<http://purl.obolibrary.org/obo/SO_0000965> <http://purl.obolibrary.org/obo/SO_0000340>);2;0.9904232091811916;1;0.9809311346462648;2;0.9904232091811916;2;0.9904232091811916;2;0.9904232091811916;1.0
ore_ont_6722.owl;SubClassOf(<http://purl.obolibrary.org/obo/ENSEMBL_ENSXETG00000032084> <http://purl.obolibrary.org/obo/SO_0000274>);0;;0;;0;;0;;0;;0.0
ore_ont_6722.owl;SubClassOf(<http://purl.obolibrary.org/obo/ENSEMBL_ENSXETG00000033179> <http://purl.obolibrary.org/obo/SO_0000276>);0;;0;;0;;0;;0;;0.0
ore_ont_6722.owl;SubClassOf(<http://purl.obolibrary.org/obo/ENSEMBL_ENSXETG00000034312> <http://purl.obolibrary.org/obo/ENSEMBL_ENSFM00660001157157>);0;;0;;0;;0;;0;;0.0
ore_ont_6722.owl;SubClassOf(<http://purl.obolibrary.org/obo/NCBIGene_100485052> <http://purl.obolibrary.org/obo/ENSEMBL_ENSFM00250000000002>);;0.0;;;;;0;;;;
ore_ont_6722.owl;SubClassOf(<http://purl.obolibrary.org/obo/SO_0000651> <http://purl.obolibrary.org/obo/SO_0000252>);0;;0;;0;;0;;0;;0.0
ore_ont_6722.owl;SubClassOf(<http://purl.obolibrary.org/obo/NCBIGene_100485030> <http://purl.obolibrary.org/obo/SO_0001217>);0;0.0;0;0.0;0;0.0;0;0.0;0;0.0;0.0
ore_ont_6722.owl;SubClassOf(<http://purl.obolibrary.org/obo/SO_0001760> <http://purl.obolibrary.org/obo/SO_0000336>);0;;0;;0;;0;;0;;0.0
ore_ont_6722.owl;SubClassOf(<http://purl.obolibrary.org/obo/ENSEMBL_ENSXETG00000016680> <http://purl.obolibrary.org/obo/ENSEMBL_ENSFM00480000262756>);0;;0;;0;;0;;0;;0.0
ore_ont_7868.owl;SubClassOf(<http://purl.obolibrary.org/obo/GO_0005515> <http://purl.obolibrary.org/obo/GO_0005488>);0;;0;;0;;0;;0;;0.0
ore_ont_7868.owl;SubClassOf(<http://purl.obolibrary.org/obo/GO_0048523> <http://purl.obolibrary.org/obo/GO_0065007>);7;0.9989427855012324;7;0.9993175330036776;7;0.9994333086548391;7;0.9989427855012324;7;0.9991621498929076;4.0
ore_ont_7868.owl;SubClassOf(<http://purl.obolibrary.org/obo/GO_0044249> <http://purl.obolibrary.org/obo/GO_0009058>);0;;0;;0;;0;;0;;0.0
ore_ont_7868.owl;SubClassOf(<http://purl.obolibrary.org/obo/CHEBI_36683> <http://purl.obolibrary.org/obo/CHEBI_50860>);3;0.9967877718534546;1;0.9956018339644024;3;0.9967877718534546;3;0.9967877718534546;1;0.9956018339644024;2.0
ore_ont_7868.owl;SubClassOf(<http://purl.obolibrary.org/obo/GO_0015291> <http://purl.obolibrary.org/obo/GO_0022857>);2;0.998957898489562;1;0.9993875368315848;2;0.998957898489562;2;0.998957898489562;1;0.9993875368315848;2.0
ore_ont_7868.owl;SubClassOf(<http://purl.obolibrary.org/obo/GO_0009058> <http://purl.obolibrary.org/obo/GO_0008152>);0;;0;;0;;0;;0;;0.0
ore_ont_7868.owl;SubClassOf(<http://purl.obolibrary.org/obo/GO_0044248> <http://purl.obolibrary.org/obo/GO_0009056>);0;;0;;0;;0;;0;;0.0
ore_ont_7868.owl;SubClassOf(<http://purl.obolibrary.org/obo/GO_0043235> <http://purl.obolibrary.org/obo/GO_0043234>);0;;0;;0;;0;;0;;0.0
ore_ont_7868.owl;SubClassOf(<http://purl.obolibrary.org/obo/GO_0046903> <http://purl.obolibrary.org/obo/GO_0006810>);0;;0;;0;;0;;0;;0.0
ore_ont_7868.owl;SubClassOf(<http://purl.obolibrary.org/obo/CHEBI_37512> <http://purl.obolibrary.org/obo/CHEBI_26079>);7;0.9999982101189138;7;0.9961451927672098;7;0.9962167880106604;7;0.9962167880106604;6;0.9999248249943768;2.0
ore_ont_11519.owl;SubClassOf(<http://purl.obolibrary.org/obo/FMA_86594> <http://purl.obolibrary.org/obo/FMA_45688>);0;;0;;0;;0;;0;;0.0
ore_ont_11519.owl;SubClassOf(<http://purl.obolibrary.org/obo/FMA_78551> <http://purl.obolibrary.org/obo/FMA_63819>);0;;0;;0;;0;;0;;0.0
ore_ont_11519.owl;SubClassOf(<http://purl.obolibrary.org/obo/FMA_269094> <http://purl.obolibrary.org/obo/FMA_49894>);0;;0;;0;;0;;0;;0.0
ore_ont_11519.owl;SubClassOf(<http://purl.obolibrary.org/obo/FMA_42164> <http://purl.obolibrary.org/obo/FMA_21792>);0;;0;;0;;0;;0;;0.0
ore_ont_11519.owl;SubClassOf(<http://purl.obolibrary.org/obo/FMA_58279> <http://purl.obolibrary.org/obo/FMA_9721>);0;;0;;0;;0;;0;;0.0
ore_ont_11519.owl;SubClassOf(<http://purl.obolibrary.org/obo/FMA_9140> <http://purl.obolibrary.org/obo/FMA_85544>);3;0.8714579422544025;1;0.7523911683203719;3;0.8714579422544025;3;0.8714579422544025;1;0.7523911683203719;3.0
ore_ont_11519.owl;SubClassOf(<http://purl.obolibrary.org/obo/FMA_7480> <http://purl.obolibrary.org/obo/FMA_85544>);0;;0;;0;;0;;0;;0.0
ore_ont_11519.owl;SubClassOf(<http://purl.obolibrary.org/obo/FMA_4687> <http://purl.obolibrary.org/obo/FMA_63812>);2;0.890619384209896;1;0.7705762549418954;2;0.890619384209896;2;0.890619384209896;2;0.890619384209896;1.0
ore_ont_11519.owl;SubClassOf(<http://purl.obolibrary.org/obo/FMA_42163> <http://purl.obolibrary.org/obo/FMA_68013>);0;;0;;0;;0;;0;;0.0
ore_ont_11519.owl;SubClassOf(<http://purl.obolibrary.org/obo/FMA_241733> <http://purl.obolibrary.org/obo/FMA_63814>);0;;0;;0;;0;;0;;0.0
ore_ont_1357.owl;SubClassOf(<http://purl.obolibrary.org/obo/CHROMOSOME-10116#_4> <http://purl.obolibrary.org/obo/SO_0000340>);0;;0;;0;;0;;0;;0.0
ore_ont_1357.owl;SubClassOf(<http://purl.obolibrary.org/obo/CHROMOSOME-10116#_3> <http://purl.obolibrary.org/obo/SO_0000340>);0;;0;;0;;0;;0;;0.0
ore_ont_1357.owl;SubClassOf(<http://purl.obolibrary.org/obo/CHROMOSOME-10116#_2> <http://purl.obolibrary.org/obo/SO_0000340>);0;;0;;0;;0;;0;;0.0
ore_ont_1357.owl;SubClassOf(<http://purl.obolibrary.org/obo/CHROMOSOME-10116#_1> <http://purl.obolibrary.org/obo/SO_0000340>);0;;0;;0;;0;;0;;0.0
ore_ont_1357.owl;SubClassOf(<http://purl.obolibrary.org/obo/CHROMOSOME-10116#_10> <http://purl.obolibrary.org/obo/SO_0000340>);0;;0;;0;;0;;0;;0.0
ore_ont_1357.owl;SubClassOf(<http://purl.obolibrary.org/obo/CHROMOSOME-10116#_8> <http://purl.obolibrary.org/obo/SO_0000340>);0;;0;;0;;0;;0;;0.0
ore_ont_1357.owl;SubClassOf(<http://purl.obolibrary.org/obo/CHROMOSOME-10116#_7> <http://purl.obolibrary.org/obo/SO_0000340>);0;;0;;0;;0;;0;;0.0
ore_ont_1357.owl;SubClassOf(<http://purl.obolibrary.org/obo/RGD_1549728> <http://purl.obolibrary.org/obo/SO_0001217>);0;;0;;0;;0;;0;;0.0
ore_ont_1357.owl;SubClassOf(<http://purl.obolibrary.org/obo/CHROMOSOME-10116#_5> <http://purl.obolibrary.org/obo/SO_0000340>);0;;0;;0;;0;;0;;0.0
ore_ont_1357.owl;SubClassOf(<http://purl.obolibrary.org/obo/ENSEMBL#_ENSRNOG00000035759> <http://purl.obolibrary.org/obo/SO_0000275>);0;;0;;0;;0;;0;;0.0
ore_ont_4802.owl;SubClassOf(<http://purl.obolibrary.org/obo/CHEBI_33853> <http://purl.obolibrary.org/obo/CHEBI_50860>);6;0.770851173146087;6;0.1415053947593766;6;0.770851173146087;6;0.770851173146087;5;0.7873351601301595;1.0
ore_ont_4802.owl;SubClassOf(<http://purl.obolibrary.org/obo/CHEBI_76967> <http://purl.obolibrary.org/obo/CHEBI_77746>);0;;0;;0;;0;;0;;0.0
ore_ont_4802.owl;SubClassOf(<http://purl.obolibrary.org/obo/CHEBI_15904> <http://purl.obolibrary.org/obo/CHEBI_25384>);2;0.8873133480951569;1;0.9233662635553284;2;0.8873133480951569;2;0.8873133480951569;1;0.9233662635553284;2.0
ore_ont_4802.owl;SubClassOf(<http://purl.obolibrary.org/obo/CHEBI_64477> <http://purl.obolibrary.org/obo/CHEBI_76924>);0;;0;;0;;0;;0;;0.0
ore_ont_4802.owl;SubClassOf(<http://purl.obolibrary.org/obo/CHEBI_35610> <http://purl.obolibrary.org/obo/CHEBI_23888>);0;;0;;0;;0;;0;;0.0
ore_ont_4802.owl;SubClassOf(<http://purl.obolibrary.org/obo/CHEBI_78954> <http://purl.obolibrary.org/obo/CHEBI_35681>);0;;0;;0;;0;;0;;0.0
ore_ont_4802.owl;SubClassOf(<http://purl.obolibrary.org/obo/CHEBI_77746> <http://purl.obolibrary.org/obo/CHEBI_25212>);4;0.2489000628535512;1;0.3758642363293525;4;0.2489000628535512;4;0.2489000628535512;3;0.5417976115650533;1.0
ore_ont_4802.owl;SubClassOf(<http://purl.obolibrary.org/obo/CHEBI_26195> <http://purl.obolibrary.org/obo/CHEBI_33853>);0;;0;;0;;0;;0;;0.0
ore_ont_4802.owl;SubClassOf(<http://purl.obolibrary.org/obo/CHEBI_25235> <http://purl.obolibrary.org/obo/CHEBI_35618>);2;0.9303408820690716;1;0.8806563063882166;2;0.9303408820690716;2;0.9303408820690716;1;0.8806563063882166;2.0
ore_ont_4802.owl;SubClassOf(<http://purl.obolibrary.org/obo/CHEBI_59737> <http://purl.obolibrary.org/obo/CHEBI_58945>);0;;0;;0;;0;;0;;0.0
ore_ont_2828.owl;SubClassOf(<http://purl.obolibrary.org/obo/PR_000036818> <http://purl.obolibrary.org/obo/PR_000018264>);0;;0;;0;;0;;0;;0.0
ore_ont_2828.owl;SubClassOf(<http://purl.obolibrary.org/obo/PR_000029067> <http://purl.obolibrary.org/obo/PR_000000001>);0;;0;;0;;0;;0;;0.0
ore_ont_2828.owl;SubClassOf(<http://purl.obolibrary.org/obo/PR_Q8IUC6RELAPPROXQ2> <http://purl.obolibrary.org/obo/PR_000029067>);7;0.9669297372270476;1;0.9832671718001562;1;0.9832671718001562;0;;4;1.0;3.0
ore_ont_2828.owl;SubClassOf(<http://purl.obolibrary.org/obo/PR_000027172> <http://purl.obolibrary.org/obo/PR_000029032>);13;0.9390665343685568;0;;13;0.9878394269588018;0;;13;0.9640577806840516;1.0
ore_ont_2828.owl;SubClassOf(<http://purl.obolibrary.org/obo/NCBITaxon_83333> <http://purl.obolibrary.org/obo/OBI_0100026>);0;;0;;0;;0;;0;;0.0
ore_ont_2828.owl;SubClassOf(<http://purl.obolibrary.org/obo/PR_P39453> <http://purl.obolibrary.org/obo/PR_000029062>);5;1.0;0;;5;1.0;0;;4;0.9771237471917604;1.0
ore_ont_2828.owl;SubClassOf(<http://purl.obolibrary.org/obo/NCBITaxon_10090> <http://purl.obolibrary.org/obo/OBI_0100026>);0;;0;;0;;0;;0;;0.0
ore_ont_2828.owl;SubClassOf(<http://purl.obolibrary.org/obo/SO_0000418> <http://purl.obolibrary.org/obo/PR_000021935>);0;;0;;0;;0;;0;;0.0
ore_ont_2828.owl;SubClassOf(<http://purl.obolibrary.org/obo/NCBITaxon_9606> <http://purl.obolibrary.org/obo/OBI_0100026>);0;;0;;0;;0;;0;;0.0
ore_ont_2828.owl;SubClassOf(<http://purl.obolibrary.org/obo/PR_000021937> <http://purl.obolibrary.org/obo/PR_000021935>);0;;0;;0;;0;;0;;0.0
ore_ont_2469.owl;SubClassOf(<http://purl.obolibrary.org/obo/SO_0000593> <http://purl.obolibrary.org/obo/SO_0000275>);0;;0;;0;;0;;0;;0.0
ore_ont_2469.owl;SubClassOf(<http://purl.obolibrary.org/obo/SO_0000186> <http://purl.obolibrary.org/obo/SO_0000180>);0;;0;;0;;0;;0;;0.0
ore_ont_2469.owl;SubClassOf(<http://purl.obolibrary.org/obo/SO_0001217> <http://purl.obolibrary.org/obo/SO_0000704>);0;;0;;0;;0;;0;;0.0
ore_ont_2469.owl;SubClassOf(<http://purl.obolibrary.org/obo/SO_0000693> <http://purl.obolibrary.org/obo/SO_0001217>);0;;0;;0;;0;;0;;0.0
ore_ont_2469.owl;SubClassOf(<http://purl.obolibrary.org/obo/ENSEMBL#_ENSRNOG00000034426> <http://purl.obolibrary.org/obo/SO_0000274>);0;;0;;0;;0;;0;;0.0
ore_ont_2469.owl;SubClassOf(<http://purl.obolibrary.org/obo/SO_0000651> <http://purl.obolibrary.org/obo/SO_0000252>);0;;0;;0;;0;;0;;0.0
ore_ont_2469.owl;SubClassOf(<http://purl.obolibrary.org/obo/ENSEMBL#_ENSRNOG00000033932> <http://purl.obolibrary.org/obo/SO_0000253>);0;;0;;0;;0;;0;;0.0
ore_ont_2469.owl;SubClassOf(<http://purl.obolibrary.org/obo/SO_0001760> <http://purl.obolibrary.org/obo/SO_0000336>);0;;0;;0;;0;;0;;0.0
ore_ont_2469.owl;SubClassOf(<http://purl.obolibrary.org/obo/ENSEMBL#_ENSRNOG00000035516> <http://purl.obolibrary.org/obo/SO_0000276>);0;;0;;0;;0;;0;;0.0
ore_ont_2469.owl;SubClassOf(<http://purl.obolibrary.org/obo/SO_0000275> <http://purl.obolibrary.org/obo/SO_0000655>);0;;0;;0;;0;;0;;0.0
ore_ont_9400.owl;SubClassOf(<http://purl.org/obo/owl/GO#GO_0019113> <http://purl.org/obo/owl/GO#GO_0016709>);0;;0;;0;;0;;0;;0.0
ore_ont_9400.owl;SubClassOf(<http://purl.org/obo/owl/GO#GO_0008439> <http://www.geneontology.org/formats/oboInOwl#ObsoleteClass>);0;;0;;0;;0;;0;;0.0
ore_ont_9400.owl;SubClassOf(<http://purl.org/obo/owl/GO#GO_0016274> <http://purl.org/obo/owl/GO#GO_0008757>);2;1.0;1;0.9817493112947658;2;1.0;2;1.0;1;0.9817493112947658;2.0
ore_ont_9400.owl;SubClassOf(<http://purl.org/obo/owl/GO#GO_0004672> <http://purl.org/obo/owl/GO#GO_0016301>);0;;0;;0;;0;;0;;0.0
ore_ont_9400.owl;SubClassOf(<http://purl.org/obo/owl/GO#GO_0033764> <http://purl.org/obo/owl/GO#GO_0016616>);0;;0;;0;;0;;0;;0.0
ore_ont_9400.owl;SubClassOf(<http://purl.org/obo/owl/GO#GO_0048468> <http://purl.org/obo/owl/GO#GO_0048856>);0;;0;;0;;0;;0;;0.0
ore_ont_9400.owl;SubClassOf(<http://purl.org/obo/owl/GO#GO_0048608> <http://purl.org/obo/owl/GO#GO_0003006>);0;;0;;0;;0;;0;;0.0
ore_ont_9400.owl;SubClassOf(<http://purl.org/obo/owl/GO#GO_0019171> <http://purl.org/obo/owl/GO#GO_0016836>);0;;0;;0;;0;;0;;0.0
ore_ont_9400.owl;SubClassOf(<http://purl.org/obo/owl/GO#GO_0016616> <http://purl.org/obo/owl/GO#GO_0003674>);4;0.7660668380462726;1;0.8082996694821889;4;0.7660668380462726;4;0.7660668380462726;1;0.8082996694821889;2.0
ore_ont_9400.owl;SubClassOf(<http://purl.org/obo/owl/GO#GO_0022412> <http://purl.org/obo/owl/GO#GO_0048610>);0;;0;;0;;0;;0;;0.0
ore_ont_1579.owl;SubClassOf(<http://purl.obolibrary.org/obo/SO_0000965> <http://purl.obolibrary.org/obo/SO_0000340>);2;0.9999384161729666;1;0.999888822117568;2;0.9999384161729666;2;0.9999384161729666;2;0.9999384161729666;1.0
ore_ont_1579.owl;SubClassOf(<http://purl.obolibrary.org/obo/SO_0000108> <http://purl.obolibrary.org/obo/SO_0000234>);0;;0;;0;;0;;0;;0.0
ore_ont_1579.owl;SubClassOf(<http://purl.obolibrary.org/obo/SO_0001271> <http://purl.obolibrary.org/obo/SO_0001263>);0;;0;;0;;0;;0;;0.0
ore_ont_1579.owl;SubClassOf(<http://purl.obolibrary.org/obo/SO_0000234> <http://purl.obolibrary.org/obo/SO_0000673>);2;0.999370868659769;1;0.9996737047625242;2;0.999370868659769;2;0.999370868659769;2;0.999370868659769;1.0
ore_ont_1579.owl;SubClassOf(<http://purl.obolibrary.org/obo/SO_0000470> <http://purl.obolibrary.org/obo/SO_0001411>);7;0.9993816460397732;1;0.9988616746453032;7;0.9993816460397732;0;;1;0.9988616746453032;1.0
ore_ont_1579.owl;SubClassOf(<http://purl.obolibrary.org/obo/SO_0001370> <http://purl.obolibrary.org/obo/SO_0001277>);0;;0;;0;;0;;0;;0.0
ore_ont_1579.owl;SubClassOf(<http://purl.obolibrary.org/obo/SO_0001385> <http://purl.obolibrary.org/obo/SO_0001237>);0;;0;;0;;0;;0;;0.0
ore_ont_1579.owl;SubClassOf(<http://purl.obolibrary.org/obo/SO_0000704> <http://purl.obolibrary.org/obo/SO_0001411>);0;;0;;0;;0;;0;;0.0
ore_ont_1579.owl;SubClassOf(<http://purl.obolibrary.org/obo/SO_0001263> <http://purl.obolibrary.org/obo/SO_0000704>);0;;0;;0;;0;;0;;0.0
ore_ont_1579.owl;SubClassOf(<http://purl.obolibrary.org/obo/SO_0000529> <http://purl.obolibrary.org/obo/SO_0000938>);0;;0;;0;;0;;0;;0.0
ore_ont_9499.owl;SubClassOf(<http://purl.org/obo/owl/GO#GO_0019113> <http://purl.org/obo/owl/GO#GO_0016709>);0;;0;;0;;0;;0;;0.0
ore_ont_9499.owl;SubClassOf(<http://purl.org/obo/owl/GO#GO_0005887> <http://purl.org/obo/owl/GO#GO_0044459>);2;1.0;2;1.0;2;1.0;2;1.0;1;1.0;2.0
ore_ont_9499.owl;SubClassOf(<http://purl.org/obo/owl/GO#GO_0044444> <http://purl.org/obo/owl/GO#GO_0044424>);0;;0;;0;;0;;0;;0.0
ore_ont_9499.owl;SubClassOf(<http://purl.org/obo/owl/GO#GO_0033764> <http://purl.org/obo/owl/GO#GO_0016616>);0;;0;;0;;0;;0;;0.0
ore_ont_9499.owl;SubClassOf(<http://purl.org/obo/owl/GO#GO_0044432> <http://purl.org/obo/owl/GO#GO_0044444>);0;;0;;0;;0;;0;;0.0
ore_ont_9499.owl;SubClassOf(<http://purl.org/obo/owl/GO#GO_0048468> <http://purl.org/obo/owl/GO#GO_0048856>);0;;0;;0;;0;;0;;0.0
ore_ont_9499.owl;SubClassOf(<http://purl.org/obo/owl/GO#GO_0043235> <http://purl.org/obo/owl/GO#GO_0043234>);0;;0;;0;;0;;0;;0.0
ore_ont_9499.owl;SubClassOf(<http://purl.org/obo/owl/GO#GO_0048608> <http://purl.org/obo/owl/GO#GO_0003006>);0;;0;;0;;0;;0;;0.0
ore_ont_9499.owl;SubClassOf(<http://purl.org/obo/owl/GO#GO_0004086> <http://www.geneontology.org/formats/oboInOwl#ObsoleteClass>);0;;0;;0;;0;;0;;0.0
ore_ont_9499.owl;SubClassOf(<http://purl.org/obo/owl/GO#GO_0022412> <http://purl.org/obo/owl/GO#GO_0048610>);0;;0;;0;;0;;0;;0.0
ore_ont_12387.owl;SubClassOf(<http://purl.obolibrary.org/obo/CHROMOSOME-9606_6> <http://purl.obolibrary.org/obo/SO_0000340>);0;;0;;0;;0;;0;;0.0
ore_ont_12387.owl;SubClassOf(<http://purl.obolibrary.org/obo/ENSEMBL_ENSG00000206029> <http://purl.obolibrary.org/obo/SO_0001463>);0;;0;;0;;0;;0;;0.0
ore_ont_12387.owl;SubClassOf(<http://purl.obolibrary.org/obo/CHROMOSOME-9606_2> <http://purl.obolibrary.org/obo/SO_0000340>);0;;0;;0;;0;;0;;0.0
ore_ont_12387.owl;SubClassOf(<http://purl.obolibrary.org/obo/CHROMOSOME-9606_3> <http://purl.obolibrary.org/obo/SO_0000340>);0;;0;;0;;0;;0;;0.0
ore_ont_12387.owl;SubClassOf(<http://purl.obolibrary.org/obo/NCBIGene_8368> <http://purl.obolibrary.org/obo/SO_0001217>);0;;0;;0;;0;;0;;0.0
ore_ont_12387.owl;SubClassOf(<http://purl.obolibrary.org/obo/NCBIGene_7177> <http://purl.obolibrary.org/obo/SO_0000336>);3;1.0;1;0.9999959023502752;3;1.0;0;;2;0.999993853525413;2.0
ore_ont_12387.owl;SubClassOf(<http://purl.obolibrary.org/obo/PR_000017341> <http://purl.obolibrary.org/obo/PR_000000001>);0;;0;;0;;0;;0;;0.0
ore_ont_12387.owl;SubClassOf(<http://purl.obolibrary.org/obo/NCBIGene_721> <http://purl.obolibrary.org/obo/SO_0001503>);0;;0;;0;;0;;0;;0.0
ore_ont_12387.owl;SubClassOf(<http://purl.obolibrary.org/obo/CHROMOSOME-9606_1> <http://purl.obolibrary.org/obo/SO_0000340>);0;;0;;0;;0;;0;;0.0
ore_ont_12387.owl;SubClassOf(<http://purl.obolibrary.org/obo/CHROMOSOME-9606_11> <http://purl.obolibrary.org/obo/SO_0000340>);0;;0;;0;;0;;0;;0.0
ore_ont_3560.owl;SubClassOf(<http://purl.org/obo/owl/GAZ#GAZ_00002793> <http://purl.org/obo/owl/GAZ#GAZ_00002785>);0;;0;;0;;0;;0;;0.0
ore_ont_3560.owl;SubClassOf(<http://purl.org/obo/owl/GAZ#GAZ_00003320> <http://purl.org/obo/owl/GAZ#GAZ_00002648>);0;;0;;0;;0;;0;;0.0
ore_ont_3560.owl;SubClassOf(<http://purl.org/obo/owl/GAZ#GAZ_00003122> <http://purl.org/obo/owl/GAZ#GAZ_00002722>);0;;0;;0;;0;;0;;0.0
ore_ont_3560.owl;SubClassOf(<http://purl.org/obo/owl/GAZ#GAZ_00052028> <http://purl.org/obo/owl/GAZ#GAZ_00002644>);0;;0;;0;;0;;0;;0.0
ore_ont_3560.owl;SubClassOf(<http://purl.org/obo/owl/GAZ#GAZ_00050243> <http://purl.org/obo/owl/GAZ#GAZ_00003138>);0;;0;;0;;0;;0;;0.0
ore_ont_3560.owl;SubClassOf(<http://purl.org/obo/owl/GAZ#GAZ_00002792> <http://purl.org/obo/owl/GAZ#GAZ_00002785>);0;;0;;0;;0;;0;;0.0
ore_ont_3560.owl;SubClassOf(<http://purl.org/obo/owl/GAZ#GAZ_00005785> <http://purl.org/obo/owl/GAZ#GAZ_00002855>);0;;0;;0;;0;;0;;0.0
ore_ont_3560.owl;SubClassOf(<http://purl.org/obo/owl/GAZ#GAZ_00091581> <http://purl.org/obo/owl/GAZ#GAZ_00091359>);0;;0;;0;;0;;0;;0.0
ore_ont_3560.owl;SubClassOf(<http://purl.org/obo/owl/GAZ#GAZ_00089467> <http://purl.org/obo/owl/GAZ#GAZ_00089473>);0;;0;;0;;0;;0;;0.0
ore_ont_3560.owl;SubClassOf(<http://purl.org/obo/owl/GAZ#GAZ_00086738> <http://www.geneontology.org/formats/oboInOwl#ObsoleteClass>);0;;0;;0;;0;;0;;0.0
ore_ont_13355.owl;SubClassOf(<http://sadi-ontology.semanticscience.org#C450150> <http://sadi-ontology.semanticscience.org#D029681>);0;;0;;0;;0;;0;;0.0
ore_ont_13355.owl;SubClassOf(<http://sadi-ontology.semanticscience.org#C083884> <http://sadi-ontology.semanticscience.org#D014157>);0;;0;;0;;0;;0;;0.0
ore_ont_13355.owl;SubClassOf(<http://sadi-ontology.semanticscience.org#C436684> <http://sadi-ontology.semanticscience.org#D029701>);0;;0;;0;;0;;0;;0.0
ore_ont_13355.owl;SubClassOf(<http://sadi-ontology.semanticscience.org#C453299> <http://sadi-ontology.semanticscience.org#D002352>);0;;0;;0;;0;;0;;0.0
ore_ont_13355.owl;SubClassOf(<http://sadi-ontology.semanticscience.org#C011295> <http://sadi-ontology.semanticscience.org#D009942>);0;;0;;0;;0;;0;;0.0
ore_ont_13355.owl;SubClassOf(<http://sadi-ontology.semanticscience.org#C427323> <http://sadi-ontology.semanticscience.org#D008565>);0;;0;;0;;0;;0;;0.0
ore_ont_13355.owl;SubClassOf(<http://sadi-ontology.semanticscience.org#C445661> <http://sadi-ontology.semanticscience.org#D009842>);0;;0;;0;;0;;0;;0.0
ore_ont_13355.owl;SubClassOf(<http://sadi-ontology.semanticscience.org#C083884> <http://sadi-ontology.semanticscience.org#D029721>);0;;0;;0;;0;;0;;0.0
ore_ont_13355.owl;SubClassOf(<http://sadi-ontology.semanticscience.org#C067989> <http://sadi-ontology.semanticscience.org#D001426>);0;;0;;0;;0;;0;;0.0
ore_ont_13355.owl;SubClassOf(<http://sadi-ontology.semanticscience.org#C083884> <http://sadi-ontology.semanticscience.org#D004268>);0;;0;;0;;0;;0;;0.0
ore_ont_9498.owl;SubClassOf(<http://phenomebrowser.net/ontologies/mesh/mesh.owl#C085655> <http://phenomebrowser.net/ontologies/mesh/mesh.owl#D001426>);0;;0;;0;;0;;0;;0.0
ore_ont_9498.owl;SubClassOf(<http://phenomebrowser.net/ontologies/mesh/mesh.owl#C067989> <http://phenomebrowser.net/ontologies/mesh/mesh.owl#D002352>);0;;0;;0;;0;;0;;0.0
ore_ont_9498.owl;SubClassOf(<http://phenomebrowser.net/ontologies/mesh/mesh.owl#C401395> <http://phenomebrowser.net/ontologies/mesh/mesh.owl#D008565>);0;;0;;0;;0;;0;;0.0
ore_ont_9498.owl;SubClassOf(<http://phenomebrowser.net/ontologies/mesh/mesh.owl#C109641> <http://phenomebrowser.net/ontologies/mesh/mesh.owl#D011725>);0;;0;;0;;0;;0;;0.0
ore_ont_9498.owl;SubClassOf(<http://phenomebrowser.net/ontologies/mesh/mesh.owl#C465438> <http://phenomebrowser.net/ontologies/mesh/mesh.owl#D029681>);0;;0;;0;;0;;0;;0.0
ore_ont_9498.owl;SubClassOf(<http://phenomebrowser.net/ontologies/mesh/mesh.owl#C083884> <http://phenomebrowser.net/ontologies/mesh/mesh.owl#D029721>);0;;0;;0;;0;;0;;0.0
ore_ont_9498.owl;SubClassOf(<http://phenomebrowser.net/ontologies/mesh/mesh.owl#C585587> <http://phenomebrowser.net/ontologies/mesh/mesh.owl#D009942>);0;;0;;0;;0;;0;;0.0
ore_ont_9498.owl;SubClassOf(<http://phenomebrowser.net/ontologies/mesh/mesh.owl#C494789> <http://phenomebrowser.net/ontologies/mesh/mesh.owl#D029701>);0;;0;;0;;0;;0;;0.0
ore_ont_9498.owl;SubClassOf(<http://phenomebrowser.net/ontologies/mesh/mesh.owl#C083884> <http://phenomebrowser.net/ontologies/mesh/mesh.owl#D014157>);0;;0;;0;;0;;0;;0.0
ore_ont_9498.owl;SubClassOf(<http://phenomebrowser.net/ontologies/mesh/mesh.owl#C445661> <http://phenomebrowser.net/ontologies/mesh/mesh.owl#D009842>);0;;0;;0;;0;;0;;0.0
ore_ont_11739.owl;SubClassOf(<http://purl.obolibrary.org/obo/ENSEMBL_ENSMUSG00000023175> <http://purl.obolibrary.org/obo/UBERON_0002062-OMEO-0000001>);0;;0;;0;;0;;0;;0.0
ore_ont_11739.owl;SubClassOf(<http://purl.obolibrary.org/obo/ENSEMBL_ENSMUSG00000023175> <http://purl.obolibrary.org/obo/UBERON_0002116-OMEO-0000001>);0;;0;;0;;0;;0;;0.0
ore_ont_11739.owl;SubClassOf(<http://purl.obolibrary.org/obo/ENSEMBL_ENSMUSG00000023175> <http://purl.obolibrary.org/obo/UBERON_0001255-OMEO-0000001>);0;;0;;0;;0;;0;;0.0
ore_ont_11739.owl;SubClassOf(<http://purl.obolibrary.org/obo/ENSEMBL_ENSMUSG00000023175> <http://purl.obolibrary.org/obo/UBERON_0000044-OMEO-0000001>);0;;0;;0;;0;;0;;0.0
ore_ont_11739.owl;SubClassOf(<http://purl.obolibrary.org/obo/UBERON_0002257-OMEO-0000001> <http://purl.obolibrary.org/obo/UBERON_0002240-OMEO-0000001>);4;0.1065889558431295;3;0.5561733534666459;4;0.1065889558431295;4;0.1065889558431295;3;0.5470710263755805;2.0
ore_ont_11739.owl;SubClassOf(<http://purl.obolibrary.org/obo/UBERON_0002979-OMEO-0000001> <http://purl.obolibrary.org/obo/UBERON_0002037-OMEO-0000001>);3;0.1756584091385853;1;0.4590079524000228;3;0.1756584091385853;3;0.1756584091385853;3;0.1756584091385853;1.0
ore_ont_11739.owl;SubClassOf(<http://purl.obolibrary.org/obo/ENSEMBL_ENSMUSG00000023175> <http://purl.obolibrary.org/obo/UBERON_0005619-OMEO-0000001>);0;;0;;0;;0;;0;;0.0
ore_ont_11739.owl;SubClassOf(<http://purl.obolibrary.org/obo/ENSEMBL_ENSMUSG00000023175> <http://purl.obolibrary.org/obo/UBERON_0005418-OMEO-0000001>);0;;0;;0;;0;;0;;0.0
ore_ont_11739.owl;SubClassOf(<http://purl.obolibrary.org/obo/ENSEMBL_ENSMUSG00000023175> <http://purl.obolibrary.org/obo/UBERON_0007223-OMEO-0000001>);0;;0;;0;;0;;0;;0.0
ore_ont_11739.owl;SubClassOf(<http://purl.obolibrary.org/obo/ENSEMBL_ENSMUSG00000023175> <http://purl.obolibrary.org/obo/UBERON_0001000-OMEO-0000001>);0;;0;;0;;0;;0;;0.0
ore_ont_16008.owl;SubClassOf(<http://purl.obolibrary.org/obo/NCBITaxon_663130> <http://purl.obolibrary.org/obo/NCBITaxon_49928>);0;;0;;0;;0;;0;;0.0
ore_ont_16008.owl;SubClassOf(<http://purl.obolibrary.org/obo/NCBITaxon_843199> <http://purl.obolibrary.org/obo/NCBITaxon_500585>);0;;0;;0;;0;;0;;0.0
ore_ont_16008.owl;SubClassOf(<http://purl.obolibrary.org/obo/NCBITaxon_65119> <http://purl.obolibrary.org/obo/NCBITaxon_1386>);0;;0;;0;;0;;0;;0.0
ore_ont_16008.owl;SubClassOf(<http://purl.obolibrary.org/obo/NCBITaxon_371608> <http://purl.obolibrary.org/obo/NCBITaxon_1883>);0;;0;;0;;0;;0;;0.0
ore_ont_16008.owl;SubClassOf(<http://purl.obolibrary.org/obo/NCBITaxon_62104> <http://purl.obolibrary.org/obo/NCBITaxon_286>);0;;0;;0;;0;;0;;0.0
ore_ont_16008.owl;SubClassOf(<http://purl.obolibrary.org/obo/NCBITaxon_826630> <http://purl.obolibrary.org/obo/NCBITaxon_156408>);0;;0;;0;;0;;0;;0.0
ore_ont_16008.owl;SubClassOf(<http://purl.obolibrary.org/obo/NCBITaxon_211044> <http://purl.obolibrary.org/obo/NCBITaxon_114727>);0;;0;;0;;0;;0;;0.0
ore_ont_16008.owl;SubClassOf(<http://purl.obolibrary.org/obo/NCBITaxon_383597> <http://purl.obolibrary.org/obo/NCBITaxon_119210>);0;;0;;0;;0;;0;;0.0
ore_ont_16008.owl;SubClassOf(<http://purl.obolibrary.org/obo/NCBITaxon_666> <http://purl.obolibrary.org/obo/NCBITaxon_662>);0;;0;;0;;0;;0;;0.0
ore_ont_16008.owl;SubClassOf(<http://purl.obolibrary.org/obo/NCBITaxon_150467> <http://purl.obolibrary.org/obo/NCBITaxon_48479>);0;;0;;0;;0;;0;;0.0
ore_ont_14459.owl;SubClassOf(<http://purl.obolibrary.org/obo/NCBITaxon_663130> <http://purl.obolibrary.org/obo/NCBITaxon_49928>);0;;0;;0;;0;;0;;0.0
ore_ont_14459.owl;SubClassOf(<http://purl.obolibrary.org/obo/NCBITaxon_560265> <http://purl.obolibrary.org/obo/NCBITaxon_265461>);0;;0;;0;;0;;0;;0.0
ore_ont_14459.owl;SubClassOf(<http://purl.obolibrary.org/obo/NCBITaxon_65119> <http://purl.obolibrary.org/obo/NCBITaxon_1386>);0;;0;;0;;0;;0;;0.0
ore_ont_14459.owl;SubClassOf(<http://purl.obolibrary.org/obo/NCBITaxon_89304> <http://purl.obolibrary.org/obo/NCBITaxon_1883>);0;;0;;0;;0;;0;;0.0
ore_ont_14459.owl;SubClassOf(<http://purl.obolibrary.org/obo/NCBITaxon_902034> <http://purl.obolibrary.org/obo/NCBITaxon_500585>);0;;0;;0;;0;;0;;0.0
ore_ont_14459.owl;SubClassOf(<http://purl.obolibrary.org/obo/NCBITaxon_62104> <http://purl.obolibrary.org/obo/NCBITaxon_286>);0;;0;;0;;0;;0;;0.0
ore_ont_14459.owl;SubClassOf(<http://purl.obolibrary.org/obo/NCBITaxon_385624> <http://purl.obolibrary.org/obo/NCBITaxon_119210>);0;;0;;0;;0;;0;;0.0
ore_ont_14459.owl;SubClassOf(<http://purl.obolibrary.org/obo/NCBITaxon_211044> <http://purl.obolibrary.org/obo/NCBITaxon_114727>);0;;0;;0;;0;;0;;0.0
ore_ont_14459.owl;SubClassOf(<http://purl.obolibrary.org/obo/NCBITaxon_966941> <http://purl.obolibrary.org/obo/NCBITaxon_156408>);0;;0;;0;;0;;0;;0.0
ore_ont_14459.owl;SubClassOf(<http://purl.obolibrary.org/obo/NCBITaxon_150467> <http://purl.obolibrary.org/obo/NCBITaxon_48479>);0;;0;;0;;0;;0;;0.0
ore_ont_14042.owl;SubClassOf(<http://purl.obolibrary.org/obo/GAZ_00047663> <http://purl.obolibrary.org/obo/GAZ_00002593>);0;;0;;0;;0;;0;;0.0
ore_ont_14042.owl;SubClassOf(<http://purl.obolibrary.org/obo/GAZ_00007824> <http://purl.obolibrary.org/obo/GAZ_00007826>);0;;0;;0;;0;;0;;0.0
ore_ont_14042.owl;SubClassOf(<http://purl.obolibrary.org/obo/GAZ_00003145> <http://purl.obolibrary.org/obo/GAZ_00003138>);0;;0;;0;;0;;0;;0.0
ore_ont_14042.owl;SubClassOf(<http://purl.obolibrary.org/obo/GAZ_00003122> <http://purl.obolibrary.org/obo/GAZ_00002722>);0;;0;;0;;0;;0;;0.0
ore_ont_14042.owl;SubClassOf(<http://purl.obolibrary.org/obo/GAZ_00044677> <http://purl.obolibrary.org/obo/GAZ_00008188>);0;;0;;0;;0;;0;;0.0
ore_ont_14042.owl;SubClassOf(<http://purl.obolibrary.org/obo/GAZ_00003466> <http://purl.obolibrary.org/obo/GAZ_00006607>);0;;0;;0;;0;;0;;0.0
ore_ont_14042.owl;SubClassOf(<http://purl.obolibrary.org/obo/GAZ_00091581> <http://purl.obolibrary.org/obo/GAZ_00091359>);0;;0;;0;;0;;0;;0.0
ore_ont_14042.owl;SubClassOf(<http://purl.obolibrary.org/obo/GAZ_00008078> <http://purl.obolibrary.org/obo/GAZ_00000448>);3;;0;;3;;0;;3;;1.0
ore_ont_14042.owl;SubClassOf(<http://purl.obolibrary.org/obo/GAZ_00002793> <http://purl.obolibrary.org/obo/GAZ_00002785>);0;;0;;0;;0;;0;;0.0
ore_ont_14042.owl;SubClassOf(<http://purl.obolibrary.org/obo/GAZ_00047663> <http://purl.obolibrary.org/obo/GAZ_00004574>);0;;0;;0;;0;;0;;0.0
ore_ont_8486.owl;SubClassOf(<http://purl.obolibrary.org/obo/NCBITaxon_65119> <http://purl.obolibrary.org/obo/NCBITaxon_1386>);0;;0;;0;;0;;0;;0.0
ore_ont_8486.owl;SubClassOf(<http://purl.obolibrary.org/obo/NCBITaxon_89304> <http://purl.obolibrary.org/obo/NCBITaxon_1883>);0;;0;;0;;0;;0;;0.0
ore_ont_8486.owl;SubClassOf(<http://purl.obolibrary.org/obo/NCBITaxon_560271> <http://purl.obolibrary.org/obo/NCBITaxon_265461>);0;;0;;0;;0;;0;;0.0
ore_ont_8486.owl;SubClassOf(<http://purl.obolibrary.org/obo/NCBITaxon_62104> <http://purl.obolibrary.org/obo/NCBITaxon_286>);0;;0;;0;;0;;0;;0.0
ore_ont_8486.owl;SubClassOf(<http://purl.obolibrary.org/obo/NCBITaxon_385624> <http://purl.obolibrary.org/obo/NCBITaxon_119210>);0;;0;;0;;0;;0;;0.0
ore_ont_8486.owl;SubClassOf(<http://purl.obolibrary.org/obo/NCBITaxon_211044> <http://purl.obolibrary.org/obo/NCBITaxon_114727>);0;;0;;0;;0;;0;;0.0
ore_ont_8486.owl;SubClassOf(<http://purl.obolibrary.org/obo/NCBITaxon_1130479> <http://purl.obolibrary.org/obo/NCBITaxon_49928>);0;;0;;0;;0;;0;;0.0
ore_ont_8486.owl;SubClassOf(<http://purl.obolibrary.org/obo/NCBITaxon_1085682> <http://purl.obolibrary.org/obo/NCBITaxon_500585>);0;;0;;0;;0;;0;;0.0
ore_ont_8486.owl;SubClassOf(<http://purl.obolibrary.org/obo/NCBITaxon_150467> <http://purl.obolibrary.org/obo/NCBITaxon_48479>);0;;0;;0;;0;;0;;0.0
ore_ont_8486.owl;SubClassOf(<http://purl.obolibrary.org/obo/NCBITaxon_966941> <http://purl.obolibrary.org/obo/NCBITaxon_156408>);0;;0;;0;;0;;0;;0.0
ore_ont_11395.owl;SubClassOf(<http://purl.obolibrary.org/obo/GAZ_00047663> <http://purl.obolibrary.org/obo/GAZ_00002593>);0;;0;;0;;0;;0;;0.0
ore_ont_11395.owl;SubClassOf(<http://purl.obolibrary.org/obo/GAZ_00007824> <http://purl.obolibrary.org/obo/GAZ_00007826>);0;;0;;0;;0;;0;;0.0
ore_ont_11395.owl;SubClassOf(<http://purl.obolibrary.org/obo/GAZ_00003145> <http://purl.obolibrary.org/obo/GAZ_00003138>);0;;0;;0;;0;;0;;0.0
ore_ont_11395.owl;SubClassOf(<http://purl.obolibrary.org/obo/GAZ_00003122> <http://purl.obolibrary.org/obo/GAZ_00002722>);0;;0;;0;;0;;0;;0.0
ore_ont_11395.owl;SubClassOf(<http://purl.obolibrary.org/obo/GAZ_00044677> <http://purl.obolibrary.org/obo/GAZ_00008188>);0;;0;;0;;0;;0;;0.0
ore_ont_11395.owl;SubClassOf(<http://purl.obolibrary.org/obo/GAZ_00003466> <http://purl.obolibrary.org/obo/GAZ_00006607>);0;;0;;0;;0;;0;;0.0
ore_ont_11395.owl;SubClassOf(<http://purl.obolibrary.org/obo/GAZ_00091581> <http://purl.obolibrary.org/obo/GAZ_00091359>);0;;0;;0;;0;;0;;0.0
ore_ont_11395.owl;SubClassOf(<http://purl.obolibrary.org/obo/GAZ_00008078> <http://purl.obolibrary.org/obo/GAZ_00000448>);3;;0;;3;;0;;2;;3.0
ore_ont_11395.owl;SubClassOf(<http://purl.obolibrary.org/obo/GAZ_00002793> <http://purl.obolibrary.org/obo/GAZ_00002785>);0;;0;;0;;0;;0;;0.0
ore_ont_11395.owl;SubClassOf(<http://purl.obolibrary.org/obo/GAZ_00047663> <http://purl.obolibrary.org/obo/GAZ_00004574>);0;;0;;0;;0;;0;;0.0
ore_ont_10689.owl;SubClassOf(<http://purl.obolibrary.org/obo/NCBITaxon_387158> <http://purl.obolibrary.org/obo/NCBITaxon_119210>);0;;0;;0;;0;;0;;0.0
ore_ont_10689.owl;SubClassOf(<http://purl.obolibrary.org/obo/NCBITaxon_65119> <http://purl.obolibrary.org/obo/NCBITaxon_1386>);0;;0;;0;;0;;0;;0.0
ore_ont_10689.owl;SubClassOf(<http://purl.obolibrary.org/obo/NCBITaxon_89304> <http://purl.obolibrary.org/obo/NCBITaxon_1883>);0;;0;;0;;0;;0;;0.0
ore_ont_10689.owl;SubClassOf(<http://purl.obolibrary.org/obo/NCBITaxon_62104> <http://purl.obolibrary.org/obo/NCBITaxon_286>);0;;0;;0;;0;;0;;0.0
ore_ont_10689.owl;SubClassOf(<http://purl.obolibrary.org/obo/NCBITaxon_211044> <http://purl.obolibrary.org/obo/NCBITaxon_114727>);0;;0;;0;;0;;0;;0.0
ore_ont_10689.owl;SubClassOf(<http://purl.obolibrary.org/obo/NCBITaxon_1130479> <http://purl.obolibrary.org/obo/NCBITaxon_49928>);0;;0;;0;;0;;0;;0.0
ore_ont_10689.owl;SubClassOf(<http://purl.obolibrary.org/obo/NCBITaxon_1085682> <http://purl.obolibrary.org/obo/NCBITaxon_500585>);0;;0;;0;;0;;0;;0.0
ore_ont_10689.owl;SubClassOf(<http://purl.obolibrary.org/obo/NCBITaxon_150467> <http://purl.obolibrary.org/obo/NCBITaxon_48479>);0;;0;;0;;0;;0;;0.0
ore_ont_10689.owl;SubClassOf(<http://purl.obolibrary.org/obo/NCBITaxon_966941> <http://purl.obolibrary.org/obo/NCBITaxon_156408>);0;;0;;0;;0;;0;;0.0
ore_ont_10689.owl;SubClassOf(<http://purl.obolibrary.org/obo/NCBITaxon_666> <http://purl.obolibrary.org/obo/NCBITaxon_662>);0;;0;;0;;0;;0;;0.0
ore_ont_9674.owl;SubClassOf(<http://purl.obolibrary.org/obo/NCBITaxon_387158> <http://purl.obolibrary.org/obo/NCBITaxon_119210>);0;;0;;0;;0;;0;;0.0
ore_ont_9674.owl;SubClassOf(<http://purl.obolibrary.org/obo/NCBITaxon_65119> <http://purl.obolibrary.org/obo/NCBITaxon_1386>);0;;0;;0;;0;;0;;0.0
ore_ont_9674.owl;SubClassOf(<http://purl.obolibrary.org/obo/NCBITaxon_89304> <http://purl.obolibrary.org/obo/NCBITaxon_1883>);0;;0;;0;;0;;0;;0.0
ore_ont_9674.owl;SubClassOf(<http://purl.obolibrary.org/obo/NCBITaxon_62104> <http://purl.obolibrary.org/obo/NCBITaxon_286>);0;;0;;0;;0;;0;;0.0
ore_ont_9674.owl;SubClassOf(<http://purl.obolibrary.org/obo/NCBITaxon_211044> <http://purl.obolibrary.org/obo/NCBITaxon_114727>);0;;0;;0;;0;;0;;0.0
ore_ont_9674.owl;SubClassOf(<http://purl.obolibrary.org/obo/NCBITaxon_1130479> <http://purl.obolibrary.org/obo/NCBITaxon_49928>);0;;0;;0;;0;;0;;0.0
ore_ont_9674.owl;SubClassOf(<http://purl.obolibrary.org/obo/NCBITaxon_1085682> <http://purl.obolibrary.org/obo/NCBITaxon_500585>);0;;0;;0;;0;;0;;0.0
ore_ont_9674.owl;SubClassOf(<http://purl.obolibrary.org/obo/NCBITaxon_150467> <http://purl.obolibrary.org/obo/NCBITaxon_48479>);0;;0;;0;;0;;0;;0.0
ore_ont_9674.owl;SubClassOf(<http://purl.obolibrary.org/obo/NCBITaxon_966941> <http://purl.obolibrary.org/obo/NCBITaxon_156408>);0;;0;;0;;0;;0;;0.0
ore_ont_9674.owl;SubClassOf(<http://purl.obolibrary.org/obo/NCBITaxon_666> <http://purl.obolibrary.org/obo/NCBITaxon_662>);0;;0;;0;;0;;0;;0.0
ore_ont_868.owl;SubClassOf(<http://purl.obolibrary.org/obo/NCBITaxon_387158> <http://purl.obolibrary.org/obo/NCBITaxon_119210>);0;;0;;0;;0;;0;;0.0
ore_ont_868.owl;SubClassOf(<http://purl.obolibrary.org/obo/NCBITaxon_65119> <http://purl.obolibrary.org/obo/NCBITaxon_1386>);0;;0;;0;;0;;0;;0.0
ore_ont_868.owl;SubClassOf(<http://purl.obolibrary.org/obo/NCBITaxon_89304> <http://purl.obolibrary.org/obo/NCBITaxon_1883>);0;;0;;0;;0;;0;;0.0
ore_ont_868.owl;SubClassOf(<http://purl.obolibrary.org/obo/NCBITaxon_62104> <http://purl.obolibrary.org/obo/NCBITaxon_286>);0;;0;;0;;0;;0;;0.0
ore_ont_868.owl;SubClassOf(<http://purl.obolibrary.org/obo/NCBITaxon_211044> <http://purl.obolibrary.org/obo/NCBITaxon_114727>);0;;0;;0;;0;;0;;0.0
ore_ont_868.owl;SubClassOf(<http://purl.obolibrary.org/obo/NCBITaxon_1130479> <http://purl.obolibrary.org/obo/NCBITaxon_49928>);0;;0;;0;;0;;0;;0.0
ore_ont_868.owl;SubClassOf(<http://purl.obolibrary.org/obo/NCBITaxon_1085682> <http://purl.obolibrary.org/obo/NCBITaxon_500585>);0;;0;;0;;0;;0;;0.0
ore_ont_868.owl;SubClassOf(<http://purl.obolibrary.org/obo/NCBITaxon_150467> <http://purl.obolibrary.org/obo/NCBITaxon_48479>);0;;0;;0;;0;;0;;0.0
ore_ont_868.owl;SubClassOf(<http://purl.obolibrary.org/obo/NCBITaxon_966941> <http://purl.obolibrary.org/obo/NCBITaxon_156408>);0;;0;;0;;0;;0;;0.0
ore_ont_868.owl;SubClassOf(<http://purl.obolibrary.org/obo/NCBITaxon_666> <http://purl.obolibrary.org/obo/NCBITaxon_662>);0;;0;;0;;0;;0;;0.0
ore_ont_3524.owl;SubClassOf(<http://phenoscape.org/not_has_part/http://www.w3.org/2002/07/owl#Thing> <http://purl.obolibrary.org/obo/GO_0008150>);0;;0;;0;;0;;0;;1.0
ore_ont_3524.owl;SubClassOf(<http://phenoscape.org/not_has_part/http://www.w3.org/2002/07/owl#Thing> <http://purl.obolibrary.org/obo/BFO_0000050_some_http://purl.obolibrary.org/obo/GO_0008152>);0;;0;;0;;0;;0;;1.0
ore_ont_3524.owl;SubClassOf(<http://phenoscape.org/not_has_part/http://www.w3.org/2002/07/owl#Thing> <http://purl.obolibrary.org/obo/BFO_0000050_some_http://purl.obolibrary.org/obo/GO_0065007>);0;;0;;0;;0;;0;;1.0
ore_ont_3524.owl;SubClassOf(<http://phenoscape.org/not_has_part/http://www.w3.org/2002/07/owl#Thing> <http://purl.obolibrary.org/obo/BFO_0000050_some_http://purl.obolibrary.org/obo/GO_0008150>);0;;0;;0;;0;;0;;1.0
ore_ont_3524.owl;SubClassOf(<http://phenoscape.org/not_has_part/http://www.w3.org/2002/07/owl#Thing> <http://purl.obolibrary.org/obo/BFO_0000050_some_http://purl.obolibrary.org/obo/GO_0009987>);0;;0;;0;;0;;0;;1.0
ore_ont_3524.owl;SubClassOf(<http://phenoscape.org/not_has_part/http://www.w3.org/2002/07/owl#Thing> <http://purl.obolibrary.org/obo/BFO_0000050_some_http://purl.obolibrary.org/obo/BFO_0000004>);0;;0;;0;;0;;0;;1.0
ore_ont_3524.owl;SubClassOf(<http://phenoscape.org/not_has_part/http://www.w3.org/2002/07/owl#Thing> <http://purl.obolibrary.org/obo/BFO_0000050_some_http://purl.obolibrary.org/obo/BFO_0000002>);0;;0;;0;;0;;0;;1.0
ore_ont_3524.owl;SubClassOf(<http://phenoscape.org/not_has_part/http://www.w3.org/2002/07/owl#Thing> <http://purl.obolibrary.org/obo/BFO_0000050_some_http://purl.obolibrary.org/obo/BFO_0000001>);0;;0;;0;;0;;0;;1.0
ore_ont_3524.owl;SubClassOf(<http://phenoscape.org/not_has_part/http://www.w3.org/2002/07/owl#Thing> <http://purl.obolibrary.org/obo/BFO_0000050_some_http://www.w3.org/2002/07/owl#Thing>);0;;0;;0;;0;;0;;1.0
ore_ont_3524.owl;SubClassOf(<http://purl.obolibrary.org/obo/BFO_0000050_some_http://purl.obolibrary.org/obo/GO_0008150> <http://purl.obolibrary.org/obo/BFO_0000050_some_http://www.w3.org/2002/07/owl#Thing>);0;;0;;0;;0;;0;;0.0
ore_ont_3836.owl;SubClassOf(<http://purl.obolibrary.org/obo/ENSEMBL#_ENSMUSG00000021835> <http://purl.obolibrary.org/obo/SO_0001217>);0;;0;;0;;0;;0;;0.0
ore_ont_3836.owl;SubClassOf(<http://purl.obolibrary.org/obo/ENSEMBL#_ENSMUSG00000002633> <http://purl.obolibrary.org/obo/SO_0001217>);0;;0;;0;;0;;0;;0.0
ore_ont_3836.owl;SubClassOf(<http://purl.obolibrary.org/obo/ENSEMBL#_ENSMUSG00000030849> <http://purl.obolibrary.org/obo/SO_0001217>);0;;0;;0;;0;;0;;0.0
ore_ont_3836.owl;SubClassOf(<http://purl.obolibrary.org/obo/ENSEMBL#_ENSMUSG00000048769> <http://purl.obolibrary.org/obo/SO_0000336>);0;;0;;0;;0;;0;;0.0
ore_ont_3836.owl;SubClassOf(<http://purl.obolibrary.org/obo/ENSEMBL#_ENSMUSG00000065453> <http://purl.obolibrary.org/obo/SO_0000276>);0;;0;;0;;0;;0;;0.0
ore_ont_3836.owl;SubClassOf(<http://purl.obolibrary.org/obo/ENSEMBL#_ENSMUSG00000000031> <http://purl.obolibrary.org/obo/SO_0001503>);0;;0;;0;;0;;0;;0.0
ore_ont_3836.owl;SubClassOf(<http://purl.obolibrary.org/obo/ENSEMBL#_ENSMUSG00000086429> <http://purl.obolibrary.org/obo/SO_0001463>);0;;0;;0;;0;;0;;0.0
ore_ont_3836.owl;SubClassOf(<http://purl.obolibrary.org/obo/ENSEMBL#_ENSMUSG00000006932> <http://purl.obolibrary.org/obo/SO_0001217>);0;;0;;0;;0;;0;;0.0
ore_ont_3836.owl;SubClassOf(<http://purl.obolibrary.org/obo/ENSEMBL#_ENSMUSG00000087938> <http://purl.obolibrary.org/obo/SO_0000274>);0;;0;;0;;0;;0;;0.0
ore_ont_3836.owl;SubClassOf(<http://purl.obolibrary.org/obo/ENSEMBL#_ENSMUSG00000064493> <http://purl.obolibrary.org/obo/SO_0000275>);0;;0;;0;;0;;0;;0.0
ore_ont_1559.owl;SubClassOf(<http://purl.obolibrary.org/obo/UniProt#_P11484> <http://purl.obolibrary.org/obo/SIO_010043>);0;;0;;0;;0;;0;;0.0
ore_ont_1559.owl;SubClassOf(<http://purl.obolibrary.org/obo/NCBITaxon_10090> <http://purl.obolibrary.org/obo/SIO_010000>);0;;0;;0;;0;;0;;0.0
ore_ont_1559.owl;SubClassOf(<http://purl.obolibrary.org/obo/GO_0005515> <http://purl.obolibrary.org/obo/GO_0003674>);2;;0;;2;;0;;1;;1.0
ore_ont_1559.owl;SubClassOf(<http://purl.obolibrary.org/obo/NCBITaxon_3702> <http://purl.obolibrary.org/obo/SIO_010000>);0;;0;;0;;0;;0;;0.0
ore_ont_1559.owl;SubClassOf(<http://purl.obolibrary.org/obo/NCBIGene_7404> <http://purl.obolibrary.org/obo/SIO_010035>);0;;0;;0;;0;;0;;0.0
ore_ont_1559.owl;SubClassOf(<http://purl.obolibrary.org/obo/GO_0007049> <http://purl.obolibrary.org/obo/GO_0008150>);0;;0;;0;;0;;0;;0.0
ore_ont_1559.owl;SubClassOf(<http://purl.obolibrary.org/obo/NCBITaxon_7227> <http://purl.obolibrary.org/obo/SIO_010000>);0;;0;;0;;0;;0;;0.0
ore_ont_1559.owl;SubClassOf(<http://purl.obolibrary.org/obo/MI_0407> <http://purl.obolibrary.org/obo/MI_0915>);0;;0;;0;;0;;0;;0.0
ore_ont_1559.owl;SubClassOf(<http://purl.obolibrary.org/obo/NCBITaxon_9606> <http://purl.obolibrary.org/obo/SIO_010000>);0;;0;;0;;0;;0;;0.0
ore_ont_1559.owl;SubClassOf(<http://purl.obolibrary.org/obo/GO_0001673> <http://purl.obolibrary.org/obo/GO_0005634>);2;0.0;0;;2;0.0;0;;1;0.0;1.0
