Example,Defect Axiom,Axiom Count,Cost,option1,option1_repairTime,option1_evaluationTime,option2,option2_repairTime,option2_evaluationTime,option3,option3_repairTime,option3_evaluationTime,user,user_repairTime,user_evaluationTime,Attempts,mix,mix_repairTime,mix_evaluationTime
ore_ont_8937.owl,"SubClassOf(<http://a.com/ontology#WorksOn> <http://a.com/ontology#ReifiedRelationshipClass>)",84,1621.5000000000002,-1.0,3248,0,-1.0,3311,0,-1.0,3436,0,-1.0,3305,0,0,-1.0,3288,0
ore_ont_8937.owl,"SubClassOf(<http://www.absoluteiri.edu/RELAPPROXC20> <http://www.absoluteiri.edu/RELAPPROXC41>)",84,2090.2000000000003,2309.1000000000004,7738,221,2309.1000000000004,5425,127,2309.1000000000004,5332,85,2309.1000000000004,5071,90,4,2309.1000000000004,7467,100
ore_ont_8937.owl,"SubClassOf(<http://www.absoluteiri.edu/RELAPPROXC45> <http://www.absoluteiri.edu/RELAPPROXC41>)",84,1041.7,1147.2,7268,84,1147.2,5336,85,1147.2,5327,83,1147.2,5062,77,2,1147.2,7428,69
ore_ont_8937.owl,"SubClassOf(<http://www.absoluteiri.edu/RELAPPROXC47> <http://www.absoluteiri.edu/RELAPPROXC21>)",84,1397.6999999999998,-1.0,3023,0,-1.0,3015,0,-1.0,3023,0,-1.0,3011,0,0,-1.0,3004,0
ore_ont_8937.owl,"SubClassOf(<http://www.absoluteiri.edu/RELAPPROXC21> <http://www.absoluteiri.edu/RELAPPROXC43>)",84,1276.8999999999999,1407.7999999999997,7244,72,1407.7999999999997,5278,80,1407.7999999999997,5329,64,1407.7999999999997,5065,69,1,1407.7999999999997,7417,63
ore_ont_8937.owl,"SubClassOf(<http://a.com/ontology#Manages> <http://a.com/ontology#ReifiedRelationshipClass>)",84,1552.5000000000002,-1.0,3044,0,-1.0,3015,0,-1.0,3019,0,-1.0,3021,0,0,-1.0,3005,0
ore_ont_8937.owl,"SubClassOf(<http://a.com/ontology#ReifiedRelationshipClass> <http://www.absoluteiri.edu/RELAPPROXC43>)",84,1500.7000000000005,1656.3999999999996,7258,63,1656.3999999999996,5270,75,1656.3999999999996,5360,80,1656.3999999999996,5109,64,3,1656.3999999999996,7410,64
ore_ont_8937.owl,"SubClassOf(<http://www.absoluteiri.edu/RELAPPROXC45> <http://www.absoluteiri.edu/RELAPPROXC21>)",84,1216.7999999999997,-1.0,3054,0,-1.0,3046,0,-1.0,3009,0,-1.0,3008,0,0,-1.0,2999,0
ore_ont_8937.owl,"SubClassOf(<http://www.absoluteiri.edu/RELAPPROXC21> <http://www.absoluteiri.edu/RELAPPROXC23>)",84,536.5,590.0,7256,66,590.0,5255,79,590.0,5346,74,590.0,5114,60,1,590.0,7442,64
ore_ont_8937.owl,"SubClassOf(<http://www.absoluteiri.edu/RELAPPROXC21> <http://www.absoluteiri.edu/RELAPPROXC25>)",84,1431.7000000000003,1584.3999999999996,7256,72,1584.3999999999996,5259,74,1584.3999999999996,5399,73,1584.3999999999996,5092,77,3,1584.3999999999996,7491,81
ore_ont_9509.owl,"SubClassOf(<http://www.lexinfo.net/lmf#RelatedForm> <http://www.lexinfo.net/lmf#Form>)",86,329.9,-1.0,3028,0,-1.0,3073,0,-1.0,3039,0,-1.0,3085,0,0,-1.0,3009,0
ore_ont_9509.owl,"SubClassOf(<http://www.lexinfo.net/lmf#Component> <http://www.lexinfo.net/lmf#LMFClass>)",86,280.8,-1.0,3002,0,-1.0,3095,0,-1.0,3022,0,-1.0,3029,0,0,-1.0,3073,0
ore_ont_9509.owl,"SubClassOf(<http://www.absoluteiri.edu/RELAPPROXC159> <http://www.absoluteiri.edu/RELAPPROXC156>)",86,345.9,-1.0,3019,0,-1.0,3006,0,-1.0,3066,0,-1.0,2997,0,0,-1.0,3046,0
ore_ont_9509.owl,"SubClassOf(<http://www.lexinfo.net/lmf#ParadigmPattern> <http://www.lexinfo.net/lmf#LMFClass>)",86,158.29999999999998,-1.0,3011,0,-1.0,2998,0,-1.0,3041,0,-1.0,3013,0,0,-1.0,3006,0
ore_ont_9509.owl,"SubClassOf(<http://www.lexinfo.net/lmf#ReferredRoot> <http://www.lexinfo.net/lmf#RelatedForm>)",86,465.29999999999995,-1.0,3038,0,-1.0,3029,0,-1.0,3004,0,-1.0,3040,0,0,-1.0,3032,0
ore_ont_9509.owl,"SubClassOf(<http://www.lexinfo.net/lmf#Lexicon> <http://www.lexinfo.net/lmf#LMFClass>)",86,324.29999999999995,-1.0,3002,0,-1.0,3007,0,-1.0,3025,0,-1.0,3023,0,0,-1.0,2992,0
ore_ont_9509.owl,"SubClassOf(<http://www.lexinfo.net/lmf#LexicalEntry> <http://www.lexinfo.net/lmf#LMFClass>)",86,226.0,-1.0,3019,0,-1.0,2982,0,-1.0,3020,0,-1.0,3018,0,0,-1.0,3029,0
ore_ont_9509.owl,"SubClassOf(<http://www.lexinfo.net/lmf#Form> <http://www.lexinfo.net/lmf#LMFClass>)",86,200.19999999999996,-1.0,3019,0,-1.0,3039,0,-1.0,3027,0,-1.0,3194,0,0,-1.0,3034,0
ore_ont_9509.owl,"SubClassOf(<http://www.lexinfo.net/lmf#TextRepresentation> <http://www.lexinfo.net/lmf#Representation>)",86,437.3,-1.0,3019,0,-1.0,3002,0,-1.0,3025,0,-1.0,3029,0,0,-1.0,3007,0
ore_ont_9509.owl,"SubClassOf(<http://www.absoluteiri.edu/RELAPPROXC155> <http://www.absoluteiri.edu/RELAPPROXC158>)",86,390.4,-1.0,3039,0,-1.0,3055,0,-1.0,3023,0,-1.0,3027,0,0,-1.0,3050,0
ore_ont_10309.owl,"SubClassOf(<http://www.absoluteiri.edu/RELAPPROXC18> <http://www.absoluteiri.edu/RELAPPROXC27>)",55,84.30000000000001,-1.0,3036,0,-1.0,3093,0,-1.0,3027,0,-1.0,3089,0,0,-1.0,3041,0
ore_ont_10309.owl,"SubClassOf(<http://www.absoluteiri.edu/RELAPPROXC18> <http://www.absoluteiri.edu/RELAPPROXC29>)",55,61.39999999999999,-1.0,3077,0,-1.0,3088,0,-1.0,3010,0,-1.0,3022,0,0,-1.0,3070,0
ore_ont_10309.owl,"SubClassOf(<http://rs.tdwg.org/ontology/voc/OccurrenceRecord#OccurrenceRecord> <http://rs.tdwg.org/ontology/Base#BaseThing>)",55,53.300000000000004,-1.0,3060,0,-1.0,3024,0,-1.0,3012,0,-1.0,3008,0,0,-1.0,3014,0
ore_ont_10309.owl,"SubClassOf(<http://rs.tdwg.org/ontology/voc/OccurrenceRecord#Identification> <http://rs.tdwg.org/ontology/Base#BaseThing>)",55,39.900000000000006,-1.0,3017,0,-1.0,3064,0,-1.0,3050,0,-1.0,3011,0,0,-1.0,3060,0
ore_ont_10309.owl,"SubClassOf(<http://www.absoluteiri.edu/RELAPPROXC28> <http://www.absoluteiri.edu/RELAPPROXC19>)",55,116.4,-1.0,3052,0,-1.0,2986,0,-1.0,2997,0,-1.0,3008,0,0,-1.0,2994,0
ore_ont_10309.owl,"SubClassOf(<http://www.absoluteiri.edu/RELAPPROXC26> <http://www.absoluteiri.edu/RELAPPROXC19>)",55,111.1,-1.0,3057,0,-1.0,2995,0,-1.0,2992,0,-1.0,2990,0,0,-1.0,3010,0
ore_ont_1420.owl,"SubClassOf(<http://www.opengis.net/gml/LinearRing> <http://www.opengis.net/gml/_Geometry>)",81,894.9,-1.0,3027,0,-1.0,2992,0,-1.0,3002,0,-1.0,3005,0,0,-1.0,2994,0
ore_ont_1420.owl,"SubClassOf(<http://purl.org/mets/onts/2010/12/gml.owl#LinearRing> <http://www.absoluteiri.edu/RELAPPROXC66>)",81,669.6,-1.0,3036,0,-1.0,3031,0,-1.0,3021,0,-1.0,3012,0,0,-1.0,3008,0
ore_ont_1420.owl,"SubClassOf(<http://purl.org/mets/onts/2010/12/gml.owl#LineString> <http://www.absoluteiri.edu/RELAPPROXC66>)",81,1078.8,-1.0,3065,0,-1.0,3000,0,-1.0,3010,0,-1.0,3006,0,0,-1.0,2992,0
ore_ont_1420.owl,"SubClassOf(<http://www.absoluteiri.edu/RELAPPROXC47RELAPPROXQ2> <http://www.absoluteiri.edu/RELAPPROXC47>)",81,483.3,-1.0,3036,0,-1.0,2983,0,-1.0,2996,0,-1.0,2999,0,0,-1.0,2989,0
ore_ont_1420.owl,"SubClassOf(<http://purl.org/mets/onts/2010/12/gml.owl#Point> <http://purl.org/mets/onts/2010/12/gml.owl#_Geometry>)",81,599.3999999999999,-1.0,3016,0,-1.0,3004,0,-1.0,3037,0,-1.0,3015,0,0,-1.0,2997,0
ore_ont_1420.owl,"SubClassOf(<http://www.opengis.net/gml/LineString> <http://www.opengis.net/gml/_Geometry>)",81,976.5,-1.0,3047,0,-1.0,2999,0,-1.0,3026,0,-1.0,3015,0,0,-1.0,3018,0
ore_ont_1420.owl,"SubClassOf(<http://purl.org/mets/onts/2010/12/gml.owl#Point> <http://www.w3.org/2005/Incubator/geo/XGR-geo/W3C_XGR_Geo_files/geo_2007.owl#_Geometry>)",81,859.5,830.4,11481,62,857.1,5424,59,830.4,5540,68,830.4,5073,64,2,830.4,11961,69
ore_ont_1420.owl,"SubClassOf(<http://www.absoluteiri.edu/RELAPPROXC47RELAPPROXQ2> <http://www.absoluteiri.edu/RELAPPROXC64>)",81,615.4,714.8,7310,79,714.8,5396,61,714.8,5342,64,714.8,5084,57,3,714.8,7448,52
ore_ont_1420.owl,"SubClassOf(<http://purl.org/mets/onts/2010/12/gml.owl#_Feature> <http://www.absoluteiri.edu/RELAPPROXC64>)",81,941.5,1113.6999999999998,7344,71,1113.6999999999998,5281,70,1113.6999999999998,5319,61,1113.6999999999998,5106,67,1,1113.6999999999998,7435,61
ore_ont_1420.owl,"SubClassOf(<http://purl.org/mets/onts/2010/12/gml.owl#Polygon> <http://purl.org/mets/onts/2010/12/gml.owl#_Geometry>)",81,517.8000000000001,-1.0,3066,0,-1.0,2990,0,-1.0,2989,0,-1.0,3000,0,0,-1.0,2990,0
ore_ont_13429.owl,"SubClassOf(<http://www.cidoc-crm.org/cidoc-crm/E36_Visual_Item> <http://www.cidoc-crm.org/cidoc-crm/E73_Information_Object>)",98,99.0,-1.0,3066,0,-1.0,3013,0,-1.0,2992,0,-1.0,2994,0,0,-1.0,3019,0
ore_ont_13429.owl,"SubClassOf(<http://www.cidoc-crm.org/cidoc-crm/E7_Activity> <http://www.cidoc-crm.org/cidoc-crm/E1_CRM_Entity>)",98,31.1,22.0,19718,59,19.299999999999997,5402,59,22.0,5951,53,22.0,5075,57,1,22.0,20872,76
ore_ont_13429.owl,"SubClassOf(<http://www.cidoc-crm.org/cidoc-crm/E65_Creation> <http://www.cidoc-crm.org/cidoc-crm/E63_Beginning_of_Existence>)",98,49.300000000000004,-1.0,3677,0,-1.0,3113,0,-1.0,3063,0,-1.0,3071,0,0,-1.0,3056,0
ore_ont_13429.owl,"SubClassOf(<http://www.cidoc-crm.org/cidoc-crm/E13_Attribute_Assignment> <http://www.cidoc-crm.org/cidoc-crm/E7_Activity>)",98,38.800000000000004,-1.0,3069,0,-1.0,3023,0,-1.0,3033,0,-1.0,3039,0,0,-1.0,2984,0
ore_ont_13429.owl,"SubClassOf(<http://www.cidoc-crm.org/cidoc-crm/E44_Place_Appellation> <http://www.cidoc-crm.org/cidoc-crm/E41_Appellation>)",98,84.0,-1.0,3065,0,-1.0,2987,0,-1.0,2985,0,-1.0,3110,0,0,-1.0,3053,0
ore_ont_13429.owl,"SubClassOf(<http://www.cidoc-crm.org/cidoc-crm/E45_Address> <http://www.cidoc-crm.org/cidoc-crm/E44_Place_Appellation>)",98,135.8,-1.0,3089,0,-1.0,3055,0,-1.0,2991,0,-1.0,3009,0,0,-1.0,3014,0
ore_ont_13429.owl,"SubClassOf(<http://www.cidoc-crm.org/cidoc-crm/E81_Transformation> <http://www.cidoc-crm.org/cidoc-crm/E64_End_of_Existence>)",98,49.300000000000004,-1.0,3104,0,-1.0,3019,0,-1.0,2966,0,-1.0,3023,0,0,-1.0,2995,0
ore_ont_13429.owl,"SubClassOf(<http://www.cidoc-crm.org/cidoc-crm/E17_Type_Assignment> <http://www.cidoc-crm.org/cidoc-crm/E13_Attribute_Assignment>)",98,55.5,-1.0,3072,0,-1.0,3001,0,-1.0,2976,0,-1.0,3011,0,0,-1.0,3152,0
ore_ont_13429.owl,"SubClassOf(<http://www.cidoc-crm.org/cidoc-crm/E22_Man-Made_Object> <http://www.cidoc-crm.org/cidoc-crm/E24_Physical_Man-Made_Thing>)",98,77.9,-1.0,3056,0,-1.0,3031,0,-1.0,2990,0,-1.0,3029,0,0,-1.0,3023,0
ore_ont_13429.owl,"SubClassOf(<http://www.cidoc-crm.org/cidoc-crm/E24_Physical_Man-Made_Thing> <http://www.cidoc-crm.org/cidoc-crm/E18_Physical_Thing>)",98,45.900000000000006,-1.0,3041,0,-1.0,3040,0,-1.0,3020,0,-1.0,3013,0,0,-1.0,3041,0
ore_ont_9854.owl,"SubClassOf(<http://www.owl-ontologies.com/unnamed.owl#_1º_quadrante> <http://www.owl-ontologies.com/unnamed.owl#Circulo>)",96,6.8,-1.0,3071,0,-1.0,3054,0,-1.0,2996,0,-1.0,3006,0,0,-1.0,2996,0
ore_ont_9854.owl,"SubClassOf(<http://www.owl-ontologies.com/unnamed.owl#Ansiedade-Confidente> <http://www.owl-ontologies.com/unnamed.owl#Emoção>)",96,7.999999999999999,-1.0,3050,0,-1.0,3014,0,-1.0,3035,0,-1.0,3010,0,0,-1.0,3036,0
ore_ont_9854.owl,"SubClassOf(<http://www.owl-ontologies.com/unnamed.owl#Conforto> <http://www.owl-ontologies.com/unnamed.owl#Ansiedade-Confidente>)",96,91.5,-1.0,3060,0,-1.0,3036,0,-1.0,3027,0,-1.0,2993,0,0,-1.0,3007,0
ore_ont_9854.owl,"SubClassOf(<http://www.owl-ontologies.com/unnamed.owl#Conforto> <http://www.owl-ontologies.com/unnamed.owl#Exito_relevante>)",96,84.3,61.800000000000004,11460,63,72.39999999999999,5415,61,61.800000000000004,5573,61,72.39999999999999,5074,59,1,61.800000000000004,11915,58
ore_ont_9854.owl,"SubClassOf(<http://www.owl-ontologies.com/unnamed.owl#Exito_relevante> <http://www.owl-ontologies.com/unnamed.owl#Satisfeito_Insatisfeito>)",96,33.3,17.7,11460,56,24.200000000000003,5391,59,17.7,5521,61,24.200000000000003,5075,62,2,17.7,12007,55
ore_ont_9854.owl,"SubClassOf(<http://www.owl-ontologies.com/unnamed.owl#Conforto> <http://www.owl-ontologies.com/unnamed.owl#_1º_quadrante>)",96,92.70000000000002,-1.0,3065,0,-1.0,3015,0,-1.0,3033,0,-1.0,3045,0,0,-1.0,3018,0
ore_ont_9854.owl,"SubClassOf(<http://www.owl-ontologies.com/unnamed.owl#Persistencia> <http://www.owl-ontologies.com/unnamed.owl#Frustração-Euforia>)",96,19.5,-1.0,3026,0,-1.0,3034,0,-1.0,3011,0,-1.0,2992,0,0,-1.0,3023,0
ore_ont_9854.owl,"SubClassOf(<http://www.owl-ontologies.com/unnamed.owl#Conforto> <http://www.owl-ontologies.com/unnamed.owl#Categorias_de_emoções>)",96,94.9,94.9,11476,65,94.9,5425,59,94.9,5558,61,94.9,5130,66,1,94.9,11984,63
ore_ont_9854.owl,"SubClassOf(<http://www.owl-ontologies.com/unnamed.owl#Conforto> <http://www.owl-ontologies.com/unnamed.owl#Base_de_Perspectiva>)",96,92.69999999999999,-1.0,3069,0,-1.0,3029,0,-1.0,3028,0,-1.0,2992,0,0,-1.0,3017,0
ore_ont_9854.owl,"SubClassOf(<http://www.owl-ontologies.com/unnamed.owl#Chateado> <http://www.owl-ontologies.com/unnamed.owl#Tedio-Fasinacao>)",96,19.5,-1.0,3087,0,-1.0,3063,0,-1.0,3034,0,-1.0,3032,0,0,-1.0,3017,0
ore_ont_8974.owl,"SubClassOf(<http://www.absoluteiri.edu/RELAPPROXC18> <http://www.absoluteiri.edu/RELAPPROXC27>)",95,143.9,-1.0,3097,0,-1.0,3003,0,-1.0,3022,0,-1.0,3032,0,0,-1.0,3029,0
ore_ont_8974.owl,"SubClassOf(<http://www.absoluteiri.edu/RELAPPROXC18> <http://www.absoluteiri.edu/RELAPPROXC29>)",95,154.2,-1.0,3047,0,-1.0,3018,0,-1.0,3032,0,-1.0,3021,0,0,-1.0,3027,0
ore_ont_8974.owl,"SubClassOf(<http://rs.tdwg.org/ontology/voc/OccurrenceRecord#OccurrenceRecord> <http://rs.tdwg.org/ontology/Base#BaseThing>)",95,151.7,-1.0,3095,0,-1.0,3000,0,-1.0,3026,0,-1.0,2990,0,0,-1.0,2994,0
ore_ont_8974.owl,"SubClassOf(<http://rs.tdwg.org/ontology/voc/OccurrenceRecord#Identification> <http://rs.tdwg.org/ontology/Base#BaseThing>)",95,138.8,-1.0,3038,0,-1.0,2999,0,-1.0,3007,0,-1.0,3016,0,0,-1.0,3024,0
ore_ont_8974.owl,"SubClassOf(<http://www.absoluteiri.edu/RELAPPROXC28> <http://www.absoluteiri.edu/RELAPPROXC19>)",95,100.1,-1.0,3068,0,-1.0,3031,0,-1.0,3024,0,-1.0,3014,0,0,-1.0,2987,0
ore_ont_8974.owl,"SubClassOf(<http://www.absoluteiri.edu/RELAPPROXC26> <http://www.absoluteiri.edu/RELAPPROXC19>)",95,185.20000000000002,-1.0,3081,0,-1.0,3029,0,-1.0,3014,0,-1.0,3016,0,0,-1.0,3019,0
ore_ont_3909.owl,"SubClassOf(<file:/media/owl/Seagate%20Expansion%20Drive/mowlcorp_rep/mowlcorp_2014.10.07_orig/files/F22_Self_Contained_Expression> <file:/media/owl/Seagate%20Expansion%20Drive/mowlcorp_rep/mowlcorp_2014.10.07_orig/files/F2_Expression>)",62,20.900000000000002,-1.0,3072,0,-1.0,3032,0,-1.0,3018,0,-1.0,3027,0,0,-1.0,3024,0
ore_ont_3909.owl,"SubClassOf(<file:/media/owl/Seagate%20Expansion%20Drive/mowlcorp_rep/mowlcorp_2014.10.07_orig/files/F34_KOS> <file:/media/owl/Seagate%20Expansion%20Drive/mowlcorp_rep/mowlcorp_2014.10.07_orig/files/E29_Design_or_Procedure>)",62,38.800000000000004,-1.0,3123,0,-1.0,2997,0,-1.0,3010,0,-1.0,3033,0,0,-1.0,3011,0
ore_ont_3909.owl,"SubClassOf(<file:/media/owl/Seagate%20Expansion%20Drive/mowlcorp_rep/mowlcorp_2014.10.07_orig/files/F18_Serial_Work> <file:/media/owl/Seagate%20Expansion%20Drive/mowlcorp_rep/mowlcorp_2014.10.07_orig/files/F16_Container_Work>)",62,157.6,151.79999999999998,11472,71,154.2,5424,66,151.79999999999998,5531,64,151.79999999999998,5097,64,1,151.79999999999998,11988,65
ore_ont_3909.owl,"SubClassOf(<file:/media/owl/Seagate%20Expansion%20Drive/mowlcorp_rep/mowlcorp_2014.10.07_orig/files/F30_Publication_Event> <file:/media/owl/Seagate%20Expansion%20Drive/mowlcorp_rep/mowlcorp_2014.10.07_orig/files/F28_Expression_Creation>)",62,170.20000000000005,-1.0,3058,0,-1.0,3058,0,-1.0,3027,0,-1.0,3039,0,0,-1.0,3032,0
ore_ont_3909.owl,"SubClassOf(<file:/media/owl/Seagate%20Expansion%20Drive/mowlcorp_rep/mowlcorp_2014.10.07_orig/files/F52_Name_Use_Activity> <file:/media/owl/Seagate%20Expansion%20Drive/mowlcorp_rep/mowlcorp_2014.10.07_orig/files/E13_Attribute_Assignment>)",62,198.60000000000002,-1.0,3085,0,-1.0,3021,0,-1.0,3012,0,-1.0,3042,0,0,-1.0,3008,0
ore_ont_3909.owl,"SubClassOf(<file:/media/owl/Seagate%20Expansion%20Drive/mowlcorp_rep/mowlcorp_2014.10.07_orig/files/F34_KOS> <file:/media/owl/Seagate%20Expansion%20Drive/mowlcorp_rep/mowlcorp_2014.10.07_orig/files/F2_Expression>)",62,225.9,-1.0,3092,0,-1.0,3004,0,-1.0,3037,0,-1.0,3042,0,0,-1.0,3017,0
ore_ont_3909.owl,"SubClassOf(<file:/media/owl/Seagate%20Expansion%20Drive/mowlcorp_rep/mowlcorp_2014.10.07_orig/files/F28_Expression_Creation> <file:/media/owl/Seagate%20Expansion%20Drive/mowlcorp_rep/mowlcorp_2014.10.07_orig/files/E12_Production>)",62,254.0,-1.0,3057,0,-1.0,3014,0,-1.0,3030,0,-1.0,3035,0,0,-1.0,3072,0
ore_ont_3909.owl,"SubClassOf(<file:/media/owl/Seagate%20Expansion%20Drive/mowlcorp_rep/mowlcorp_2014.10.07_orig/files/F50_Controlled_Access_Point> <file:/media/owl/Seagate%20Expansion%20Drive/mowlcorp_rep/mowlcorp_2014.10.07_orig/files/F13_Identifier>)",62,275.4,-1.0,3059,0,-1.0,3014,0,-1.0,3025,0,-1.0,3000,0,0,-1.0,3003,0
ore_ont_3909.owl,"SubClassOf(<file:/media/owl/Seagate%20Expansion%20Drive/mowlcorp_rep/mowlcorp_2014.10.07_orig/files/F16_Container_Work> <file:/media/owl/Seagate%20Expansion%20Drive/mowlcorp_rep/mowlcorp_2014.10.07_orig/files/F1_Work>)",62,114.79999999999998,-1.0,3068,0,-1.0,3025,0,-1.0,3015,0,-1.0,2995,0,0,-1.0,3005,0
ore_ont_3909.owl,"SubClassOf(<file:/media/owl/Seagate%20Expansion%20Drive/mowlcorp_rep/mowlcorp_2014.10.07_orig/files/F25_Performance_Plan> <file:/media/owl/Seagate%20Expansion%20Drive/mowlcorp_rep/mowlcorp_2014.10.07_orig/files/F22_Self_Contained_Expression>)",62,230.10000000000002,-1.0,3056,0,-1.0,3006,0,-1.0,3014,0,-1.0,2976,0,0,-1.0,2992,0
ore_ont_2036.owl,"SubClassOf(<http://www.owl-ontologies.com/Ontology1324330201.owl#Artifact> <http://www.owl-ontologies.com/Ontology1324330201.owl#CommonCoreObject>)",94,660.7,674.3,11480,73,674.3,5478,69,674.3,5474,73,679.8999999999999,5087,70,1,674.3,11972,83
ore_ont_2036.owl,"SubClassOf(<http://www.owl-ontologies.com/Ontology1324330201.owl#Flow> <http://www.owl-ontologies.com/Ontology1324330201.owl#CoreProperty>)",94,489.1000000000001,-1.0,3070,0,-1.0,3001,0,-1.0,3015,0,-1.0,3022,0,0,-1.0,3028,0
ore_ont_2036.owl,"SubClassOf(<http://www.owl-ontologies.com/Ontology1324330201.owl#subArtifacts> <http://www.owl-ontologies.com/Ontology1324330201.owl#Artifact>)",94,848.6,-1.0,3081,0,-1.0,3020,0,-1.0,3006,0,-1.0,3071,0,0,-1.0,3014,0
ore_ont_2036.owl,"SubClassOf(<http://www.owl-ontologies.com/Ontology1324330201.owl#Artifact> <http://www.owl-ontologies.com/Ontology1324330201.owl#CoreEntity>)",94,487.9000000000001,-1.0,3050,0,-1.0,3063,0,-1.0,3266,0,-1.0,3126,0,0,-1.0,3174,0
ore_ont_2036.owl,"SubClassOf(<http://www.owl-ontologies.com/Ontology1324330201.owl#Form> <http://www.owl-ontologies.com/Ontology1324330201.owl#CoreProperty>)",94,489.1000000000001,-1.0,3150,0,-1.0,3080,0,-1.0,3575,0,-1.0,3288,0,0,-1.0,3294,0
ore_ont_2036.owl,"SubClassOf(<http://www.owl-ontologies.com/Ontology1324330201.owl#Properties> <http://www.owl-ontologies.com/Ontology1324330201.owl#Information>)",94,976.8000000000001,-1.0,3215,0,-1.0,3529,0,-1.0,3253,0,-1.0,3294,0,0,-1.0,3155,0
ore_ont_2036.owl,"SubClassOf(<http://www.owl-ontologies.com/Ontology1324330201.owl#Port> <http://www.owl-ontologies.com/Ontology1324330201.owl#Feature>)",94,510.00000000000006,-1.0,3119,0,-1.0,3123,0,-1.0,3116,0,-1.0,3123,0,0,-1.0,3077,0
ore_ont_2036.owl,"SubClassOf(<http://www.owl-ontologies.com/Ontology1324330201.owl#Constraint> <http://www.owl-ontologies.com/Ontology1324330201.owl#CommonCoreRelationship>)",94,299.90000000000003,-1.0,3200,0,-1.0,3109,0,-1.0,3134,0,-1.0,3066,0,0,-1.0,3064,0
ore_ont_2036.owl,"SubClassOf(<http://www.owl-ontologies.com/Ontology1324330201.owl#Form> <http://www.owl-ontologies.com/Ontology1324330201.owl#CommonCoreObject>)",94,1000.5000000000001,966.3,11715,108,966.3,5954,109,966.3,6055,91,966.3,5253,130,1,966.3,12664,119
ore_ont_2036.owl,"SubClassOf(<http://www.owl-ontologies.com/Ontology1324330201.owl#TransferFunction> <http://www.owl-ontologies.com/Ontology1324330201.owl#Function>)",94,849.8,-1.0,3562,0,-1.0,3528,0,-1.0,3506,0,-1.0,3139,0,0,-1.0,3146,0
ore_ont_508.owl,"SubClassOf(<http://www.owl-ontologies.com/Ontology1324330201.owl#Artifact> <http://www.owl-ontologies.com/Ontology1324330201.owl#CommonCoreObject>)",95,512.4,519.4,11666,128,519.4,6321,115,519.4,6098,113,519.4,5448,116,1,519.4,12586,92
ore_ont_508.owl,"SubClassOf(<http://www.owl-ontologies.com/Ontology1324330201.owl#Flow> <http://www.owl-ontologies.com/Ontology1324330201.owl#CoreProperty>)",95,1039.6,-1.0,3387,0,-1.0,3315,0,-1.0,3153,0,-1.0,3473,0,0,-1.0,3487,0
ore_ont_508.owl,"SubClassOf(<http://www.owl-ontologies.com/Ontology1324330201.owl#subArtifacts> <http://www.owl-ontologies.com/Ontology1324330201.owl#Artifact>)",95,355.1,-1.0,3449,0,-1.0,3301,0,-1.0,3582,0,-1.0,3354,0,0,-1.0,3337,0
ore_ont_508.owl,"SubClassOf(<http://www.owl-ontologies.com/Ontology1324330201.owl#Artifact> <http://www.owl-ontologies.com/Ontology1324330201.owl#CoreEntity>)",95,1391.4,-1.0,3244,0,-1.0,3546,0,-1.0,3562,0,-1.0,3566,0,0,-1.0,3047,0
ore_ont_508.owl,"SubClassOf(<http://www.owl-ontologies.com/Ontology1324330201.owl#Form> <http://www.owl-ontologies.com/Ontology1324330201.owl#CoreProperty>)",95,510.09999999999997,-1.0,3540,0,-1.0,3319,0,-1.0,3315,0,-1.0,3029,0,0,-1.0,3580,0
ore_ont_508.owl,"SubClassOf(<http://www.owl-ontologies.com/Ontology1324330201.owl#Properties> <http://www.owl-ontologies.com/Ontology1324330201.owl#Information>)",95,489.3,-1.0,3637,0,-1.0,3518,0,-1.0,3030,0,-1.0,3432,0,0,-1.0,3552,0
ore_ont_508.owl,"SubClassOf(<http://www.owl-ontologies.com/Ontology1324330201.owl#Port> <http://www.owl-ontologies.com/Ontology1324330201.owl#Feature>)",95,531.5999999999999,-1.0,3613,0,-1.0,3073,0,-1.0,3546,0,-1.0,3250,0,0,-1.0,3261,0
ore_ont_508.owl,"SubClassOf(<http://www.owl-ontologies.com/Ontology1324330201.owl#Constraint> <http://www.owl-ontologies.com/Ontology1324330201.owl#CommonCoreRelationship>)",95,1901.6,-1.0,3387,0,-1.0,3488,0,-1.0,3555,0,-1.0,3450,0,0,-1.0,3260,0
ore_ont_508.owl,"SubClassOf(<http://www.owl-ontologies.com/Ontology1324330201.owl#Form> <http://www.owl-ontologies.com/Ontology1324330201.owl#CommonCoreObject>)",95,1219.6,1179.8000000000002,11891,98,1179.8000000000002,5899,142,1179.8000000000002,6184,107,1179.8000000000002,5624,127,2,1179.8000000000002,12524,125
ore_ont_508.owl,"SubClassOf(<http://www.owl-ontologies.com/Ontology1324330201.owl#TransferFunction> <http://www.owl-ontologies.com/Ontology1324330201.owl#Function>)",95,709.3,-1.0,3426,0,-1.0,3246,0,-1.0,3189,0,-1.0,3533,0,0,-1.0,3233,0
ore_ont_16076.owl,"SubClassOf(<http://semanticscience.org/RNA> <http://semanticscience.org/NucleicAcid>)",186,35.5,-1.0,3326,0,-1.0,3085,0,-1.0,3277,0,-1.0,3305,0,0,-1.0,3266,0
ore_ont_16076.owl,"SubClassOf(<http://semanticscience.org/O4pEndoRole> <http://semanticscience.org/EndoRole>)",186,13.9,-1.0,3186,0,-1.0,3422,0,-1.0,3512,0,-1.0,3251,0,0,-1.0,3199,0
ore_ont_16076.owl,"SubClassOf(<http://semanticscience.org/WatsonSugarBasePair> <http://semanticscience.org/EdgeInteraction>)",186,37.9,-1.0,3319,0,-1.0,3284,0,-1.0,3283,0,-1.0,3215,0,0,-1.0,3289,0
ore_ont_16076.owl,"SubClassOf(<http://semanticscience.org/C2pExoRole> <http://semanticscience.org/ExoRole>)",186,13.9,-1.0,3400,0,-1.0,3203,0,-1.0,3174,0,-1.0,3117,0,0,-1.0,3230,0
ore_ont_16076.owl,"SubClassOf(<http://semanticscience.org/EdgeInteraction> <http://semanticscience.org/NucleotideBasePair>)",186,25.4,-1.0,3314,0,-1.0,3212,0,-1.0,3043,0,-1.0,3552,0,0,-1.0,3229,0
ore_ont_16076.owl,"SubClassOf(<http://semanticscience.org/mRNA> <http://semanticscience.org/RNA>)",186,54.900000000000006,-1.0,3338,0,-1.0,3185,0,-1.0,3271,0,-1.0,3264,0,0,-1.0,3263,0
ore_ont_16076.owl,"SubClassOf(<http://semanticscience.org/Hexose> <http://semanticscience.org/Monosaccharide>)",186,34.900000000000006,-1.0,3235,0,-1.0,3254,0,-1.0,3249,0,-1.0,3258,0,0,-1.0,3146,0
ore_ont_16076.owl,"SubClassOf(<http://semanticscience.org/BifurcatedFace> <http://semanticscience.org/NucleotideFace>)",186,10.7,-1.0,3294,0,-1.0,3191,0,-1.0,3381,0,-1.0,3071,0,0,-1.0,3527,0
ore_ont_16076.owl,"SubClassOf(<http://semanticscience.org/GTP> <http://semanticscience.org/Ribonucleotide>)",186,53.7,-1.0,3406,0,-1.0,3307,0,-1.0,3226,0,-1.0,3546,0,0,-1.0,3286,0
ore_ont_16076.owl,"SubClassOf(<http://semanticscience.org/Ribonucleotide> <http://semanticscience.org/Nucleotide>)",186,35.5,-1.0,3487,0,-1.0,3153,0,-1.0,3249,0,-1.0,3351,0,0,-1.0,3248,0
ore_ont_7270.owl,"SubClassOf(<http://www.lia.deis.unibo.it/research/MIDAS/Ontologies/MIDAS_Preference.owl#ValuePreference> <http://www.lia.deis.unibo.it/research/MIDAS/Ontologies/MIDAS_Preference.owl#Preference>)",99,492.2,-1.0,3158,0,-1.0,3274,0,-1.0,3266,0,-1.0,3242,0,0,-1.0,3198,0
ore_ont_7270.owl,"SubClassOf(<http://www.lia.deis.unibo.it/research/MIDAS/Ontologies/ZefiroRequest.owl#ExampleCapability> <http://www.lia.deis.unibo.it/research/MIDAS/Ontologies/MIDAS_Profile.owl#Capability>)",99,781.9,788.6999999999999,20577,120,788.6999999999999,6702,108,788.6999999999999,6258,118,788.6999999999999,5278,121,1,788.6999999999999,22242,92
ore_ont_7270.owl,"SubClassOf(<http://www.lia.deis.unibo.it/research/MIDAS/Ontologies/TFLEOntology.owl#Cottage_Rental> <http://www.lia.deis.unibo.it/research/MIDAS/Ontologies/TFLEOntology.owl#Hotel_Motel_Inn>)",99,729.9,-1.0,3126,0,-1.0,3513,0,-1.0,3230,0,-1.0,3287,0,0,-1.0,3147,0
ore_ont_7270.owl,"SubClassOf(<http://www.lia.deis.unibo.it/research/MIDAS/Ontologies/TFLEOntology.owl#Restaurant> <http://www.lia.deis.unibo.it/research/MIDAS/Ontologies/TFLEOntology.owl#Eating_Establishment>)",99,451.8,-1.0,3300,0,-1.0,3233,0,-1.0,3285,0,-1.0,3201,0,0,-1.0,3528,0
ore_ont_7270.owl,"SubClassOf(<http://www.lia.deis.unibo.it/research/MIDAS/Ontologies/MIDAS_Request.owl#Request_Profile> <http://www.lia.deis.unibo.it/research/MIDAS/Ontologies/MIDAS_Profile.owl#Profile>)",99,605.2,623.5,11878,110,623.5,5991,144,623.5,5773,148,623.5,5728,125,1,623.5,12836,121
ore_ont_7270.owl,"SubClassOf(<http://www.lia.deis.unibo.it/research/MIDAS/Ontologies/TFLEOntology.owl#Catering> <http://www.lia.deis.unibo.it/research/MIDAS/Ontologies/TFLEOntology.owl#Banquet_Catering>)",99,285.8,-1.0,3460,0,-1.0,3181,0,-1.0,3242,0,-1.0,3320,0,0,-1.0,3315,0
ore_ont_7270.owl,"SubClassOf(<http://www.lia.deis.unibo.it/research/MIDAS/Ontologies/TFLEOntology.owl#Campsites> <http://www.lia.deis.unibo.it/research/MIDAS/Ontologies/TFLEOntology.owl#Camping_Wilderness>)",99,333.3,-1.0,3095,0,-1.0,3543,0,-1.0,3528,0,-1.0,3289,0,0,-1.0,3257,0
ore_ont_7270.owl,"SubClassOf(<http://www.lia.deis.unibo.it/research/MIDAS/Ontologies/TFLEOntology.owl#Hotel_Motel_Inn> <http://www.lia.deis.unibo.it/research/MIDAS/Ontologies/TFLEOntology.owl#Hotel_Meeting_Facilities>)",99,420.59999999999997,-1.0,3400,0,-1.0,3290,0,-1.0,3273,0,-1.0,3146,0,0,-1.0,3250,0
ore_ont_7270.owl,"SubClassOf(<http://www.lia.deis.unibo.it/research/MIDAS/Ontologies/TFLEOntology.owl#Banquet_Catering> <http://www.lia.deis.unibo.it/research/MIDAS/Ontologies/TFLEOntology.owl#Restaurant_Catering>)",99,260.7,-1.0,3309,0,-1.0,3318,0,-1.0,3120,0,-1.0,3594,0,0,-1.0,3536,0
ore_ont_7270.owl,"SubClassOf(<http://www.absoluteiri.edu/RELAPPROXC153> <http://www.absoluteiri.edu/RELAPPROXC134>)",99,279.0,-1.0,3226,0,-1.0,3219,0,-1.0,3277,0,-1.0,3184,0,0,-1.0,3148,0
ore_ont_13643.owl,"SubClassOf(<http://www.bioassayontology.org/bao#BAO_0002374> <http://www.bioassayontology.org/bao#BAO_0002094>)",181,30.199999999999996,15.999999999999998,9460,131,15.999999999999998,5761,138,12.8,6451,120,20.5,5319,154,2,15.999999999999998,10481,110
ore_ont_13643.owl,"SubClassOf(<http://www.bioassayontology.org/bao#BAO_0002379> <http://www.bioassayontology.org/bao#BAO_0002374>)",181,35.8,-1.0,3307,0,-1.0,3249,0,-1.0,3238,0,-1.0,3166,0,0,-1.0,3319,0
ore_ont_13643.owl,"SubClassOf(<http://www.bioassayontology.org/bao#BAO_0002330> <http://www.bioassayontology.org/bao#BAO_0002329>)",181,23.3,-1.0,3462,0,-1.0,3220,0,-1.0,3173,0,-1.0,3429,0,0,-1.0,3454,0
ore_ont_13643.owl,"SubClassOf(<http://www.bioassayontology.org/bao#BAO_0002273> <http://www.bioassayontology.org/bao#BAO_0002272>)",181,25.700000000000003,-1.0,3318,0,-1.0,3251,0,-1.0,3389,0,-1.0,3298,0,0,-1.0,3254,0
ore_ont_13643.owl,"SubClassOf(<http://www.bioassayontology.org/bao#BAO_0002343> <http://www.bioassayontology.org/bao#BAO_0002341>)",181,14.200000000000001,-1.0,3114,0,-1.0,3423,0,-1.0,3540,0,-1.0,3421,0,0,-1.0,3124,0
ore_ont_13643.owl,"SubClassOf(<http://www.bioassayontology.org/bao#BAO_0002209> <http://www.bioassayontology.org/bao#BAO_0002206>)",181,14.500000000000002,-1.0,3602,0,-1.0,3405,0,-1.0,3285,0,-1.0,3176,0,0,-1.0,3548,0
ore_ont_13643.owl,"SubClassOf(<http://www.bioassayontology.org/bao#BAO_0002297> <http://www.bioassayontology.org/bao#BAO_0002282>)",181,16.900000000000002,4.6,12076,146,9.4,6247,152,4.6,5760,119,9.4,5277,119,2,4.6,12495,124
ore_ont_13643.owl,"SubClassOf(<http://www.bioassayontology.org/bao#BAO_0002340> <http://www.bioassayontology.org/bao#BAO_0002336>)",181,13.9,-1.0,3197,0,-1.0,3319,0,-1.0,3523,0,-1.0,3325,0,0,-1.0,3113,0
ore_ont_13643.owl,"SubClassOf(<http://www.bioassayontology.org/bao#BAO_0002272> <http://www.bioassayontology.org/bao#BAO_0002269>)",181,14.8,-1.0,3525,0,-1.0,3157,0,-1.0,3215,0,-1.0,3104,0,0,-1.0,3177,0
ore_ont_13643.owl,"SubClassOf(<http://www.bioassayontology.org/bao#BAO_0002272> <http://www.bioassayontology.org/bao#BAO_0002248>)",181,17.8,9.4,11872,118,5.5,5785,116,9.4,5813,103,9.4,5274,118,2,9.4,12510,118
ore_ont_6735.owl,"SubClassOf(<http://purl.obolibrary.org/obo/sep_00121> <http://purl.obolibrary.org/obo/sep_00118>)",213,74.5,-1.0,3175,0,-1.0,3150,0,-1.0,3285,0,-1.0,3232,0,0,-1.0,3321,0
ore_ont_6735.owl,"SubClassOf(<http://purl.obolibrary.org/obo/sep_00086> <http://purl.obolibrary.org/obo/sep_00013>)",213,63.1,-1.0,3249,0,-1.0,3521,0,-1.0,3375,0,-1.0,3335,0,0,-1.0,3097,0
ore_ont_6735.owl,"SubClassOf(<http://purl.obolibrary.org/obo/sep_00160> <http://purl.obolibrary.org/obo/sep_00101>)",213,40.7,12.399999999999999,11897,179,24.700000000000003,6256,163,12.399999999999999,6013,159,12.399999999999999,5387,141,2,12.399999999999999,12707,146
ore_ont_6735.owl,"SubClassOf(<http://purl.obolibrary.org/obo/sep_00030> <http://purl.obolibrary.org/obo/sep_00004>)",213,41.5,16.799999999999997,15972,125,27.6,5977,130,16.799999999999997,6315,121,13.299999999999999,5439,138,2,16.799999999999997,17179,130
ore_ont_6735.owl,"SubClassOf(<http://purl.obolibrary.org/obo/sep_00118> <http://purl.obolibrary.org/obo/sep_00076>)",213,59.8,40.900000000000006,16025,126,17.5,5981,137,40.900000000000006,6316,133,40.900000000000006,5324,120,1,40.900000000000006,17643,143
ore_ont_6735.owl,"SubClassOf(<http://purl.obolibrary.org/obo/sep_00213> <http://purl.obolibrary.org/obo/sep_00210>)",213,33.7,-1.0,3287,0,-1.0,3258,0,-1.0,3149,0,-1.0,3217,0,0,-1.0,3212,0
ore_ont_6735.owl,"SubClassOf(<http://purl.obolibrary.org/obo/sep_00053> <http://purl.obolibrary.org/obo/sep_00048>)",213,46.5,-1.0,3209,0,-1.0,3151,0,-1.0,3382,0,-1.0,3402,0,0,-1.0,3239,0
ore_ont_6735.owl,"SubClassOf(<http://purl.obolibrary.org/obo/sep_00013> <http://purl.obolibrary.org/obo/sep_00078>)",213,43.8,-1.0,3229,0,-1.0,3167,0,-1.0,3252,0,-1.0,3237,0,0,-1.0,3182,0
ore_ont_6735.owl,"SubClassOf(<http://purl.obolibrary.org/obo/sep_00165> <http://purl.obolibrary.org/obo/sep_00160>)",213,53.1,-1.0,3184,0,-1.0,3210,0,-1.0,3224,0,-1.0,3206,0,0,-1.0,3221,0
ore_ont_6735.owl,"SubClassOf(<http://purl.obolibrary.org/obo/sep_00096> <http://purl.obolibrary.org/obo/sep_00075>)",213,19.7,-1.0,3505,0,-1.0,3287,0,-1.0,3326,0,-1.0,3292,0,0,-1.0,3292,0
ore_ont_3082.owl,"SubClassOf(<http://ontology.dumontierlab.com/biological-measure-primitive-1.0.owl#MontgomeryAsbergDepressionRating> <http://ontology.dumontierlab.com/biological-measure-primitive-1.0.owl#DepressionMeasure>)",120,29.8,10.3,11521,104,18.300000000000004,5730,95,10.3,5834,102,10.3,5341,85,1,10.3,12310,90
ore_ont_3082.owl,"SubClassOf(<http://ontology.dumontierlab.com/biological-measure-primitive-1.0.owl#CoagulationProfile> <http://ontology.dumontierlab.com/biological-measure-primitive-1.0.owl#TissueMeasure>)",120,9.8,-1.0,3097,0,-1.0,3593,0,-1.0,3261,0,-1.0,3237,0,0,-1.0,3089,0
ore_ont_3082.owl,"SubClassOf(<http://ontology.dumontierlab.com/biological-measure-primitive-1.0.owl#SatietyDifference> <http://ontology.dumontierlab.com/biological-measure-primitive-1.0.owl#SatietyMeasure>)",120,16.3,-1.0,3250,0,-1.0,3306,0,-1.0,3222,0,-1.0,3168,0,0,-1.0,3216,0
ore_ont_3082.owl,"SubClassOf(<http://ontology.dumontierlab.com/biological-measure-primitive-1.0.owl#RemissionFrequency> <http://ontology.dumontierlab.com/biological-measure-primitive-1.0.owl#ClinicalOutcomeMeasure>)",120,21.4,4.9,11683,109,11.5,5817,106,4.9,5816,120,4.9,5628,111,1,4.9,12602,117
ore_ont_3082.owl,"SubClassOf(<http://ontology.dumontierlab.com/biological-measure-primitive-1.0.owl#HighRemissionOddsRatio> <http://ontology.dumontierlab.com/biological-measure-primitive-1.0.owl#RemissionOddsRatio>)",120,29.900000000000002,-1.0,3345,0,-1.0,3231,0,-1.0,3192,0,-1.0,3226,0,0,-1.0,3241,0
ore_ont_3082.owl,"SubClassOf(<http://ontology.dumontierlab.com/biological-measure-primitive-1.0.owl#ModerateReductionInHamiltonAnxietyScore> <http://ontology.dumontierlab.com/biological-measure-primitive-1.0.owl#HamiltonAnxietyScoreDifference>)",120,26.9,-1.0,3090,0,-1.0,3282,0,-1.0,3570,0,-1.0,3264,0,0,-1.0,3222,0
ore_ont_3082.owl,"SubClassOf(<http://ontology.dumontierlab.com/biological-measure-primitive-1.0.owl#TissueMeasure> <http://ontology.dumontierlab.com/biological-measure-primitive-1.0.owl#BiologicalMeasure>)",120,5.1,-1.0,3168,0,-1.0,3208,0,-1.0,3263,0,-1.0,3175,0,0,-1.0,3214,0
ore_ont_3082.owl,"SubClassOf(<http://ontology.dumontierlab.com/biological-measure-primitive-1.0.owl#BloodPressure> <http://ontology.dumontierlab.com/biological-measure-primitive-1.0.owl#BiophysicalMeasure>)",120,8.9,-1.0,3499,0,-1.0,3269,0,-1.0,3170,0,-1.0,3379,0,0,-1.0,3289,0
ore_ont_3082.owl,"SubClassOf(<http://ontology.dumontierlab.com/biological-measure-primitive-1.0.owl#ModerateRemission> <http://ontology.dumontierlab.com/biological-measure-primitive-1.0.owl#RemissionFrequency>)",120,30.2,-1.0,3331,0,-1.0,3177,0,-1.0,3586,0,-1.0,3314,0,0,-1.0,3346,0
ore_ont_3082.owl,"SubClassOf(<http://ontology.dumontierlab.com/biological-measure-primitive-1.0.owl#IncreasedGeneExpression> <http://ontology.dumontierlab.com/biological-measure-primitive-1.0.owl#GeneExpressionDifference>)",120,26.299999999999997,-1.0,3338,0,-1.0,3085,0,-1.0,3586,0,-1.0,3428,0,0,-1.0,3316,0
ore_ont_9031.owl,"SubClassOf(<http://purl.obolibrary.org/obo/MFOEM_000188> <http://purl.obolibrary.org/obo/MFOEM_000183>)",216,34.3,-1.0,3243,0,-1.0,3308,0,-1.0,3308,0,-1.0,3186,0,0,-1.0,3335,0
ore_ont_9031.owl,"SubClassOf(<http://purl.obolibrary.org/obo/MFOEM_000080> <http://purl.obolibrary.org/obo/MFOEM_000006>)",216,12.5,-1.0,3274,0,-1.0,3417,0,-1.0,3192,0,-1.0,3554,0,0,-1.0,3247,0
ore_ont_9031.owl,"SubClassOf(<http://purl.obolibrary.org/obo/MFOEM_000034> <http://purl.obolibrary.org/obo/MFOEM_000042>)",216,27.1,-1.0,3352,0,-1.0,3271,0,-1.0,3640,0,-1.0,3269,0,0,-1.0,3321,0
ore_ont_9031.owl,"SubClassOf(<http://purl.obolibrary.org/obo/MFOEM_000174> <http://purl.obolibrary.org/obo/MFOEM_000125>)",216,19.0,-1.0,3090,0,-1.0,3222,0,-1.0,3548,0,-1.0,3359,0,0,-1.0,3107,0
ore_ont_9031.owl,"SubClassOf(<http://purl.obolibrary.org/obo/MFOEM_000152> <http://purl.obolibrary.org/obo/MFOEM_000004>)",216,13.0,-1.0,3563,0,-1.0,3764,0,-1.0,3384,0,-1.0,3326,0,0,-1.0,3383,0
ore_ont_9031.owl,"SubClassOf(<http://purl.obolibrary.org/obo/MFOEM_000183> <http://purl.obolibrary.org/obo/MFOEM_000152>)",216,22.799999999999997,-1.0,3278,0,-1.0,3207,0,-1.0,3237,0,-1.0,3254,0,0,-1.0,3295,0
ore_ont_9031.owl,"SubClassOf(<http://purl.obolibrary.org/obo/MFOEM_000042> <http://purl.obolibrary.org/obo/MFOEM_000001>)",216,18.8,-1.0,3134,0,-1.0,3402,0,-1.0,3236,0,-1.0,3251,0,0,-1.0,3159,0
ore_ont_9031.owl,"SubClassOf(<http://purl.obolibrary.org/obo/MFOEM_000075> <http://purl.obolibrary.org/obo/MFOEM_000005>)",216,14.0,-1.0,3297,0,-1.0,3353,0,-1.0,3235,0,-1.0,3193,0,0,-1.0,3250,0
ore_ont_9031.owl,"SubClassOf(<http://purl.obolibrary.org/obo/MFOEM_000144> <http://purl.obolibrary.org/obo/MFOEM_000003>)",216,13.1,-1.0,3275,0,-1.0,3373,0,-1.0,3188,0,-1.0,3492,0,0,-1.0,3313,0
ore_ont_9031.owl,"SubClassOf(<http://purl.obolibrary.org/obo/MFOEM_000190> <http://purl.obolibrary.org/obo/MFOEM_000174>)",216,30.499999999999996,-1.0,3332,0,-1.0,3207,0,-1.0,3569,0,-1.0,3364,0,0,-1.0,3352,0
ore_ont_13530.owl,"SubClassOf(<http://purl.obolibrary.org/obo/GRO_0007132> <http://purl.obolibrary.org/obo/GRO_0007124>)",235,9.799999999999999,-1.0,3101,0,-1.0,3462,0,-1.0,3245,0,-1.0,3177,0,0,-1.0,3155,0
ore_ont_13530.owl,"SubClassOf(<http://purl.obolibrary.org/obo/GRO_0007058> <http://purl.obolibrary.org/obo/GRO_0007156>)",235,9.5,-1.0,3193,0,-1.0,3201,0,-1.0,3118,0,-1.0,3136,0,0,-1.0,3347,0
ore_ont_13530.owl,"SubClassOf(<http://purl.obolibrary.org/obo/GRO_0007185> <http://purl.obolibrary.org/obo/GRO_0007160>)",235,26.0,-1.0,3293,0,-1.0,3399,0,-1.0,3167,0,-1.0,3306,0,0,-1.0,3254,0
ore_ont_13530.owl,"SubClassOf(<http://purl.obolibrary.org/obo/GRO_0007086> <http://purl.obolibrary.org/obo/GRO_0007080>)",235,17.799999999999997,-1.0,3192,0,-1.0,3184,0,-1.0,3226,0,-1.0,3199,0,0,-1.0,3180,0
ore_ont_13530.owl,"SubClassOf(<http://purl.obolibrary.org/obo/GRO_0007119> <http://purl.obolibrary.org/obo/GRO_0007114>)",235,17.799999999999997,-1.0,3081,0,-1.0,3215,0,-1.0,3248,0,-1.0,3245,0,0,-1.0,3197,0
ore_ont_13530.owl,"SubClassOf(<http://purl.obolibrary.org/obo/GRO_0007174> <http://purl.obolibrary.org/obo/GRO_0007137>)",235,25.699999999999996,-1.0,3602,0,-1.0,3227,0,-1.0,3205,0,-1.0,3132,0,0,-1.0,3220,0
ore_ont_13530.owl,"SubClassOf(<http://purl.obolibrary.org/obo/GRO_0007064> <http://purl.obolibrary.org/obo/GRO_0007058>)",235,18.099999999999998,-1.0,3286,0,-1.0,3145,0,-1.0,3153,0,-1.0,3240,0,0,-1.0,3248,0
ore_ont_13530.owl,"SubClassOf(<http://purl.obolibrary.org/obo/GRO_0007196> <http://purl.obolibrary.org/obo/GRO_0007157>)",235,25.099999999999998,-1.0,3209,0,-1.0,3106,0,-1.0,3278,0,-1.0,3251,0,0,-1.0,3357,0
ore_ont_13530.owl,"SubClassOf(<http://purl.obolibrary.org/obo/GRO_0007075> <http://purl.obolibrary.org/obo/GRO_0007069>)",235,18.099999999999998,-1.0,3149,0,-1.0,3369,0,-1.0,3337,0,-1.0,3312,0,0,-1.0,3227,0
ore_ont_13530.owl,"SubClassOf(<http://purl.obolibrary.org/obo/GRO_0007012> <http://purl.obolibrary.org/obo/GRO_0007002>)",235,9.5,-1.0,3301,0,-1.0,3295,0,-1.0,3250,0,-1.0,3176,0,0,-1.0,3353,0
ore_ont_3463.owl,"SubClassOf(<https://raw.github.com/ontohub/OOR_Ontohub_API/master/Domain_Fields_Core.owl#Sport> <https://raw.github.com/ontohub/OOR_Ontohub_API/master/Domain_Fields_Core.owl#Personal_services>)",122,17.799999999999997,-1.0,3307,0,-1.0,3234,0,-1.0,3271,0,-1.0,3255,0,0,-1.0,3236,0
ore_ont_3463.owl,"SubClassOf(<https://raw.github.com/ontohub/OOR_Ontohub_API/master/Domain_Fields_Core.owl#Motor_vehicle_ship_and_aircraft> <https://raw.github.com/ontohub/OOR_Ontohub_API/master/Domain_Fields_Core.owl#Engineering_and_engineering_trade>)",122,17.799999999999997,-1.0,3262,0,-1.0,3588,0,-1.0,3328,0,-1.0,3310,0,0,-1.0,3131,0
ore_ont_3463.owl,"SubClassOf(<https://raw.github.com/ontohub/OOR_Ontohub_API/master/Domain_Fields_Core.owl#Personal_services> <https://raw.github.com/ontohub/OOR_Ontohub_API/master/Domain_Fields_Core.owl#Services>)",122,8.9,-1.0,3369,0,-1.0,3279,0,-1.0,3271,0,-1.0,3181,0,0,-1.0,3599,0
ore_ont_3463.owl,"SubClassOf(<https://raw.github.com/ontohub/OOR_Ontohub_API/master/Domain_Fields_Core.owl#Business_and_administration> <https://raw.github.com/ontohub/OOR_Ontohub_API/master/Domain_Fields_Core.owl#Domain_Field>)",122,12.899999999999999,3.8000000000000003,11900,104,6.799999999999999,5935,106,3.8000000000000003,5787,136,6.799999999999999,5657,110,1,3.8000000000000003,12644,110
ore_ont_3463.owl,"SubClassOf(<https://raw.github.com/ontohub/OOR_Ontohub_API/master/Domain_Fields_Core.owl#Physical_science> <https://raw.github.com/ontohub/OOR_Ontohub_API/master/Domain_Fields_Core.owl#Natural_science_mathematics_and_statistics>)",122,8.9,-1.0,3285,0,-1.0,3129,0,-1.0,3483,0,-1.0,3327,0,0,-1.0,3315,0
ore_ont_3463.owl,"SubClassOf(<https://raw.github.com/ontohub/OOR_Ontohub_API/master/Domain_Fields_Core.owl#Economics> <https://raw.github.com/ontohub/OOR_Ontohub_API/master/Domain_Fields_Core.owl#Social_and_behavioural_science>)",122,16.9,-1.0,3279,0,-1.0,3577,0,-1.0,3259,0,-1.0,3329,0,0,-1.0,3281,0
ore_ont_3463.owl,"SubClassOf(<https://raw.github.com/ontohub/OOR_Ontohub_API/master/Domain_Fields_Core.owl#Management_and_administration> <https://raw.github.com/ontohub/OOR_Ontohub_API/master/Domain_Fields_Core.owl#Business_and_administration>)",122,17.8,-1.0,3404,0,-1.0,3315,0,-1.0,3350,0,-1.0,3170,0,0,-1.0,3442,0
ore_ont_3463.owl,"SubClassOf(<https://raw.github.com/ontohub/OOR_Ontohub_API/master/Domain_Fields_Core.owl#Medical_diagnostic_and_treatment_technology> <https://raw.github.com/ontohub/OOR_Ontohub_API/master/Domain_Fields_Core.owl#Health>)",122,17.799999999999997,-1.0,3327,0,-1.0,3304,0,-1.0,3091,0,-1.0,3563,0,0,-1.0,3278,0
ore_ont_3463.owl,"SubClassOf(<https://raw.github.com/ontohub/OOR_Ontohub_API/master/Domain_Fields_Core.owl#Fine_arts> <https://raw.github.com/ontohub/OOR_Ontohub_API/master/Domain_Fields_Core.owl#Arts>)",122,17.5,-1.0,3390,0,-1.0,3069,0,-1.0,3581,0,-1.0,3366,0,0,-1.0,3324,0
ore_ont_3463.owl,"SubClassOf(<https://raw.github.com/ontohub/OOR_Ontohub_API/master/Domain_Fields_Core.owl#Material_processing> <https://raw.github.com/ontohub/OOR_Ontohub_API/master/Domain_Fields_Core.owl#ManufacturingAndProcessing>)",122,17.199999999999996,-1.0,3023,0,-1.0,3339,0,-1.0,3305,0,-1.0,3233,0,0,-1.0,3134,0
ore_ont_5090.owl,"SubClassOf(<http://purl.obolibrary.org/obo/XEO_00050> <http://purl.obolibrary.org/obo/XEO_00004>)",237,98.19999999999999,95.5,11856,105,90.7,5980,140,95.5,5891,113,90.7,5417,148,1,95.5,12882,143
ore_ont_5090.owl,"SubClassOf(<http://purl.obolibrary.org/obo/XEO_00054> <http://purl.obolibrary.org/obo/XEO_00049>)",237,145.1,-1.0,3294,0,-1.0,3126,0,-1.0,3310,0,-1.0,3353,0,0,-1.0,3294,0
ore_ont_5090.owl,"SubClassOf(<http://purl.obolibrary.org/obo/XEO_00127> <http://purl.obolibrary.org/obo/XEO_00005>)",237,36.0,-1.0,3217,0,-1.0,3149,0,-1.0,3273,0,-1.0,3183,0,0,-1.0,3088,0
ore_ont_5090.owl,"SubClassOf(<http://purl.obolibrary.org/obo/XEO_00135> <http://purl.obolibrary.org/obo/XEO_00002>)",237,90.29999999999998,87.5,11706,117,66.2,5890,143,87.5,5944,143,66.2,5306,116,2,87.5,12456,113
ore_ont_5090.owl,"SubClassOf(<http://purl.obolibrary.org/obo/XEO_00081> <http://purl.obolibrary.org/obo/XEO_00050>)",237,106.99999999999999,-1.0,3194,0,-1.0,3164,0,-1.0,3075,0,-1.0,3333,0,0,-1.0,3232,0
ore_ont_5090.owl,"SubClassOf(<http://purl.obolibrary.org/obo/XEO_00135> <http://purl.obolibrary.org/obo/XEO_00005>)",237,49.099999999999994,-1.0,3213,0,-1.0,3147,0,-1.0,3595,0,-1.0,3616,0,0,-1.0,3442,0
ore_ont_5090.owl,"SubClassOf(<http://purl.obolibrary.org/obo/XEO_00067> <http://purl.obolibrary.org/obo/XEO_00054>)",237,107.6,-1.0,3151,0,-1.0,3661,0,-1.0,3365,0,-1.0,3347,0,0,-1.0,3174,0
ore_ont_5090.owl,"SubClassOf(<http://purl.obolibrary.org/obo/XEO_00119> <http://purl.obolibrary.org/obo/XEO_00046>)",237,133.9,-1.0,3552,0,-1.0,3477,0,-1.0,3217,0,-1.0,3160,0,0,-1.0,3271,0
ore_ont_5090.owl,"SubClassOf(<http://purl.obolibrary.org/obo/XEO_00152> <http://purl.obolibrary.org/obo/XEO_00005>)",237,62.19999999999999,-1.0,3164,0,-1.0,3193,0,-1.0,3567,0,-1.0,3457,0,0,-1.0,3211,0
ore_ont_5090.owl,"SubClassOf(<http://purl.obolibrary.org/obo/XEO_00171> <http://purl.obolibrary.org/obo/XEO_00237>)",237,72.29999999999998,-1.0,3132,0,-1.0,3268,0,-1.0,3171,0,-1.0,3215,0,0,-1.0,3095,0
ore_ont_10536.owl,"SubClassOf(<http://www.absoluteiri.edu/RELAPPROXC198> <http://www.absoluteiri.edu/RELAPPROXC197>)",191,27.9,-1.0,3236,0,-1.0,3196,0,-1.0,3264,0,-1.0,3139,0,0,-1.0,3240,0
ore_ont_10536.owl,"SubClassOf(<http://www.absoluteiri.edu/RELAPPROXC196> <http://www.absoluteiri.edu/RELAPPROXC195>)",191,41.3,-1.0,3249,0,-1.0,3274,0,-1.0,3168,0,-1.0,3140,0,0,-1.0,3161,0
ore_ont_10536.owl,"SubClassOf(<http://www.absoluteiri.edu/RELAPPROXC196> <http://www.absoluteiri.edu/RELAPPROXC199>)",191,45.5,-1.0,3149,0,-1.0,3106,0,-1.0,3147,0,-1.0,3181,0,0,-1.0,3193,0
ore_ont_10536.owl,"SubClassOf(<http://www.absoluteiri.edu/RELAPPROXC194> <http://www.absoluteiri.edu/RELAPPROXC197>)",191,65.6,-1.0,3175,0,-1.0,3451,0,-1.0,3217,0,-1.0,3226,0,0,-1.0,3162,0
ore_ont_2876.owl,"SubClassOf(<file:/media/owl/Seagate%20Expansion%20Drive/mowlcorp_rep/mowlcorp_2014.10.07_orig/files/15142ae8-c9b2-4e1a-ac58-284d3db0504a_CIDOC1.rdf#E65.Conceptual_Creation> <file:/media/owl/Seagate%20Expansion%20Drive/mowlcorp_rep/mowlcorp_2014.10.07_orig/files/15142ae8-c9b2-4e1a-ac58-284d3db0504a_CIDOC1.rdf#E63.Beginning_of_Existence>)",93,57.400000000000006,-1.0,3447,0,-1.0,3316,0,-1.0,3300,0,-1.0,3092,0,0,-1.0,3608,0
ore_ont_2876.owl,"SubClassOf(<file:/media/owl/Seagate%20Expansion%20Drive/mowlcorp_rep/mowlcorp_2014.10.07_orig/files/15142ae8-c9b2-4e1a-ac58-284d3db0504a_CIDOC1.rdf#E44.Place_Appellation> <file:/media/owl/Seagate%20Expansion%20Drive/mowlcorp_rep/mowlcorp_2014.10.07_orig/files/15142ae8-c9b2-4e1a-ac58-284d3db0504a_CIDOC1.rdf#E41.Appellation>)",93,19.9,-1.0,3249,0,-1.0,3292,0,-1.0,3143,0,-1.0,3273,0,0,-1.0,3420,0
ore_ont_2876.owl,"SubClassOf(<file:/media/owl/Seagate%20Expansion%20Drive/mowlcorp_rep/mowlcorp_2014.10.07_orig/files/15142ae8-c9b2-4e1a-ac58-284d3db0504a_CIDOC1.rdf#E13.Attribute_Assignment> <file:/media/owl/Seagate%20Expansion%20Drive/mowlcorp_rep/mowlcorp_2014.10.07_orig/files/15142ae8-c9b2-4e1a-ac58-284d3db0504a_CIDOC1.rdf#E7.Activity>)",93,44.800000000000004,-1.0,3352,0,-1.0,3365,0,-1.0,3336,0,-1.0,3374,0,0,-1.0,3318,0
ore_ont_2876.owl,"SubClassOf(<file:/media/owl/Seagate%20Expansion%20Drive/mowlcorp_rep/mowlcorp_2014.10.07_orig/files/15142ae8-c9b2-4e1a-ac58-284d3db0504a_CIDOC1.rdf#E24.Physical_Man-Made_Stuff> <file:/media/owl/Seagate%20Expansion%20Drive/mowlcorp_rep/mowlcorp_2014.10.07_orig/files/15142ae8-c9b2-4e1a-ac58-284d3db0504a_CIDOC1.rdf#E18.Physical_Stuff>)",93,46.9,-1.0,3193,0,-1.0,3287,0,-1.0,3278,0,-1.0,3211,0,0,-1.0,3437,0
ore_ont_2876.owl,"SubClassOf(<file:/media/owl/Seagate%20Expansion%20Drive/mowlcorp_rep/mowlcorp_2014.10.07_orig/files/15142ae8-c9b2-4e1a-ac58-284d3db0504a_CIDOC1.rdf#E7.Activity> <file:/media/owl/Seagate%20Expansion%20Drive/mowlcorp_rep/mowlcorp_2014.10.07_orig/files/15142ae8-c9b2-4e1a-ac58-284d3db0504a_CIDOC1.rdf#E1.CRM_Entity>)",93,37.1,21.799999999999997,20294,120,22.9,5876,121,21.799999999999997,6574,140,22.9,5284,146,1,21.799999999999997,22368,105
ore_ont_2876.owl,"SubClassOf(<file:/media/owl/Seagate%20Expansion%20Drive/mowlcorp_rep/mowlcorp_2014.10.07_orig/files/15142ae8-c9b2-4e1a-ac58-284d3db0504a_CIDOC1.rdf#E7.Activity> <file:/media/owl/Seagate%20Expansion%20Drive/mowlcorp_rep/mowlcorp_2014.10.07_orig/files/15142ae8-c9b2-4e1a-ac58-284d3db0504a_CIDOC1.rdf#E5.Event>)",93,29.6,-1.0,3037,0,-1.0,3257,0,-1.0,3239,0,-1.0,3223,0,0,-1.0,3022,0
ore_ont_2876.owl,"SubClassOf(<file:/media/owl/Seagate%20Expansion%20Drive/mowlcorp_rep/mowlcorp_2014.10.07_orig/files/15142ae8-c9b2-4e1a-ac58-284d3db0504a_CIDOC1.rdf#E56.Language> <file:/media/owl/Seagate%20Expansion%20Drive/mowlcorp_rep/mowlcorp_2014.10.07_orig/files/15142ae8-c9b2-4e1a-ac58-284d3db0504a_CIDOC1.rdf#E55.Type>)",93,4.8,-1.0,3500,0,-1.0,3548,0,-1.0,3368,0,-1.0,3327,0,0,-1.0,3524,0
ore_ont_2876.owl,"SubClassOf(<file:/media/owl/Seagate%20Expansion%20Drive/mowlcorp_rep/mowlcorp_2014.10.07_orig/files/15142ae8-c9b2-4e1a-ac58-284d3db0504a_CIDOC1.rdf#E36.Visual_Item> <file:/media/owl/Seagate%20Expansion%20Drive/mowlcorp_rep/mowlcorp_2014.10.07_orig/files/15142ae8-c9b2-4e1a-ac58-284d3db0504a_CIDOC1.rdf#E73.Information_Object>)",93,69.0,-1.0,3433,0,-1.0,3190,0,-1.0,3219,0,-1.0,3414,0,0,-1.0,3368,0
ore_ont_2876.owl,"SubClassOf(<file:/media/owl/Seagate%20Expansion%20Drive/mowlcorp_rep/mowlcorp_2014.10.07_orig/files/15142ae8-c9b2-4e1a-ac58-284d3db0504a_CIDOC1.rdf#E15.Identifier_Assignment> <file:/media/owl/Seagate%20Expansion%20Drive/mowlcorp_rep/mowlcorp_2014.10.07_orig/files/15142ae8-c9b2-4e1a-ac58-284d3db0504a_CIDOC1.rdf#E13.Attribute_Assignment>)",93,63.0,-1.0,3270,0,-1.0,3435,0,-1.0,3524,0,-1.0,3487,0,0,-1.0,3163,0
ore_ont_2876.owl,"SubClassOf(<file:/media/owl/Seagate%20Expansion%20Drive/mowlcorp_rep/mowlcorp_2014.10.07_orig/files/15142ae8-c9b2-4e1a-ac58-284d3db0504a_CIDOC1.rdf#E45.Address> <file:/media/owl/Seagate%20Expansion%20Drive/mowlcorp_rep/mowlcorp_2014.10.07_orig/files/15142ae8-c9b2-4e1a-ac58-284d3db0504a_CIDOC1.rdf#E44.Place_Appellation>)",93,37.4,-1.0,3227,0,-1.0,3390,0,-1.0,3371,0,-1.0,3288,0,0,-1.0,3142,0
ore_ont_15145.owl,"SubClassOf(<file:/media/owl/Seagate%20Expansion%20Drive/mowlcorp_rep/mowlcorp_2014.10.07_orig/files/75a65645-51c9-4fe9-9f71-443fde726c1a__v5.0.1__.rdfs#E65_> <file:/media/owl/Seagate%20Expansion%20Drive/mowlcorp_rep/mowlcorp_2014.10.07_orig/files/75a65645-51c9-4fe9-9f71-443fde726c1a__v5.0.1__.rdfs#E63_>)",98,49.300000000000004,-1.0,3183,0,-1.0,3179,0,-1.0,3069,0,-1.0,3534,0,0,-1.0,3249,0
ore_ont_15145.owl,"SubClassOf(<file:/media/owl/Seagate%20Expansion%20Drive/mowlcorp_rep/mowlcorp_2014.10.07_orig/files/75a65645-51c9-4fe9-9f71-443fde726c1a__v5.0.1__.rdfs#E45_> <file:/media/owl/Seagate%20Expansion%20Drive/mowlcorp_rep/mowlcorp_2014.10.07_orig/files/75a65645-51c9-4fe9-9f71-443fde726c1a__v5.0.1__.rdfs#E44_>)",98,135.8,-1.0,3288,0,-1.0,3130,0,-1.0,3482,0,-1.0,3363,0,0,-1.0,3457,0
ore_ont_15145.owl,"SubClassOf(<file:/media/owl/Seagate%20Expansion%20Drive/mowlcorp_rep/mowlcorp_2014.10.07_orig/files/75a65645-51c9-4fe9-9f71-443fde726c1a__v5.0.1__.rdfs#E24_> <file:/media/owl/Seagate%20Expansion%20Drive/mowlcorp_rep/mowlcorp_2014.10.07_orig/files/75a65645-51c9-4fe9-9f71-443fde726c1a__v5.0.1__.rdfs#E18_>)",98,45.9,-1.0,3080,0,-1.0,3467,0,-1.0,3399,0,-1.0,3438,0,0,-1.0,3496,0
ore_ont_15145.owl,"SubClassOf(<file:/media/owl/Seagate%20Expansion%20Drive/mowlcorp_rep/mowlcorp_2014.10.07_orig/files/75a65645-51c9-4fe9-9f71-443fde726c1a__v5.0.1__.rdfs#E7_> <file:/media/owl/Seagate%20Expansion%20Drive/mowlcorp_rep/mowlcorp_2014.10.07_orig/files/75a65645-51c9-4fe9-9f71-443fde726c1a__v5.0.1__.rdfs#E1_>)",98,31.1,19.299999999999997,14068,118,15.5,6227,122,17.0,6366,114,22.0,5491,128,1,19.299999999999997,15423,101
ore_ont_15145.owl,"SubClassOf(<file:/media/owl/Seagate%20Expansion%20Drive/mowlcorp_rep/mowlcorp_2014.10.07_orig/files/75a65645-51c9-4fe9-9f71-443fde726c1a__v5.0.1__.rdfs#E22_> <file:/media/owl/Seagate%20Expansion%20Drive/mowlcorp_rep/mowlcorp_2014.10.07_orig/files/75a65645-51c9-4fe9-9f71-443fde726c1a__v5.0.1__.rdfs#E24_>)",98,77.9,-1.0,3256,0,-1.0,3603,0,-1.0,3645,0,-1.0,3341,0,0,-1.0,3275,0
ore_ont_15145.owl,"SubClassOf(<file:/media/owl/Seagate%20Expansion%20Drive/mowlcorp_rep/mowlcorp_2014.10.07_orig/files/75a65645-51c9-4fe9-9f71-443fde726c1a__v5.0.1__.rdfs#E16_> <file:/media/owl/Seagate%20Expansion%20Drive/mowlcorp_rep/mowlcorp_2014.10.07_orig/files/75a65645-51c9-4fe9-9f71-443fde726c1a__v5.0.1__.rdfs#E13_>)",98,55.50000000000001,-1.0,3300,0,-1.0,3376,0,-1.0,3291,0,-1.0,3406,0,0,-1.0,3406,0
ore_ont_15145.owl,"SubClassOf(<file:/media/owl/Seagate%20Expansion%20Drive/mowlcorp_rep/mowlcorp_2014.10.07_orig/files/75a65645-51c9-4fe9-9f71-443fde726c1a__v5.0.1__.rdfs#E44_> <file:/media/owl/Seagate%20Expansion%20Drive/mowlcorp_rep/mowlcorp_2014.10.07_orig/files/75a65645-51c9-4fe9-9f71-443fde726c1a__v5.0.1__.rdfs#E41_>)",98,84.00000000000001,-1.0,3401,0,-1.0,3221,0,-1.0,3471,0,-1.0,3459,0,0,-1.0,3390,0
ore_ont_15145.owl,"SubClassOf(<file:/media/owl/Seagate%20Expansion%20Drive/mowlcorp_rep/mowlcorp_2014.10.07_orig/files/75a65645-51c9-4fe9-9f71-443fde726c1a__v5.0.1__.rdfs#E36_> <file:/media/owl/Seagate%20Expansion%20Drive/mowlcorp_rep/mowlcorp_2014.10.07_orig/files/75a65645-51c9-4fe9-9f71-443fde726c1a__v5.0.1__.rdfs#E73_>)",98,99.00000000000001,-1.0,3210,0,-1.0,3644,0,-1.0,3261,0,-1.0,3318,0,0,-1.0,3114,0
ore_ont_15145.owl,"SubClassOf(<file:/media/owl/Seagate%20Expansion%20Drive/mowlcorp_rep/mowlcorp_2014.10.07_orig/files/75a65645-51c9-4fe9-9f71-443fde726c1a__v5.0.1__.rdfs#E81_> <file:/media/owl/Seagate%20Expansion%20Drive/mowlcorp_rep/mowlcorp_2014.10.07_orig/files/75a65645-51c9-4fe9-9f71-443fde726c1a__v5.0.1__.rdfs#E64_>)",98,49.300000000000004,-1.0,3362,0,-1.0,3294,0,-1.0,3298,0,-1.0,3137,0,0,-1.0,3587,0
ore_ont_15145.owl,"SubClassOf(<file:/media/owl/Seagate%20Expansion%20Drive/mowlcorp_rep/mowlcorp_2014.10.07_orig/files/75a65645-51c9-4fe9-9f71-443fde726c1a__v5.0.1__.rdfs#E13_> <file:/media/owl/Seagate%20Expansion%20Drive/mowlcorp_rep/mowlcorp_2014.10.07_orig/files/75a65645-51c9-4fe9-9f71-443fde726c1a__v5.0.1__.rdfs#E7_>)",98,38.800000000000004,-1.0,3317,0,-1.0,3291,0,-1.0,3165,0,-1.0,3342,0,0,-1.0,3211,0
ore_ont_15576.owl,"SubClassOf(<http://purl.obolibrary.org/obo/APO_0000003> <http://purl.obolibrary.org/obo/APO_0000002>)",266,9.2,-1.0,3382,0,-1.0,3324,0,-1.0,3680,0,-1.0,3668,0,0,-1.0,3536,0
ore_ont_15576.owl,"SubClassOf(<http://purl.obolibrary.org/obo/APO_0000009> <http://purl.obolibrary.org/obo/APO_0000006>)",266,5.7,-1.0,3047,0,-1.0,3618,0,-1.0,3469,0,-1.0,3478,0,0,-1.0,3123,0
ore_ont_15576.owl,"SubClassOf(<http://purl.obolibrary.org/obo/APO_0000096> <http://purl.obolibrary.org/obo/APO_0000094>)",266,11.6,-1.0,3626,0,-1.0,3487,0,-1.0,3346,0,-1.0,3301,0,0,-1.0,3255,0
ore_ont_15576.owl,"SubClassOf(<http://purl.obolibrary.org/obo/APO_0000102> <http://purl.obolibrary.org/obo/APO_0000096>)",266,37.60000000000001,23.4,11861,106,12.7,6073,99,23.4,6021,131,23.4,5550,107,1,23.4,12710,113
ore_ont_15576.owl,"SubClassOf(<http://purl.obolibrary.org/obo/APO_0000180> <http://purl.obolibrary.org/obo/APO_0000187>)",266,18.4,-1.0,3290,0,-1.0,3268,0,-1.0,3385,0,-1.0,3427,0,0,-1.0,3311,0
ore_ont_15576.owl,"SubClassOf(<http://purl.obolibrary.org/obo/APO_0000082> <http://purl.obolibrary.org/obo/APO_0000087>)",266,32.00000000000001,-1.0,3599,0,-1.0,3420,0,-1.0,3536,0,-1.0,3278,0,0,-1.0,3054,0
ore_ont_15576.owl,"SubClassOf(<http://purl.obolibrary.org/obo/APO_0000118> <http://purl.obolibrary.org/obo/APO_0000296>)",266,31.100000000000005,-1.0,3057,0,-1.0,3635,0,-1.0,3629,0,-1.0,3480,0,0,-1.0,3544,0
ore_ont_15576.owl,"SubClassOf(<http://purl.obolibrary.org/obo/APO_0000087> <http://purl.obolibrary.org/obo/APO_0000080>)",266,19.6,-1.0,3359,0,-1.0,3465,0,-1.0,3553,0,-1.0,3465,0,0,-1.0,3516,0
ore_ont_15576.owl,"SubClassOf(<http://purl.obolibrary.org/obo/APO_0000303> <http://purl.obolibrary.org/obo/APO_0000226>)",266,28.4,-1.0,3292,0,-1.0,3337,0,-1.0,3426,0,-1.0,3387,0,0,-1.0,3390,0
ore_ont_15576.owl,"SubClassOf(<http://purl.obolibrary.org/obo/APO_0000171> <http://purl.obolibrary.org/obo/APO_0000186>)",266,16.0,-1.0,3440,0,-1.0,3375,0,-1.0,3247,0,-1.0,3713,0,0,-1.0,3529,0
ore_ont_11522.owl,"SubClassOf(<http://www.opentox.org/api/1.1#Conformer> <http://www.opentox.org/api/1.1#Compound>)",271,396.5000000000001,-1.0,3378,0,-1.0,3635,0,-1.0,3525,0,-1.0,3660,0,0,-1.0,3531,0
ore_ont_11522.owl,"SubClassOf(<http://www.absoluteiri.edu/RELAPPROXC100> <http://www.opentox.org/api/1.1#Dataset>)",271,453.8000000000001,-1.0,3189,0,-1.0,3492,0,-1.0,3628,0,-1.0,3542,0,0,-1.0,3623,0
ore_ont_11522.owl,"SubClassOf(<http://www.opentox.org/api/1.1#ClassValueStatistics> <http://www.opentox.org/api/1.1#Validation>)",271,279.20000000000005,259.99999999999994,16214,94,258.2,5919,153,259.99999999999994,6728,139,258.2,5288,151,2,259.99999999999994,17879,121
ore_ont_11522.owl,"SubClassOf(<http://www.opentox.org/api/1.1#ClassValueStatistics> <http://www.opentox.org/api/1.1#OpentoxResource>)",271,284.6000000000001,265.4,20318,135,265.1,6188,121,265.4,6703,138,265.1,5640,107,2,265.4,21884,117
ore_ont_11522.owl,"SubClassOf(<http://www.opentox.org/api/1.1#NumericAlgorithm> <http://www.opentox.org/api/1.1#Algorithm>)",271,453.8000000000002,-1.0,3229,0,-1.0,3091,0,-1.0,3207,0,-1.0,3251,0,0,-1.0,3215,0
ore_ont_11522.owl,"SubClassOf(<http://www.opentox.org/api/1.1#FeatureValue> <http://www.opentox.org/api/1.1#FeatureValuePair>)",271,426.8000000000001,-1.0,3151,0,-1.0,3155,0,-1.0,3237,0,-1.0,3216,0,0,-1.0,3145,0
ore_ont_11522.owl,"SubClassOf(<http://www.opentox.org/api/1.1#NumericModel> <http://www.opentox.org/api/1.1#Model>)",271,599.9,-1.0,3248,0,-1.0,3293,0,-1.0,3297,0,-1.0,3293,0,0,-1.0,3071,0
ore_ont_11522.owl,"SubClassOf(<http://www.opentox.org/api/1.1#Model> <http://www.opentox.org/api/1.1#OpentoxResource>)",271,480.60000000000014,-1.0,3142,0,-1.0,3203,0,-1.0,3170,0,-1.0,3056,0,0,-1.0,3284,0
ore_ont_11522.owl,"SubClassOf(<http://www.opentox.org/api/1.1#Identifier> <http://www.opentox.org/api/1.1#Feature>)",271,517.1000000000001,517.1000000000001,11881,120,512.6,6080,121,517.1000000000001,6018,126,517.1000000000001,5433,129,1,517.1000000000001,12858,130
ore_ont_11522.owl,"SubClassOf(<http://www.opentox.org/api/1.1#DataEntryNumeric> <http://www.opentox.org/api/1.1#DataEntry>)",271,425.9000000000001,-1.0,3414,0,-1.0,3286,0,-1.0,3681,0,-1.0,3490,0,0,-1.0,3472,0
ore_ont_8806.owl,"SubClassOf(<http://purl.obolibrary.org/obo/GO_0030533> <http://purl.obolibrary.org/obo/GO_0003723>)",274,269.59999999999997,-1.0,3424,0,-1.0,3365,0,-1.0,3431,0,-1.0,3370,0,0,-1.0,3545,0
ore_ont_8806.owl,"SubClassOf(<http://purl.obolibrary.org/obo/GO_0012505> <http://purl.obolibrary.org/obo/GO_0005575>)",274,260.7,-1.0,3392,0,-1.0,3436,0,-1.0,3188,0,-1.0,3372,0,0,-1.0,3438,0
ore_ont_8806.owl,"SubClassOf(<http://purl.obolibrary.org/obo/GO_0005739> <http://purl.obolibrary.org/obo/GO_0005575>)",274,300.9,-1.0,3324,0,-1.0,3371,0,-1.0,3437,0,-1.0,3235,0,0,-1.0,3101,0
ore_ont_8806.owl,"SubClassOf(<http://purl.obolibrary.org/obo/GO_0005737> <http://purl.obolibrary.org/obo/GO_0005575>)",274,240.39999999999998,-1.0,3149,0,-1.0,3585,0,-1.0,3465,0,-1.0,3501,0,0,-1.0,3348,0
ore_ont_8806.owl,"SubClassOf(<http://purl.obolibrary.org/obo/GO_0051169> <http://purl.obolibrary.org/obo/GO_0008150>)",274,381.40000000000003,-1.0,3325,0,-1.0,3418,0,-1.0,3384,0,-1.0,3287,0,0,-1.0,3434,0
ore_ont_8806.owl,"SubClassOf(<http://purl.obolibrary.org/obo/GO_0000054> <http://purl.obolibrary.org/obo/GO_0051169>)",274,324.09999999999997,-1.0,3332,0,-1.0,3233,0,-1.0,3404,0,-1.0,3482,0,0,-1.0,3312,0
ore_ont_8806.owl,"SubClassOf(<http://purl.obolibrary.org/obo/GO_0051603> <http://purl.obolibrary.org/obo/GO_0051604>)",274,314.0999999999999,-1.0,3281,0,-1.0,3221,0,-1.0,3471,0,-1.0,3385,0,0,-1.0,3248,0
ore_ont_8806.owl,"SubClassOf(<http://purl.obolibrary.org/obo/GO_0003723> <http://purl.obolibrary.org/obo/GO_0003674>)",274,204.7,-1.0,3537,0,-1.0,3420,0,-1.0,3352,0,-1.0,3397,0,0,-1.0,3365,0
ore_ont_8806.owl,"SubClassOf(<http://purl.obolibrary.org/obo/GO_0055086> <http://purl.obolibrary.org/obo/GO_0008150>)",274,139.8,-1.0,3321,0,-1.0,3340,0,-1.0,3274,0,-1.0,3407,0,0,-1.0,3485,0
ore_ont_8806.owl,"SubClassOf(<http://purl.obolibrary.org/obo/GO_0055085> <http://purl.obolibrary.org/obo/GO_0008150>)",274,401.5,-1.0,3375,0,-1.0,3429,0,-1.0,3446,0,-1.0,3534,0,0,-1.0,3390,0
ore_ont_5742.owl,"SubClassOf(<file:/media/owl/Seagate%20Expansion%20Drive/mowlcorp_rep/mowlcorp_2014.10.07_orig/files/c6907ef3-a626-4b34-a474-15a4563b7f29_ish_label.rdfs#E16.Measurement> <file:/media/owl/Seagate%20Expansion%20Drive/mowlcorp_rep/mowlcorp_2014.10.07_orig/files/c6907ef3-a626-4b34-a474-15a4563b7f29_ish_label.rdfs#E13.Attribute_Assignment>)",98,55.50000000000001,-1.0,3379,0,-1.0,3456,0,-1.0,3293,0,-1.0,3248,0,0,-1.0,3473,0
ore_ont_5742.owl,"SubClassOf(<file:/media/owl/Seagate%20Expansion%20Drive/mowlcorp_rep/mowlcorp_2014.10.07_orig/files/c6907ef3-a626-4b34-a474-15a4563b7f29_ish_label.rdfs#E44.Place_Appellation> <file:/media/owl/Seagate%20Expansion%20Drive/mowlcorp_rep/mowlcorp_2014.10.07_orig/files/c6907ef3-a626-4b34-a474-15a4563b7f29_ish_label.rdfs#E41.Appellation>)",98,84.00000000000001,-1.0,3372,0,-1.0,3292,0,-1.0,3212,0,-1.0,3562,0,0,-1.0,3457,0
ore_ont_5742.owl,"SubClassOf(<file:/media/owl/Seagate%20Expansion%20Drive/mowlcorp_rep/mowlcorp_2014.10.07_orig/files/c6907ef3-a626-4b34-a474-15a4563b7f29_ish_label.rdfs#E12.Production> <file:/media/owl/Seagate%20Expansion%20Drive/mowlcorp_rep/mowlcorp_2014.10.07_orig/files/c6907ef3-a626-4b34-a474-15a4563b7f29_ish_label.rdfs#E11.Modification>)",98,67.2,-1.0,3342,0,-1.0,3499,0,-1.0,3354,0,-1.0,3416,0,0,-1.0,3204,0
ore_ont_5742.owl,"SubClassOf(<file:/media/owl/Seagate%20Expansion%20Drive/mowlcorp_rep/mowlcorp_2014.10.07_orig/files/c6907ef3-a626-4b34-a474-15a4563b7f29_ish_label.rdfs#E45.Address> <file:/media/owl/Seagate%20Expansion%20Drive/mowlcorp_rep/mowlcorp_2014.10.07_orig/files/c6907ef3-a626-4b34-a474-15a4563b7f29_ish_label.rdfs#E44.Place_Appellation>)",98,135.79999999999998,-1.0,3539,0,-1.0,3353,0,-1.0,3547,0,-1.0,3246,0,0,-1.0,3397,0
ore_ont_5742.owl,"SubClassOf(<file:/media/owl/Seagate%20Expansion%20Drive/mowlcorp_rep/mowlcorp_2014.10.07_orig/files/c6907ef3-a626-4b34-a474-15a4563b7f29_ish_label.rdfs#E13.Attribute_Assignment> <file:/media/owl/Seagate%20Expansion%20Drive/mowlcorp_rep/mowlcorp_2014.10.07_orig/files/c6907ef3-a626-4b34-a474-15a4563b7f29_ish_label.rdfs#E7.Activity>)",98,38.800000000000004,-1.0,3195,0,-1.0,3330,0,-1.0,3285,0,-1.0,3389,0,0,-1.0,3356,0
ore_ont_5742.owl,"SubClassOf(<file:/media/owl/Seagate%20Expansion%20Drive/mowlcorp_rep/mowlcorp_2014.10.07_orig/files/c6907ef3-a626-4b34-a474-15a4563b7f29_ish_label.rdfs#E22.Man-Made_Object> <file:/media/owl/Seagate%20Expansion%20Drive/mowlcorp_rep/mowlcorp_2014.10.07_orig/files/c6907ef3-a626-4b34-a474-15a4563b7f29_ish_label.rdfs#E24.Physical_Man-Made_Thing>)",98,77.9,-1.0,3392,0,-1.0,3363,0,-1.0,3381,0,-1.0,3411,0,0,-1.0,3366,0
ore_ont_5742.owl,"SubClassOf(<file:/media/owl/Seagate%20Expansion%20Drive/mowlcorp_rep/mowlcorp_2014.10.07_orig/files/c6907ef3-a626-4b34-a474-15a4563b7f29_ish_label.rdfs#E81.Transformation> <file:/media/owl/Seagate%20Expansion%20Drive/mowlcorp_rep/mowlcorp_2014.10.07_orig/files/c6907ef3-a626-4b34-a474-15a4563b7f29_ish_label.rdfs#E64.End_of_Existence>)",98,49.300000000000004,-1.0,3287,0,-1.0,3389,0,-1.0,3391,0,-1.0,3284,0,0,-1.0,3295,0
ore_ont_5742.owl,"SubClassOf(<file:/media/owl/Seagate%20Expansion%20Drive/mowlcorp_rep/mowlcorp_2014.10.07_orig/files/c6907ef3-a626-4b34-a474-15a4563b7f29_ish_label.rdfs#E7.Activity> <file:/media/owl/Seagate%20Expansion%20Drive/mowlcorp_rep/mowlcorp_2014.10.07_orig/files/c6907ef3-a626-4b34-a474-15a4563b7f29_ish_label.rdfs#E1.CRM_Entity>)",98,31.1,19.299999999999997,9829,104,19.299999999999997,6009,120,22.0,6569,89,19.299999999999997,5262,109,1,19.299999999999997,10056,131
ore_ont_5742.owl,"SubClassOf(<file:/media/owl/Seagate%20Expansion%20Drive/mowlcorp_rep/mowlcorp_2014.10.07_orig/files/c6907ef3-a626-4b34-a474-15a4563b7f29_ish_label.rdfs#E33.Linguistic_Object> <file:/media/owl/Seagate%20Expansion%20Drive/mowlcorp_rep/mowlcorp_2014.10.07_orig/files/c6907ef3-a626-4b34-a474-15a4563b7f29_ish_label.rdfs#E73.Information_Object>)",98,99.00000000000001,-1.0,3631,0,-1.0,3318,0,-1.0,3295,0,-1.0,3103,0,0,-1.0,3540,0
ore_ont_5742.owl,"SubClassOf(<file:/media/owl/Seagate%20Expansion%20Drive/mowlcorp_rep/mowlcorp_2014.10.07_orig/files/c6907ef3-a626-4b34-a474-15a4563b7f29_ish_label.rdfs#E65.Creation> <file:/media/owl/Seagate%20Expansion%20Drive/mowlcorp_rep/mowlcorp_2014.10.07_orig/files/c6907ef3-a626-4b34-a474-15a4563b7f29_ish_label.rdfs#E63.Beginning_of_Existence>)",98,49.300000000000004,-1.0,3354,0,-1.0,3346,0,-1.0,3154,0,-1.0,3347,0,0,-1.0,3300,0
ore_ont_6207.owl,"SubClassOf(<http://purl.obolibrary.org/obo/ID_0000071> <http://purl.obolibrary.org/obo/ID_0000064>)",281,41.2,-1.0,3310,0,-1.0,3378,0,-1.0,3502,0,-1.0,3510,0,0,-1.0,3311,0
ore_ont_6207.owl,"SubClassOf(<http://purl.obolibrary.org/obo/ID_0000192> <http://purl.obolibrary.org/obo/ID_0000175>)",281,32.0,-1.0,3348,0,-1.0,3178,0,-1.0,3311,0,-1.0,3130,0,0,-1.0,3534,0
ore_ont_6207.owl,"SubClassOf(<http://purl.obolibrary.org/obo/ID_0000024> <http://purl.obolibrary.org/obo/ID_0000015>)",281,17.200000000000003,-1.0,3381,0,-1.0,3295,0,-1.0,3263,0,-1.0,3166,0,0,-1.0,3122,0
ore_ont_6207.owl,"SubClassOf(<http://purl.obolibrary.org/obo/ID_0000194> <http://purl.obolibrary.org/obo/ID_0000179>)",281,35.3,-1.0,3147,0,-1.0,3142,0,-1.0,3071,0,-1.0,3630,0,0,-1.0,3591,0
ore_ont_6207.owl,"SubClassOf(<http://purl.obolibrary.org/obo/ID_0000107> <http://purl.obolibrary.org/obo/ID_0000094>)",281,58.5,-1.0,3438,0,-1.0,3912,0,-1.0,3146,0,-1.0,3116,0,0,-1.0,3132,0
ore_ont_6207.owl,"SubClassOf(<http://purl.obolibrary.org/obo/ID_0000229> <http://purl.obolibrary.org/obo/ID_0000181>)",281,32.0,-1.0,3115,0,-1.0,3657,0,-1.0,3631,0,-1.0,3564,0,0,-1.0,3294,0
ore_ont_6207.owl,"SubClassOf(<http://purl.obolibrary.org/obo/ID_0000179> <http://purl.obolibrary.org/obo/ID_0000136>)",281,20.2,-1.0,3555,0,-1.0,3331,0,-1.0,3254,0,-1.0,3614,0,0,-1.0,3608,0
ore_ont_6207.owl,"SubClassOf(<http://purl.obolibrary.org/obo/ID_0000094> <http://purl.obolibrary.org/obo/ID_0000092>)",281,40.3,-1.0,3323,0,-1.0,3316,0,-1.0,3525,0,-1.0,3465,0,0,-1.0,3344,0
ore_ont_6207.owl,"SubClassOf(<http://purl.obolibrary.org/obo/ID_0000029> <http://purl.obolibrary.org/obo/ID_0000013>)",281,16.0,-1.0,3172,0,-1.0,3511,0,-1.0,3448,0,-1.0,3370,0,0,-1.0,3460,0
ore_ont_6207.owl,"SubClassOf(<http://purl.obolibrary.org/obo/ID_0000240> <http://purl.obolibrary.org/obo/ID_0000180>)",281,31.399999999999995,-1.0,3303,0,-1.0,3334,0,-1.0,3143,0,-1.0,3339,0,0,-1.0,3390,0
ore_ont_5089.owl,"SubClassOf(<http://www.sensocomune.org/ontologies/SensoComune.owl#Continuant> <http://www.sensocomune.org/ontologies/SensoComune.owl#Entity>)",223,83.89999999999999,81.19999999999999,11884,139,81.19999999999999,6115,155,81.19999999999999,6137,145,83.89999999999999,5594,118,1,81.19999999999999,12855,119
ore_ont_5089.owl,"SubClassOf(<http://www.sensocomune.org/ontologies/SensoComune.owl#Action> <http://www.sensocomune.org/ontologies/SensoComune.owl#Process>)",223,160.29999999999998,-1.0,3324,0,-1.0,3406,0,-1.0,3414,0,-1.0,3241,0,0,-1.0,3372,0
ore_ont_5089.owl,"SubClassOf(<http://www.absoluteiri.edu/RELAPPROXC113> <http://www.sensocomune.org/ontologies/SensoComune.owl#Action>)",223,184.49999999999997,173.30000000000004,15788,130,173.30000000000004,6242,117,173.30000000000004,6380,146,173.30000000000004,5583,116,1,173.30000000000004,17572,158
ore_ont_5089.owl,"SubClassOf(<http://www.sensocomune.org/ontologies/SensoComune.owl#Continuant> <http://www.sensocomune.org/ontologies/SensoComune.owl#ConcreteEntity>)",223,82.6,-1.0,3362,0,-1.0,3354,0,-1.0,3381,0,-1.0,3225,0,0,-1.0,3396,0
ore_ont_5089.owl,"SubClassOf(<http://www.absoluteiri.edu/RELAPPROXC118> <http://www.sensocomune.org/ontologies/SensoComune.owl#Quale>)",223,147.49999999999997,139.3,11862,112,138.49999999999997,5842,123,139.3,5830,107,138.49999999999997,5357,105,3,139.3,12648,114
ore_ont_5089.owl,"SubClassOf(<http://www.sensocomune.org/ontologies/SensoComune.owl#Quale> <http://www.sensocomune.org/ontologies/SensoComune.owl#Continuant>)",223,126.99999999999999,-1.0,3061,0,-1.0,3266,0,-1.0,3412,0,-1.0,3344,0,0,-1.0,3094,0
ore_ont_5089.owl,"SubClassOf(<http://www.sensocomune.org/ontologies/SensoComune.owl#Group> <http://www.sensocomune.org/ontologies/SensoComune.owl#Collection>)",223,144.1,-1.0,3559,0,-1.0,3302,0,-1.0,3342,0,-1.0,3244,0,0,-1.0,3601,0
ore_ont_5089.owl,"SubClassOf(<http://www.sensocomune.org/ontologies/SensoComune.owl#Process> <http://www.sensocomune.org/ontologies/SensoComune.owl#Occurrent>)",223,139.49999999999997,136.89999999999998,11900,133,136.89999999999998,6268,129,136.89999999999998,5845,148,133.59999999999997,5449,121,1,136.89999999999998,12784,120
ore_ont_5089.owl,"SubClassOf(<http://www.sensocomune.org/ontologies/SensoComune.owl#Characterization> <http://www.sensocomune.org/ontologies/SensoComune.owl#AbstractEntity>)",223,56.1,-1.0,3218,0,-1.0,3117,0,-1.0,3089,0,-1.0,3249,0,0,-1.0,3273,0
ore_ont_5089.owl,"SubClassOf(<http://www.sensocomune.org/ontologies/SensoComune.owl#Quality> <http://www.sensocomune.org/ontologies/SensoComune.owl#Characterization>)",223,87.4,-1.0,3213,0,-1.0,3248,0,-1.0,3336,0,-1.0,3293,0,0,-1.0,3309,0
ore_ont_11497.owl,"SubClassOf(<http://purl.obolibrary.org/obo/XAO_1000002> <http://purl.obolibrary.org/obo/XAO_1000000>)",279,308.7,291.0,15867,169,201.79999999999998,6363,155,291.0,6472,136,232.2,5411,121,2,291.0,17547,181
ore_ont_11497.owl,"SubClassOf(<http://purl.obolibrary.org/obo/XAO_1000001> <http://purl.obolibrary.org/obo/XAO_1000000>)",279,402.4,372.09999999999997,12311,193,272.5,6344,185,372.09999999999997,5850,229,372.09999999999997,5707,145,2,372.09999999999997,12962,131
ore_ont_11497.owl,"SubClassOf(<http://purl.obolibrary.org/obo/XAO_1000001> <http://purl.obolibrary.org/obo/XAO_1000094>)",279,283.3,-1.0,3138,0,-1.0,3539,0,-1.0,3378,0,-1.0,3444,0,0,-1.0,3245,0
ore_ont_11497.owl,"SubClassOf(<http://purl.obolibrary.org/obo/XAO_1000006> <http://purl.obolibrary.org/obo/XAO_1000000>)",279,297.8,276.49999999999994,12083,166,200.3,6167,185,276.49999999999994,6196,145,200.3,5541,223,3,276.49999999999994,13236,135
ore_ont_11497.owl,"SubClassOf(<http://purl.obolibrary.org/obo/XAO_1000089> <http://purl.obolibrary.org/obo/XAO_1000000>)",279,264.20000000000005,246.49999999999997,11906,202,212.0,6440,164,246.49999999999997,6281,156,212.0,5495,120,2,246.49999999999997,12742,127
ore_ont_11497.owl,"SubClassOf(<http://purl.obolibrary.org/obo/XAO_1000083> <http://purl.obolibrary.org/obo/XAO_1000082>)",279,366.3,-1.0,3138,0,-1.0,3504,0,-1.0,3376,0,-1.0,3442,0,0,-1.0,3196,0
ore_ont_11497.owl,"SubClassOf(<http://purl.obolibrary.org/obo/XAO_1000005> <http://purl.obolibrary.org/obo/XAO_1000000>)",279,309.4,287.5,11895,117,198.2,5798,148,287.5,5893,141,287.5,5633,218,2,287.5,13052,184
ore_ont_11497.owl,"SubClassOf(<http://purl.obolibrary.org/obo/XAO_1000004> <http://purl.obolibrary.org/obo/XAO_1000000>)",279,221.3,202.49999999999997,11994,128,154.6,6050,132,202.49999999999997,6213,135,154.6,5475,155,3,202.49999999999997,12769,171
ore_ont_11497.owl,"SubClassOf(<http://purl.obolibrary.org/obo/XAO_1000080> <http://purl.obolibrary.org/obo/XAO_1000000>)",279,309.6,194.3,9730,164,194.3,6374,173,317.4,6408,239,245.39999999999998,5623,215,1,194.3,10389,143
ore_ont_11497.owl,"SubClassOf(<http://purl.obolibrary.org/obo/XAO_1000091> <http://purl.obolibrary.org/obo/XAO_1000000>)",279,377.0,383.59999999999997,16003,150,342.3,6402,124,383.59999999999997,6239,146,388.7,5322,132,2,383.59999999999997,17289,149
ore_ont_16626.owl,"SubClassOf(<http://purl.obolibrary.org/obo/PO_0007083> <http://purl.obolibrary.org/obo/PO_0007133>)",313,62.4,-1.0,3129,0,-1.0,3226,0,-1.0,3286,0,-1.0,3430,0,0,-1.0,3174,0
ore_ont_16626.owl,"SubClassOf(<http://purl.obolibrary.org/obo/PO_0001018> <http://purl.obolibrary.org/obo/PO_0001004>)",313,37.9,-1.0,3431,0,-1.0,3238,0,-1.0,3231,0,-1.0,3286,0,0,-1.0,3401,0
ore_ont_16626.owl,"SubClassOf(<http://purl.obolibrary.org/obo/PO_0007092> <http://purl.obolibrary.org/obo/PO_0007089>)",313,62.1,-1.0,3424,0,-1.0,3346,0,-1.0,3234,0,-1.0,3609,0,0,-1.0,3375,0
ore_ont_16626.owl,"SubClassOf(<http://purl.obolibrary.org/obo/PO_0007122> <http://purl.obolibrary.org/obo/PO_0007073>)",313,40.6,-1.0,3281,0,-1.0,3159,0,-1.0,3212,0,-1.0,3227,0,0,-1.0,3259,0
ore_ont_16626.owl,"SubClassOf(<http://purl.obolibrary.org/obo/PO_0001017> <http://purl.obolibrary.org/obo/PO_0001007>)",313,39.4,-1.0,3178,0,-1.0,3359,0,-1.0,3655,0,-1.0,3348,0,0,-1.0,3552,0
ore_ont_16626.owl,"SubClassOf(<http://purl.obolibrary.org/obo/PO_0007525> <http://purl.obolibrary.org/obo/PO_0007520>)",313,15.100000000000001,-1.0,3177,0,-1.0,3192,0,-1.0,3085,0,-1.0,3148,0,0,-1.0,3278,0
ore_ont_16626.owl,"SubClassOf(<http://purl.obolibrary.org/obo/PO_0007629> <http://purl.obolibrary.org/obo/PO_0007621>)",313,55.8,-1.0,3464,0,-1.0,3389,0,-1.0,3268,0,-1.0,3163,0,0,-1.0,3155,0
ore_ont_16626.owl,"SubClassOf(<http://purl.obolibrary.org/obo/PO_0007013> <http://purl.obolibrary.org/obo/PO_0007014>)",313,79.00000000000001,-1.0,3457,0,-1.0,3230,0,-1.0,3258,0,-1.0,3230,0,0,-1.0,3216,0
ore_ont_16626.owl,"SubClassOf(<http://purl.obolibrary.org/obo/PO_0025377> <http://purl.obolibrary.org/obo/PO_0007631>)",313,50.1,-1.0,3268,0,-1.0,3455,0,-1.0,3311,0,-1.0,3216,0,0,-1.0,3298,0
ore_ont_16626.owl,"SubClassOf(<http://purl.obolibrary.org/obo/PO_0007600> <http://purl.obolibrary.org/obo/PO_0009012>)",313,70.9,45.900000000000006,35080,131,20.3,7669,157,45.900000000000006,8089,138,31.599999999999998,5472,146,2,45.900000000000006,39077,222
ore_ont_11639.owl,"SubClassOf(<http://cbmi.med.harvard.edu/asdphenotype#Class_386> <http://cbmi.med.harvard.edu/asdphenotype#Class_385>)",283,13.900000000000002,-1.0,3248,0,-1.0,3205,0,-1.0,3441,0,-1.0,3362,0,0,-1.0,3260,0
ore_ont_11639.owl,"SubClassOf(<http://cbmi.med.harvard.edu/asdphenotype#Class_665> <http://cbmi.med.harvard.edu/asdphenotype#Class_406>)",283,13.3,-1.0,3413,0,-1.0,3309,0,-1.0,3331,0,-1.0,3233,0,0,-1.0,3174,0
ore_ont_11639.owl,"SubClassOf(<http://cbmi.med.harvard.edu/asdphenotype#Class_517> <http://cbmi.med.harvard.edu/asdphenotype#Class_365>)",283,28.9,16.5,11745,145,8.2,6214,143,16.5,5945,120,8.2,5414,125,2,16.5,12965,130
ore_ont_11639.owl,"SubClassOf(<http://cbmi.med.harvard.edu/asdphenotype#Class_452> <http://cbmi.med.harvard.edu/asdphenotype#Class_455>)",283,24.8,-1.0,3238,0,-1.0,3621,0,-1.0,3448,0,-1.0,3486,0,0,-1.0,3175,0
ore_ont_11639.owl,"SubClassOf(<http://cbmi.med.harvard.edu/asdphenotype#Class_156> <http://cbmi.med.harvard.edu/asdphenotype#Class_152>)",283,6.8,-1.0,3325,0,-1.0,3305,0,-1.0,3394,0,-1.0,3062,0,0,-1.0,3589,0
ore_ont_11639.owl,"SubClassOf(<http://cbmi.med.harvard.edu/asdphenotype#Class_30> <http://cbmi.med.harvard.edu/asdphenotype#Class_155>)",283,13.0,-1.0,3436,0,-1.0,3222,0,-1.0,3218,0,-1.0,3349,0,0,-1.0,3255,0
ore_ont_11639.owl,"SubClassOf(<http://cbmi.med.harvard.edu/asdphenotype#Class_365> <http://cbmi.med.harvard.edu/asdphenotype#Class_154>)",283,6.5,-1.0,3219,0,-1.0,3343,0,-1.0,3306,0,-1.0,3337,0,0,-1.0,3230,0
ore_ont_11639.owl,"SubClassOf(<http://cbmi.med.harvard.edu/asdphenotype#Class_384> <http://cbmi.med.harvard.edu/asdphenotype#Class_148>)",283,13.600000000000001,-1.0,3402,0,-1.0,3332,0,-1.0,3309,0,-1.0,3196,0,0,-1.0,3433,0
ore_ont_11639.owl,"SubClassOf(<http://cbmi.med.harvard.edu/asdphenotype#Class_176> <http://cbmi.med.harvard.edu/asdphenotype#Class_156>)",283,13.6,-1.0,3383,0,-1.0,3346,0,-1.0,3131,0,-1.0,3415,0,0,-1.0,3257,0
ore_ont_11639.owl,"SubClassOf(<http://cbmi.med.harvard.edu/asdphenotype#Class_519> <http://cbmi.med.harvard.edu/asdphenotype#Class_517>)",283,39.7,-1.0,3217,0,-1.0,3186,0,-1.0,3257,0,-1.0,3285,0,0,-1.0,3215,0
ore_ont_4767.owl,"SubClassOf(<http://purl.obolibrary.org/obo/UO_0000001> <http://purl.obolibrary.org/obo/UO_0000045>)",347,44.0,-1.0,3081,0,-1.0,3299,0,-1.0,3355,0,-1.0,3293,0,0,-1.0,3191,0
ore_ont_4767.owl,"SubClassOf(<http://purl.obolibrary.org/obo/UO_0000023> <http://purl.obolibrary.org/obo/UO_0000002>)",347,69.7,-1.0,3230,0,-1.0,3253,0,-1.0,3171,0,-1.0,3211,0,0,-1.0,3544,0
ore_ont_4767.owl,"SubClassOf(<http://purl.obolibrary.org/obo/UO_0000173> <http://purl.obolibrary.org/obo/UO_0000052>)",347,114.19999999999999,-1.0,3276,0,-1.0,3288,0,-1.0,3138,0,-1.0,3394,0,0,-1.0,3423,0
ore_ont_4767.owl,"SubClassOf(<http://purl.obolibrary.org/obo/UO_0000166> <http://purl.obolibrary.org/obo/UO_0000051>)",347,112.9,-1.0,3234,0,-1.0,3210,0,-1.0,3377,0,-1.0,3487,0,0,-1.0,3351,0
ore_ont_4767.owl,"SubClassOf(<http://purl.obolibrary.org/obo/UO_0000096> <http://purl.obolibrary.org/obo/UO_0000095>)",347,78.4,-1.0,3184,0,-1.0,3583,0,-1.0,3533,0,-1.0,3436,0,0,-1.0,3431,0
ore_ont_4767.owl,"SubClassOf(<http://purl.obolibrary.org/obo/UO_0000250> <http://purl.obolibrary.org/obo/UO_0000217>)",347,77.5,-1.0,3206,0,-1.0,3141,0,-1.0,3128,0,-1.0,3158,0,0,-1.0,3221,0
ore_ont_4767.owl,"SubClassOf(<http://purl.obolibrary.org/obo/UO_0000151> <http://purl.obolibrary.org/obo/UO_0000149>)",347,77.8,-1.0,3189,0,-1.0,3251,0,-1.0,3244,0,-1.0,3275,0,0,-1.0,3354,0
ore_ont_4767.owl,"SubClassOf(<http://purl.obolibrary.org/obo/UO_0000133> <http://purl.obolibrary.org/obo/UO_0000128>)",347,114.5,-1.0,3428,0,-1.0,3066,0,-1.0,3142,0,-1.0,3322,0,0,-1.0,3322,0
ore_ont_4767.owl,"SubClassOf(<http://purl.obolibrary.org/obo/UO_0000020> <http://purl.obolibrary.org/obo/UO_0000001>)",347,69.1,-1.0,3390,0,-1.0,3274,0,-1.0,3284,0,-1.0,3313,0,0,-1.0,3301,0
ore_ont_4767.owl,"SubClassOf(<http://purl.obolibrary.org/obo/UO_0000051> <http://purl.obolibrary.org/obo/UO_0000046>)",347,52.4,-1.0,3317,0,-1.0,3251,0,-1.0,3314,0,-1.0,3204,0,0,-1.0,3222,0
ore_ont_2753.owl,"SubClassOf(<http://purl.obolibrary.org/obo/AEO_0000125> <http://purl.obolibrary.org/obo/CARO_0000003>)",366,217.7,-1.0,3380,0,-1.0,3235,0,-1.0,3575,0,-1.0,3487,0,0,-1.0,3408,0
ore_ont_2753.owl,"SubClassOf(<http://purl.obolibrary.org/obo/AEO_0001008> <http://purl.obolibrary.org/obo/CARO_0000066>)",366,141.79999999999998,131.7,11886,125,121.39999999999999,6116,161,131.7,6136,140,131.7,5700,153,2,131.7,13098,168
ore_ont_2753.owl,"SubClassOf(<http://purl.obolibrary.org/obo/CL_0000075> <http://purl.obolibrary.org/obo/CL_0002371>)",366,204.0,-1.0,3371,0,-1.0,3263,0,-1.0,3444,0,-1.0,3465,0,0,-1.0,3497,0
ore_ont_2753.owl,"SubClassOf(<http://purl.obolibrary.org/obo/CL_0000071> <http://purl.obolibrary.org/obo/CL_0000066>)",366,113.69999999999999,87.0,11919,155,99.89999999999999,6060,132,87.0,6196,148,99.89999999999999,5744,157,2,87.0,13220,156
ore_ont_2753.owl,"SubClassOf(<http://purl.obolibrary.org/obo/AEO_0000168> <http://purl.obolibrary.org/obo/CARO_0000003>)",366,300.0,110.7,16130,141,212.70000000000002,6163,201,110.7,6636,180,212.70000000000002,5386,265,1,110.7,18240,225
ore_ont_2753.owl,"SubClassOf(<http://purl.obolibrary.org/obo/CARO_0000066> <http://purl.obolibrary.org/obo/CARO_0000043>)",366,216.49999999999997,-1.0,3270,0,-1.0,3081,0,-1.0,3179,0,-1.0,3248,0,0,-1.0,3263,0
ore_ont_2753.owl,"SubClassOf(<http://purl.obolibrary.org/obo/CL_0000075> <http://purl.obolibrary.org/obo/CL_0000066>)",366,117.0,-1.0,3168,0,-1.0,3635,0,-1.0,3225,0,-1.0,3212,0,0,-1.0,3163,0
ore_ont_2753.owl,"SubClassOf(<http://purl.obolibrary.org/obo/CL_0002371> <http://purl.obolibrary.org/obo/CL_0000144>)",366,223.20000000000002,-1.0,3262,0,-1.0,3270,0,-1.0,3188,0,-1.0,3264,0,0,-1.0,3649,0
ore_ont_2753.owl,"SubClassOf(<http://purl.obolibrary.org/obo/AEO_0000083> <http://purl.obolibrary.org/obo/CARO_0000055>)",366,247.8,237.79999999999998,11835,166,224.29999999999998,6009,200,237.79999999999998,5877,190,224.29999999999998,5485,153,3,237.79999999999998,13034,126
ore_ont_2753.owl,"SubClassOf(<http://purl.obolibrary.org/obo/AEO_0000148> <http://purl.obolibrary.org/obo/AEO_0000125>)",366,352.2,352.2,12249,163,348.2,6051,236,352.2,6242,151,348.2,5315,154,1,352.2,12751,185
ore_ont_13053.owl,"SubClassOf(<http://purl.obolibrary.org/obo/VariO_0312> <http://purl.obolibrary.org/obo/VariO_0328>)",399,28.7,-1.0,3409,0,-1.0,3406,0,-1.0,3058,0,-1.0,3645,0,0,-1.0,3390,0
ore_ont_13053.owl,"SubClassOf(<http://purl.obolibrary.org/obo/VariO_0257> <http://purl.obolibrary.org/obo/VariO_0238>)",399,62.5,-1.0,3253,0,-1.0,3589,0,-1.0,3429,0,-1.0,3505,0,0,-1.0,3492,0
ore_ont_13053.owl,"SubClassOf(<http://purl.obolibrary.org/obo/VariO_0180> <http://purl.obolibrary.org/obo/VariO_0155>)",399,32.8,14.499999999999998,11844,204,21.6,6262,188,14.499999999999998,6128,206,21.6,5354,108,3,14.499999999999998,12420,125
ore_ont_13053.owl,"SubClassOf(<http://purl.obolibrary.org/obo/VariO_0102> <http://purl.obolibrary.org/obo/VariO_0089>)",399,87.69999999999999,-1.0,3610,0,-1.0,3338,0,-1.0,3266,0,-1.0,3138,0,0,-1.0,3593,0
ore_ont_13053.owl,"SubClassOf(<http://purl.obolibrary.org/obo/VariO_0089> <http://purl.obolibrary.org/obo/VariO_0070>)",399,66.3,32.400000000000006,11785,156,46.8,6127,129,32.400000000000006,6047,142,46.8,5459,159,1,32.400000000000006,12892,154
ore_ont_13053.owl,"SubClassOf(<http://purl.obolibrary.org/obo/VariO_0183> <http://purl.obolibrary.org/obo/VariO_0180>)",399,45.39999999999999,-1.0,3206,0,-1.0,3155,0,-1.0,3219,0,-1.0,3309,0,0,-1.0,3192,0
ore_ont_13053.owl,"SubClassOf(<http://purl.obolibrary.org/obo/VariO_0344> <http://purl.obolibrary.org/obo/VariO_0298>)",399,32.199999999999996,13.9,11670,128,21.6,5869,154,13.9,5772,134,21.6,5255,131,1,13.9,12510,136
ore_ont_13053.owl,"SubClassOf(<http://purl.obolibrary.org/obo/VariO_0218> <http://purl.obolibrary.org/obo/VariO_0215>)",399,30.2,-1.0,3237,0,-1.0,3267,0,-1.0,3101,0,-1.0,3550,0,0,-1.0,3194,0
ore_ont_13053.owl,"SubClassOf(<http://purl.obolibrary.org/obo/VariO_0053> <http://purl.obolibrary.org/obo/VariO_0032>)",399,19.599999999999998,-1.0,3241,0,-1.0,3127,0,-1.0,3211,0,-1.0,3223,0,0,-1.0,3343,0
ore_ont_13053.owl,"SubClassOf(<http://purl.obolibrary.org/obo/VariO_0005> <http://purl.obolibrary.org/obo/VariO_0003>)",399,18.099999999999998,-1.0,3144,0,-1.0,3326,0,-1.0,3184,0,-1.0,3272,0,0,-1.0,3149,0
ore_ont_11010.owl,"SubClassOf(<http://purl.obolibrary.org/obo/AEO_0000125> <http://purl.obolibrary.org/obo/CARO_0000003>)",372,73.4,-1.0,3233,0,-1.0,3248,0,-1.0,3074,0,-1.0,3172,0,0,-1.0,3163,0
ore_ont_11010.owl,"SubClassOf(<http://purl.obolibrary.org/obo/AEO_0001008> <http://purl.obolibrary.org/obo/CARO_0000066>)",372,155.29999999999998,145.2,11631,140,134.9,5852,133,145.2,5922,170,145.2,5231,142,2,145.2,12621,162
ore_ont_11010.owl,"SubClassOf(<http://purl.obolibrary.org/obo/CL_0000075> <http://purl.obolibrary.org/obo/CL_0002371>)",372,170.29999999999998,-1.0,3247,0,-1.0,3308,0,-1.0,3103,0,-1.0,3651,0,0,-1.0,3180,0
ore_ont_11010.owl,"SubClassOf(<http://purl.obolibrary.org/obo/AEO_0000168> <http://purl.obolibrary.org/obo/CARO_0000003>)",372,275.3,117.5,15844,196,202.5,5989,176,117.5,6340,118,202.5,5678,170,2,117.5,17984,169
ore_ont_11010.owl,"SubClassOf(<http://purl.obolibrary.org/obo/CARO_0000066> <http://purl.obolibrary.org/obo/CARO_0000043>)",372,99.49999999999999,-1.0,3461,0,-1.0,3253,0,-1.0,3249,0,-1.0,3053,0,0,-1.0,3570,0
ore_ont_11010.owl,"SubClassOf(<http://purl.obolibrary.org/obo/CL_0000075> <http://purl.obolibrary.org/obo/CL_0000066>)",372,201.59999999999997,-1.0,3566,0,-1.0,3168,0,-1.0,3220,0,-1.0,3236,0,0,-1.0,3715,0
ore_ont_11010.owl,"SubClassOf(<http://purl.obolibrary.org/obo/CL_0000327> <http://purl.obolibrary.org/obo/CL_0002320>)",372,309.6000000000001,286.8,11972,118,298.8,5990,152,286.8,6206,170,298.8,5537,189,1,286.8,13100,163
ore_ont_11010.owl,"SubClassOf(<http://purl.obolibrary.org/obo/CL_0002371> <http://purl.obolibrary.org/obo/CL_0000144>)",372,136.0,-1.0,3234,0,-1.0,3431,0,-1.0,3216,0,-1.0,3491,0,0,-1.0,3386,0
ore_ont_11010.owl,"SubClassOf(<http://purl.obolibrary.org/obo/AEO_0000083> <http://purl.obolibrary.org/obo/CARO_0000055>)",372,120.19999999999999,105.39999999999999,11773,196,91.89999999999999,6251,184,105.39999999999999,6058,194,91.89999999999999,5455,147,1,105.39999999999999,12827,194
ore_ont_11010.owl,"SubClassOf(<http://purl.obolibrary.org/obo/AEO_0000148> <http://purl.obolibrary.org/obo/AEO_0000125>)",372,384.8,384.8,11871,161,380.2,6224,177,384.8,6043,166,380.2,5417,178,1,384.8,12856,216
ore_ont_7576.owl,"SubClassOf(<http://purl.obolibrary.org/obo/SP_0000309> <http://purl.obolibrary.org/obo/SP_0000220>)",422,44.5,-1.0,3347,0,-1.0,3117,0,-1.0,3467,0,-1.0,3324,0,0,-1.0,3411,0
ore_ont_7576.owl,"SubClassOf(<http://purl.obolibrary.org/obo/SP_0000293> <http://purl.obolibrary.org/obo/SP_0000188>)",422,13.200000000000001,-1.0,3170,0,-1.0,3308,0,-1.0,3240,0,-1.0,3131,0,0,-1.0,3155,0
ore_ont_7576.owl,"SubClassOf(<http://purl.obolibrary.org/obo/SP_0000385> <http://purl.obolibrary.org/obo/SP_0000019>)",422,26.900000000000002,-1.0,3224,0,-1.0,3198,0,-1.0,3176,0,-1.0,3163,0,0,-1.0,3245,0
ore_ont_7576.owl,"SubClassOf(<http://purl.obolibrary.org/obo/SP_0000058> <http://purl.obolibrary.org/obo/SP_0000038>)",422,24.200000000000003,-1.0,3233,0,-1.0,3124,0,-1.0,3209,0,-1.0,3275,0,0,-1.0,3236,0
ore_ont_7576.owl,"SubClassOf(<http://purl.obolibrary.org/obo/SP_0000019> <http://purl.obolibrary.org/obo/SP_0001000>)",422,14.100000000000001,-1.0,3099,0,-1.0,3398,0,-1.0,3312,0,-1.0,3331,0,0,-1.0,3230,0
ore_ont_7576.owl,"SubClassOf(<http://purl.obolibrary.org/obo/SP_0000065> <http://purl.obolibrary.org/obo/SP_0000058>)",422,39.099999999999994,-1.0,3281,0,-1.0,3321,0,-1.0,3354,0,-1.0,3136,0,0,-1.0,3637,0
ore_ont_7576.owl,"SubClassOf(<http://purl.obolibrary.org/obo/SP_0000282> <http://purl.obolibrary.org/obo/SP_0000185>)",422,23.6,-1.0,3271,0,-1.0,3190,0,-1.0,3075,0,-1.0,3559,0,0,-1.0,3208,0
ore_ont_7576.owl,"SubClassOf(<http://purl.obolibrary.org/obo/SP_0000353> <http://purl.obolibrary.org/obo/SP_0000012>)",422,27.6,21.5,11854,188,19.1,6034,185,21.5,5947,171,21.5,5361,185,2,21.5,13113,174
ore_ont_7576.owl,"SubClassOf(<http://purl.obolibrary.org/obo/SP_0000231> <http://purl.obolibrary.org/obo/SP_0000211>)",422,94.30000000000001,-1.0,3291,0,-1.0,3307,0,-1.0,3139,0,-1.0,3529,0,0,-1.0,3207,0
ore_ont_7576.owl,"SubClassOf(<http://purl.obolibrary.org/obo/SP_0000361> <http://purl.obolibrary.org/obo/SP_0000353>)",422,40.6,-1.0,3285,0,-1.0,3271,0,-1.0,3598,0,-1.0,3686,0,0,-1.0,3601,0
ore_ont_14518.owl,"SubClassOf(<http://purl.obolibrary.org/obo/DDANAT_0000016> <http://purl.obolibrary.org/obo/DDANAT_0010085>)",347,275.1,189.0,11891,241,223.5,6654,230,189.0,6085,246,189.0,5553,269,1,189.0,13307,309
ore_ont_14518.owl,"SubClassOf(<http://purl.obolibrary.org/obo/DDANAT_0000004> <http://purl.obolibrary.org/obo/DDANAT_0010082>)",347,267.40000000000003,-1.0,3465,0,-1.0,3505,0,-1.0,3321,0,-1.0,3233,0,0,-1.0,3614,0
ore_ont_14518.owl,"SubClassOf(<http://purl.obolibrary.org/obo/DDANAT_0000047> <http://purl.obolibrary.org/obo/DDANAT_0000096>)",347,350.2,-1.0,3345,0,-1.0,3226,0,-1.0,3055,0,-1.0,3059,0,0,-1.0,3284,0
ore_ont_14518.owl,"SubClassOf(<http://purl.obolibrary.org/obo/DDANAT_0000005> <http://purl.obolibrary.org/obo/DDANAT_0010082>)",347,259.90000000000003,-1.0,3156,0,-1.0,3062,0,-1.0,3177,0,-1.0,3178,0,0,-1.0,3213,0
ore_ont_14518.owl,"SubClassOf(<http://purl.obolibrary.org/obo/DDANAT_0000016> <http://purl.obolibrary.org/obo/DDANAT_0000087>)",347,371.6,-1.0,3139,0,-1.0,3331,0,-1.0,3361,0,-1.0,3212,0,0,-1.0,3218,0
ore_ont_14518.owl,"SubClassOf(<http://purl.obolibrary.org/obo/DDANAT_0000007> <http://purl.obolibrary.org/obo/DDANAT_0010082>)",347,191.60000000000002,-1.0,3246,0,-1.0,3412,0,-1.0,3486,0,-1.0,3433,0,0,-1.0,3452,0
ore_ont_14518.owl,"SubClassOf(<http://purl.obolibrary.org/obo/DDANAT_0000405> <http://purl.obolibrary.org/obo/DDANAT_0000401>)",347,251.50000000000003,-1.0,3371,0,-1.0,3232,0,-1.0,3588,0,-1.0,3473,0,0,-1.0,3440,0
ore_ont_14518.owl,"SubClassOf(<http://purl.obolibrary.org/obo/DDANAT_0000041> <http://purl.obolibrary.org/obo/DDANAT_0010085>)",347,211.90000000000003,201.40000000000003,12036,159,209.5,6251,235,201.40000000000003,6435,155,209.5,5382,230,2,201.40000000000003,13045,258
ore_ont_14518.owl,"SubClassOf(<http://purl.obolibrary.org/obo/DDANAT_0000004> <http://purl.obolibrary.org/obo/DDANAT_0010001>)",347,257.59999999999997,227.09999999999994,12103,258,230.0,6576,140,227.09999999999994,6067,228,230.0,5626,243,3,227.09999999999994,13470,222
ore_ont_14518.owl,"SubClassOf(<http://purl.obolibrary.org/obo/DDANAT_0000019> <http://purl.obolibrary.org/obo/DDANAT_0000087>)",347,244.9,-1.0,3530,0,-1.0,3074,0,-1.0,3631,0,-1.0,3653,0,0,-1.0,3563,0
ore_ont_10516.owl,"SubClassOf(<http://purl.obolibrary.org/obo/OPL_0000038> <http://purl.obolibrary.org/obo/NCBITaxon_6183>)",462,120.4,-1.0,3642,0,-1.0,3310,0,-1.0,3334,0,-1.0,3327,0,0,-1.0,3632,0
ore_ont_10516.owl,"SubClassOf(<http://purl.obolibrary.org/obo/OPL_0000027> <http://purl.obolibrary.org/obo/CARO_0000003>)",462,171.3,137.4,11904,295,109.80000000000001,6788,267,137.4,5992,259,109.80000000000001,5790,246,1,137.4,13088,174
ore_ont_10516.owl,"SubClassOf(<http://purl.obolibrary.org/obo/OPL_0000146> <http://purl.obolibrary.org/obo/NCBITaxon_5833>)",462,121.30000000000001,-1.0,3054,0,-1.0,3151,0,-1.0,3122,0,-1.0,3176,0,0,-1.0,3076,0
ore_ont_10516.owl,"SubClassOf(<http://purl.obolibrary.org/obo/OPL_0000171> <http://purl.obolibrary.org/obo/snap#_Role>)",462,179.7,177.0,11945,213,175.2,6059,248,177.0,6043,220,175.2,5534,228,1,177.0,13217,238
ore_ont_10516.owl,"SubClassOf(<http://purl.obolibrary.org/obo/OPL_0000032> <http://purl.obolibrary.org/obo/UBERON_0001045>)",462,176.29999999999998,-1.0,3548,0,-1.0,3390,0,-1.0,3395,0,-1.0,3592,0,0,-1.0,3628,0
ore_ont_10516.owl,"SubClassOf(<http://purl.obolibrary.org/obo/OPL_0000077> <http://purl.obolibrary.org/obo/NCBITaxon_6182>)",462,177.29999999999998,-1.0,3282,0,-1.0,3650,0,-1.0,3374,0,-1.0,3374,0,0,-1.0,3076,0
ore_ont_10516.owl,"SubClassOf(<http://purl.obolibrary.org/obo/OPL_0000158> <http://purl.obolibrary.org/obo/OPL_0000165>)",462,139.5,-1.0,3600,0,-1.0,3432,0,-1.0,3293,0,-1.0,3478,0,0,-1.0,3647,0
ore_ont_10516.owl,"SubClassOf(<http://purl.obolibrary.org/obo/OPL_0000165> <http://purl.obolibrary.org/obo/OPL_0000181>)",462,104.49999999999997,-1.0,3482,0,-1.0,3299,0,-1.0,3493,0,-1.0,3460,0,0,-1.0,3249,0
ore_ont_10516.owl,"SubClassOf(<http://purl.obolibrary.org/obo/OPL_0000178> <http://purl.obolibrary.org/obo/NCBITaxon_6185>)",462,218.5,-1.0,3304,0,-1.0,3311,0,-1.0,3307,0,-1.0,3168,0,0,-1.0,3344,0
ore_ont_10516.owl,"SubClassOf(<http://purl.obolibrary.org/obo/OPL_0000032> <http://purl.obolibrary.org/obo/CARO_0000003>)",462,144.2,82.10000000000001,11871,209,105.5,6380,179,82.10000000000001,5980,218,82.10000000000001,5339,292,3,82.10000000000001,13199,276
ore_ont_13301.owl,"SubClassOf(<http://purl.obolibrary.org/obo/NCBITaxon_435447> <http://purl.obolibrary.org/obo/NCBITaxon_435434>)",436,2960.5999999999995,-1.0,3232,0,-1.0,3227,0,-1.0,3229,0,-1.0,3233,0,0,-1.0,3397,0
ore_ont_13301.owl,"SubClassOf(<http://purl.obolibrary.org/obo/NCBITaxon_435434> <http://purl.obolibrary.org/obo/NCBITaxon_435433>)",436,2675.2,-1.0,3276,0,-1.0,3153,0,-1.0,3152,0,-1.0,3259,0,0,-1.0,3194,0
ore_ont_13301.owl,"SubClassOf(<http://purl.obolibrary.org/obo/NCBITaxon_318696> <http://purl.obolibrary.org/obo/NCBITaxon_7372>)",436,2662.0,-1.0,3172,0,-1.0,3323,0,-1.0,3413,0,-1.0,3248,0,0,-1.0,3083,0
ore_ont_13301.owl,"SubClassOf(<http://purl.obolibrary.org/obo/NCBITaxon_367292> <http://purl.obolibrary.org/obo/NCBITaxon_7374>)",436,2659.3,-1.0,3364,0,-1.0,3359,0,-1.0,3168,0,-1.0,3217,0,0,-1.0,3101,0
ore_ont_13301.owl,"SubClassOf(<http://purl.obolibrary.org/obo/NCBITaxon_143287> <http://purl.obolibrary.org/obo/NCBITaxon_10140>)",436,1976.6,-1.0,3186,0,-1.0,3073,0,-1.0,3355,0,-1.0,3342,0,0,-1.0,3237,0
ore_ont_13301.owl,"SubClassOf(<http://purl.obolibrary.org/obo/p11#_birnlex_189> <http://purl.obolibrary.org/obo/NCBITaxon_10090>)",436,2668.2999999999997,-1.0,3157,0,-1.0,3421,0,-1.0,3264,0,-1.0,3218,0,0,-1.0,3120,0
ore_ont_13301.owl,"SubClassOf(<http://purl.obolibrary.org/obo/NCBITaxon_7372> <http://purl.obolibrary.org/obo/NCBITaxon_43912>)",436,2408.9,-1.0,3387,0,-1.0,3141,0,-1.0,3292,0,-1.0,3239,0,0,-1.0,3404,0
ore_ont_13301.owl,"SubClassOf(<http://purl.obolibrary.org/obo/NCBITaxon_7372> <http://purl.obolibrary.org/obo/NCBITaxon_7371>)",436,2426.4,1963.1,11764,191,2188.7,6077,196,1963.1,5808,184,2188.7,5352,209,1,1963.1,12745,211
ore_ont_13301.owl,"SubClassOf(<http://purl.obolibrary.org/obo/NCBITaxon_435434> <http://purl.obolibrary.org/obo/NCBITaxon_10114>)",436,2699.7999999999997,2187.6999999999994,11620,237,2437.9,6176,226,2187.6999999999994,5992,215,2437.9,5438,228,1,2187.6999999999994,13176,194
ore_ont_13301.owl,"SubClassOf(<http://purl.obolibrary.org/obo/NCBITaxon_81419> <http://purl.obolibrary.org/obo/NCBITaxon_45449>)",436,2923.1000000000004,-1.0,3131,0,-1.0,3259,0,-1.0,3304,0,-1.0,3209,0,0,-1.0,3190,0
ore_ont_15068.owl,"SubClassOf(<http://biomanta.sourceforge.net/2007/10/ncbi_taxo.owl#ncbi_taxo_9825> <http://biomanta.sourceforge.net/2007/10/ncbi_taxo.owl#ncbi_taxo_9823>)",377,38.800000000000004,-1.0,3295,0,-1.0,3394,0,-1.0,3193,0,-1.0,3455,0,0,-1.0,3561,0
ore_ont_15068.owl,"SubClassOf(<http://biomanta.sourceforge.net/2007/10/ncbi_taxo.owl#ncbi_taxo_400035> <http://biomanta.sourceforge.net/2007/10/ncbi_taxo.owl#ncbi_taxo_9031>)",377,37.6,-1.0,3261,0,-1.0,3211,0,-1.0,3476,0,-1.0,3290,0,0,-1.0,3426,0
ore_ont_15068.owl,"SubClassOf(<http://biomanta.sourceforge.net/2007/10/ncbi_taxo.owl#ncbi_taxo_468558> <http://biomanta.sourceforge.net/2007/10/ncbi_taxo.owl#ncbi_taxo_4932>)",377,38.800000000000004,-1.0,3198,0,-1.0,3390,0,-1.0,3363,0,-1.0,3272,0,0,-1.0,3143,0
ore_ont_15068.owl,"SubClassOf(<http://biomanta.sourceforge.net/2007/10/ncbi_taxo.owl#ncbi_taxo_93385> <http://biomanta.sourceforge.net/2007/10/ncbi_taxo.owl#ncbi_taxo_3711>)",377,38.2,-1.0,3421,0,-1.0,3334,0,-1.0,3378,0,-1.0,3136,0,0,-1.0,3116,0
ore_ont_15068.owl,"SubClassOf(<http://biomanta.sourceforge.net/2007/10/ncbi_taxo.owl#ncbi_taxo_112250> <http://biomanta.sourceforge.net/2007/10/ncbi_taxo.owl#ncbi_taxo_4754>)",377,37.900000000000006,-1.0,3149,0,-1.0,3172,0,-1.0,3581,0,-1.0,3111,0,0,-1.0,3247,0
ore_ont_15068.owl,"SubClassOf(<http://biomanta.sourceforge.net/2007/10/ncbi_taxo.owl#ncbi_taxo_208196> <http://biomanta.sourceforge.net/2007/10/ncbi_taxo.owl#ncbi_taxo_208194>)",377,59.00000000000001,-1.0,3179,0,-1.0,3252,0,-1.0,3229,0,-1.0,3197,0,0,-1.0,3191,0
ore_ont_15068.owl,"SubClassOf(<http://biomanta.sourceforge.net/2007/10/ncbi_taxo.owl#ncbi_taxo_41122> <http://biomanta.sourceforge.net/2007/10/ncbi_taxo.owl#ncbi_taxo_5085>)",377,37.6,-1.0,3247,0,-1.0,3135,0,-1.0,3312,0,-1.0,3247,0,0,-1.0,3547,0
ore_ont_15068.owl,"SubClassOf(<http://biomanta.sourceforge.net/2007/10/ncbi_taxo.owl#ncbi_taxo_116058> <http://biomanta.sourceforge.net/2007/10/ncbi_taxo.owl#ncbi_taxo_10090>)",377,39.1,-1.0,3356,0,-1.0,3242,0,-1.0,3159,0,-1.0,3319,0,0,-1.0,3227,0
ore_ont_15068.owl,"SubClassOf(<http://biomanta.sourceforge.net/2007/10/ncbi_taxo.owl#ncbi_taxo_175564> <http://biomanta.sourceforge.net/2007/10/ncbi_taxo.owl#ncbi_taxo_5911>)",377,37.6,-1.0,3215,0,-1.0,3124,0,-1.0,3237,0,-1.0,3226,0,0,-1.0,3328,0
ore_ont_15068.owl,"SubClassOf(<http://biomanta.sourceforge.net/2007/10/ncbi_taxo.owl#ncbi_taxo_10090> <http://biomanta.sourceforge.net/2007/10/ncbi_taxo.owl#ncbi_taxo_2759>)",377,33.0,17.3,11689,171,4.1,5872,171,17.3,5796,169,4.1,5310,237,1,17.3,13080,196
ore_ont_3418.owl,"SubClassOf(<http://purl.obolibrary.org/obo/PI_00371> <http://purl.obolibrary.org/obo/PI_00153>)",528,96.6,-1.0,3318,0,-1.0,3194,0,-1.0,3369,0,-1.0,3518,0,0,-1.0,3549,0
ore_ont_3418.owl,"SubClassOf(<http://purl.obolibrary.org/obo/PI_00371> <http://purl.obolibrary.org/obo/PI_00143>)",528,90.39999999999999,-1.0,3385,0,-1.0,3472,0,-1.0,3259,0,-1.0,3336,0,0,-1.0,3304,0
ore_ont_3418.owl,"SubClassOf(<http://purl.obolibrary.org/obo/PI_00272> <http://purl.obolibrary.org/obo/PI_00180>)",528,15.2,-1.0,3617,0,-1.0,3553,0,-1.0,3557,0,-1.0,3383,0,0,-1.0,3389,0
ore_ont_3418.owl,"SubClassOf(<http://purl.obolibrary.org/obo/PI_00371> <http://purl.obolibrary.org/obo/PI_00116>)",528,93.1,-1.0,3277,0,-1.0,3399,0,-1.0,3371,0,-1.0,3464,0,0,-1.0,3446,0
ore_ont_3418.owl,"SubClassOf(<http://purl.obolibrary.org/obo/PI_00050> <http://purl.obolibrary.org/obo/PI_00041>)",528,94.00000000000001,-1.0,3315,0,-1.0,3325,0,-1.0,3659,0,-1.0,3502,0,0,-1.0,3197,0
ore_ont_3418.owl,"SubClassOf(<http://purl.obolibrary.org/obo/PI_00041> <http://purl.obolibrary.org/obo/PI_00302>)",528,75.4,44.1,12034,230,17.5,6350,217,44.1,6315,217,17.5,5423,294,1,44.1,13109,248
ore_ont_3418.owl,"SubClassOf(<http://purl.obolibrary.org/obo/PI_00260> <http://purl.obolibrary.org/obo/PI_00066>)",528,27.1,-1.0,3459,0,-1.0,3170,0,-1.0,3176,0,-1.0,3287,0,0,-1.0,3304,0
ore_ont_3418.owl,"SubClassOf(<http://purl.obolibrary.org/obo/PI_00240> <http://purl.obolibrary.org/obo/PI_00221>)",528,46.699999999999996,-1.0,3242,0,-1.0,3517,0,-1.0,3317,0,-1.0,3328,0,0,-1.0,3184,0
ore_ont_3418.owl,"SubClassOf(<http://purl.obolibrary.org/obo/PI_00284> <http://purl.obolibrary.org/obo/PI_00011>)",528,50.8,18.7,11966,146,31.200000000000003,6468,219,18.7,5972,221,18.7,5402,213,2,18.7,13105,216
ore_ont_3418.owl,"SubClassOf(<http://purl.obolibrary.org/obo/PI_00251> <http://purl.obolibrary.org/obo/PI_00045>)",528,41.3,-1.0,3206,0,-1.0,3190,0,-1.0,3367,0,-1.0,3290,0,0,-1.0,3185,0
ore_ont_10056.owl,"SubClassOf(<http://purl.obolibrary.org/obo/PRIDE_0000239> <http://purl.obolibrary.org/obo/PRIDE_0000192>)",467,59.800000000000004,-1.0,3372,0,-1.0,3352,0,-1.0,3368,0,-1.0,3376,0,0,-1.0,3432,0
ore_ont_10056.owl,"SubClassOf(<http://purl.obolibrary.org/obo/PRIDE_0000353> <http://purl.obolibrary.org/obo/PRIDE_0000004>)",467,42.1,-1.0,3436,0,-1.0,3103,0,-1.0,3509,0,-1.0,3174,0,0,-1.0,3220,0
ore_ont_10056.owl,"SubClassOf(<http://purl.obolibrary.org/obo/PRIDE_0000353> <http://purl.obolibrary.org/obo/PRIDE_0000003>)",467,42.1,-1.0,3079,0,-1.0,3499,0,-1.0,3226,0,-1.0,3157,0,0,-1.0,3119,0
ore_ont_10056.owl,"SubClassOf(<http://purl.obolibrary.org/obo/PRIDE_0000380> <http://purl.obolibrary.org/obo/PRIDE_0000353>)",467,60.199999999999996,-1.0,3109,0,-1.0,3258,0,-1.0,3209,0,-1.0,3176,0,0,-1.0,3141,0
ore_ont_10056.owl,"SubClassOf(<http://purl.obolibrary.org/obo/PRIDE_0000244> <http://purl.obolibrary.org/obo/PRIDE_0000239>)",467,92.9,-1.0,3436,0,-1.0,3254,0,-1.0,3225,0,-1.0,3168,0,0,-1.0,3272,0
ore_ont_10056.owl,"SubClassOf(<http://purl.obolibrary.org/obo/PRIDE_0000082> <http://purl.obolibrary.org/obo/PRIDE_0000071>)",467,37.3,-1.0,3305,0,-1.0,3144,0,-1.0,3302,0,-1.0,3376,0,0,-1.0,3268,0
ore_ont_10056.owl,"SubClassOf(<http://purl.obolibrary.org/obo/PRIDE_0000071> <http://purl.obolibrary.org/obo/PRIDE_0000001>)",467,23.0,-1.0,3185,0,-1.0,3286,0,-1.0,3535,0,-1.0,3299,0,0,-1.0,3201,0
ore_ont_10056.owl,"SubClassOf(<http://purl.obolibrary.org/obo/PRIDE_0000403> <http://purl.obolibrary.org/obo/PRIDE_0000006>)",467,19.2,-1.0,3169,0,-1.0,3322,0,-1.0,3336,0,-1.0,3180,0,0,-1.0,3087,0
ore_ont_10056.owl,"SubClassOf(<http://purl.obolibrary.org/obo/PRIDE_0000035> <http://purl.obolibrary.org/obo/PRIDE_0000028>)",467,13.2,-1.0,3402,0,-1.0,3277,0,-1.0,3488,0,-1.0,3219,0,0,-1.0,3388,0
ore_ont_10056.owl,"SubClassOf(<http://purl.obolibrary.org/obo/PRIDE_0000013> <http://purl.obolibrary.org/obo/PRIDE_0000049>)",467,69.1,-1.0,3294,0,-1.0,3529,0,-1.0,3097,0,-1.0,3656,0,0,-1.0,3287,0
ore_ont_4382.owl,"SubClassOf(<http://purl.obolibrary.org/obo/phi_0000271> <http://purl.obolibrary.org/obo/phi_0000259>)",431,38.4,-1.0,3242,0,-1.0,3059,0,-1.0,3328,0,-1.0,3343,0,0,-1.0,3221,0
ore_ont_4382.owl,"SubClassOf(<http://purl.obolibrary.org/obo/phi_0000263> <http://purl.obolibrary.org/obo/phi_0000191>)",431,116.6,111.5,11767,172,108.1,6031,247,111.5,6264,230,108.1,5319,254,1,111.5,13034,289
ore_ont_4382.owl,"SubClassOf(<http://purl.obolibrary.org/obo/phi_0000188> <http://purl.obolibrary.org/obo/phi_0000262>)",431,172.89999999999998,151.0,16054,244,145.59999999999997,6290,164,151.0,6296,230,151.0,5376,278,2,151.0,18330,273
ore_ont_4382.owl,"SubClassOf(<http://purl.obolibrary.org/obo/phi_0000081> <http://purl.obolibrary.org/obo/phi_0000187>)",431,78.5,-1.0,3250,0,-1.0,3155,0,-1.0,3528,0,-1.0,3372,0,0,-1.0,3257,0
ore_ont_4382.owl,"SubClassOf(<http://purl.obolibrary.org/obo/phi_0000103> <http://purl.obolibrary.org/obo/phi_0000097>)",431,46.8,-1.0,3176,0,-1.0,3389,0,-1.0,3291,0,-1.0,3246,0,0,-1.0,3038,0
ore_ont_4382.owl,"SubClassOf(<http://purl.obolibrary.org/obo/phi_0000072> <http://purl.obolibrary.org/obo/phi_0000064>)",431,39.0,-1.0,3427,0,-1.0,3295,0,-1.0,3194,0,-1.0,3351,0,0,-1.0,3310,0
ore_ont_4382.owl,"SubClassOf(<http://purl.obolibrary.org/obo/phi_0000081> <http://purl.obolibrary.org/obo/phi_0000061>)",431,83.1,75.19999999999999,11748,219,74.0,6146,172,75.19999999999999,5930,231,75.19999999999999,5460,241,2,75.19999999999999,12877,262
ore_ont_4382.owl,"SubClassOf(<http://purl.obolibrary.org/obo/phi_0000235> <http://purl.obolibrary.org/obo/phi_0000172>)",431,78.6,71.89999999999999,11768,293,74.0,6592,241,71.89999999999999,5936,274,74.0,5688,298,1,71.89999999999999,13160,255
ore_ont_4382.owl,"SubClassOf(<http://purl.obolibrary.org/obo/phi_0000263> <http://purl.obolibrary.org/obo/phi_0000316>)",431,112.3,-1.0,3253,0,-1.0,3399,0,-1.0,3280,0,-1.0,3331,0,0,-1.0,3114,0
ore_ont_4382.owl,"SubClassOf(<http://purl.obolibrary.org/obo/phi_0000087> <http://purl.obolibrary.org/obo/phi_0000081>)",431,122.5,-1.0,3580,0,-1.0,3362,0,-1.0,3502,0,-1.0,3122,0,0,-1.0,3253,0
ore_ont_13234.owl,"SubClassOf(<http://purl.obolibrary.org/obo/EO_0007149> <http://purl.obolibrary.org/obo/EO_0007189>)",555,23.0,-1.0,3242,0,-1.0,3186,0,-1.0,3360,0,-1.0,3338,0,0,-1.0,3303,0
ore_ont_13234.owl,"SubClassOf(<http://purl.obolibrary.org/obo/EO_0007252> <http://purl.obolibrary.org/obo/EO_0007116>)",555,56.4,-1.0,3136,0,-1.0,3601,0,-1.0,3337,0,-1.0,3366,0,0,-1.0,3186,0
ore_ont_13234.owl,"SubClassOf(<http://purl.obolibrary.org/obo/EO_0001029> <http://purl.obolibrary.org/obo/EO_0007284>)",555,107.99999999999999,-1.0,3260,0,-1.0,3139,0,-1.0,3303,0,-1.0,3257,0,0,-1.0,3163,0
ore_ont_13234.owl,"SubClassOf(<http://purl.obolibrary.org/obo/EO_0007532> <http://purl.obolibrary.org/obo/EO_0007149>)",555,55.89999999999999,-1.0,3257,0,-1.0,3101,0,-1.0,3059,0,-1.0,3615,0,0,-1.0,3554,0
ore_ont_13234.owl,"SubClassOf(<http://purl.obolibrary.org/obo/EO_0007154> <http://purl.obolibrary.org/obo/EO_0007316>)",555,39.2,24.1,11806,318,13.9,6232,253,24.1,6184,206,13.9,5502,264,1,24.1,13410,235
ore_ont_13234.owl,"SubClassOf(<http://purl.obolibrary.org/obo/EO_0007221> <http://purl.obolibrary.org/obo/EO_0007154>)",555,86.7,36.0,11817,198,58.7,5851,304,36.0,6313,227,36.0,5261,197,2,36.0,13013,296
ore_ont_13234.owl,"SubClassOf(<http://purl.obolibrary.org/obo/EO_0007396> <http://purl.obolibrary.org/obo/EO_0007064>)",555,14.5,-1.0,3593,0,-1.0,3469,0,-1.0,3411,0,-1.0,3323,0,0,-1.0,3395,0
ore_ont_13234.owl,"SubClassOf(<http://purl.obolibrary.org/obo/EO_0007115> <http://purl.obolibrary.org/obo/EO_0007114>)",555,57.3,-1.0,3397,0,-1.0,3642,0,-1.0,3590,0,-1.0,3557,0,0,-1.0,3436,0
ore_ont_13234.owl,"SubClassOf(<http://purl.obolibrary.org/obo/EO_0007118> <http://purl.obolibrary.org/obo/EO_0007107>)",555,39.1,-1.0,3352,0,-1.0,3279,0,-1.0,3439,0,-1.0,3627,0,0,-1.0,3603,0
ore_ont_13234.owl,"SubClassOf(<http://purl.obolibrary.org/obo/EO_0007141> <http://purl.obolibrary.org/obo/EO_0007022>)",555,36.7,-1.0,3558,0,-1.0,3519,0,-1.0,3311,0,-1.0,3324,0,0,-1.0,3512,0
ore_ont_16730.owl,"SubClassOf(<http://purl.obolibrary.org/obo/MMO_0000037> <http://purl.obolibrary.org/obo/MMO_0000030>)",567,61.400000000000006,19.900000000000002,11803,249,37.900000000000006,6433,237,19.900000000000002,6217,256,37.900000000000006,5556,172,2,19.900000000000002,13036,239
ore_ont_16730.owl,"SubClassOf(<http://purl.obolibrary.org/obo/MMO_0000030> <http://purl.obolibrary.org/obo/MMO_0000027>)",567,24.700000000000003,5.2,11749,278,13.0,6227,253,5.2,6078,258,13.0,5415,242,3,5.2,13029,222
ore_ont_16730.owl,"SubClassOf(<http://purl.obolibrary.org/obo/MMO_0000151> <http://purl.obolibrary.org/obo/MMO_0000181>)",567,168.8,-1.0,3106,0,-1.0,3138,0,-1.0,3163,0,-1.0,3137,0,0,-1.0,3123,0
ore_ont_16730.owl,"SubClassOf(<http://purl.obolibrary.org/obo/MMO_0000076> <http://purl.obolibrary.org/obo/MMO_0000026>)",567,12.5,-1.0,3293,0,-1.0,3192,0,-1.0,3144,0,-1.0,3109,0,0,-1.0,3064,0
ore_ont_16730.owl,"SubClassOf(<http://purl.obolibrary.org/obo/MMO_0000138> <http://purl.obolibrary.org/obo/MMO_0000037>)",567,80.7,-1.0,3379,0,-1.0,3337,0,-1.0,3213,0,-1.0,3280,0,0,-1.0,3341,0
ore_ont_16730.owl,"SubClassOf(<http://purl.obolibrary.org/obo/MMO_0000204> <http://purl.obolibrary.org/obo/MMO_0000112>)",567,53.800000000000004,-1.0,3400,0,-1.0,3116,0,-1.0,3590,0,-1.0,3300,0,0,-1.0,3257,0
ore_ont_16730.owl,"SubClassOf(<http://purl.obolibrary.org/obo/MMO_0000436> <http://purl.obolibrary.org/obo/MMO_0000331>)",567,181.6,-1.0,3136,0,-1.0,3539,0,-1.0,3224,0,-1.0,3329,0,0,-1.0,3155,0
ore_ont_16730.owl,"SubClassOf(<http://purl.obolibrary.org/obo/MMO_0000111> <http://purl.obolibrary.org/obo/MMO_0000109>)",567,17.8,-1.0,3274,0,-1.0,3339,0,-1.0,3196,0,-1.0,3085,0,0,-1.0,3635,0
ore_ont_16730.owl,"SubClassOf(<http://purl.obolibrary.org/obo/MMO_0000185> <http://purl.obolibrary.org/obo/MMO_0000180>)",567,168.8,-1.0,3294,0,-1.0,3213,0,-1.0,3196,0,-1.0,3216,0,0,-1.0,3344,0
ore_ont_16730.owl,"SubClassOf(<http://purl.obolibrary.org/obo/MMO_0000181> <http://purl.obolibrary.org/obo/MMO_0000147>)",567,78.7,59.1,11723,223,73.89999999999999,6282,291,59.1,6201,216,73.89999999999999,5404,223,1,59.1,12890,172
ore_ont_2066.owl,"SubClassOf(<http://purl.org/net/miCLIP#PercentageDistributionByRace> <http://purl.org/net/miCLIP#PercentageDistribution>)",471,327.1,-1.0,3177,0,-1.0,3109,0,-1.0,3102,0,-1.0,3071,0,0,-1.0,3610,0
ore_ont_2066.owl,"SubClassOf(<http://ncicb.nci.nih.gov/xml/owl/EVS/Thesaurus.owl#Sample_Study_Population> <http://ncicb.nci.nih.gov/xml/owl/EVS/Thesaurus.owl#Population_Group>)",471,252.40000000000003,-1.0,3260,0,-1.0,3309,0,-1.0,3162,0,-1.0,3361,0,0,-1.0,3275,0
ore_ont_2066.owl,"SubClassOf(<http://purl.org/net/miCLIP#belongingness> <http://ncicb.nci.nih.gov/xml/owl/EVS/Thesaurus.owl#Emotion>)",471,72.10000000000001,-1.0,3286,0,-1.0,3180,0,-1.0,3249,0,-1.0,3263,0,0,-1.0,3233,0
ore_ont_2066.owl,"SubClassOf(<http://ncicb.nci.nih.gov/xml/owl/EVS/Thesaurus.owl#C849916> <http://ncicb.nci.nih.gov/xml/owl/EVS/Thesaurus.owl#Mental_and_Behavioral_Signs_and_Symptoms>)",471,112.2,-1.0,3150,0,-1.0,3300,0,-1.0,3331,0,-1.0,3207,0,0,-1.0,3122,0
ore_ont_2066.owl,"SubClassOf(<http://purl.obolibrary.org/obo/IAO_0000225> <http://purl.obolibrary.org/obo/IAO_0000102>)",471,694.4000000000003,-1.0,3146,0,-1.0,3195,0,-1.0,3131,0,-1.0,3063,0,0,-1.0,3273,0
ore_ont_2066.owl,"SubClassOf(<http://ncicb.nci.nih.gov/xml/owl/EVS/Thesaurus.owl#Never_Married_Status> <http://ncicb.nci.nih.gov/xml/owl/EVS/Thesaurus.owl#Marital_Status>)",471,452.3000000000001,-1.0,3467,0,-1.0,3279,0,-1.0,3111,0,-1.0,3501,0,0,-1.0,3318,0
ore_ont_2066.owl,"SubClassOf(<http://www.ebi.ac.uk/efo/EFO_0004786> <http://ncicb.nci.nih.gov/xml/owl/EVS/Thesaurus.owl#Symptom_Specific_Assessment_Tool>)",471,507.7000000000001,-1.0,3320,0,-1.0,3204,0,-1.0,3579,0,-1.0,3312,0,0,-1.0,3330,0
ore_ont_2066.owl,"SubClassOf(<http://www.absoluteiri.edu/RELAPPROXC654> <http://www.absoluteiri.edu/RELAPPROXC660>)",471,1050.3000000000002,-1.0,3159,0,-1.0,3328,0,-1.0,3369,0,-1.0,3359,0,0,-1.0,3168,0
ore_ont_2066.owl,"SubClassOf(<http://ncicb.nci.nih.gov/xml/owl/EVS/Thesaurus.owl#Anxiety_Disorder> <http://ncicb.nci.nih.gov/xml/owl/EVS/Thesaurus.owl#Psychiatric_Disorder>)",471,1105.3000000000002,-1.0,3172,0,-1.0,3097,0,-1.0,3123,0,-1.0,3183,0,0,-1.0,3608,0
ore_ont_2066.owl,"SubClassOf(<http://purl.org/net/miCLIP#OfficeOfTheSecretaryOfDefense> <http://ncicb.nci.nih.gov/xml/owl/EVS/Thesaurus.owl#Department_of_Defense>)",471,1140.7,-1.0,3236,0,-1.0,3278,0,-1.0,3250,0,-1.0,3597,0,0,-1.0,3339,0
ore_ont_5966.owl,"SubClassOf(<file:/media/owl/Seagate%20Expansion%20Drive/mowlcorp_rep/mowlcorp_2014.10.07_orig/files/ea19299c-ae9f-4f9a-a2de-3a52ee71e696_oldonto.rdf#SweetFruit> <file:/media/owl/Seagate%20Expansion%20Drive/mowlcorp_rep/mowlcorp_2014.10.07_orig/files/ea19299c-ae9f-4f9a-a2de-3a52ee71e696_oldonto.rdf#Fruit>)",369,766.1000000000001,-1.0,3155,0,-1.0,3494,0,-1.0,3292,0,-1.0,3299,0,0,-1.0,3145,0
ore_ont_5966.owl,"SubClassOf(<file:/media/owl/Seagate%20Expansion%20Drive/mowlcorp_rep/mowlcorp_2014.10.07_orig/files/ea19299c-ae9f-4f9a-a2de-3a52ee71e696_oldonto.rdf#OtherTomatoBasedFoodCourse> <http://www.absoluteiri.edu/RELAPPROXC211>)",369,682.6000000000001,-1.0,3347,0,-1.0,3263,0,-1.0,3205,0,-1.0,3224,0,0,-1.0,3521,0
ore_ont_5966.owl,"SubClassOf(<file:/media/owl/Seagate%20Expansion%20Drive/mowlcorp_rep/mowlcorp_2014.10.07_orig/files/ea19299c-ae9f-4f9a-a2de-3a52ee71e696_oldonto.rdf#Fish> <file:/media/owl/Seagate%20Expansion%20Drive/mowlcorp_rep/mowlcorp_2014.10.07_orig/files/ea19299c-ae9f-4f9a-a2de-3a52ee71e696_oldonto.rdf#Seafood>)",369,719.3000000000001,-1.0,3479,0,-1.0,3509,0,-1.0,3034,0,-1.0,3552,0,0,-1.0,3594,0
ore_ont_5966.owl,"SubClassOf(<file:/media/owl/Seagate%20Expansion%20Drive/mowlcorp_rep/mowlcorp_2014.10.07_orig/files/ea19299c-ae9f-4f9a-a2de-3a52ee71e696_oldonto.rdf#OtherTomatoBasedFoodCourse> <file:/media/owl/Seagate%20Expansion%20Drive/mowlcorp_rep/mowlcorp_2014.10.07_orig/files/ea19299c-ae9f-4f9a-a2de-3a52ee71e696_oldonto.rdf#MealCourse>)",369,680.4000000000001,-1.0,3228,0,-1.0,3299,0,-1.0,3190,0,-1.0,3221,0,0,-1.0,3117,0
ore_ont_5966.owl,"SubClassOf(<file:/media/owl/Seagate%20Expansion%20Drive/mowlcorp_rep/mowlcorp_2014.10.07_orig/files/ea19299c-ae9f-4f9a-a2de-3a52ee71e696_oldonto.rdf#CheeseNutsDessert> <file:/media/owl/Seagate%20Expansion%20Drive/mowlcorp_rep/mowlcorp_2014.10.07_orig/files/ea19299c-ae9f-4f9a-a2de-3a52ee71e696_oldonto.rdf#Dessert>)",369,719.3000000000001,-1.0,3209,0,-1.0,3197,0,-1.0,3305,0,-1.0,3186,0,0,-1.0,3162,0
ore_ont_5966.owl,"SubClassOf(<file:/media/owl/Seagate%20Expansion%20Drive/mowlcorp_rep/mowlcorp_2014.10.07_orig/files/ea19299c-ae9f-4f9a-a2de-3a52ee71e696_oldonto.rdf#PastaWithRedSauce> <file:/media/owl/Seagate%20Expansion%20Drive/mowlcorp_rep/mowlcorp_2014.10.07_orig/files/ea19299c-ae9f-4f9a-a2de-3a52ee71e696_oldonto.rdf#Pasta>)",369,719.3000000000001,-1.0,3142,0,-1.0,3161,0,-1.0,3138,0,-1.0,3194,0,0,-1.0,3203,0
ore_ont_5966.owl,"SubClassOf(<file:/media/owl/Seagate%20Expansion%20Drive/mowlcorp_rep/mowlcorp_2014.10.07_orig/files/ea19299c-ae9f-4f9a-a2de-3a52ee71e696_oldonto.rdf#RedMeat> <file:/media/owl/Seagate%20Expansion%20Drive/mowlcorp_rep/mowlcorp_2014.10.07_orig/files/ea19299c-ae9f-4f9a-a2de-3a52ee71e696_oldonto.rdf#Meat>)",369,719.3000000000001,-1.0,3291,0,-1.0,3098,0,-1.0,3123,0,-1.0,3140,0,0,-1.0,3183,0
ore_ont_5966.owl,"SubClassOf(<file:/media/owl/Seagate%20Expansion%20Drive/mowlcorp_rep/mowlcorp_2014.10.07_orig/files/ea19299c-ae9f-4f9a-a2de-3a52ee71e696_oldonto.rdf#OtherTomatoBasedFoodCourse> <http://www.absoluteiri.edu/RELAPPROXC243>)",369,682.6000000000001,-1.0,3067,0,-1.0,3075,0,-1.0,3198,0,-1.0,3165,0,0,-1.0,3153,0
ore_ont_5966.owl,"SubClassOf(<file:/media/owl/Seagate%20Expansion%20Drive/mowlcorp_rep/mowlcorp_2014.10.07_orig/files/ea19299c-ae9f-4f9a-a2de-3a52ee71e696_oldonto.rdf#DarkMeatFowl> <file:/media/owl/Seagate%20Expansion%20Drive/mowlcorp_rep/mowlcorp_2014.10.07_orig/files/ea19299c-ae9f-4f9a-a2de-3a52ee71e696_oldonto.rdf#Fowl>)",369,719.3000000000001,-1.0,3060,0,-1.0,3062,0,-1.0,3167,0,-1.0,3143,0,0,-1.0,3200,0
ore_ont_5966.owl,"SubClassOf(<file:/media/owl/Seagate%20Expansion%20Drive/mowlcorp_rep/mowlcorp_2014.10.07_orig/files/ea19299c-ae9f-4f9a-a2de-3a52ee71e696_oldonto.rdf#Pasta> <file:/media/owl/Seagate%20Expansion%20Drive/mowlcorp_rep/mowlcorp_2014.10.07_orig/files/ea19299c-ae9f-4f9a-a2de-3a52ee71e696_oldonto.rdf#EdibleThing>)",369,613.3000000000002,-1.0,3058,0,-1.0,3424,0,-1.0,3191,0,-1.0,3287,0,0,-1.0,3122,0
ore_ont_11504.owl,"SubClassOf(<http://www.semanticweb.org/vanessa/ontologies/2012/7/untitled-ontology-33#Job> <http://www.semanticweb.org/vanessa/ontologies/2012/7/untitled-ontology-33#Finances>)",401,26.199999999999996,-1.0,3199,0,-1.0,3183,0,-1.0,3160,0,-1.0,3227,0,0,-1.0,3250,0
ore_ont_11504.owl,"SubClassOf(<http://www.semanticweb.org/vanessa/ontologies/2012/7/untitled-ontology-33#Care_plan> <http://www.semanticweb.org/vanessa/ontologies/2012/7/untitled-ontology-33#Documentation>)",401,16.099999999999998,-1.0,3162,0,-1.0,3141,0,-1.0,3329,0,-1.0,3462,0,0,-1.0,3248,0
ore_ont_11504.owl,"SubClassOf(<http://www.semanticweb.org/vanessa/ontologies/2012/7/untitled-ontology-33#Impaired_Skin_Integrity> <http://www.semanticweb.org/vanessa/ontologies/2012/7/untitled-ontology-33#Physical_problems>)",401,13.700000000000001,-1.0,3180,0,-1.0,3294,0,-1.0,3176,0,-1.0,3258,0,0,-1.0,3108,0
ore_ont_11504.owl,"SubClassOf(<http://www.semanticweb.org/vanessa/ontologies/2012/7/untitled-ontology-33#Family> <http://www.semanticweb.org/vanessa/ontologies/2012/7/untitled-ontology-33#People>)",401,10.5,-1.0,3314,0,-1.0,3172,0,-1.0,3209,0,-1.0,3162,0,0,-1.0,3371,0
ore_ont_11504.owl,"SubClassOf(<http://www.semanticweb.org/vanessa/ontologies/2012/7/untitled-ontology-33#Conference> <http://www.semanticweb.org/vanessa/ontologies/2012/7/untitled-ontology-33#Communicate>)",401,16.099999999999998,-1.0,3285,0,-1.0,3329,0,-1.0,3215,0,-1.0,3273,0,0,-1.0,3150,0
ore_ont_11504.owl,"SubClassOf(<http://www.semanticweb.org/vanessa/ontologies/2012/7/untitled-ontology-33#Adjust> <http://www.semanticweb.org/vanessa/ontologies/2012/7/untitled-ontology-33#Manage>)",401,19.699999999999996,-1.0,3138,0,-1.0,3110,0,-1.0,3564,0,-1.0,3321,0,0,-1.0,3508,0
ore_ont_11504.owl,"SubClassOf(<http://www.semanticweb.org/vanessa/ontologies/2012/7/untitled-ontology-33#Physical_Care> <http://www.semanticweb.org/vanessa/ontologies/2012/7/untitled-ontology-33#Coordination_Focus>)",401,19.799999999999997,11.599999999999998,11870,261,9.499999999999998,5812,297,11.599999999999998,6002,211,11.599999999999998,5276,293,2,11.599999999999998,12795,190
ore_ont_11504.owl,"SubClassOf(<http://www.semanticweb.org/vanessa/ontologies/2012/7/untitled-ontology-33#Medical_Devices> <http://www.semanticweb.org/vanessa/ontologies/2012/7/untitled-ontology-33#Services>)",401,51.699999999999996,20.799999999999997,15738,196,24.4,6103,180,20.799999999999997,6317,243,36.0,5458,255,2,20.799999999999997,18267,248
ore_ont_11504.owl,"SubClassOf(<http://www.semanticweb.org/vanessa/ontologies/2012/7/untitled-ontology-33#Laboratory_Tests> <http://www.semanticweb.org/vanessa/ontologies/2012/7/untitled-ontology-33#Physical_Care>)",401,49.599999999999994,19.899999999999995,11734,273,32.699999999999996,6345,233,19.899999999999995,5998,241,32.699999999999996,5585,157,1,19.899999999999995,13012,196
ore_ont_11504.owl,"SubClassOf(<http://www.semanticweb.org/vanessa/ontologies/2012/7/untitled-ontology-33#Oral_medication> <http://www.semanticweb.org/vanessa/ontologies/2012/7/untitled-ontology-33#Medication>)",401,28.0,-1.0,3535,0,-1.0,3308,0,-1.0,3354,0,-1.0,3171,0,0,-1.0,3289,0
ore_ont_637.owl,"SubClassOf(<http://purl.obolibrary.org/obo/GO_0005622> <http://purl.obolibrary.org/obo/GO_0044464>)",800,335.5,-1.0,3402,0,-1.0,3226,0,-1.0,3101,0,-1.0,3642,0,0,-1.0,3338,0
ore_ont_637.owl,"SubClassOf(<http://purl.obolibrary.org/obo/GO_0009987> <http://purl.obolibrary.org/obo/GO_0008150>)",800,304.1,-1.0,3191,0,-1.0,3297,0,-1.0,3392,0,-1.0,3390,0,0,-1.0,3308,0
ore_ont_637.owl,"SubClassOf(<http://purl.obolibrary.org/obo/GO_0070517> <http://purl.obolibrary.org/obo/GO_0043234>)",800,345.59999999999997,-1.0,3209,0,-1.0,3200,0,-1.0,3178,0,-1.0,3080,0,0,-1.0,3101,0
ore_ont_637.owl,"SubClassOf(<http://purl.obolibrary.org/obo/GO_0005634> <http://purl.obolibrary.org/obo/GO_0044464>)",800,291.09999999999997,289.9,9936,259,289.9,6335,335,267.79999999999995,6556,194,289.9,5272,214,1,289.9,10342,197
ore_ont_637.owl,"SubClassOf(<http://purl.obolibrary.org/obo/GO_0016020> <http://purl.obolibrary.org/obo/GO_0005575>)",800,232.29999999999998,-1.0,3100,0,-1.0,3197,0,-1.0,3169,0,-1.0,3170,0,0,-1.0,3133,0
ore_ont_637.owl,"SubClassOf(<http://purl.obolibrary.org/obo/GO_0006259> <http://purl.obolibrary.org/obo/GO_0044237>)",800,320.19999999999993,272.1,22169,308,305.3999999999999,6688,266,305.3999999999999,6004,255,305.3999999999999,5347,299,1,305.3999999999999,10716,298
ore_ont_637.owl,"SubClassOf(<http://purl.obolibrary.org/obo/GO_0005622> <http://purl.obolibrary.org/obo/GO_0005575>)",800,199.59999999999997,179.1,11714,296,132.5,6086,225,179.1,5846,269,179.1,5279,359,1,179.1,13540,372
ore_ont_637.owl,"SubClassOf(<http://purl.obolibrary.org/obo/GO_0044237> <http://purl.obolibrary.org/obo/GO_0009987>)",800,437.49999999999994,-1.0,3446,0,-1.0,3508,0,-1.0,3319,0,-1.0,3662,0,0,-1.0,3329,0
ore_ont_637.owl,"SubClassOf(<http://purl.obolibrary.org/obo/GO_0006811> <http://purl.obolibrary.org/obo/GO_0006810>)",800,250.19999999999996,-1.0,3267,0,-1.0,3336,0,-1.0,3512,0,-1.0,3340,0,0,-1.0,3233,0
ore_ont_637.owl,"SubClassOf(<http://purl.obolibrary.org/obo/GO_0031406> <http://purl.obolibrary.org/obo/GO_0005488>)",800,121.1,107.89999999999998,12127,385,93.8,6994,349,107.89999999999998,6254,330,107.89999999999998,5584,392,3,107.89999999999998,13728,308
ore_ont_2713.owl,"SubClassOf(<file:/media/owl/Seagate%20Expansion%20Drive/mowlcorp_rep/mowlcorp_2014.10.07_orig/files/87d0a399-d147-45f0-8680-92eb7f975195_ka.owl#AcademicStaff> <file:/media/owl/Seagate%20Expansion%20Drive/mowlcorp_rep/mowlcorp_2014.10.07_orig/files/87d0a399-d147-45f0-8680-92eb7f975195_ka.owl#Person>)",318,1508.8000000000004,1495.4000000000005,11784,275,1499.5000000000005,6643,275,1495.4000000000005,6003,340,1499.5000000000005,5595,326,1,1495.4000000000005,13265,284
ore_ont_2713.owl,"SubClassOf(<file:/media/owl/Seagate%20Expansion%20Drive/mowlcorp_rep/mowlcorp_2014.10.07_orig/files/87d0a399-d147-45f0-8680-92eb7f975195_ka.owl#ComputerSupport> <file:/media/owl/Seagate%20Expansion%20Drive/mowlcorp_rep/mowlcorp_2014.10.07_orig/files/87d0a399-d147-45f0-8680-92eb7f975195_ka.owl#Product>)",318,618.1,-1.0,3177,0,-1.0,3082,0,-1.0,3147,0,-1.0,3156,0,0,-1.0,3158,0
ore_ont_2713.owl,"SubClassOf(<file:/media/owl/Seagate%20Expansion%20Drive/mowlcorp_rep/mowlcorp_2014.10.07_orig/files/87d0a399-d147-45f0-8680-92eb7f975195_ka.owl#Meeting> <file:/media/owl/Seagate%20Expansion%20Drive/mowlcorp_rep/mowlcorp_2014.10.07_orig/files/87d0a399-d147-45f0-8680-92eb7f975195_ka.owl#Event>)",318,889.8000000000002,-1.0,3129,0,-1.0,3574,0,-1.0,3232,0,-1.0,3177,0,0,-1.0,3094,0
ore_ont_2713.owl,"SubClassOf(<http://www.absoluteiri.edu/RELAPPROXC396> <http://www.absoluteiri.edu/RELAPPROXC203>)",318,69.3,-1.0,3258,0,-1.0,3355,0,-1.0,3192,0,-1.0,3084,0,0,-1.0,3649,0
ore_ont_2713.owl,"SubClassOf(<file:/media/owl/Seagate%20Expansion%20Drive/mowlcorp_rep/mowlcorp_2014.10.07_orig/files/87d0a399-d147-45f0-8680-92eb7f975195_ka.owl#CaseBaseReasoning> <file:/media/owl/Seagate%20Expansion%20Drive/mowlcorp_rep/mowlcorp_2014.10.07_orig/files/87d0a399-d147-45f0-8680-92eb7f975195_ka.owl#KAThroughMachineLearning>)",318,1577.5000000000007,-1.0,3284,0,-1.0,3274,0,-1.0,3262,0,-1.0,3191,0,0,-1.0,3301,0
ore_ont_2713.owl,"SubClassOf(<file:/media/owl/Seagate%20Expansion%20Drive/mowlcorp_rep/mowlcorp_2014.10.07_orig/files/87d0a399-d147-45f0-8680-92eb7f975195_ka.owl#OntologyLibrary> <file:/media/owl/Seagate%20Expansion%20Drive/mowlcorp_rep/mowlcorp_2014.10.07_orig/files/87d0a399-d147-45f0-8680-92eb7f975195_ka.owl#ComputerSupport>)",318,696.2,-1.0,3203,0,-1.0,3136,0,-1.0,3230,0,-1.0,3188,0,0,-1.0,3097,0
ore_ont_2713.owl,"SubClassOf(<file:/media/owl/Seagate%20Expansion%20Drive/mowlcorp_rep/mowlcorp_2014.10.07_orig/files/87d0a399-d147-45f0-8680-92eb7f975195_ka.owl#ResearchGroup> <file:/media/owl/Seagate%20Expansion%20Drive/mowlcorp_rep/mowlcorp_2014.10.07_orig/files/87d0a399-d147-45f0-8680-92eb7f975195_ka.owl#Organization>)",318,889.8000000000002,-1.0,3201,0,-1.0,3230,0,-1.0,3229,0,-1.0,3114,0,0,-1.0,3203,0
ore_ont_2713.owl,"SubClassOf(<file:/media/owl/Seagate%20Expansion%20Drive/mowlcorp_rep/mowlcorp_2014.10.07_orig/files/87d0a399-d147-45f0-8680-92eb7f975195_ka.owl#DevelopmentProject> <file:/media/owl/Seagate%20Expansion%20Drive/mowlcorp_rep/mowlcorp_2014.10.07_orig/files/87d0a399-d147-45f0-8680-92eb7f975195_ka.owl#Project>)",318,753.5000000000001,-1.0,3230,0,-1.0,3416,0,-1.0,3243,0,-1.0,3343,0,0,-1.0,3404,0
ore_ont_2713.owl,"SubClassOf(<file:/media/owl/Seagate%20Expansion%20Drive/mowlcorp_rep/mowlcorp_2014.10.07_orig/files/87d0a399-d147-45f0-8680-92eb7f975195_ka.owl#Journal> <file:/media/owl/Seagate%20Expansion%20Drive/mowlcorp_rep/mowlcorp_2014.10.07_orig/files/87d0a399-d147-45f0-8680-92eb7f975195_ka.owl#Publication>)",318,957.2000000000002,-1.0,3330,0,-1.0,3144,0,-1.0,3476,0,-1.0,3435,0,0,-1.0,3357,0
ore_ont_2713.owl,"SubClassOf(<file:/media/owl/Seagate%20Expansion%20Drive/mowlcorp_rep/mowlcorp_2014.10.07_orig/files/87d0a399-d147-45f0-8680-92eb7f975195_ka.owl#KAThroughMachineLearning> <file:/media/owl/Seagate%20Expansion%20Drive/mowlcorp_rep/mowlcorp_2014.10.07_orig/files/87d0a399-d147-45f0-8680-92eb7f975195_ka.owl#ResearchTopic>)",318,1500.0000000000005,-1.0,3066,0,-1.0,3590,0,-1.0,3374,0,-1.0,3314,0,0,-1.0,3172,0
ore_ont_14901.owl,"SubClassOf(<http://purl.obolibrary.org/obo/MPATH_215> <http://purl.obolibrary.org/obo/MPATH_212>)",941,49.0,-1.0,3407,0,-1.0,3368,0,-1.0,3280,0,-1.0,3521,0,0,-1.0,3468,0
ore_ont_14901.owl,"SubClassOf(<http://purl.obolibrary.org/obo/MPATH_270> <http://purl.obolibrary.org/obo/MPATH_267>)",941,46.9,-1.0,3416,0,-1.0,3313,0,-1.0,3290,0,-1.0,3275,0,0,-1.0,3279,0
ore_ont_14901.owl,"SubClassOf(<http://purl.obolibrary.org/obo/MPATH_474> <http://purl.obolibrary.org/obo/MPATH_56>)",941,52.699999999999996,32.2,11824,332,14.799999999999999,6742,333,32.2,6389,307,32.2,5464,343,1,32.2,13620,291
ore_ont_14901.owl,"SubClassOf(<http://purl.obolibrary.org/obo/MPATH_268> <http://purl.obolibrary.org/obo/MPATH_549>)",941,46.9,-1.0,3342,0,-1.0,3372,0,-1.0,3323,0,-1.0,3223,0,0,-1.0,3434,0
ore_ont_14901.owl,"SubClassOf(<http://purl.obolibrary.org/obo/MPATH_276> <http://purl.obolibrary.org/obo/MPATH_268>)",941,70.2,-1.0,3301,0,-1.0,3303,0,-1.0,3386,0,-1.0,3624,0,0,-1.0,3629,0
ore_ont_14901.owl,"SubClassOf(<http://purl.obolibrary.org/obo/MPATH_322> <http://purl.obolibrary.org/obo/MPATH_254>)",941,66.10000000000001,-1.0,3255,0,-1.0,3581,0,-1.0,3548,0,-1.0,3350,0,0,-1.0,3357,0
ore_ont_14901.owl,"SubClassOf(<http://purl.obolibrary.org/obo/MPATH_575> <http://purl.obolibrary.org/obo/MPATH_219>)",941,33.2,-1.0,3540,0,-1.0,3404,0,-1.0,3431,0,-1.0,3274,0,0,-1.0,3403,0
ore_ont_14901.owl,"SubClassOf(<http://purl.obolibrary.org/obo/MPATH_544> <http://purl.obolibrary.org/obo/MPATH_270>)",941,101.19999999999999,-1.0,3575,0,-1.0,3182,0,-1.0,3657,0,-1.0,3398,0,0,-1.0,3513,0
ore_ont_14901.owl,"SubClassOf(<http://purl.obolibrary.org/obo/MPATH_270> <http://purl.obolibrary.org/obo/MPATH_218>)",941,55.5,16.5,18139,286,23.3,8050,286,16.5,6525,282,35.6,5449,322,2,16.5,20800,299
ore_ont_14901.owl,"SubClassOf(<http://purl.obolibrary.org/obo/MPATH_555> <http://purl.obolibrary.org/obo/MPATH_33>)",941,28.400000000000002,-1.0,3326,0,-1.0,3285,0,-1.0,3526,0,-1.0,3521,0,0,-1.0,3317,0
ore_ont_3349.owl,"SubClassOf(<http://purl.obolibrary.org/obo/PORO_0000043> <http://purl.obolibrary.org/obo/PORO_0000905>)",970,410.9,-1.0,3459,0,-1.0,3452,0,-1.0,3168,0,-1.0,3217,0,0,-1.0,3142,0
ore_ont_3349.owl,"SubClassOf(<http://purl.obolibrary.org/obo/PORO_0000261> <http://purl.obolibrary.org/obo/PORO_0000601>)",970,1059.9000000000003,-1.0,3275,0,-1.0,3183,0,-1.0,3284,0,-1.0,3643,0,0,-1.0,3605,0
ore_ont_3349.owl,"SubClassOf(<http://purl.obolibrary.org/obo/PORO_0000101> <http://purl.obolibrary.org/obo/PATO_0000051>)",970,142.5,-1.0,3527,0,-1.0,3536,0,-1.0,3465,0,-1.0,3305,0,0,-1.0,3480,0
ore_ont_3349.owl,"SubClassOf(<http://purl.obolibrary.org/obo/PORO_0000017> <http://purl.obolibrary.org/obo/CARO_0000003>)",970,353.4,344.7,12044,360,324.2,7223,396,344.7,6312,322,324.2,5573,233,2,344.7,13687,345
ore_ont_3349.owl,"SubClassOf(<http://purl.obolibrary.org/obo/PORO_0000343> <http://purl.obolibrary.org/obo/PORO_0000097>)",970,666.4,-1.0,3418,0,-1.0,3268,0,-1.0,3304,0,-1.0,3441,0,0,-1.0,3671,0
ore_ont_3349.owl,"SubClassOf(<http://purl.obolibrary.org/obo/PORO_0000601> <http://purl.obolibrary.org/obo/PORO_0000098>)",970,920.1000000000001,-1.0,3376,0,-1.0,3531,0,-1.0,3534,0,-1.0,3256,0,0,-1.0,3354,0
ore_ont_3349.owl,"SubClassOf(<http://purl.obolibrary.org/obo/PORO_0000097> <http://purl.obolibrary.org/obo/PORO_0000017>)",970,438.0,-1.0,3465,0,-1.0,3246,0,-1.0,3318,0,-1.0,3225,0,0,-1.0,3382,0
ore_ont_3349.owl,"SubClassOf(<http://purl.obolibrary.org/obo/PORO_0000914> <http://purl.obolibrary.org/obo/PORO_0000000>)",970,490.90000000000003,-1.0,3179,0,-1.0,3220,0,-1.0,3411,0,-1.0,3256,0,0,-1.0,3104,0
ore_ont_3349.owl,"SubClassOf(<http://purl.obolibrary.org/obo/PORO_0000499> <http://purl.obolibrary.org/obo/PORO_0000532>)",970,367.4,-1.0,3275,0,-1.0,3303,0,-1.0,3212,0,-1.0,3208,0,0,-1.0,3429,0
ore_ont_3349.owl,"SubClassOf(<http://purl.obolibrary.org/obo/PORO_0000017> <http://purl.obolibrary.org/obo/CARO_0000040>)",970,344.29999999999995,-1.0,3256,0,-1.0,3241,0,-1.0,3160,0,-1.0,3231,0,0,-1.0,3367,0
ore_ont_4671.owl,"SubClassOf(<http://purl.obolibrary.org/obo/SPD_0000286> <http://purl.obolibrary.org/obo/SPD_0000359>)",843,1193.9,-1.0,3170,0,-1.0,3135,0,-1.0,3215,0,-1.0,3181,0,0,-1.0,3252,0
ore_ont_4671.owl,"SubClassOf(<http://purl.obolibrary.org/obo/SPD_0000020> <http://purl.obolibrary.org/obo/SPD_0000331>)",843,1519.1000000000001,1518.1999999999998,11954,461,1513.3999999999999,6982,395,1518.1999999999998,6109,442,1513.3999999999999,5617,379,1,1518.1999999999998,13344,362
ore_ont_4671.owl,"SubClassOf(<http://purl.obolibrary.org/obo/SPD_0000112> <http://purl.obolibrary.org/obo/SPD_0000379>)",843,1757.5,-1.0,3161,0,-1.0,3185,0,-1.0,3262,0,-1.0,3198,0,0,-1.0,3204,0
ore_ont_4671.owl,"SubClassOf(<http://purl.obolibrary.org/obo/SPD_0000277> <http://purl.obolibrary.org/obo/SPD_0000364>)",843,1356.1,-1.0,3284,0,-1.0,3266,0,-1.0,3213,0,-1.0,3183,0,0,-1.0,3704,0
ore_ont_4671.owl,"SubClassOf(<http://purl.obolibrary.org/obo/SPD_0000015> <http://purl.obolibrary.org/obo/SPD_0000650>)",843,478.5,-1.0,3171,0,-1.0,3179,0,-1.0,3476,0,-1.0,3408,0,0,-1.0,3303,0
ore_ont_4671.owl,"SubClassOf(<http://purl.obolibrary.org/obo/SPD_0000208> <http://purl.obolibrary.org/obo/SPD_0000153>)",843,1041.0,-1.0,3090,0,-1.0,3482,0,-1.0,3294,0,-1.0,3219,0,0,-1.0,3139,0
ore_ont_4671.owl,"SubClassOf(<http://purl.obolibrary.org/obo/SPD_0000425> <http://purl.obolibrary.org/obo/SPD_0000055>)",843,717.5,-1.0,3588,0,-1.0,3433,0,-1.0,3440,0,-1.0,3404,0,0,-1.0,3291,0
ore_ont_4671.owl,"SubClassOf(<http://purl.obolibrary.org/obo/SPD_0000209> <http://purl.obolibrary.org/obo/SPD_0000147>)",843,1679.9,-1.0,3366,0,-1.0,3152,0,-1.0,3313,0,-1.0,3342,0,0,-1.0,3452,0
ore_ont_4671.owl,"SubClassOf(<http://purl.obolibrary.org/obo/SPD_0000379> <http://purl.obolibrary.org/obo/SPD_0000451>)",843,1038.9,-1.0,3083,0,-1.0,3310,0,-1.0,3251,0,-1.0,3367,0,0,-1.0,3219,0
ore_ont_4671.owl,"SubClassOf(<http://purl.obolibrary.org/obo/SPD_0000022> <http://purl.obolibrary.org/obo/SPD_0000372>)",843,1195.8999999999999,-1.0,3558,0,-1.0,3241,0,-1.0,3330,0,-1.0,3254,0,0,-1.0,3347,0
ore_ont_12831.owl,"SubClassOf(<http://www.text2onto.org/ontology#support_cell> <http://www.text2onto.org/ontology#supportive_cell>)",1027,222.6,-1.0,3309,0,-1.0,3402,0,-1.0,3339,0,-1.0,3241,0,0,-1.0,3312,0
ore_ont_12831.owl,"SubClassOf(<http://www.text2onto.org/ontology#peptide_hormone_secreting_cell> <http://www.text2onto.org/ontology#secretory_cell>)",1027,239.8,242.20000000000002,11827,290,208.90000000000003,6986,420,242.20000000000002,6207,350,208.90000000000003,5445,358,3,242.20000000000002,13797,383
ore_ont_12831.owl,"SubClassOf(<http://www.text2onto.org/ontology#somatostatin_secreting_cell> <http://www.text2onto.org/ontology#peptide_hormone_secreting_cell>)",1027,280.40000000000003,-1.0,3365,0,-1.0,3456,0,-1.0,3304,0,-1.0,3297,0,0,-1.0,3371,0
ore_ont_12831.owl,"SubClassOf(<http://www.text2onto.org/ontology#secretory_cell> <http://www.text2onto.org/ontology#cell_by_function>)",1027,94.30000000000001,-1.0,3551,0,-1.0,3261,0,-1.0,3700,0,-1.0,3407,0,0,-1.0,3330,0
ore_ont_12831.owl,"SubClassOf(<http://www.text2onto.org/ontology#columnar/cuboidal_epithelial_cell> <http://www.text2onto.org/ontology#epithelial_cell>)",1027,121.50000000000001,-1.0,3377,0,-1.0,3330,0,-1.0,3514,0,-1.0,3288,0,0,-1.0,3699,0
ore_ont_12831.owl,"SubClassOf(<http://www.text2onto.org/ontology#macrophage> <http://www.text2onto.org/ontology#stuff_accumulating_cell>)",1027,810.4999999999999,797.0,16235,366,795.1999999999999,7462,319,797.0,6541,337,810.4999999999999,5882,358,2,797.0,19115,359
ore_ont_12831.owl,"SubClassOf(<http://www.text2onto.org/ontology#myeloid_progenitor_cell> <http://www.text2onto.org/ontology#non-terminally_differentiated_cell>)",1027,126.10000000000001,96.30000000000001,11970,440,109.5,7157,344,96.30000000000001,6088,362,109.5,5555,312,2,96.30000000000001,13554,371
ore_ont_12831.owl,"SubClassOf(<http://www.text2onto.org/ontology#vegetative_cell> <http://www.text2onto.org/ontology#plant_cell>)",1027,162.60000000000002,-1.0,3359,0,-1.0,3393,0,-1.0,3372,0,-1.0,3284,0,0,-1.0,3586,0
ore_ont_12831.owl,"SubClassOf(<http://www.text2onto.org/ontology#cns_neuron> <http://www.text2onto.org/ontology#neuron>)",1027,346.49999999999994,-1.0,3291,0,-1.0,3239,0,-1.0,3341,0,-1.0,3682,0,0,-1.0,3211,0
ore_ont_12831.owl,"SubClassOf(<http://www.text2onto.org/ontology#peptide_hormone_secreting_cell> <http://www.text2onto.org/ontology#animal_cell>)",1027,245.80000000000004,214.90000000000003,11699,267,214.90000000000003,6314,312,214.90000000000003,5820,314,245.80000000000004,5483,346,1,214.90000000000003,13666,383
ore_ont_7220.owl,"SubClassOf(<http://purl.obolibrary.org/obo/TO_0000454> <http://purl.obolibrary.org/obo/TO_0000261>)",1175,87.3,-1.0,3131,0,-1.0,3472,0,-1.0,3275,0,-1.0,3219,0,0,-1.0,3222,0
ore_ont_7220.owl,"SubClassOf(<http://purl.obolibrary.org/obo/TO_0002633> <http://purl.obolibrary.org/obo/TO_0000349>)",1175,81.5,-1.0,3276,0,-1.0,3249,0,-1.0,3220,0,-1.0,3263,0,0,-1.0,3264,0
ore_ont_7220.owl,"SubClassOf(<http://purl.obolibrary.org/obo/TO_0000084> <http://purl.obolibrary.org/obo/TO_0000043>)",1175,54.099999999999994,-1.0,3284,0,-1.0,3300,0,-1.0,3335,0,-1.0,3411,0,0,-1.0,3317,0
ore_ont_7220.owl,"SubClassOf(<http://purl.obolibrary.org/obo/TO_0000654> <http://purl.obolibrary.org/obo/TO_0000357>)",1175,21.2,-1.0,3129,0,-1.0,3464,0,-1.0,3400,0,-1.0,3317,0,0,-1.0,3207,0
ore_ont_7220.owl,"SubClassOf(<http://purl.obolibrary.org/obo/TO_0000327> <http://purl.obolibrary.org/obo/TO_0000371>)",1175,23.6,-1.0,3458,0,-1.0,3324,0,-1.0,3188,0,-1.0,3505,0,0,-1.0,3322,0
ore_ont_7220.owl,"SubClassOf(<http://purl.obolibrary.org/obo/TO_0002625> <http://purl.obolibrary.org/obo/TO_0002728>)",1175,56.2,-1.0,3336,0,-1.0,3223,0,-1.0,3497,0,-1.0,3329,0,0,-1.0,3472,0
ore_ont_7220.owl,"SubClassOf(<http://purl.obolibrary.org/obo/TO_0000401> <http://purl.obolibrary.org/obo/TO_0000168>)",1175,61.0,42.0,11820,312,28.9,6449,315,42.0,6102,359,28.9,5369,425,1,42.0,13836,445
ore_ont_7220.owl,"SubClassOf(<http://purl.obolibrary.org/obo/TO_0000667> <http://purl.obolibrary.org/obo/TO_0000162>)",1175,35.5,-1.0,3377,0,-1.0,3252,0,-1.0,3539,0,-1.0,3478,0,0,-1.0,3504,0
ore_ont_7220.owl,"SubClassOf(<http://purl.obolibrary.org/obo/TO_0000657> <http://purl.obolibrary.org/obo/TO_0000373>)",1175,53.3,-1.0,3337,0,-1.0,3461,0,-1.0,3407,0,-1.0,3214,0,0,-1.0,3747,0
ore_ont_7220.owl,"SubClassOf(<http://purl.obolibrary.org/obo/TO_0000664> <http://purl.obolibrary.org/obo/TO_0000439>)",1175,111.69999999999999,-1.0,3377,0,-1.0,3340,0,-1.0,3135,0,-1.0,3723,0,0,-1.0,3447,0
ore_ont_16821.owl,"SubClassOf(<http://cbo.biocomplexity.indiana.edu/svn/cbo/trunk/CBO_1_0.owl#KineticProperty> <http://cbo.biocomplexity.indiana.edu/svn/cbo/trunk/CBO_1_0.owl#CBO_Object>)",1033,2037.4999999999995,2020.8999999999996,12221,269,2016.8000000000006,6927,360,2020.8999999999996,6151,426,2016.8000000000006,5520,449,2,2020.8999999999996,13767,313
ore_ont_16821.owl,"SubClassOf(<http://cbo.biocomplexity.indiana.edu/svn/cbo/trunk/CBO_1_0.owl#GeometricalProperty> <http://cbo.biocomplexity.indiana.edu/svn/cbo/trunk/CBO_1_0.owl#CBO_Object>)",1033,6243.899999999999,6234.0999999999985,12038,266,6182.399999999999,6905,358,6234.0999999999985,6371,377,6234.0999999999985,5412,507,3,6234.0999999999985,13402,395
ore_ont_16821.owl,"SubClassOf(<http://cbo.biocomplexity.indiana.edu/svn/cbo/trunk/CBO_1_0.owl#Texture> <http://cbo.biocomplexity.indiana.edu/svn/cbo/trunk/CBO_1_0.owl#GeometricalProperty>)",1033,4726.799999999999,-1.0,3306,0,-1.0,3302,0,-1.0,3167,0,-1.0,3379,0,0,-1.0,3299,0
ore_ont_16821.owl,"SubClassOf(<http://cbo.biocomplexity.indiana.edu/svn/cbo/trunk/CBO_1_0.owl#Charge> <http://cbo.biocomplexity.indiana.edu/svn/cbo/trunk/CBO_1_0.owl#ElectricalProperty>)",1033,8415.599999999999,-1.0,3259,0,-1.0,3317,0,-1.0,3509,0,-1.0,3375,0,0,-1.0,3266,0
ore_ont_16821.owl,"SubClassOf(<http://cbo.biocomplexity.indiana.edu/svn/cbo/trunk/CBO_1_0.owl#Energy> <http://cbo.biocomplexity.indiana.edu/svn/cbo/trunk/CBO_1_0.owl#CBO_Object>)",1033,4140.699999999999,4107.499999999999,11610,317,4099.600000000001,6571,382,4107.499999999999,6021,304,4099.600000000001,5574,368,2,4107.499999999999,13355,333
ore_ont_16821.owl,"SubClassOf(<http://cbo.biocomplexity.indiana.edu/svn/cbo/trunk/CBO_1_0.owl#GeometricalProperty> <http://cbo.biocomplexity.indiana.edu/svn/cbo/trunk/CBO_1_0.owl#PhysicalObjectQuality>)",1033,11496.199999999999,-1.0,3330,0,-1.0,3207,0,-1.0,3655,0,-1.0,3300,0,0,-1.0,3421,0
ore_ont_16821.owl,"SubClassOf(<http://cbo.biocomplexity.indiana.edu/svn/cbo/trunk/CBO_1_0.owl#StiffnessMechanical> <http://cbo.biocomplexity.indiana.edu/svn/cbo/trunk/CBO_1_0.owl#MechanicalProperty>)",1033,5648.999999999999,-1.0,3262,0,-1.0,3210,0,-1.0,3203,0,-1.0,3160,0,0,-1.0,3070,0
ore_ont_16821.owl,"SubClassOf(<http://cbo.biocomplexity.indiana.edu/svn/cbo/trunk/CBO_1_0.owl#ChemicalPattern> <http://cbo.biocomplexity.indiana.edu/svn/cbo/trunk/CBO_1_0.owl#ChemicalProperty>)",1033,5454.9,-1.0,3347,0,-1.0,3279,0,-1.0,3207,0,-1.0,3436,0,0,-1.0,3340,0
ore_ont_16821.owl,"SubClassOf(<http://cbo.biocomplexity.indiana.edu/svn/cbo/trunk/CBO_1_0.owl#GenerationalAge> <http://cbo.biocomplexity.indiana.edu/svn/cbo/trunk/CBO_1_0.owl#Age>)",1033,5325.5,-1.0,3252,0,-1.0,3221,0,-1.0,3347,0,-1.0,3321,0,0,-1.0,3330,0
ore_ont_16821.owl,"SubClassOf(<http://cbo.biocomplexity.indiana.edu/svn/cbo/trunk/CBO_1_0.owl#Random> <http://cbo.biocomplexity.indiana.edu/svn/cbo/trunk/CBO_1_0.owl#StatisticalProperty>)",1033,2105.9999999999995,-1.0,3176,0,-1.0,3629,0,-1.0,3321,0,-1.0,3415,0,0,-1.0,3237,0
ore_ont_4400.owl,"SubClassOf(<http://www.aiai.ed.ac.uk/resources/go/cell.owl#CL.0000510> <http://www.aiai.ed.ac.uk/resources/go/cell.owl#CL.0000075>)",1334,327.49999999999994,327.2,18109,315,305.90000000000003,7700,357,327.2,6917,272,305.90000000000003,5481,368,1,327.2,21007,281
ore_ont_4400.owl,"SubClassOf(<http://www.aiai.ed.ac.uk/resources/go/cell.owl#CL.0000154> <http://www.aiai.ed.ac.uk/resources/go/cell.owl#CL.0000152>)",1334,94.1,-1.0,3221,0,-1.0,3251,0,-1.0,3200,0,-1.0,3646,0,0,-1.0,3354,0
ore_ont_4400.owl,"SubClassOf(<http://www.aiai.ed.ac.uk/resources/go/cell.owl#CL.0000056> <http://www.aiai.ed.ac.uk/resources/go/cell.owl#CL.0000055>)",1334,99.2,-1.0,3344,0,-1.0,3295,0,-1.0,3552,0,-1.0,3531,0,0,-1.0,3404,0
ore_ont_4400.owl,"SubClassOf(<http://www.aiai.ed.ac.uk/resources/go/cell.owl#CL.0000167> <http://www.aiai.ed.ac.uk/resources/go/cell.owl#CL.0000163>)",1334,91.4,-1.0,3149,0,-1.0,3163,0,-1.0,3175,0,-1.0,3218,0,0,-1.0,3184,0
ore_ont_4400.owl,"SubClassOf(<http://www.aiai.ed.ac.uk/resources/go/cell.owl#CL.0000152> <http://www.aiai.ed.ac.uk/resources/go/cell.owl#CL.0000548>)",1334,74.80000000000001,-1.0,3473,0,-1.0,3378,0,-1.0,3383,0,-1.0,3196,0,0,-1.0,3675,0
ore_ont_4400.owl,"SubClassOf(<http://www.aiai.ed.ac.uk/resources/go/cell.owl#CL.0000117> <http://www.aiai.ed.ac.uk/resources/go/cell.owl#CL.0000540>)",1334,49.0,-1.0,3377,0,-1.0,3251,0,-1.0,3524,0,-1.0,3364,0,0,-1.0,3479,0
ore_ont_4400.owl,"SubClassOf(<http://www.aiai.ed.ac.uk/resources/go/cell.owl#CL.0000392> <http://www.aiai.ed.ac.uk/resources/go/cell.owl#CL.0000009>)",1334,38.599999999999994,-1.0,3211,0,-1.0,3472,0,-1.0,3342,0,-1.0,3334,0,0,-1.0,3223,0
ore_ont_4400.owl,"SubClassOf(<http://www.aiai.ed.ac.uk/resources/go/cell.owl#CL.0000172> <http://www.aiai.ed.ac.uk/resources/go/cell.owl#CL.0000167>)",1334,124.8,-1.0,3357,0,-1.0,3457,0,-1.0,3312,0,-1.0,3397,0,0,-1.0,3485,0
ore_ont_4400.owl,"SubClassOf(<http://www.aiai.ed.ac.uk/resources/go/cell.owl#CL.0000075> <http://www.aiai.ed.ac.uk/resources/go/cell.owl#CL.0000066>)",1334,48.4,-1.0,3402,0,-1.0,3231,0,-1.0,3646,0,-1.0,3580,0,0,-1.0,3380,0
ore_ont_4400.owl,"SubClassOf(<http://www.aiai.ed.ac.uk/resources/go/cell.owl#CL.0000152> <http://www.aiai.ed.ac.uk/resources/go/cell.owl#CL.0000144>)",1334,73.0,66.0,12152,284,66.0,7039,357,66.0,6540,398,80.50000000000001,5787,462,1,66.0,13766,387
ore_ont_15397.owl,"SubClassOf(<http://ccdb.ucsd.edu/NIF/NIF-Subcellular2.owl#sao1687101204> <http://ccdb.ucsd.edu/NIF/NIF-Subcellular2.owl#sao830981606>)",1392,3785.6,-1.0,3113,0,-1.0,3171,0,-1.0,3195,0,-1.0,3154,0,0,-1.0,3132,0
ore_ont_15397.owl,"SubClassOf(<http://ccdb.ucsd.edu/NIF/NIF-Subcellular2.owl#sao-343550527> <http://ccdb.ucsd.edu/NIF/NIF-Subcellular2.owl#sao1289190043>)",1392,9358.199999999997,-1.0,3142,0,-1.0,3165,0,-1.0,3257,0,-1.0,3137,0,0,-1.0,3547,0
ore_ont_15397.owl,"SubClassOf(<http://ccdb.ucsd.edu/NIF/NIF-Subcellular2.owl#sao11978067> <http://www.absoluteiri.edu/RELAPPROXC235>)",1392,9359.199999999999,-1.0,3351,0,-1.0,3307,0,-1.0,3298,0,-1.0,3356,0,0,-1.0,3369,0
ore_ont_15397.owl,"SubClassOf(<http://ccdb.ucsd.edu/NIF/NIF-Subcellular2.owl#sao1911631652> <http://ccdb.ucsd.edu/NIF/NIF-Subcellular2.owl#sao1784069613>)",1392,3239.9000000000005,3238.9,11879,439,3221.7000000000007,6960,415,3238.9,6326,407,3238.9,5760,465,2,3238.9,14172,509
ore_ont_15397.owl,"SubClassOf(<http://ccdb.ucsd.edu/NIF/NIF-Subcellular2.owl#sao1615953555> <http://ccdb.ucsd.edu/NIF/NIF-Subcellular2.owl#sao628508602>)",1392,3869.4,3860.4000000000005,11910,455,3856.8,6812,392,3860.4000000000005,6105,416,3860.4000000000005,5353,417,2,3860.4000000000005,13662,443
ore_ont_15397.owl,"SubClassOf(<http://ccdb.ucsd.edu/NIF/NIF-Subcellular2.owl#sao414196390> <http://ccdb.ucsd.edu/NIF/NIF-Subcellular2.owl#sao1539965131>)",1392,3226.6000000000004,-1.0,3294,0,-1.0,3152,0,-1.0,3212,0,-1.0,3275,0,0,-1.0,3313,0
ore_ont_15397.owl,"SubClassOf(<http://ccdb.ucsd.edu/NIF/NIF-Subcellular2.owl#sao730872736> <http://www.absoluteiri.edu/RELAPPROXC235>)",1392,3067.600000000001,-1.0,3158,0,-1.0,3635,0,-1.0,3273,0,-1.0,3200,0,0,-1.0,3132,0
ore_ont_15397.owl,"SubClassOf(<http://ccdb.ucsd.edu/NIF/NIF-Subcellular2.owl#sao4933778419> <http://ccdb.ucsd.edu/NIF/NIF-Subcellular2.owl#sao120573470>)",1392,3071.7000000000007,-1.0,3335,0,-1.0,3358,0,-1.0,3334,0,-1.0,3160,0,0,-1.0,3624,0
ore_ont_15397.owl,"SubClassOf(<http://ccdb.ucsd.edu/NIF/NIF-Subcellular2.owl#sao1362520468> <http://ccdb.ucsd.edu/NIF/NIF-Subcellular2.owl#sao221389602>)",1392,3553.2999999999997,3541.6,11905,407,3545.5,7038,390,3541.6,6390,389,3545.5,5336,511,3,3541.6,13815,502
ore_ont_15397.owl,"SubClassOf(<http://ccdb.ucsd.edu/NIF/NIF-Subcellular2.owl#sao1846835077> <http://ccdb.ucsd.edu/NIF/NIF-Subcellular2.owl#sao1635329413>)",1392,9440.3,-1.0,3205,0,-1.0,3375,0,-1.0,3504,0,-1.0,3259,0,0,-1.0,3241,0
ore_ont_15985.owl,"SubClassOf(<http://purl.obolibrary.org/obo/TO_0000454> <http://purl.obolibrary.org/obo/TO_0000261>)",1374,86.7,-1.0,3304,0,-1.0,3298,0,-1.0,3255,0,-1.0,3254,0,0,-1.0,3316,0
ore_ont_15985.owl,"SubClassOf(<http://purl.obolibrary.org/obo/TO_0000654> <http://purl.obolibrary.org/obo/TO_0000357>)",1374,22.099999999999998,-1.0,3322,0,-1.0,3251,0,-1.0,3193,0,-1.0,3350,0,0,-1.0,3341,0
ore_ont_15985.owl,"SubClassOf(<http://purl.obolibrary.org/obo/TO_0012006> <http://purl.obolibrary.org/obo/TO_0000349>)",1374,50.0,-1.0,3674,0,-1.0,3475,0,-1.0,3280,0,-1.0,3266,0,0,-1.0,3333,0
ore_ont_15985.owl,"SubClassOf(<http://purl.obolibrary.org/obo/TO_0000327> <http://purl.obolibrary.org/obo/TO_0000371>)",1374,23.299999999999997,-1.0,3300,0,-1.0,3253,0,-1.0,3253,0,-1.0,3366,0,0,-1.0,3338,0
ore_ont_15985.owl,"SubClassOf(<http://purl.obolibrary.org/obo/TO_0002625> <http://purl.obolibrary.org/obo/TO_0002728>)",1374,56.8,-1.0,3363,0,-1.0,3247,0,-1.0,3290,0,-1.0,3349,0,0,-1.0,3464,0
ore_ont_15985.owl,"SubClassOf(<http://purl.obolibrary.org/obo/TO_0000084> <http://purl.obolibrary.org/obo/TO_0000168>)",1374,95.8,-1.0,3366,0,-1.0,3785,0,-1.0,3258,0,-1.0,3292,0,0,-1.0,3326,0
ore_ont_15985.owl,"SubClassOf(<http://purl.obolibrary.org/obo/TO_0000667> <http://purl.obolibrary.org/obo/TO_0000162>)",1374,36.7,-1.0,3145,0,-1.0,3352,0,-1.0,3249,0,-1.0,3245,0,0,-1.0,3190,0
ore_ont_15985.owl,"SubClassOf(<http://purl.obolibrary.org/obo/TO_0000657> <http://purl.obolibrary.org/obo/TO_0000373>)",1374,70.3,-1.0,3254,0,-1.0,3284,0,-1.0,3214,0,-1.0,3255,0,0,-1.0,3502,0
ore_ont_15985.owl,"SubClassOf(<http://purl.obolibrary.org/obo/TO_0001024> <http://purl.obolibrary.org/obo/TO_0000465>)",1374,37.3,-1.0,3462,0,-1.0,3275,0,-1.0,3225,0,-1.0,3510,0,0,-1.0,3336,0
ore_ont_15985.owl,"SubClassOf(<http://purl.obolibrary.org/obo/TO_0000664> <http://purl.obolibrary.org/obo/TO_0000439>)",1374,89.4,-1.0,3255,0,-1.0,3126,0,-1.0,3597,0,-1.0,3379,0,0,-1.0,3351,0
ore_ont_10283.owl,"SubClassOf(<http://www.lornet.org/ACM-CSS.owl#G.3.0> <http://www.lornet.org/ACM-CSS.owl#G.3>)",1459,17.3,-1.0,3304,0,-1.0,3434,0,-1.0,3313,0,-1.0,3524,0,0,-1.0,3413,0
ore_ont_10283.owl,"SubClassOf(<http://www.lornet.org/ACM-CSS.owl#D.2.2> <http://www.lornet.org/ACM-CSS.owl#D.2>)",1459,16.4,-1.0,3402,0,-1.0,3318,0,-1.0,3594,0,-1.0,3460,0,0,-1.0,3414,0
ore_ont_10283.owl,"SubClassOf(<http://www.lornet.org/ACM-CSS.owl#D.3.3.15> <http://www.lornet.org/ACM-CSS.owl#D.3.3>)",1459,27.099999999999998,-1.0,3493,0,-1.0,3342,0,-1.0,3492,0,-1.0,3373,0,0,-1.0,3545,0
ore_ont_10283.owl,"SubClassOf(<http://www.lornet.org/ACM-CSS.owl#D.3.4.8> <http://www.lornet.org/ACM-CSS.owl#D.3.4>)",1459,25.9,-1.0,3400,0,-1.0,3413,0,-1.0,3402,0,-1.0,3400,0,0,-1.0,3415,0
ore_ont_10283.owl,"SubClassOf(<http://www.lornet.org/ACM-CSS.owl#I.2.10> <http://www.lornet.org/ACM-CSS.owl#I.2>)",1459,16.7,-1.0,3301,0,-1.0,3619,0,-1.0,3313,0,-1.0,3508,0,0,-1.0,3356,0
ore_ont_10283.owl,"SubClassOf(<http://www.lornet.org/ACM-CSS.owl#D.2.2.0> <http://www.lornet.org/ACM-CSS.owl#D.2.2>)",1459,28.900000000000002,-1.0,3451,0,-1.0,3331,0,-1.0,3375,0,-1.0,3367,0,0,-1.0,3492,0
ore_ont_10283.owl,"SubClassOf(<http://www.lornet.org/ACM-CSS.owl#I.4.8.9> <http://www.lornet.org/ACM-CSS.owl#I.4.8>)",1459,29.8,-1.0,3345,0,-1.0,3338,0,-1.0,3579,0,-1.0,3428,0,0,-1.0,3397,0
ore_ont_10283.owl,"SubClassOf(<http://www.lornet.org/ACM-CSS.owl#H.5.2.1> <http://www.lornet.org/ACM-CSS.owl#H.5.2>)",1459,28.900000000000002,-1.0,3368,0,-1.0,3533,0,-1.0,3369,0,-1.0,3495,0,0,-1.0,3333,0
ore_ont_10283.owl,"SubClassOf(<http://www.lornet.org/ACM-CSS.owl#D.3.2.13> <http://www.lornet.org/ACM-CSS.owl#D.3.2>)",1459,26.499999999999996,-1.0,3348,0,-1.0,3503,0,-1.0,3146,0,-1.0,3716,0,0,-1.0,3469,0
ore_ont_10283.owl,"SubClassOf(<http://www.lornet.org/ACM-CSS.owl#G.1.2> <http://www.lornet.org/ACM-CSS.owl#G.1>)",1459,15.5,-1.0,3234,0,-1.0,3337,0,-1.0,3564,0,-1.0,3521,0,0,-1.0,3397,0
ore_ont_1473.owl,"SubClassOf(<http://purl.obolibrary.org/obo/DIS_2322> <http://purl.obolibrary.org/obo/DIS_0298>)",1676,227.49999999999994,181.89999999999998,16123,395,153.29999999999998,6878,385,181.89999999999998,6794,429,181.89999999999998,5505,458,1,181.89999999999998,19377,403
ore_ont_1473.owl,"SubClassOf(<http://purl.obolibrary.org/obo/DIS_1613> <http://purl.obolibrary.org/obo/DIS_1246>)",1676,110.4,50.099999999999994,16040,383,33.6,6970,427,50.099999999999994,6644,435,76.39999999999999,5645,463,1,50.099999999999994,19435,385
ore_ont_1473.owl,"SubClassOf(<http://purl.obolibrary.org/obo/DIS_0331> <http://purl.obolibrary.org/obo/DIS_0455>)",1676,273.5,-1.0,3266,0,-1.0,3373,0,-1.0,3198,0,-1.0,3249,0,0,-1.0,3637,0
ore_ont_1473.owl,"SubClassOf(<http://purl.obolibrary.org/obo/DIS_1242> <http://purl.obolibrary.org/obo/DIS_1613>)",1676,230.29999999999995,-1.0,3380,0,-1.0,3319,0,-1.0,3356,0,-1.0,3377,0,0,-1.0,3432,0
ore_ont_1473.owl,"SubClassOf(<http://purl.obolibrary.org/obo/DIS_0952> <http://purl.obolibrary.org/obo/DIS_0155>)",1676,105.30000000000001,-1.0,3227,0,-1.0,3403,0,-1.0,3507,0,-1.0,3307,0,0,-1.0,3282,0
ore_ont_1473.owl,"SubClassOf(<http://purl.obolibrary.org/obo/DIS_0455> <http://purl.obolibrary.org/obo/DIS_1947>)",1676,151.8,-1.0,3530,0,-1.0,3538,0,-1.0,3315,0,-1.0,3656,0,0,-1.0,3519,0
ore_ont_1473.owl,"SubClassOf(<http://purl.obolibrary.org/obo/DIS_0428> <http://purl.obolibrary.org/obo/DIS_0067>)",1676,220.39999999999998,-1.0,3376,0,-1.0,3567,0,-1.0,3448,0,-1.0,3492,0,0,-1.0,3292,0
ore_ont_1473.owl,"SubClassOf(<http://purl.obolibrary.org/obo/DIS_1140> <http://purl.obolibrary.org/obo/DIS_0361>)",1676,56.2,-1.0,3399,0,-1.0,3353,0,-1.0,3377,0,-1.0,3255,0,0,-1.0,3328,0
ore_ont_1473.owl,"SubClassOf(<http://purl.obolibrary.org/obo/DIS_0106> <http://purl.obolibrary.org/obo/DIS_0255>)",1676,220.69999999999996,-1.0,3358,0,-1.0,3379,0,-1.0,3637,0,-1.0,3431,0,0,-1.0,3431,0
ore_ont_1473.owl,"SubClassOf(<http://purl.obolibrary.org/obo/DIS_0574> <http://purl.obolibrary.org/obo/DIS_0428>)",1676,300.3,-1.0,3142,0,-1.0,3429,0,-1.0,3530,0,-1.0,3384,0,0,-1.0,3184,0
ore_ont_12009.owl,"SubClassOf(<http://doe-generated-ontology.com/OntoPneumo#Cystectomie> <http://doe-generated-ontology.com/OntoPneumo#InterventionChirurgicale>)",1165,126.5,-1.0,3516,0,-1.0,3425,0,-1.0,3671,0,-1.0,3487,0,0,-1.0,3476,0
ore_ont_12009.owl,"SubClassOf(<http://doe-generated-ontology.com/OntoPneumo#PseudomonasAeruginosa> <http://doe-generated-ontology.com/OntoPneumo#Bacterie>)",1165,124.7,-1.0,3479,0,-1.0,3580,0,-1.0,3441,0,-1.0,3475,0,0,-1.0,3600,0
ore_ont_12009.owl,"SubClassOf(<http://doe-generated-ontology.com/OntoPneumo#Tete> <http://doe-generated-ontology.com/OntoPneumo#RegionAnatomique>)",1165,122.6,-1.0,3432,0,-1.0,3334,0,-1.0,3491,0,-1.0,3439,0,0,-1.0,3427,0
ore_ont_12009.owl,"SubClassOf(<http://doe-generated-ontology.com/OntoPneumo#Poumon> <http://doe-generated-ontology.com/OntoPneumo#Organe>)",1165,164.1,-1.0,3187,0,-1.0,3538,0,-1.0,3465,0,-1.0,3513,0,0,-1.0,3155,0
ore_ont_12009.owl,"SubClassOf(<http://doe-generated-ontology.com/OntoPneumo#Bisolvon> <http://doe-generated-ontology.com/OntoPneumo#Fluidifiant>)",1165,196.70000000000002,-1.0,3384,0,-1.0,3637,0,-1.0,3386,0,-1.0,3661,0,0,-1.0,3528,0
ore_ont_12009.owl,"SubClassOf(<http://doe-generated-ontology.com/OntoPneumo#Vertebre> <http://doe-generated-ontology.com/OntoPneumo#Os>)",1165,158.1,-1.0,3437,0,-1.0,3143,0,-1.0,3513,0,-1.0,3477,0,0,-1.0,3463,0
ore_ont_12009.owl,"SubClassOf(<http://doe-generated-ontology.com/OntoPneumo#PathologieRespiratoireTumoraleBenigne> <http://doe-generated-ontology.com/OntoPneumo#PathologieRespiratoire>)",1165,125.29999999999998,-1.0,3396,0,-1.0,3380,0,-1.0,3562,0,-1.0,3295,0,0,-1.0,3652,0
ore_ont_12009.owl,"SubClassOf(<http://doe-generated-ontology.com/OntoPneumo#ArtereBronchique> <http://doe-generated-ontology.com/OntoPneumo#Artere>)",1165,249.09999999999997,-1.0,3257,0,-1.0,3304,0,-1.0,3121,0,-1.0,3544,0,0,-1.0,3300,0
ore_ont_12009.owl,"SubClassOf(<http://doe-generated-ontology.com/OntoPneumo#ComposantDeLExplorationDeLHemostase> <http://doe-generated-ontology.com/OntoPneumo#PrelevementSanguin>)",1165,135.8,-1.0,3341,0,-1.0,3388,0,-1.0,3401,0,-1.0,3556,0,0,-1.0,3102,0
ore_ont_12009.owl,"SubClassOf(<http://doe-generated-ontology.com/OntoPneumo#PseudoLymphomePulmonaire> <http://doe-generated-ontology.com/OntoPneumo#PathologieRespiratoireTumoraleBenigne>)",1165,169.5,-1.0,3429,0,-1.0,3388,0,-1.0,3534,0,-1.0,3151,0,0,-1.0,3508,0
ore_ont_8135.owl,"SubClassOf(<http://www.ebi.ac.uk/efo/swo/SWO_0000595> <http://purl.obolibrary.org/obo/IAO_0000064>)",1627,406.3,-1.0,3307,0,-1.0,3443,0,-1.0,3338,0,-1.0,3372,0,0,-1.0,3256,0
ore_ont_8135.owl,"SubClassOf(<http://www.ebi.ac.uk/efo/swo/SWO_0000084> <http://purl.obolibrary.org/obo/IAO_0000098>)",1627,316.90000000000003,-1.0,3476,0,-1.0,3417,0,-1.0,3430,0,-1.0,3321,0,0,-1.0,3586,0
ore_ont_8135.owl,"SubClassOf(<http://www.ebi.ac.uk/efo/swo/SWO_0000182> <http://purl.obolibrary.org/obo/IAO_0000010>)",1627,526.5,295.79999999999995,12001,708,413.09999999999997,6990,588,295.79999999999995,6510,583,295.79999999999995,5403,633,2,295.79999999999995,14261,652
ore_ont_8135.owl,"SubClassOf(<http://www.ebi.ac.uk/efo/swo/SWO_0000554> <http://purl.obolibrary.org/obo/IAO_0000027>)",1627,210.10000000000002,-1.0,3386,0,-1.0,3139,0,-1.0,3208,0,-1.0,3179,0,0,-1.0,3177,0
ore_ont_8135.owl,"SubClassOf(<http://www.ebi.ac.uk/efo/swo/SWO_0000409> <http://purl.obolibrary.org/obo/IAO_0000098>)",1627,435.59999999999997,-1.0,3132,0,-1.0,3625,0,-1.0,3434,0,-1.0,3306,0,0,-1.0,3313,0
ore_ont_8135.owl,"SubClassOf(<http://purl.obolibrary.org/obo/OBI_0200031> <http://purl.obolibrary.org/obo/IAO_0000005>)",1627,330.3,-1.0,3278,0,-1.0,3365,0,-1.0,3236,0,-1.0,3212,0,0,-1.0,3395,0
ore_ont_8135.owl,"SubClassOf(<http://www.ebi.ac.uk/efo/swo/SWO_0000624> <http://purl.obolibrary.org/obo/IAO_0000027>)",1627,326.4,-1.0,3355,0,-1.0,3230,0,-1.0,3164,0,-1.0,3206,0,0,-1.0,3223,0
ore_ont_8135.owl,"SubClassOf(<http://www.ebi.ac.uk/efo/swo/SWO_0000116> <http://purl.obolibrary.org/obo/IAO_0000027>)",1627,296.2,-1.0,3100,0,-1.0,3447,0,-1.0,3454,0,-1.0,3592,0,0,-1.0,3458,0
ore_ont_8135.owl,"SubClassOf(<http://www.ebi.ac.uk/efo/swo/SWO_0000661> <http://purl.obolibrary.org/obo/IAO_0000027>)",1627,342.5,-1.0,3549,0,-1.0,3515,0,-1.0,3196,0,-1.0,3137,0,0,-1.0,3731,0
ore_ont_8135.owl,"SubClassOf(<http://www.ebi.ac.uk/efo/swo/SWO_0000415> <http://purl.obolibrary.org/obo/IAO_0000030>)",1627,423.1,409.00000000000006,11952,558,420.7,6737,595,409.00000000000006,6277,562,409.00000000000006,5475,631,1,409.00000000000006,13786,484
ore_ont_11014.owl,"SubClassOf(<http://purl.obolibrary.org/obo/MS_1001371> <http://purl.obolibrary.org/obo/MS_1001143>)",1816,279.09999999999997,-1.0,3359,0,-1.0,3305,0,-1.0,3310,0,-1.0,3275,0,0,-1.0,3759,0
ore_ont_11014.owl,"SubClassOf(<http://purl.obolibrary.org/obo/MS_1001371> <http://purl.obolibrary.org/obo/MS_1001153>)",1816,284.5,-1.0,3350,0,-1.0,3270,0,-1.0,3747,0,-1.0,3313,0,0,-1.0,3298,0
ore_ont_11014.owl,"SubClassOf(<http://purl.obolibrary.org/obo/MS_1000752> <http://purl.obolibrary.org/obo/MS_1001457>)",1816,146.0,-1.0,3296,0,-1.0,3384,0,-1.0,3302,0,-1.0,3321,0,0,-1.0,3254,0
ore_ont_11014.owl,"SubClassOf(<http://purl.obolibrary.org/obo/MS_1000719> <http://purl.obolibrary.org/obo/MS_1000692>)",1816,182.0,-1.0,3454,0,-1.0,3342,0,-1.0,3268,0,-1.0,3143,0,0,-1.0,3227,0
ore_ont_11014.owl,"SubClassOf(<http://purl.obolibrary.org/obo/MS_1000752> <http://purl.obolibrary.org/obo/MS_1001456>)",1816,146.0,-1.0,3322,0,-1.0,3193,0,-1.0,3349,0,-1.0,3388,0,0,-1.0,3475,0
ore_ont_11014.owl,"SubClassOf(<http://purl.obolibrary.org/obo/MS_1000242> <http://purl.obolibrary.org/obo/MS_1000437>)",1816,82.1,-1.0,3386,0,-1.0,3700,0,-1.0,3381,0,-1.0,3307,0,0,-1.0,3319,0
ore_ont_11014.owl,"SubClassOf(<http://purl.obolibrary.org/obo/MS_1000247> <http://purl.obolibrary.org/obo/MS_1000008>)",1816,49.2,-1.0,3342,0,-1.0,3422,0,-1.0,3401,0,-1.0,3295,0,0,-1.0,3355,0
ore_ont_11014.owl,"SubClassOf(<http://purl.obolibrary.org/obo/MS_1000293> <http://purl.obolibrary.org/obo/MS_1000479>)",1816,47.1,-1.0,3323,0,-1.0,3272,0,-1.0,3713,0,-1.0,3339,0,0,-1.0,3313,0
ore_ont_11014.owl,"SubClassOf(<http://purl.obolibrary.org/obo/MS_1001227> <http://purl.obolibrary.org/obo/MS_1001221>)",1816,142.9,-1.0,3212,0,-1.0,3281,0,-1.0,3358,0,-1.0,3269,0,0,-1.0,3251,0
ore_ont_11014.owl,"SubClassOf(<http://purl.obolibrary.org/obo/MS_1001041> <http://purl.obolibrary.org/obo/MS_1001302>)",1816,168.4,141.4,11845,528,118.9,7060,466,141.4,6319,504,141.4,5810,467,1,141.4,14059,511
ore_ont_13578.owl,"SubClassOf(<http://purl.obolibrary.org/obo/VHOG_0000319> <http://purl.obolibrary.org/obo/VHOG_0001245>)",1692,9561.3,-1.0,3398,0,-1.0,3348,0,-1.0,3463,0,-1.0,3439,0,0,-1.0,3489,0
ore_ont_13578.owl,"SubClassOf(<http://purl.obolibrary.org/obo/VHOG_0000334> <http://purl.obolibrary.org/obo/VHOG_0001190>)",1692,15496.899999999998,-1.0,3320,0,-1.0,3243,0,-1.0,3187,0,-1.0,3256,0,0,-1.0,3278,0
ore_ont_13578.owl,"SubClassOf(<http://purl.obolibrary.org/obo/VHOG_0000726> <http://purl.obolibrary.org/obo/VHOG_0001725>)",1692,16607.6,16537.4,11831,922,16466.6,7654,806,16537.4,6573,791,16537.4,5440,829,2,16537.4,14628,1049
ore_ont_13578.owl,"SubClassOf(<http://purl.obolibrary.org/obo/VHOG_0000725> <http://purl.obolibrary.org/obo/VHOG_0001725>)",1692,14656.899999999998,14654.199999999999,11761,684,14636.5,7245,747,14654.199999999999,6137,798,14654.199999999999,5416,817,1,14654.199999999999,14014,817
ore_ont_13578.owl,"SubClassOf(<http://purl.obolibrary.org/obo/VHOG_0000319> <http://purl.obolibrary.org/obo/VHOG_0001757>)",1692,14024.599999999997,14009.800000000001,11828,756,14021.2,7711,766,14009.800000000001,6043,745,14021.2,5419,865,2,14009.800000000001,14374,803
ore_ont_13578.owl,"SubClassOf(<http://purl.obolibrary.org/obo/VHOG_0000713> <http://purl.obolibrary.org/obo/VHOG_0000319>)",1692,19591.1,-1.0,3254,0,-1.0,3296,0,-1.0,3148,0,-1.0,3251,0,0,-1.0,3266,0
ore_ont_13578.owl,"SubClassOf(<http://purl.obolibrary.org/obo/VHOG_0000288> <http://purl.obolibrary.org/obo/VHOG_0001737>)",1692,15547.499999999998,-1.0,3221,0,-1.0,3153,0,-1.0,3725,0,-1.0,3335,0,0,-1.0,3240,0
ore_ont_13578.owl,"SubClassOf(<http://purl.obolibrary.org/obo/VHOG_0000276> <http://purl.obolibrary.org/obo/VHOG_0001730>)",1692,5088.6,-1.0,3353,0,-1.0,3356,0,-1.0,3368,0,-1.0,3169,0,0,-1.0,3285,0
ore_ont_13578.owl,"SubClassOf(<http://purl.obolibrary.org/obo/VHOG_0001535> <http://purl.obolibrary.org/obo/VHOG_0001533>)",1692,5952.7,-1.0,3336,0,-1.0,3388,0,-1.0,3348,0,-1.0,3382,0,0,-1.0,3348,0
ore_ont_13578.owl,"SubClassOf(<http://purl.obolibrary.org/obo/VHOG_0000275> <http://purl.obolibrary.org/obo/VHOG_0001730>)",1692,22553.3,-1.0,3313,0,-1.0,3356,0,-1.0,3326,0,-1.0,3294,0,0,-1.0,3256,0
ore_ont_3635.owl,"SubClassOf(<http://purl.obolibrary.org/obo/HAO_0000461> <http://purl.obolibrary.org/obo/HAO_0000397>)",2002,543.3000000000001,-1.0,3350,0,-1.0,3238,0,-1.0,3122,0,-1.0,3330,0,0,-1.0,3418,0
ore_ont_3635.owl,"SubClassOf(<http://purl.obolibrary.org/obo/HAO_0000864> <http://purl.obolibrary.org/obo/HAO_0000188>)",2002,725.3,-1.0,3156,0,-1.0,3329,0,-1.0,3352,0,-1.0,3346,0,0,-1.0,3231,0
ore_ont_3635.owl,"SubClassOf(<http://purl.obolibrary.org/obo/HAO_0000234> <http://purl.obolibrary.org/obo/HAO_0000003>)",2002,889.4999999999999,675.9000000000001,16065,636,683.4000000000001,7159,584,675.9000000000001,6595,672,683.4000000000001,5747,584,1,675.9000000000001,20128,747
ore_ont_3635.owl,"SubClassOf(<http://purl.obolibrary.org/obo/HAO_0000505> <http://purl.obolibrary.org/obo/HAO_0000003>)",2002,977.3999999999999,448.20000000000005,20277,747,886.2,7707,785,448.20000000000005,6968,602,749.4000000000001,5748,869,2,448.20000000000005,26520,740
ore_ont_3635.owl,"SubClassOf(<http://purl.obolibrary.org/obo/HAO_0000853> <http://purl.obolibrary.org/obo/HAO_0000003>)",2002,814.1000000000001,706.4,24633,713,536.6,7689,630,706.4,7891,784,536.6,5516,665,2,706.4,32262,712
ore_ont_3635.owl,"SubClassOf(<http://purl.obolibrary.org/obo/HAO_0000822> <http://purl.obolibrary.org/obo/HAO_0000146>)",2002,1117.3999999999999,-1.0,3559,0,-1.0,3317,0,-1.0,3340,0,-1.0,3492,0,0,-1.0,3307,0
ore_ont_3635.owl,"SubClassOf(<http://purl.obolibrary.org/obo/HAO_0000234> <http://purl.obolibrary.org/obo/HAO_0000909>)",2002,285.09999999999997,-1.0,3326,0,-1.0,3348,0,-1.0,3266,0,-1.0,3222,0,0,-1.0,3268,0
ore_ont_3635.owl,"SubClassOf(<http://purl.obolibrary.org/obo/HAO_0000244> <http://purl.obolibrary.org/obo/HAO_0000978>)",2002,259.2,-1.0,3293,0,-1.0,3167,0,-1.0,3219,0,-1.0,3260,0,0,-1.0,3224,0
ore_ont_3635.owl,"SubClassOf(<http://purl.obolibrary.org/obo/HAO_0000853> <http://purl.obolibrary.org/obo/HAO_0000041>)",2002,354.7,278.6,15863,540,165.4,7472,648,278.6,6849,552,165.4,5470,599,3,278.6,20678,703
ore_ont_3635.owl,"SubClassOf(<http://purl.obolibrary.org/obo/HAO_0000925> <http://purl.obolibrary.org/obo/HAO_0000641>)",2002,232.39999999999998,-1.0,3320,0,-1.0,3312,0,-1.0,3425,0,-1.0,3371,0,0,-1.0,3339,0
ore_ont_725.owl,"SubClassOf(<http://purl.obolibrary.org/obo/MOD_00707> <http://purl.obolibrary.org/obo/MOD_00919>)",2437,202.70000000000002,-1.0,3571,0,-1.0,3182,0,-1.0,3506,0,-1.0,3468,0,0,-1.0,3412,0
ore_ont_725.owl,"SubClassOf(<http://purl.obolibrary.org/obo/MOD_00134> <http://purl.obolibrary.org/obo/MOD_00912>)",2437,227.00000000000003,-1.0,3258,0,-1.0,3562,0,-1.0,3475,0,-1.0,3444,0,0,-1.0,3409,0
ore_ont_725.owl,"SubClassOf(<http://purl.obolibrary.org/obo/MOD_00002> <http://purl.obolibrary.org/obo/MOD_00916>)",2437,207.50000000000003,-1.0,3472,0,-1.0,3411,0,-1.0,3303,0,-1.0,3391,0,0,-1.0,3475,0
ore_ont_725.owl,"SubClassOf(<http://purl.obolibrary.org/obo/MI_0612> <http://purl.obolibrary.org/obo/MI_0664>)",2437,101.30000000000001,-1.0,3346,0,-1.0,3534,0,-1.0,3452,0,-1.0,3377,0,0,-1.0,3226,0
ore_ont_725.owl,"SubClassOf(<http://purl.obolibrary.org/obo/MI_0212> <http://purl.obolibrary.org/obo/MI_0414>)",2437,119.7,73.19999999999999,11948,635,94.19999999999999,7437,648,73.19999999999999,6448,725,94.19999999999999,5839,714,2,73.19999999999999,14484,653
ore_ont_725.owl,"SubClassOf(<http://purl.obolibrary.org/obo/MOD_00687> <http://purl.obolibrary.org/obo/MOD_00905>)",2437,128.70000000000002,-1.0,3438,0,-1.0,3357,0,-1.0,3228,0,-1.0,3634,0,0,-1.0,3254,0
ore_ont_725.owl,"SubClassOf(<http://purl.obolibrary.org/obo/MOD_00298> <http://purl.obolibrary.org/obo/MOD_00909>)",2437,324.20000000000005,-1.0,3215,0,-1.0,3218,0,-1.0,3639,0,-1.0,3518,0,0,-1.0,3498,0
ore_ont_725.owl,"SubClassOf(<http://purl.obolibrary.org/obo/MI_2064> <http://purl.obolibrary.org/obo/MI_0640>)",2437,21.6,-1.0,3466,0,-1.0,3439,0,-1.0,3399,0,-1.0,3265,0,0,-1.0,3610,0
ore_ont_725.owl,"SubClassOf(<http://purl.obolibrary.org/obo/MI_0434> <http://purl.obolibrary.org/obo/MI_0415>)",2437,68.6,-1.0,3387,0,-1.0,3255,0,-1.0,3535,0,-1.0,3385,0,0,-1.0,3508,0
ore_ont_725.owl,"SubClassOf(<http://purl.obolibrary.org/obo/MOD_00134> <http://purl.obolibrary.org/obo/MOD_00908>)",2437,227.00000000000003,-1.0,3183,0,-1.0,3266,0,-1.0,3259,0,-1.0,3204,0,0,-1.0,3266,0
ore_ont_15950.owl,"SubClassOf(<http://purl.obolibrary.org/obo/WBPhenotype_0000717> <http://purl.obolibrary.org/obo/WBPhenotype_0000027>)",2111,201.39999999999998,-1.0,3228,0,-1.0,3184,0,-1.0,3220,0,-1.0,3284,0,0,-1.0,3299,0
ore_ont_15950.owl,"SubClassOf(<http://purl.obolibrary.org/obo/WBPhenotype_0001344> <http://purl.obolibrary.org/obo/WBPhenotype_0000533>)",2111,160.3,133.0,11941,550,144.3,6882,517,133.0,6297,507,133.0,5480,542,3,133.0,14003,571
ore_ont_15950.owl,"SubClassOf(<http://purl.obolibrary.org/obo/WBPhenotype_0000011> <http://purl.obolibrary.org/obo/WBPhenotype_0000631>)",2111,319.6,-1.0,3208,0,-1.0,3670,0,-1.0,3702,0,-1.0,3521,0,0,-1.0,3285,0
ore_ont_15950.owl,"SubClassOf(<http://purl.obolibrary.org/obo/WBPhenotype_0001438> <http://purl.obolibrary.org/obo/WBPhenotype_0000525>)",2111,823.2000000000002,694.5,41440,666,815.1,8921,606,815.1,6973,687,823.2000000000002,5690,619,1,815.1,17961,689
ore_ont_15950.owl,"SubClassOf(<http://purl.obolibrary.org/obo/WBPhenotype_0001102> <http://purl.obolibrary.org/obo/WBPhenotype_0001100>)",2111,643.8,626.1,11880,710,613.7,7366,495,626.1,6365,685,613.7,5776,657,1,626.1,14442,718
ore_ont_15950.owl,"SubClassOf(<http://purl.obolibrary.org/obo/WBPhenotype_0000024> <http://purl.obolibrary.org/obo/WBPhenotype_0000011>)",2111,390.0,-1.0,3334,0,-1.0,3338,0,-1.0,3736,0,-1.0,3454,0,0,-1.0,3593,0
ore_ont_15950.owl,"SubClassOf(<http://purl.obolibrary.org/obo/WBPhenotype_0001100> <http://purl.obolibrary.org/obo/WBPhenotype_0000749>)",2111,241.29999999999998,241.29999999999998,11931,716,224.1,7730,665,241.29999999999998,6924,592,241.29999999999998,5802,659,1,241.29999999999998,15219,676
ore_ont_15950.owl,"SubClassOf(<http://purl.obolibrary.org/obo/WBPhenotype_0000146> <http://purl.obolibrary.org/obo/WBPhenotype_0000067>)",2111,257.40000000000003,-1.0,3564,0,-1.0,3561,0,-1.0,3763,0,-1.0,3516,0,0,-1.0,3663,0
ore_ont_15950.owl,"SubClassOf(<http://purl.obolibrary.org/obo/WBPhenotype_0000825> <http://purl.obolibrary.org/obo/WBPhenotype_0000529>)",2111,157.9,143.4,11966,512,132.4,7570,666,143.4,6705,666,143.4,5556,649,2,143.4,14785,540
ore_ont_15950.owl,"SubClassOf(<http://purl.obolibrary.org/obo/WBPhenotype_0000746> <http://purl.obolibrary.org/obo/WBPhenotype_0000536>)",2111,112.3,-1.0,3238,0,-1.0,3208,0,-1.0,3306,0,-1.0,3160,0,0,-1.0,3779,0
ore_ont_12397.owl,"SubClassOf(<http://purl.obolibrary.org/obo/CMO_0000119> <http://purl.obolibrary.org/obo/CMO_0000028>)",2676,75.10000000000001,-1.0,3226,0,-1.0,3560,0,-1.0,3499,0,-1.0,3506,0,0,-1.0,3313,0
ore_ont_12397.owl,"SubClassOf(<http://purl.obolibrary.org/obo/CMO_0000265> <http://purl.obolibrary.org/obo/CMO_0000230>)",2676,63.5,-1.0,3401,0,-1.0,3408,0,-1.0,3412,0,-1.0,3213,0,0,-1.0,3435,0
ore_ont_12397.owl,"SubClassOf(<http://purl.obolibrary.org/obo/CMO_0000230> <http://purl.obolibrary.org/obo/CMO_0000000>)",2676,53.3,25.4,22815,1590,38.300000000000004,8893,667,38.300000000000004,6650,634,31.400000000000002,5571,625,1,38.300000000000004,11943,741
ore_ont_12397.owl,"SubClassOf(<http://purl.obolibrary.org/obo/CMO_0000758> <http://purl.obolibrary.org/obo/CMO_0000256>)",2676,75.9,22.5,18453,609,38.7,9439,657,22.5,7514,737,55.699999999999996,5600,631,3,22.5,22931,756
ore_ont_12397.owl,"SubClassOf(<http://purl.obolibrary.org/obo/CMO_0000927> <http://purl.obolibrary.org/obo/CMO_0000926>)",2676,131.8,116.2,11979,688,116.2,7776,630,116.2,6349,631,116.2,5596,610,1,116.2,14909,614
ore_ont_12397.owl,"SubClassOf(<http://purl.obolibrary.org/obo/CMO_0000518> <http://purl.obolibrary.org/obo/CMO_0000119>)",2676,102.30000000000001,-1.0,3213,0,-1.0,3195,0,-1.0,3217,0,-1.0,3219,0,0,-1.0,3287,0
ore_ont_12397.owl,"SubClassOf(<http://purl.obolibrary.org/obo/CMO_0000110> <http://purl.obolibrary.org/obo/CMO_0000227>)",2676,249.2,248.39999999999998,40871,603,217.0,7228,621,188.20000000000002,6927,566,188.20000000000002,5479,612,1,188.20000000000002,17831,587
ore_ont_12397.owl,"SubClassOf(<http://purl.obolibrary.org/obo/CMO_0000951> <http://purl.obolibrary.org/obo/CMO_0000068>)",2676,134.2,113.50000000000001,15951,586,80.39999999999999,7112,595,113.50000000000001,6557,557,113.50000000000001,5406,571,1,113.50000000000001,19677,611
ore_ont_12397.owl,"SubClassOf(<http://purl.obolibrary.org/obo/CMO_0000068> <http://purl.obolibrary.org/obo/CMO_0000021>)",2676,30.2,-1.0,3193,0,-1.0,3197,0,-1.0,3265,0,-1.0,3304,0,0,-1.0,3213,0
ore_ont_12397.owl,"SubClassOf(<http://purl.obolibrary.org/obo/CMO_0000230> <http://purl.obolibrary.org/obo/CMO_0000669>)",2676,44.2,29.200000000000003,11785,565,29.200000000000003,7529,565,29.200000000000003,6231,664,44.2,5450,608,1,29.200000000000003,14022,872
ore_ont_412.owl,"SubClassOf(<http://purl.org/biotop/biotop.owl#Population> <http://www.absoluteiri.edu/RELAPPROXC443>)",2498,7290.0000000000055,7276.400000000004,30401,754,7280.899999999996,10802,913,7274.400000000005,7156,948,7274.400000000005,5496,768,2,7274.400000000005,26310,798
ore_ont_412.owl,"SubClassOf(<http://purl.org/biotop/biotop.owl#Population> <http://purl.org/biotop/biotop.owl#MaterialEntity>)",2498,7283.0000000000055,7269.400000000004,26252,759,7273.899999999996,11312,771,7273.899999999996,6514,751,7283.0000000000055,5471,846,3,7273.899999999996,19451,832
ore_ont_412.owl,"SubClassOf(<http://purl.org/biotop/biotop.owl#TaxonQuality> <http://www.absoluteiri.edu/RELAPPROXC409>)",2498,4217.999999999999,4198.299999999999,11717,813,4200.299999999999,8287,706,4198.299999999999,6075,696,4200.299999999999,5347,689,1,4198.299999999999,15990,725
ore_ont_412.owl,"SubClassOf(<http://purl.org/biotop/biotop.owl#AnimalPopulation> <http://purl.org/biotop/biotop.owl#Population>)",2498,8702.10000000001,-1.0,3200,0,-1.0,3212,0,-1.0,3186,0,-1.0,3246,0,0,-1.0,3223,0
ore_ont_412.owl,"SubClassOf(<http://purl.org/biotop/biotop.owl#Action> <http://purl.org/biotop/biotop.owl#ProcessualEntity>)",2498,3127.799999999999,-1.0,3192,0,-1.0,3295,0,-1.0,3342,0,-1.0,3262,0,0,-1.0,3294,0
ore_ont_412.owl,"SubClassOf(<http://purl.org/biotop/biotop.owl#BacterialCell> <http://purl.org/biotop/biotop.owl#Cell>)",2498,10872.000000000007,10872.000000000007,11823,703,10857.499999999989,10429,739,10872.000000000007,6010,671,10857.499999999989,5425,764,1,10872.000000000007,15635,752
ore_ont_412.owl,"SubClassOf(<http://www.absoluteiri.edu/RELAPPROXC1149> <http://purl.org/biotop/biotop.owl#TaxonQuality>)",2498,5033.9000000000015,-1.0,3203,0,-1.0,3230,0,-1.0,3211,0,-1.0,3205,0,0,-1.0,3206,0
ore_ont_412.owl,"SubClassOf(<http://purl.org/biotop/biotop.owl#SubmolecularGroup> <http://purl.org/biotop/biotop.owl#MonoMolecularEntity>)",2498,6618.100000000004,6587.7999999999965,11770,774,6597.800000000004,8415,804,6587.7999999999965,6070,759,6597.800000000004,5442,763,1,6587.7999999999965,15868,819
ore_ont_412.owl,"SubClassOf(<http://purl.org/biotop/biotop.owl#AnimalIncludingHuman> <http://purl.org/biotop/biotop.owl#Organism>)",2498,8953.700000000006,8869.699999999993,15907,751,8913.600000000008,8542,778,8869.699999999993,6623,758,8881.800000000007,5462,755,1,8869.699999999993,22026,737
ore_ont_412.owl,"SubClassOf(<http://purl.org/biotop/biotop.owl#Organism> <http://purl.org/biotop/biotop.owl#StructuredBiologicalEntity>)",2498,7047.800000000005,7024.800000000005,11742,771,7024.500000000005,10953,754,7024.800000000005,6122,719,7024.800000000005,5439,776,1,7024.800000000005,15841,798
ore_ont_670.owl,"SubClassOf(<http://purl.obolibrary.org/obo/WBPhenotype_0001441> <http://purl.obolibrary.org/obo/WBPhenotype_0000525>)",2326,368.4,277.7999999999999,40743,632,360.3,8950,690,360.3,6562,682,360.3,5450,658,2,360.3,17706,684
ore_ont_670.owl,"SubClassOf(<http://purl.obolibrary.org/obo/WBPhenotype_0000631> <http://purl.obolibrary.org/obo/WBPhenotype_0000577>)",2326,84.1,56.2,16053,672,28.300000000000004,7250,683,56.2,6681,694,28.300000000000004,5536,654,1,56.2,20149,608
ore_ont_670.owl,"SubClassOf(<http://purl.obolibrary.org/obo/WBPhenotype_0000717> <http://purl.obolibrary.org/obo/WBPhenotype_0000027>)",2326,47.199999999999996,-1.0,3232,0,-1.0,3261,0,-1.0,3269,0,-1.0,3217,0,0,-1.0,3259,0
ore_ont_670.owl,"SubClassOf(<http://purl.obolibrary.org/obo/WBPhenotype_0000011> <http://purl.obolibrary.org/obo/WBPhenotype_0000631>)",2326,105.69999999999999,-1.0,3274,0,-1.0,3168,0,-1.0,3222,0,-1.0,3248,0,0,-1.0,3219,0
ore_ont_670.owl,"SubClassOf(<http://purl.obolibrary.org/obo/WBPhenotype_0001260> <http://purl.obolibrary.org/obo/WBPhenotype_0000533>)",2326,35.199999999999996,9.1,11757,647,19.8,7246,661,9.1,6358,721,9.1,5483,770,1,9.1,14275,668
ore_ont_670.owl,"SubClassOf(<http://purl.obolibrary.org/obo/WBPhenotype_0001102> <http://purl.obolibrary.org/obo/WBPhenotype_0001100>)",2326,176.7000000000001,162.00000000000006,11749,672,146.89999999999995,7272,633,162.00000000000006,6186,674,146.89999999999995,5563,715,2,162.00000000000006,14291,632
ore_ont_670.owl,"SubClassOf(<http://purl.obolibrary.org/obo/WBPhenotype_0000024> <http://purl.obolibrary.org/obo/WBPhenotype_0000011>)",2326,146.7,-1.0,3179,0,-1.0,3197,0,-1.0,3220,0,-1.0,3169,0,0,-1.0,3164,0
ore_ont_670.owl,"SubClassOf(<http://purl.obolibrary.org/obo/WBPhenotype_0001100> <http://purl.obolibrary.org/obo/WBPhenotype_0000749>)",2326,54.4,54.4,11707,773,37.50000000000001,7304,681,54.4,6231,692,54.4,5449,716,2,54.4,14280,668
ore_ont_670.owl,"SubClassOf(<http://purl.obolibrary.org/obo/WBPhenotype_0000825> <http://purl.obolibrary.org/obo/WBPhenotype_0000529>)",2326,33.4,19.200000000000003,11701,674,8.5,7344,639,19.200000000000003,6196,752,19.200000000000003,5444,662,2,19.200000000000003,14309,695
ore_ont_670.owl,"SubClassOf(<http://purl.obolibrary.org/obo/WBPhenotype_0000746> <http://purl.obolibrary.org/obo/WBPhenotype_0000536>)",2326,19.6,-1.0,3158,0,-1.0,3167,0,-1.0,3265,0,-1.0,3270,0,0,-1.0,3132,0
ore_ont_15292.owl,"SubClassOf(<http://purl.obolibrary.org/obo/MOD_00964> <http://purl.obolibrary.org/obo/MOD_00947>)",3458,33.4,-1.0,3227,0,-1.0,3199,0,-1.0,3168,0,-1.0,3165,0,0,-1.0,3182,0
ore_ont_15292.owl,"SubClassOf(<http://purl.obolibrary.org/obo/MOD_01426> <http://purl.obolibrary.org/obo/MOD_00848>)",3458,54.400000000000006,-1.0,3187,0,-1.0,3216,0,-1.0,3207,0,-1.0,3404,0,0,-1.0,3182,0
ore_ont_15292.owl,"SubClassOf(<http://purl.obolibrary.org/obo/MOD_00134> <http://purl.obolibrary.org/obo/MOD_01875>)",3458,180.5,-1.0,3166,0,-1.0,3214,0,-1.0,3176,0,-1.0,3182,0,0,-1.0,3173,0
ore_ont_15292.owl,"SubClassOf(<http://purl.obolibrary.org/obo/MOD_00002> <http://purl.obolibrary.org/obo/MOD_00916>)",3458,104.5,-1.0,3367,0,-1.0,3214,0,-1.0,3357,0,-1.0,3217,0,0,-1.0,3215,0
ore_ont_15292.owl,"SubClassOf(<http://purl.obolibrary.org/obo/MOD_01875> <http://purl.obolibrary.org/obo/MOD_00912>)",3458,76.6,-1.0,3184,0,-1.0,3190,0,-1.0,3167,0,-1.0,3187,0,0,-1.0,3258,0
ore_ont_15292.owl,"SubClassOf(<http://purl.obolibrary.org/obo/MOD_00985> <http://purl.obolibrary.org/obo/MOD_00919>)",3458,46.3,-1.0,3177,0,-1.0,3194,0,-1.0,3147,0,-1.0,3226,0,0,-1.0,3177,0
ore_ont_15292.owl,"SubClassOf(<http://purl.obolibrary.org/obo/MOD_00005> <http://purl.obolibrary.org/obo/MOD_00917>)",3458,104.5,-1.0,3202,0,-1.0,3179,0,-1.0,3193,0,-1.0,3235,0,0,-1.0,3196,0
ore_ont_15292.owl,"SubClassOf(<http://purl.obolibrary.org/obo/MOD_00687> <http://purl.obolibrary.org/obo/MOD_00905>)",3458,47.800000000000004,-1.0,3176,0,-1.0,3228,0,-1.0,3149,0,-1.0,3158,0,0,-1.0,3189,0
ore_ont_15292.owl,"SubClassOf(<http://purl.obolibrary.org/obo/MOD_00298> <http://purl.obolibrary.org/obo/MOD_00909>)",3458,183.3,-1.0,3219,0,-1.0,3182,0,-1.0,3158,0,-1.0,3168,0,0,-1.0,3201,0
ore_ont_15292.owl,"SubClassOf(<http://purl.obolibrary.org/obo/MOD_01453> <http://purl.obolibrary.org/obo/MOD_00906>)",3458,179.49999999999997,179.49999999999997,11876,821,179.49999999999997,7792,699,179.49999999999997,6311,729,179.49999999999997,5520,728,1,179.49999999999997,14240,699
ore_ont_5080.owl,"SubClassOf(<http://purl.obolibrary.org/obo/PO_0025018> <http://purl.obolibrary.org/obo/PO_0025001>)",2825,387.20000000000005,376.70000000000005,11735,645,322.9,7358,639,376.70000000000005,6103,704,376.70000000000005,5544,679,2,376.70000000000005,14501,674
ore_ont_5080.owl,"SubClassOf(<http://purl.obolibrary.org/obo/PO_0000010> <http://purl.obolibrary.org/obo/PO_0009009>)",2825,171.49999999999997,-1.0,3148,0,-1.0,3127,0,-1.0,3136,0,-1.0,3117,0,0,-1.0,3160,0
ore_ont_5080.owl,"SubClassOf(<http://purl.obolibrary.org/obo/PO_0025030> <http://purl.obolibrary.org/obo/PO_0009002>)",2825,273.99999999999994,-1.0,3204,0,-1.0,3181,0,-1.0,3207,0,-1.0,3229,0,0,-1.0,3161,0
ore_ont_5080.owl,"SubClassOf(<http://purl.obolibrary.org/obo/PO_0006016> <http://purl.obolibrary.org/obo/PO_0005679>)",2825,540.4,519.5,18009,730,467.2,9364,796,524.0,6815,744,519.5,5526,714,2,519.5,23129,804
ore_ont_5080.owl,"SubClassOf(<http://purl.obolibrary.org/obo/PO_0005679> <http://purl.obolibrary.org/obo/PO_0009007>)",2825,253.09999999999997,-1.0,3247,0,-1.0,3124,0,-1.0,3142,0,-1.0,3275,0,0,-1.0,3245,0
ore_ont_5080.owl,"SubClassOf(<http://purl.obolibrary.org/obo/PO_0020030> <http://purl.obolibrary.org/obo/PO_0009025>)",2825,428.00000000000006,-1.0,3127,0,-1.0,3203,0,-1.0,3203,0,-1.0,3178,0,0,-1.0,3248,0
ore_ont_5080.owl,"SubClassOf(<http://purl.obolibrary.org/obo/PO_0025128> <http://purl.obolibrary.org/obo/PO_0009013>)",2825,421.6000000000001,352.19999999999993,11741,693,407.20000000000005,8038,659,352.19999999999993,6220,794,352.19999999999993,5547,794,1,352.19999999999993,14225,721
ore_ont_5080.owl,"SubClassOf(<http://purl.obolibrary.org/obo/PO_0020121> <http://purl.obolibrary.org/obo/PO_0009005>)",2825,340.70000000000005,-1.0,3181,0,-1.0,3203,0,-1.0,3177,0,-1.0,3197,0,0,-1.0,3207,0
ore_ont_5080.owl,"SubClassOf(<http://purl.obolibrary.org/obo/PO_0009081> <http://purl.obolibrary.org/obo/PO_0025029>)",2825,456.70000000000016,396.4999999999999,18090,692,396.4999999999999,9810,638,396.4999999999999,6929,669,404.4999999999999,5582,791,2,396.4999999999999,22731,719
ore_ont_5080.owl,"SubClassOf(<http://purl.obolibrary.org/obo/PO_0005421> <http://purl.obolibrary.org/obo/PO_0025059>)",2825,299.1,-1.0,3153,0,-1.0,3206,0,-1.0,3281,0,-1.0,3180,0,0,-1.0,3222,0
ore_ont_9598.owl,"SubClassOf(<http://purl.obolibrary.org/obo/AAO_0000137> <http://purl.obolibrary.org/obo/AAO_0000138>)",2673,68.89999999999999,14.2,11717,970,38.800000000000004,7800,990,14.2,6182,1054,38.800000000000004,5521,1061,3,14.2,14776,1159
ore_ont_9598.owl,"SubClassOf(<http://purl.obolibrary.org/obo/AAO_0010603> <http://purl.obolibrary.org/obo/AAO_0000977>)",2673,150.5,-1.0,3196,0,-1.0,3134,0,-1.0,3129,0,-1.0,3155,0,0,-1.0,3240,0
ore_ont_9598.owl,"SubClassOf(<http://purl.obolibrary.org/obo/AAO_0010714> <http://purl.obolibrary.org/obo/AAO_0010687>)",2673,276.4,-1.0,3269,0,-1.0,3271,0,-1.0,3255,0,-1.0,3263,0,0,-1.0,3224,0
ore_ont_9598.owl,"SubClassOf(<http://purl.obolibrary.org/obo/AAO_0000320> <http://purl.obolibrary.org/obo/AAO_0010841>)",2673,528.7,5.199999999999999,11784,1059,265.0,8045,1042,5.199999999999999,6388,1055,5.199999999999999,5525,1059,1,5.199999999999999,14881,1020
ore_ont_9598.owl,"SubClassOf(<http://purl.obolibrary.org/obo/AAO_0000192> <http://purl.obolibrary.org/obo/AAO_0000051>)",2673,100.0,-1.0,3222,0,-1.0,3210,0,-1.0,3208,0,-1.0,3307,0,0,-1.0,3187,0
ore_ont_9598.owl,"SubClassOf(<http://purl.obolibrary.org/obo/AAO_0010517> <http://purl.obolibrary.org/obo/AAO_0010212>)",2673,542.0,-1.0,3280,0,-1.0,3221,0,-1.0,3279,0,-1.0,3275,0,0,-1.0,3211,0
ore_ont_9598.owl,"SubClassOf(<http://purl.obolibrary.org/obo/AAO_0010758> <http://purl.obolibrary.org/obo/AAO_0000218>)",2673,277.6,-1.0,3225,0,-1.0,3282,0,-1.0,3249,0,-1.0,3171,0,0,-1.0,3226,0
ore_ont_9598.owl,"SubClassOf(<http://purl.obolibrary.org/obo/AAO_0000052> <http://purl.obolibrary.org/obo/AAO_0010009>)",2673,67.8,24.900000000000006,11745,973,44.400000000000006,7948,996,24.900000000000006,6282,1077,24.900000000000006,5505,1023,1,24.900000000000006,14856,1084
ore_ont_9598.owl,"SubClassOf(<http://purl.obolibrary.org/obo/AAO_0010324> <http://purl.obolibrary.org/obo/AAO_0010012>)",2673,28.7,-1.0,3229,0,-1.0,3218,0,-1.0,3233,0,-1.0,3308,0,0,-1.0,3237,0
ore_ont_9598.owl,"SubClassOf(<http://purl.obolibrary.org/obo/AAO_0010146> <http://purl.obolibrary.org/obo/AAO_0000320>)",2673,534.2,-1.0,3190,0,-1.0,3232,0,-1.0,3213,0,-1.0,3211,0,0,-1.0,3210,0
ore_ont_380.owl,"SubClassOf(<http://rhizomik.net/ontologies/2006/01/NewsCodes-SubjectsOnto.owl#04005003> <http://rhizomik.net/ontologies/2006/01/NewsCodes-SubjectsOnto.owl#SubjectDetail>)",2407,398.79999999999995,-1.0,3187,0,-1.0,3226,0,-1.0,3179,0,-1.0,3207,0,0,-1.0,3184,0
ore_ont_380.owl,"SubClassOf(<http://rhizomik.net/ontologies/2006/01/NewsCodes-SubjectsOnto.owl#15005000> <http://rhizomik.net/ontologies/2006/01/NewsCodes-SubjectsOnto.owl#15000000>)",2407,44.3,-1.0,3158,0,-1.0,3161,0,-1.0,3204,0,-1.0,3209,0,0,-1.0,3194,0
ore_ont_380.owl,"SubClassOf(<http://rhizomik.net/ontologies/2006/01/NewsCodes-SubjectsOnto.owl#04008018> <http://rhizomik.net/ontologies/2006/01/NewsCodes-SubjectsOnto.owl#04008000>)",2407,496.0,-1.0,3165,0,-1.0,3163,0,-1.0,3168,0,-1.0,3198,0,0,-1.0,3148,0
ore_ont_380.owl,"SubClassOf(<http://rhizomik.net/ontologies/2006/01/NewsCodes-SubjectsOnto.owl#04016019> <http://rhizomik.net/ontologies/2006/01/NewsCodes-SubjectsOnto.owl#04016000>)",2407,496.0,-1.0,3159,0,-1.0,3183,0,-1.0,3149,0,-1.0,3158,0,0,-1.0,3176,0
ore_ont_380.owl,"SubClassOf(<http://rhizomik.net/ontologies/2006/01/NewsCodes-SubjectsOnto.owl#15005013> <http://rhizomik.net/ontologies/2006/01/NewsCodes-SubjectsOnto.owl#15005000>)",2407,496.0,-1.0,3204,0,-1.0,3142,0,-1.0,3158,0,-1.0,3163,0,0,-1.0,3203,0
ore_ont_380.owl,"SubClassOf(<http://rhizomik.net/ontologies/2006/01/NewsCodes-SubjectsOnto.owl#15062009> <http://rhizomik.net/ontologies/2006/01/NewsCodes-SubjectsOnto.owl#15062000>)",2407,496.0,-1.0,3153,0,-1.0,3190,0,-1.0,3227,0,-1.0,3219,0,0,-1.0,3168,0
ore_ont_380.owl,"SubClassOf(<http://rhizomik.net/ontologies/2006/01/NewsCodes-SubjectsOnto.owl#14006000> <http://rhizomik.net/ontologies/2006/01/NewsCodes-SubjectsOnto.owl#14000000>)",2407,24.799999999999997,-1.0,3174,0,-1.0,3171,0,-1.0,3202,0,-1.0,3180,0,0,-1.0,3205,0
ore_ont_380.owl,"SubClassOf(<http://rhizomik.net/ontologies/2006/01/NewsCodes-SubjectsOnto.owl#15073025> <http://rhizomik.net/ontologies/2006/01/NewsCodes-SubjectsOnto.owl#15073000>)",2407,496.0,-1.0,3160,0,-1.0,3175,0,-1.0,3169,0,-1.0,3225,0,0,-1.0,3217,0
ore_ont_380.owl,"SubClassOf(<http://rhizomik.net/ontologies/2006/01/NewsCodes-SubjectsOnto.owl#SubjectDetail> <http://rhizomik.net/ontologies/2006/01/NewsCodes-SubjectsOnto.owl#SubjectMatter>)",2407,112.39999999999999,-1.0,3219,0,-1.0,3212,0,-1.0,3194,0,-1.0,3212,0,0,-1.0,3186,0
ore_ont_380.owl,"SubClassOf(<http://rhizomik.net/ontologies/2006/01/NewsCodes-SubjectsOnto.owl#01011000> <http://rhizomik.net/ontologies/2006/01/NewsCodes-SubjectsOnto.owl#01000000>)",2407,24.799999999999997,-1.0,3181,0,-1.0,3225,0,-1.0,3146,0,-1.0,3191,0,0,-1.0,3212,0
ore_ont_566.owl,"SubClassOf(<http://rhizomik.net/ontologies/2006/01/NewsCodes-SubjectsOnto.owl#04005003> <http://rhizomik.net/ontologies/2006/01/NewsCodes-SubjectsOnto.owl#SubjectDetail>)",2411,403.3,-1.0,3122,0,-1.0,3176,0,-1.0,3138,0,-1.0,3141,0,0,-1.0,3115,0
ore_ont_566.owl,"SubClassOf(<http://rhizomik.net/ontologies/2006/01/NewsCodes-SubjectsOnto.owl#15005000> <http://rhizomik.net/ontologies/2006/01/NewsCodes-SubjectsOnto.owl#15000000>)",2411,46.99999999999999,-1.0,3130,0,-1.0,3157,0,-1.0,3152,0,-1.0,3280,0,0,-1.0,3268,0
ore_ont_566.owl,"SubClassOf(<http://rhizomik.net/ontologies/2006/01/NewsCodes-SubjectsOnto.owl#04008018> <http://rhizomik.net/ontologies/2006/01/NewsCodes-SubjectsOnto.owl#04008000>)",2411,500.49999999999994,-1.0,3185,0,-1.0,3153,0,-1.0,3140,0,-1.0,3163,0,0,-1.0,3144,0
ore_ont_566.owl,"SubClassOf(<http://rhizomik.net/ontologies/2006/01/NewsCodes-SubjectsOnto.owl#15005057> <http://rhizomik.net/ontologies/2006/01/NewsCodes-SubjectsOnto.owl#15005000>)",2411,500.5,-1.0,3131,0,-1.0,3196,0,-1.0,3212,0,-1.0,3146,0,0,-1.0,3188,0
ore_ont_566.owl,"SubClassOf(<http://rhizomik.net/ontologies/2006/01/NewsCodes-SubjectsOnto.owl#04016019> <http://rhizomik.net/ontologies/2006/01/NewsCodes-SubjectsOnto.owl#04016000>)",2411,500.5,-1.0,3203,0,-1.0,3191,0,-1.0,3136,0,-1.0,3238,0,0,-1.0,3219,0
ore_ont_566.owl,"SubClassOf(<http://rhizomik.net/ontologies/2006/01/NewsCodes-SubjectsOnto.owl#15062009> <http://rhizomik.net/ontologies/2006/01/NewsCodes-SubjectsOnto.owl#15062000>)",2411,500.5,-1.0,3231,0,-1.0,3215,0,-1.0,3279,0,-1.0,3214,0,0,-1.0,3238,0
ore_ont_566.owl,"SubClassOf(<http://rhizomik.net/ontologies/2006/01/NewsCodes-SubjectsOnto.owl#14006000> <http://rhizomik.net/ontologies/2006/01/NewsCodes-SubjectsOnto.owl#14000000>)",2411,27.5,-1.0,3217,0,-1.0,3261,0,-1.0,3249,0,-1.0,3231,0,0,-1.0,3255,0
ore_ont_566.owl,"SubClassOf(<http://rhizomik.net/ontologies/2006/01/NewsCodes-SubjectsOnto.owl#15073025> <http://rhizomik.net/ontologies/2006/01/NewsCodes-SubjectsOnto.owl#15073000>)",2411,500.5,-1.0,3219,0,-1.0,3212,0,-1.0,3199,0,-1.0,3213,0,0,-1.0,3196,0
ore_ont_566.owl,"SubClassOf(<http://rhizomik.net/ontologies/2006/01/NewsCodes-SubjectsOnto.owl#SubjectDetail> <http://rhizomik.net/ontologies/2006/01/NewsCodes-SubjectsOnto.owl#SubjectMatter>)",2411,114.19999999999999,-1.0,3223,0,-1.0,3240,0,-1.0,3231,0,-1.0,3215,0,0,-1.0,3209,0
ore_ont_566.owl,"SubClassOf(<http://rhizomik.net/ontologies/2006/01/NewsCodes-SubjectsOnto.owl#01011000> <http://rhizomik.net/ontologies/2006/01/NewsCodes-SubjectsOnto.owl#01000000>)",2411,27.5,-1.0,3175,0,-1.0,3318,0,-1.0,3190,0,-1.0,3225,0,0,-1.0,3208,0
ore_ont_7120.owl,"SubClassOf(<http://purl.obolibrary.org/obo/UniProtKB_Q9Y169> <http://purl.obolibrary.org/obo/PR_000000001>)",3038,21021.2,-1.0,3264,0,-1.0,3263,0,-1.0,3255,0,-1.0,3258,0,0,-1.0,3232,0
ore_ont_7120.owl,"SubClassOf(<http://purl.obolibrary.org/obo/UniProtKB_Q9VVI3> <http://purl.obolibrary.org/obo/PR_000000001>)",3038,21935.200000000004,-1.0,3269,0,-1.0,3247,0,-1.0,3317,0,-1.0,3362,0,0,-1.0,3224,0
ore_ont_7120.owl,"SubClassOf(<http://purl.obolibrary.org/obo/UniProtKB_Q9VEG9> <http://purl.obolibrary.org/obo/PR_000000001>)",3038,26505.2,-1.0,3222,0,-1.0,3243,0,-1.0,3265,0,-1.0,3227,0,0,-1.0,3239,0
ore_ont_7120.owl,"SubClassOf(<http://purl.obolibrary.org/obo/UniProtKB_P28465> <http://purl.obolibrary.org/obo/PR_000000001>)",3038,20107.2,-1.0,3246,0,-1.0,3332,0,-1.0,3216,0,-1.0,3248,0,0,-1.0,3217,0
ore_ont_7120.owl,"SubClassOf(<http://purl.obolibrary.org/obo/UniProtKB_Q9VEG6> <http://purl.obolibrary.org/obo/PR_000000001>)",3038,21935.199999999997,-1.0,3245,0,-1.0,3252,0,-1.0,3273,0,-1.0,3372,0,0,-1.0,3218,0
ore_ont_7120.owl,"SubClassOf(<http://purl.obolibrary.org/obo/UniProtKB_Q05192> <http://purl.obolibrary.org/obo/PR_000000001>)",3038,21021.199999999997,-1.0,3195,0,-1.0,3250,0,-1.0,3322,0,-1.0,3253,0,0,-1.0,3222,0
ore_ont_7120.owl,"SubClassOf(<http://purl.obolibrary.org/obo/UniProtKB_Q95RC0> <http://purl.obolibrary.org/obo/PR_000000001>)",3038,22849.2,-1.0,3170,0,-1.0,3199,0,-1.0,3213,0,-1.0,3253,0,0,-1.0,3253,0
ore_ont_7120.owl,"SubClassOf(<http://purl.obolibrary.org/obo/UniProtKB_Q9VVI2> <http://purl.obolibrary.org/obo/PR_000000001>)",3038,29247.199999999997,-1.0,3299,0,-1.0,3234,0,-1.0,3256,0,-1.0,3256,0,0,-1.0,3215,0
ore_ont_7120.owl,"SubClassOf(<http://purl.obolibrary.org/obo/UniProtKB_P17336> <http://purl.obolibrary.org/obo/PR_000000001>)",3038,26505.200000000004,-1.0,3203,0,-1.0,3205,0,-1.0,3241,0,-1.0,3185,0,0,-1.0,3142,0
ore_ont_7120.owl,"SubClassOf(<http://purl.obolibrary.org/obo/UniProtKB_Q9VJ07> <http://purl.obolibrary.org/obo/PR_000000001>)",3038,24677.2,-1.0,3281,0,-1.0,3335,0,-1.0,3283,0,-1.0,3254,0,0,-1.0,3270,0
ore_ont_2440.owl,"SubClassOf(<http://purl.obolibrary.org/obo/TGMA_0000527> <http://purl.obolibrary.org/obo/TGMA_0001835>)",2733,39365.0,-1.0,3253,0,-1.0,3267,0,-1.0,3178,0,-1.0,3232,0,0,-1.0,3216,0
ore_ont_2440.owl,"SubClassOf(<http://purl.obolibrary.org/obo/TGMA_0000883> <http://purl.obolibrary.org/obo/TGMA_0001842>)",2733,16186.499999999998,-1.0,3329,0,-1.0,3269,0,-1.0,3298,0,-1.0,3269,0,0,-1.0,3258,0
ore_ont_2440.owl,"SubClassOf(<http://purl.obolibrary.org/obo/TGMA_0000527> <http://purl.obolibrary.org/obo/TGMA_0001823>)",2733,21341.7,21306.699999999997,16013,1572,21281.5,10128,1725,21306.699999999997,6881,1569,21281.5,5519,1658,1,21306.699999999997,24770,1701
ore_ont_2440.owl,"SubClassOf(<http://purl.obolibrary.org/obo/TGMA_0001044> <http://purl.obolibrary.org/obo/TGMA_0001013>)",2733,24375.499999999996,-1.0,3223,0,-1.0,3234,0,-1.0,3244,0,-1.0,3228,0,0,-1.0,3285,0
ore_ont_2440.owl,"SubClassOf(<http://purl.obolibrary.org/obo/TGMA_0000470> <http://purl.obolibrary.org/obo/TGMA_0001825>)",2733,29962.099999999995,-1.0,3303,0,-1.0,3217,0,-1.0,3228,0,-1.0,3097,0,0,-1.0,3166,0
ore_ont_2440.owl,"SubClassOf(<http://purl.obolibrary.org/obo/TGMA_0000878> <http://purl.obolibrary.org/obo/TGMA_0001828>)",2733,27261.0,-1.0,3128,0,-1.0,3180,0,-1.0,3171,0,-1.0,3139,0,0,-1.0,3161,0
ore_ont_2440.owl,"SubClassOf(<http://purl.obolibrary.org/obo/TGMA_0000003> <http://purl.obolibrary.org/obo/TGMA_0001842>)",2733,24368.9,-1.0,3172,0,-1.0,3323,0,-1.0,3277,0,-1.0,3252,0,0,-1.0,3258,0
ore_ont_2440.owl,"SubClassOf(<http://purl.obolibrary.org/obo/TGMA_0001587> <http://purl.obolibrary.org/obo/TGMA_0000809>)",2733,26487.8,26464.7,11900,1696,26467.9,9303,1772,26464.7,6432,1670,26467.9,5624,1661,3,26464.7,16471,1769
ore_ont_2440.owl,"SubClassOf(<http://purl.obolibrary.org/obo/TGMA_0000829> <http://purl.obolibrary.org/obo/TGMA_0001363>)",2733,26574.2,26480.3,16104,1877,26480.3,9175,1691,26480.3,6758,1787,26480.3,5648,1667,1,26480.3,25293,1784
ore_ont_2440.owl,"SubClassOf(<http://purl.obolibrary.org/obo/TGMA_0000720> <http://purl.obolibrary.org/obo/TGMA_0001830>)",2733,24423.100000000002,-1.0,3221,0,-1.0,3282,0,-1.0,3279,0,-1.0,3288,0,0,-1.0,3308,0
ore_ont_8298.owl,"SubClassOf(<http://purl.obolibrary.org/obo/CHEBI_25708> <http://purl.obolibrary.org/obo/MIRO_10000169>)",3065,253.3,-1.0,3336,0,-1.0,3266,0,-1.0,3252,0,-1.0,3440,0,0,-1.0,3363,0
ore_ont_8298.owl,"SubClassOf(<http://purl.obolibrary.org/obo/MIRO_40003478> <http://purl.obolibrary.org/obo/MIRO_40002217>)",3065,588.2999999999998,-1.0,3287,0,-1.0,3178,0,-1.0,3199,0,-1.0,3236,0,0,-1.0,3169,0
ore_ont_8298.owl,"SubClassOf(<http://purl.obolibrary.org/obo/CHEBI_39314> <http://purl.obolibrary.org/obo/CHEBI_26413>)",3065,325.2,-1.0,3205,0,-1.0,3217,0,-1.0,3363,0,-1.0,3280,0,0,-1.0,3307,0
ore_ont_8298.owl,"SubClassOf(<http://purl.obolibrary.org/obo/IDOMAL_0000380> <http://purl.obolibrary.org/obo/IDOMAL_0000340>)",3065,92.0,-1.0,3296,0,-1.0,3228,0,-1.0,3290,0,-1.0,3291,0,0,-1.0,3279,0
ore_ont_8298.owl,"SubClassOf(<http://purl.obolibrary.org/obo/IDOMAL_0001061> <http://purl.obolibrary.org/obo/IDOMAL_0000001>)",3065,50.7,-1.0,3270,0,-1.0,3438,0,-1.0,3261,0,-1.0,3282,0,0,-1.0,3412,0
ore_ont_8298.owl,"SubClassOf(<http://purl.obolibrary.org/obo/CHEBI_6651> <http://purl.obolibrary.org/obo/CHEBI_25708>)",3065,333.9,-1.0,3362,0,-1.0,3335,0,-1.0,3280,0,-1.0,3300,0,0,-1.0,3280,0
ore_ont_8298.owl,"SubClassOf(<http://purl.obolibrary.org/obo/MIRO_40000121> <http://purl.obolibrary.org/obo/MIRO_40000016>)",3065,588.0,-1.0,3224,0,-1.0,3234,0,-1.0,3235,0,-1.0,3317,0,0,-1.0,3242,0
ore_ont_8298.owl,"SubClassOf(<http://purl.obolibrary.org/obo/IDOMAL_0000503> <http://purl.obolibrary.org/obo/IDOMAL_0001242>)",3065,132.7,-1.0,3234,0,-1.0,3206,0,-1.0,3253,0,-1.0,3251,0,0,-1.0,3218,0
ore_ont_8298.owl,"SubClassOf(<http://purl.obolibrary.org/obo/IDOMAL_0001134> <http://purl.obolibrary.org/obo/IDOMAL_0001069>)",3065,259.6,-1.0,3251,0,-1.0,3265,0,-1.0,3223,0,-1.0,3242,0,0,-1.0,3244,0
ore_ont_8298.owl,"SubClassOf(<http://purl.obolibrary.org/obo/IDOMAL_0000258> <http://purl.obolibrary.org/obo/IDOMAL_0000001>)",3065,158.3,142.1,15976,986,119.6,8037,977,142.1,6866,1141,119.6,5517,1098,3,142.1,22030,998
ore_ont_2377.owl,"SubClassOf(<http://purl.obolibrary.org/obo/FYPO_0000949> <http://purl.obolibrary.org/obo/FYPO_0000287>)",2414,1244.0,-1.0,3294,0,-1.0,3192,0,-1.0,3214,0,-1.0,3268,0,0,-1.0,3244,0
ore_ont_2377.owl,"SubClassOf(<http://purl.obolibrary.org/obo/FYPO_0000953> <http://purl.obolibrary.org/obo/FYPO_0000627>)",2414,1241.1999999999998,-1.0,3229,0,-1.0,3251,0,-1.0,3296,0,-1.0,3293,0,0,-1.0,3270,0
ore_ont_2377.owl,"SubClassOf(<http://purl.obolibrary.org/obo/FYPO_0000287> <http://purl.obolibrary.org/obo/FYPO_0000136>)",2414,883.8,-1.0,3331,0,-1.0,3282,0,-1.0,3244,0,-1.0,3272,0,0,-1.0,3286,0
ore_ont_2377.owl,"SubClassOf(<http://purl.obolibrary.org/obo/FYPO_0000663> <http://purl.obolibrary.org/obo/FYPO_0000661>)",2414,1222.8,-1.0,3342,0,-1.0,3274,0,-1.0,3339,0,-1.0,3394,0,0,-1.0,3332,0
ore_ont_2377.owl,"SubClassOf(<http://purl.obolibrary.org/obo/FYPO_0000540> <http://purl.obolibrary.org/obo/FYPO_0000443>)",2414,1618.3999999999999,-1.0,3264,0,-1.0,3263,0,-1.0,3214,0,-1.0,3250,0,0,-1.0,3250,0
ore_ont_2377.owl,"SubClassOf(<http://purl.obolibrary.org/obo/FYPO_0000127> <http://purl.obolibrary.org/obo/FYPO_0000002>)",2414,1063.8,-1.0,3238,0,-1.0,3279,0,-1.0,3242,0,-1.0,3249,0,0,-1.0,3241,0
ore_ont_2377.owl,"SubClassOf(<http://purl.obolibrary.org/obo/FYPO_0000841> <http://purl.obolibrary.org/obo/FYPO_0000127>)",2414,1258.8,-1.0,3306,0,-1.0,3235,0,-1.0,3268,0,-1.0,3237,0,0,-1.0,3232,0
ore_ont_2377.owl,"SubClassOf(<http://purl.obolibrary.org/obo/FYPO_0000924> <http://purl.obolibrary.org/obo/FYPO_0000126>)",2414,1251.0,-1.0,3209,0,-1.0,3226,0,-1.0,3238,0,-1.0,3246,0,0,-1.0,3246,0
ore_ont_2377.owl,"SubClassOf(<http://purl.obolibrary.org/obo/FYPO_0001113> <http://purl.obolibrary.org/obo/FYPO_0000953>)",2414,1435.5,-1.0,3240,0,-1.0,3237,0,-1.0,3318,0,-1.0,3264,0,0,-1.0,3236,0
ore_ont_2377.owl,"SubClassOf(<http://purl.obolibrary.org/obo/FYPO_0000443> <http://purl.obolibrary.org/obo/FYPO_0000628>)",2414,1238.6999999999998,1238.6999999999998,24460,1225,1228.4999999999998,11358,1288,1238.6999999999998,7953,1169,1238.6999999999998,5601,1387,1,1238.6999999999998,36494,1276
ore_ont_3313.owl,"SubClassOf(<http://biomanta.sourceforge.net/celltype_instance_edit.owl#lymphoblast_CL_0000229> <http://www.geneontology.org/formats/oboInOwl#ObsoleteClass>)",3353,18.9,-1.0,3277,0,-1.0,3304,0,-1.0,3244,0,-1.0,3245,0,0,-1.0,3231,0
ore_ont_3313.owl,"SubClassOf(<http://biomanta.sourceforge.net/celltype_instance_edit.owl#epidermal_initial_CL_0000538> <http://biomanta.sourceforge.net/celltype_instance_edit.owl#plant_cell_CL_0000610>)",3353,279.7,279.7,11950,1028,256.0,8341,1045,279.7,6461,1017,256.0,5653,1075,2,279.7,15211,1093
ore_ont_3313.owl,"SubClassOf(<http://biomanta.sourceforge.net/celltype_instance_edit.owl#CNS_neuron__sensu_Vertebrata__CL_0000117> <http://biomanta.sourceforge.net/celltype_instance_edit.owl#neuron_CL_0000540>)",3353,313.3,-1.0,3303,0,-1.0,3247,0,-1.0,3317,0,-1.0,3348,0,0,-1.0,3282,0
ore_ont_3313.owl,"SubClassOf(<http://biomanta.sourceforge.net/celltype_instance_edit.owl#peptide_hormone_secreting_cell_CL_0000167> <http://biomanta.sourceforge.net/celltype_instance_edit.owl#secretory_cell_CL_0000151>)",3353,206.9,210.5,11835,1049,175.4,8055,979,210.5,6291,981,175.4,5540,988,2,210.5,14839,941
ore_ont_3313.owl,"SubClassOf(<http://biomanta.sourceforge.net/celltype_instance_edit.owl#columnar_cuboidal_epithelial_cell_CL_0000075> <http://biomanta.sourceforge.net/celltype_instance_edit.owl#epithelial_cell_CL_0000066>)",3353,96.7,-1.0,3211,0,-1.0,3179,0,-1.0,3228,0,-1.0,3237,0,0,-1.0,3167,0
ore_ont_3313.owl,"SubClassOf(<http://biomanta.sourceforge.net/celltype_instance_edit.owl#myeloid_progenitor_cell_CL_0000839> <http://biomanta.sourceforge.net/celltype_instance_edit.owl#non_terminally_differentiated_cell_CL_0000055>)",3353,101.0,70.89999999999999,11805,966,84.1,7818,958,70.89999999999999,6250,903,84.1,5529,955,1,70.89999999999999,14608,1011
ore_ont_3313.owl,"SubClassOf(<http://biomanta.sourceforge.net/celltype_instance_edit.owl#neuron_CL_0000540> <http://biomanta.sourceforge.net/celltype_instance_edit.owl#animal_cell_CL_0000548>)",3353,280.9,214.00000000000003,22129,909,227.29999999999998,8015,1025,227.29999999999998,6329,961,227.29999999999998,5485,956,2,227.29999999999998,12521,930
ore_ont_3313.owl,"SubClassOf(<http://biomanta.sourceforge.net/celltype_instance_edit.owl#enterochromaffin_cell_CL_0000504> <http://biomanta.sourceforge.net/celltype_instance_edit.owl#peptide_hormone_secreting_cell_CL_0000167>)",3353,477.1,417.4000000000001,22152,981,334.50000000000006,12396,907,417.4000000000001,7608,1081,334.50000000000006,5447,1077,2,417.4000000000001,30949,1020
ore_ont_3313.owl,"SubClassOf(<http://biomanta.sourceforge.net/celltype_instance_edit.owl#secretory_cell_CL_0000151> <http://biomanta.sourceforge.net/celltype_instance_edit.owl#cell_by_function_CL_0000144>)",3353,71.3,-1.0,3234,0,-1.0,3197,0,-1.0,3270,0,-1.0,3280,0,0,-1.0,3276,0
ore_ont_3313.owl,"SubClassOf(<http://biomanta.sourceforge.net/celltype_instance_edit.owl#support_cell__sensu_Nematoda_and_Protostomia__CL_0000378> <http://biomanta.sourceforge.net/celltype_instance_edit.owl#supportive_cell_CL_0000630>)",3353,99.7,-1.0,3176,0,-1.0,3228,0,-1.0,3190,0,-1.0,3180,0,0,-1.0,3172,0
ore_ont_9435.owl,"SubClassOf(<http://purl.obolibrary.org/obo/MA_0001472> <http://purl.obolibrary.org/obo/MA_0001478>)",3776,690.5,-1.0,3216,0,-1.0,3258,0,-1.0,3271,0,-1.0,3213,0,0,-1.0,3184,0
ore_ont_9435.owl,"SubClassOf(<http://purl.obolibrary.org/obo/MA_0001407> <http://purl.obolibrary.org/obo/MA_0000315>)",3776,1738.0,-1.0,3245,0,-1.0,3185,0,-1.0,3192,0,-1.0,3272,0,0,-1.0,3240,0
ore_ont_9435.owl,"SubClassOf(<http://purl.obolibrary.org/obo/MA_0002949> <http://purl.obolibrary.org/obo/MA_0000261>)",3776,1371.9,-1.0,3200,0,-1.0,3247,0,-1.0,3276,0,-1.0,3308,0,0,-1.0,3285,0
ore_ont_9435.owl,"SubClassOf(<http://purl.obolibrary.org/obo/MA_0001953> <http://purl.obolibrary.org/obo/MA_0000064>)",3776,1070.8,-1.0,3244,0,-1.0,3234,0,-1.0,3253,0,-1.0,3214,0,0,-1.0,3234,0
ore_ont_9435.owl,"SubClassOf(<http://purl.obolibrary.org/obo/MA_0001040> <http://purl.obolibrary.org/obo/MA_0000821>)",3776,697.7,-1.0,3269,0,-1.0,3243,0,-1.0,3268,0,-1.0,3278,0,0,-1.0,3241,0
ore_ont_9435.owl,"SubClassOf(<http://purl.obolibrary.org/obo/MA_0000736> <http://purl.obolibrary.org/obo/MA_0000139>)",3776,1029.2,-1.0,3191,0,-1.0,3216,0,-1.0,3208,0,-1.0,3249,0,0,-1.0,3202,0
ore_ont_9435.owl,"SubClassOf(<http://purl.obolibrary.org/obo/MA_0000168> <http://purl.obolibrary.org/obo/MA_0000581>)",3776,686.3,-1.0,3262,0,-1.0,3253,0,-1.0,3258,0,-1.0,3239,0,0,-1.0,3243,0
ore_ont_9435.owl,"SubClassOf(<http://purl.obolibrary.org/obo/MA_0002120> <http://purl.obolibrary.org/obo/MA_0000067>)",3776,1071.6999999999998,-1.0,3230,0,-1.0,3201,0,-1.0,3237,0,-1.0,3213,0,0,-1.0,3208,0
ore_ont_9435.owl,"SubClassOf(<http://purl.obolibrary.org/obo/MA_0002324> <http://purl.obolibrary.org/obo/MA_0000015>)",3776,380.4,-1.0,3243,0,-1.0,3266,0,-1.0,3184,0,-1.0,3266,0,0,-1.0,3216,0
ore_ont_9435.owl,"SubClassOf(<http://purl.obolibrary.org/obo/MA_0002512> <http://purl.obolibrary.org/obo/MA_0002450>)",3776,1035.7,-1.0,3259,0,-1.0,3220,0,-1.0,3237,0,-1.0,3261,0,0,-1.0,3263,0
ore_ont_11619.owl,"SubClassOf(<http://purl.obolibrary.org/obo/RS_0000285> <http://purl.obolibrary.org/obo/RS_0000459>)",5100,51.49999999999999,-1.0,3268,0,-1.0,3281,0,-1.0,3238,0,-1.0,3240,0,0,-1.0,3208,0
ore_ont_11619.owl,"SubClassOf(<http://purl.obolibrary.org/obo/RS_0000121> <http://purl.obolibrary.org/obo/RS_0000765>)",5100,103.1,-1.0,3281,0,-1.0,3314,0,-1.0,3294,0,-1.0,3274,0,0,-1.0,3238,0
ore_ont_11619.owl,"SubClassOf(<http://purl.obolibrary.org/obo/RS_0003515> <http://purl.obolibrary.org/obo/RS_0001229>)",5100,123.19999999999999,-1.0,3267,0,-1.0,3259,0,-1.0,3220,0,-1.0,3339,0,0,-1.0,3272,0
ore_ont_11619.owl,"SubClassOf(<http://purl.obolibrary.org/obo/RS_0003146> <http://purl.obolibrary.org/obo/RS_0003396>)",5100,306.8,-1.0,3278,0,-1.0,3301,0,-1.0,3269,0,-1.0,3254,0,0,-1.0,3236,0
ore_ont_11619.owl,"SubClassOf(<http://purl.obolibrary.org/obo/RS_0003147> <http://purl.obolibrary.org/obo/RS_0003397>)",5100,306.8,-1.0,3248,0,-1.0,3279,0,-1.0,3268,0,-1.0,3371,0,0,-1.0,3257,0
ore_ont_11619.owl,"SubClassOf(<http://purl.obolibrary.org/obo/RS_0000878> <http://purl.obolibrary.org/obo/RS_0000818>)",5100,136.5,-1.0,3273,0,-1.0,3249,0,-1.0,3233,0,-1.0,3233,0,0,-1.0,3244,0
ore_ont_11619.owl,"SubClassOf(<http://purl.obolibrary.org/obo/RS_0002576> <http://purl.obolibrary.org/obo/RS_0000461>)",5100,94.3,34.6,16044,1190,61.50000000000001,8779,1149,34.6,7436,1274,10.299999999999999,5734,1208,1,34.6,22578,1132
ore_ont_11619.owl,"SubClassOf(<http://purl.obolibrary.org/obo/RS_0001734> <http://purl.obolibrary.org/obo/RS_0000285>)",5100,137.39999999999998,-1.0,3261,0,-1.0,3242,0,-1.0,3289,0,-1.0,3270,0,0,-1.0,3263,0
ore_ont_11619.owl,"SubClassOf(<http://purl.obolibrary.org/obo/RS_0002437> <http://purl.obolibrary.org/obo/RS_0002576>)",5100,207.6,-1.0,3250,0,-1.0,3258,0,-1.0,3253,0,-1.0,3315,0,0,-1.0,3246,0
ore_ont_11619.owl,"SubClassOf(<http://purl.obolibrary.org/obo/RS_0001609> <http://purl.obolibrary.org/obo/RS_0001231>)",5100,214.2,-1.0,3248,0,-1.0,3265,0,-1.0,3263,0,-1.0,3285,0,0,-1.0,3313,0
ore_ont_15222.owl,"SubClassOf(<http://purl.obolibrary.org/obo/MIRO_40002652> <http://purl.obolibrary.org/obo/MIRO_40002482>)",4413,274.1,-1.0,3223,0,-1.0,3280,0,-1.0,3247,0,-1.0,3290,0,0,-1.0,3421,0
ore_ont_15222.owl,"SubClassOf(<http://purl.obolibrary.org/obo/MIRO_40003478> <http://purl.obolibrary.org/obo/MIRO_40002217>)",4413,207.9,-1.0,3250,0,-1.0,3333,0,-1.0,3259,0,-1.0,3243,0,0,-1.0,3300,0
ore_ont_15222.owl,"SubClassOf(<http://purl.obolibrary.org/obo/MIRO_40000800> <http://purl.obolibrary.org/obo/MIRO_40000648>)",4413,268.40000000000003,-1.0,3240,0,-1.0,3231,0,-1.0,3244,0,-1.0,3264,0,0,-1.0,3355,0
ore_ont_15222.owl,"SubClassOf(<http://purl.obolibrary.org/obo/MIRO_40002010> <http://purl.obolibrary.org/obo/MIRO_40001928>)",4413,225.19999999999996,-1.0,3340,0,-1.0,3287,0,-1.0,3246,0,-1.0,3339,0,0,-1.0,3308,0
ore_ont_15222.owl,"SubClassOf(<http://purl.obolibrary.org/obo/MIRO_40000590> <http://purl.obolibrary.org/obo/MIRO_40000517>)",4413,250.4,-1.0,3251,0,-1.0,3314,0,-1.0,3284,0,-1.0,3320,0,0,-1.0,3308,0
ore_ont_15222.owl,"SubClassOf(<http://purl.obolibrary.org/obo/MIRO_40002090> <http://purl.obolibrary.org/obo/MIRO_40002031>)",4413,225.19999999999996,-1.0,3256,0,-1.0,3278,0,-1.0,3257,0,-1.0,3306,0,0,-1.0,3273,0
ore_ont_15222.owl,"SubClassOf(<http://purl.obolibrary.org/obo/MIRO_40002890> <http://purl.obolibrary.org/obo/MIRO_40002860>)",4413,235.7,-1.0,3227,0,-1.0,3303,0,-1.0,3346,0,-1.0,3257,0,0,-1.0,3353,0
ore_ont_15222.owl,"SubClassOf(<http://purl.obolibrary.org/obo/MIRO_40003737> <http://purl.obolibrary.org/obo/MIRO_40000960>)",4413,273.2,-1.0,3283,0,-1.0,3271,0,-1.0,3259,0,-1.0,3303,0,0,-1.0,3267,0
ore_ont_15222.owl,"SubClassOf(<http://purl.obolibrary.org/obo/MIRO_40000110> <http://purl.obolibrary.org/obo/MIRO_40000016>)",4413,207.6,-1.0,3259,0,-1.0,3299,0,-1.0,3283,0,-1.0,3251,0,0,-1.0,3277,0
ore_ont_15222.owl,"SubClassOf(<http://purl.obolibrary.org/obo/MIRO_40003062> <http://purl.obolibrary.org/obo/MIRO_40002995>)",4413,248.90000000000003,-1.0,3364,0,-1.0,3247,0,-1.0,3296,0,-1.0,3314,0,0,-1.0,3260,0
ore_ont_4798.owl,"SubClassOf(<http://purl.obolibrary.org/obo/MIRO_40002652> <http://purl.obolibrary.org/obo/MIRO_40002482>)",4413,274.1,-1.0,3253,0,-1.0,3273,0,-1.0,3283,0,-1.0,3275,0,0,-1.0,3286,0
ore_ont_4798.owl,"SubClassOf(<http://purl.obolibrary.org/obo/MIRO_40003478> <http://purl.obolibrary.org/obo/MIRO_40002217>)",4413,207.9,-1.0,3265,0,-1.0,3273,0,-1.0,3255,0,-1.0,3334,0,0,-1.0,3419,0
ore_ont_4798.owl,"SubClassOf(<http://purl.obolibrary.org/obo/MIRO_40000800> <http://purl.obolibrary.org/obo/MIRO_40000648>)",4413,268.40000000000003,-1.0,3340,0,-1.0,3245,0,-1.0,3323,0,-1.0,3370,0,0,-1.0,3374,0
ore_ont_4798.owl,"SubClassOf(<http://purl.obolibrary.org/obo/MIRO_40002010> <http://purl.obolibrary.org/obo/MIRO_40001928>)",4413,225.19999999999996,-1.0,3247,0,-1.0,3354,0,-1.0,3259,0,-1.0,3333,0,0,-1.0,3321,0
ore_ont_4798.owl,"SubClassOf(<http://purl.obolibrary.org/obo/MIRO_40000590> <http://purl.obolibrary.org/obo/MIRO_40000517>)",4413,250.4,-1.0,3433,0,-1.0,3287,0,-1.0,3301,0,-1.0,3384,0,0,-1.0,3310,0
ore_ont_4798.owl,"SubClassOf(<http://purl.obolibrary.org/obo/MIRO_40002090> <http://purl.obolibrary.org/obo/MIRO_40002031>)",4413,225.19999999999996,-1.0,3362,0,-1.0,3244,0,-1.0,3302,0,-1.0,3281,0,0,-1.0,3331,0
ore_ont_4798.owl,"SubClassOf(<http://purl.obolibrary.org/obo/MIRO_40002890> <http://purl.obolibrary.org/obo/MIRO_40002860>)",4413,235.7,-1.0,3361,0,-1.0,3318,0,-1.0,3296,0,-1.0,3330,0,0,-1.0,3277,0
ore_ont_4798.owl,"SubClassOf(<http://purl.obolibrary.org/obo/MIRO_40003737> <http://purl.obolibrary.org/obo/MIRO_40000960>)",4413,273.2,-1.0,3253,0,-1.0,3287,0,-1.0,3278,0,-1.0,3262,0,0,-1.0,3272,0
ore_ont_4798.owl,"SubClassOf(<http://purl.obolibrary.org/obo/MIRO_40000110> <http://purl.obolibrary.org/obo/MIRO_40000016>)",4413,207.6,-1.0,3269,0,-1.0,3241,0,-1.0,3231,0,-1.0,3265,0,0,-1.0,3253,0
ore_ont_4798.owl,"SubClassOf(<http://purl.obolibrary.org/obo/MIRO_40003062> <http://purl.obolibrary.org/obo/MIRO_40002995>)",4413,248.90000000000003,-1.0,3241,0,-1.0,3278,0,-1.0,3313,0,-1.0,3225,0,0,-1.0,3244,0
ore_ont_9646.owl,"SubClassOf(<http://purl.obolibrary.org/obo/MA_0001472> <http://purl.obolibrary.org/obo/MA_0001478>)",4079,740.3,-1.0,3352,0,-1.0,3266,0,-1.0,3291,0,-1.0,3439,0,0,-1.0,3228,0
ore_ont_9646.owl,"SubClassOf(<http://purl.obolibrary.org/obo/MA_0001407> <http://purl.obolibrary.org/obo/MA_0000315>)",4079,1862.5,-1.0,3233,0,-1.0,3292,0,-1.0,3254,0,-1.0,3247,0,0,-1.0,3293,0
ore_ont_9646.owl,"SubClassOf(<http://purl.obolibrary.org/obo/MA_0002949> <http://purl.obolibrary.org/obo/MA_0000261>)",4079,1471.5,-1.0,3241,0,-1.0,3311,0,-1.0,3258,0,-1.0,3405,0,0,-1.0,3200,0
ore_ont_9646.owl,"SubClassOf(<http://purl.obolibrary.org/obo/MA_0001953> <http://purl.obolibrary.org/obo/MA_0000064>)",4079,1145.7999999999997,-1.0,3309,0,-1.0,3237,0,-1.0,3264,0,-1.0,3276,0,0,-1.0,3254,0
ore_ont_9646.owl,"SubClassOf(<http://purl.obolibrary.org/obo/MA_0001040> <http://purl.obolibrary.org/obo/MA_0000821>)",4079,748.0999999999999,-1.0,3283,0,-1.0,3274,0,-1.0,3298,0,-1.0,3351,0,0,-1.0,3263,0
ore_ont_9646.owl,"SubClassOf(<http://purl.obolibrary.org/obo/MA_0000736> <http://purl.obolibrary.org/obo/MA_0000139>)",4079,1103.8999999999999,-1.0,3228,0,-1.0,3249,0,-1.0,3221,0,-1.0,3205,0,0,-1.0,3289,0
ore_ont_9646.owl,"SubClassOf(<http://purl.obolibrary.org/obo/MA_0000168> <http://purl.obolibrary.org/obo/MA_0000581>)",4079,736.0999999999999,-1.0,3243,0,-1.0,3243,0,-1.0,3262,0,-1.0,3297,0,0,-1.0,3264,0
ore_ont_9646.owl,"SubClassOf(<http://purl.obolibrary.org/obo/MA_0002120> <http://purl.obolibrary.org/obo/MA_0000067>)",4079,1146.1,-1.0,3250,0,-1.0,3278,0,-1.0,3284,0,-1.0,3320,0,0,-1.0,3312,0
ore_ont_9646.owl,"SubClassOf(<http://purl.obolibrary.org/obo/MA_0003024> <http://purl.obolibrary.org/obo/MA_0003148>)",4079,2219.3999999999996,-1.0,3222,0,-1.0,3252,0,-1.0,3249,0,-1.0,3220,0,0,-1.0,3281,0
ore_ont_9646.owl,"SubClassOf(<http://purl.obolibrary.org/obo/MA_0002512> <http://purl.obolibrary.org/obo/MA_0002450>)",4079,1110.4,-1.0,3258,0,-1.0,3268,0,-1.0,3275,0,-1.0,3369,0,0,-1.0,3271,0
ore_ont_10742.owl,"SubClassOf(<http://purl.obolibrary.org/obo/XAO_0000437> <http://purl.obolibrary.org/obo/XAO_1000000>)",5157,437.3,-1.0,3239,0,-1.0,3274,0,-1.0,3243,0,-1.0,3265,0,0,-1.0,3222,0
ore_ont_10742.owl,"SubClassOf(<http://purl.obolibrary.org/obo/XAO_1000020> <http://purl.obolibrary.org/obo/XAO_1000094>)",5157,449.09999999999997,-1.0,3223,0,-1.0,3224,0,-1.0,3266,0,-1.0,3164,0,0,-1.0,3227,0
ore_ont_10742.owl,"SubClassOf(<http://purl.obolibrary.org/obo/XAO_0000001> <http://purl.obolibrary.org/obo/XAO_0003040>)",5157,573.8,526.9,11860,1017,472.1,8276,1079,526.9,6435,1038,526.9,5600,1133,1,526.9,15039,1029
ore_ont_10742.owl,"SubClassOf(<http://purl.obolibrary.org/obo/XAO_1000078> <http://purl.obolibrary.org/obo/XAO_1000094>)",5157,417.0999999999999,-1.0,3262,0,-1.0,3293,0,-1.0,3313,0,-1.0,3250,0,0,-1.0,3231,0
ore_ont_10742.owl,"SubClassOf(<http://purl.obolibrary.org/obo/XAO_0000115> <http://purl.obolibrary.org/obo/XAO_0003037>)",5157,398.80000000000007,364.19999999999993,11947,1196,327.99999999999994,8177,1188,364.19999999999993,6610,1055,327.99999999999994,5723,1081,1,364.19999999999993,14950,1202
ore_ont_10742.owl,"SubClassOf(<http://purl.obolibrary.org/obo/XAO_1000052> <http://purl.obolibrary.org/obo/XAO_1000094>)",5157,289.09999999999997,-1.0,3241,0,-1.0,3253,0,-1.0,3193,0,-1.0,3189,0,0,-1.0,3248,0
ore_ont_10742.owl,"SubClassOf(<http://purl.obolibrary.org/obo/XAO_1000059> <http://purl.obolibrary.org/obo/XAO_1000094>)",5157,561.9,-1.0,3214,0,-1.0,3186,0,-1.0,3259,0,-1.0,3382,0,0,-1.0,3231,0
ore_ont_10742.owl,"SubClassOf(<http://purl.obolibrary.org/obo/XAO_1000057> <http://purl.obolibrary.org/obo/XAO_1000094>)",5157,225.10000000000002,-1.0,3290,0,-1.0,3252,0,-1.0,3316,0,-1.0,3246,0,0,-1.0,3220,0
ore_ont_10742.owl,"SubClassOf(<http://purl.obolibrary.org/obo/XAO_1000038> <http://purl.obolibrary.org/obo/XAO_1000094>)",5157,379.5,-1.0,3246,0,-1.0,3216,0,-1.0,3317,0,-1.0,3436,0,0,-1.0,3263,0
ore_ont_10742.owl,"SubClassOf(<http://purl.obolibrary.org/obo/XAO_1000049> <http://purl.obolibrary.org/obo/XAO_1000094>)",5157,315.5,-1.0,3348,0,-1.0,3223,0,-1.0,3235,0,-1.0,3217,0,0,-1.0,3248,0
ore_ont_10968.owl,"SubClassOf(<http://purl.obolibrary.org/obo/BTO_0001912> <http://purl.obolibrary.org/obo/BTO_0000356>)",4830,1998.6,-1.0,3285,0,-1.0,3324,0,-1.0,3285,0,-1.0,3412,0,0,-1.0,3241,0
ore_ont_10968.owl,"SubClassOf(<http://purl.obolibrary.org/obo/BTO_0000379> <http://purl.obolibrary.org/obo/BTO_0000284>)",4830,2025.1999999999996,2003.2000000000003,11884,1868,2002.8999999999999,9862,1864,2003.2000000000003,6565,1906,2003.2000000000003,5720,1820,1,2003.2000000000003,17393,1900
ore_ont_10968.owl,"SubClassOf(<http://purl.obolibrary.org/obo/BTO_0000300> <http://purl.obolibrary.org/obo/BTO_0000713>)",4830,401.09999999999997,-1.0,3321,0,-1.0,3318,0,-1.0,3321,0,-1.0,3324,0,0,-1.0,3286,0
ore_ont_10968.owl,"SubClassOf(<http://purl.obolibrary.org/obo/BTO_0002559> <http://purl.obolibrary.org/obo/BTO_0002553>)",4830,2011.6,-1.0,3297,0,-1.0,3267,0,-1.0,3312,0,-1.0,3310,0,0,-1.0,3299,0
ore_ont_10968.owl,"SubClassOf(<http://purl.obolibrary.org/obo/BTO_0001080> <http://purl.obolibrary.org/obo/BTO_0000578>)",4830,409.2,-1.0,3232,0,-1.0,3239,0,-1.0,3289,0,-1.0,3280,0,0,-1.0,3257,0
ore_ont_10968.owl,"SubClassOf(<http://purl.obolibrary.org/obo/BTO_0003825> <http://purl.obolibrary.org/obo/BTO_0001479>)",4830,848.3,-1.0,3210,0,-1.0,3264,0,-1.0,3242,0,-1.0,3299,0,0,-1.0,3294,0
ore_ont_10968.owl,"SubClassOf(<http://purl.obolibrary.org/obo/BTO_0000720> <http://purl.obolibrary.org/obo/BTO_0001461>)",4830,1196.1999999999998,-1.0,3249,0,-1.0,3262,0,-1.0,3259,0,-1.0,3316,0,0,-1.0,3228,0
ore_ont_10968.owl,"SubClassOf(<http://purl.obolibrary.org/obo/BTO_0002130> <http://purl.obolibrary.org/obo/BTO_0000849>)",4830,419.99999999999994,-1.0,3260,0,-1.0,3286,0,-1.0,3310,0,-1.0,3322,0,0,-1.0,3212,0
ore_ont_10968.owl,"SubClassOf(<http://purl.obolibrary.org/obo/BTO_0001521> <http://purl.obolibrary.org/obo/BTO_0000794>)",4830,1998.6,-1.0,3298,0,-1.0,3238,0,-1.0,3226,0,-1.0,3287,0,0,-1.0,3273,0
ore_ont_10968.owl,"SubClassOf(<http://purl.obolibrary.org/obo/BTO_0000419> <http://purl.obolibrary.org/obo/BTO_0000416>)",4830,806.0,-1.0,3231,0,-1.0,3262,0,-1.0,3306,0,-1.0,3291,0,0,-1.0,3352,0
ore_ont_9790.owl,"SubClassOf(<http://purl.obolibrary.org/obo/DOID_11104> <http://purl.obolibrary.org/obo/DOID_0050338>)",6710,37.7,-1.0,3378,0,-1.0,3317,0,-1.0,3356,0,-1.0,3318,0,0,-1.0,3325,0
ore_ont_9790.owl,"SubClassOf(<http://purl.obolibrary.org/obo/DOID_2723> <http://purl.obolibrary.org/obo/DOID_37>)",6710,41.9,-1.0,3357,0,-1.0,3423,0,-1.0,3260,0,-1.0,3388,0,0,-1.0,3274,0
ore_ont_9790.owl,"SubClassOf(<http://purl.obolibrary.org/obo/DOID_5353> <http://purl.obolibrary.org/obo/DOID_5295>)",6710,41.3,-1.0,3400,0,-1.0,3340,0,-1.0,3353,0,-1.0,3360,0,0,-1.0,3341,0
ore_ont_9790.owl,"SubClassOf(<http://purl.obolibrary.org/obo/DOID_4953> <http://purl.obolibrary.org/obo/DOID_934>)",6710,37.9,-1.0,3361,0,-1.0,3340,0,-1.0,3354,0,-1.0,3332,0,0,-1.0,3368,0
ore_ont_9790.owl,"SubClassOf(<http://purl.obolibrary.org/obo/DOID_2921> <http://purl.obolibrary.org/obo/DOID_557>)",6710,67.39999999999999,18.700000000000003,12042,1192,41.2,8853,1224,18.700000000000003,6793,1204,18.700000000000003,5842,1202,3,18.700000000000003,16031,1170
ore_ont_9790.owl,"SubClassOf(<http://purl.obolibrary.org/obo/DOID_0080014> <http://purl.obolibrary.org/obo/DOID_0050177>)",6710,55.0,-1.0,3322,0,-1.0,3326,0,-1.0,3356,0,-1.0,3415,0,0,-1.0,3381,0
ore_ont_9790.owl,"SubClassOf(<http://purl.obolibrary.org/obo/DOID_6713> <http://purl.obolibrary.org/obo/DOID_936>)",6710,82.5,-1.0,3397,0,-1.0,3326,0,-1.0,3330,0,-1.0,3333,0,0,-1.0,3397,0
ore_ont_9790.owl,"SubClassOf(<http://purl.obolibrary.org/obo/DOID_1080> <http://purl.obolibrary.org/obo/DOID_883>)",6710,37.1,-1.0,3556,0,-1.0,3465,0,-1.0,3533,0,-1.0,3438,0,0,-1.0,3425,0
ore_ont_9790.owl,"SubClassOf(<http://purl.obolibrary.org/obo/DOID_6686> <http://purl.obolibrary.org/obo/DOID_225>)",6710,19.1,-1.0,3388,0,-1.0,3375,0,-1.0,3423,0,-1.0,3406,0,0,-1.0,3431,0
ore_ont_9790.owl,"SubClassOf(<http://purl.obolibrary.org/obo/DOID_1682> <http://purl.obolibrary.org/obo/DOID_0080015>)",6710,22.3,-1.0,3417,0,-1.0,3476,0,-1.0,3415,0,-1.0,3355,0,0,-1.0,3326,0
ore_ont_1493.owl,"SubClassOf(<http://purl.obolibrary.org/obo/FBsp_00001388> <http://purl.obolibrary.org/obo/FBsp_30000076>)",6585,2432.9999999999995,-1.0,3380,0,-1.0,3340,0,-1.0,3333,0,-1.0,3409,0,0,-1.0,3292,0
ore_ont_1493.owl,"SubClassOf(<http://purl.obolibrary.org/obo/FBsp_00002350> <http://purl.obolibrary.org/obo/FBsp_00002343>)",6585,200.70000000000002,-1.0,3313,0,-1.0,3374,0,-1.0,3390,0,-1.0,3312,0,0,-1.0,3295,0
ore_ont_1493.owl,"SubClassOf(<http://purl.obolibrary.org/obo/FBsp_00001815> <http://purl.obolibrary.org/obo/FBsp_20000031>)",6585,31.9,-1.0,3321,0,-1.0,3392,0,-1.0,3356,0,-1.0,3362,0,0,-1.0,3374,0
ore_ont_1493.owl,"SubClassOf(<http://purl.obolibrary.org/obo/FBsp_00001222> <http://purl.obolibrary.org/obo/FBsp_30000101>)",6585,3296.4999999999995,2614.0,12098,1391,2948.9999999999995,9354,1358,2614.0,6867,1271,2948.9999999999995,5773,1374,2,2614.0,16837,1265
ore_ont_1493.owl,"SubClassOf(<http://purl.obolibrary.org/obo/FBsp_30003589> <http://purl.obolibrary.org/obo/FBsp_30000146>)",6585,3181.9999999999995,-1.0,3322,0,-1.0,3368,0,-1.0,3281,0,-1.0,3311,0,0,-1.0,3405,0
ore_ont_1493.owl,"SubClassOf(<http://purl.obolibrary.org/obo/FBsp_00001180> <http://purl.obolibrary.org/obo/FBsp_30000093>)",6585,2895.9999999999995,-1.0,3330,0,-1.0,3299,0,-1.0,3452,0,-1.0,3453,0,0,-1.0,3464,0
ore_ont_1493.owl,"SubClassOf(<http://purl.obolibrary.org/obo/FBsp_10000100> <http://purl.obolibrary.org/obo/FBsp_30000112>)",6585,2895.399999999999,-1.0,3349,0,-1.0,3405,0,-1.0,3355,0,-1.0,3329,0,0,-1.0,3381,0
ore_ont_1493.owl,"SubClassOf(<http://purl.obolibrary.org/obo/FBsp_30000101> <http://purl.obolibrary.org/obo/FBsp_00000751>)",6585,2639.2999999999993,-1.0,3324,0,-1.0,3330,0,-1.0,3383,0,-1.0,3522,0,0,-1.0,3390,0
ore_ont_1493.owl,"SubClassOf(<http://purl.obolibrary.org/obo/FBsp_00001340> <http://purl.obolibrary.org/obo/FBsp_00001337>)",6585,3555.9999999999995,-1.0,3493,0,-1.0,3438,0,-1.0,3385,0,-1.0,3356,0,0,-1.0,3378,0
ore_ont_1493.owl,"SubClassOf(<http://purl.obolibrary.org/obo/FBsp_10000075> <http://purl.obolibrary.org/obo/FBsp_30000013>)",6585,2165.2999999999993,-1.0,3419,0,-1.0,3420,0,-1.0,3345,0,-1.0,3391,0,0,-1.0,3417,0
ore_ont_8641.owl,"SubClassOf(<http://purl.org/obo/owl/IEV#IEV_0000027> <http://purl.org/obo/owl/IEV#IEV_0001842>)",8257,463.29999999999995,-1.0,3300,0,-1.0,3274,0,-1.0,3267,0,-1.0,3312,0,0,-1.0,3394,0
ore_ont_8641.owl,"SubClassOf(<http://purl.org/obo/owl/IEV#IEV_0000345> <http://purl.org/obo/owl/IEV#IEV_0000293>)",8257,273.7,-1.0,3384,0,-1.0,3316,0,-1.0,3372,0,-1.0,3346,0,0,-1.0,3304,0
ore_ont_8641.owl,"SubClassOf(<http://purl.org/obo/owl/IEV#IEV_0000583> <http://purl.org/obo/owl/IEV#IEV_0000013>)",8257,620.6999999999999,-1.0,3313,0,-1.0,3404,0,-1.0,3287,0,-1.0,3396,0,0,-1.0,3365,0
ore_ont_8641.owl,"SubClassOf(<http://purl.org/obo/owl/IEV#IEV_0002269> <http://purl.org/obo/owl/IEV#IEV_0000027>)",8257,564.3,-1.0,3297,0,-1.0,3357,0,-1.0,3356,0,-1.0,3461,0,0,-1.0,3329,0
ore_ont_8641.owl,"SubClassOf(<http://purl.org/obo/owl/IEV#IEV_0000867> <http://purl.org/obo/owl/IEV#IEV_0000044>)",8257,568.1999999999999,-1.0,3373,0,-1.0,3350,0,-1.0,3399,0,-1.0,3348,0,0,-1.0,3345,0
ore_ont_8641.owl,"SubClassOf(<http://purl.org/obo/owl/IEV#IEV_0001676> <http://purl.org/obo/owl/IEV#IEV_0001670>)",8257,826.8,-1.0,3369,0,-1.0,3396,0,-1.0,3447,0,-1.0,3367,0,0,-1.0,3388,0
ore_ont_8641.owl,"SubClassOf(<http://purl.org/obo/owl/IEV#IEV_0001669> <http://purl.org/obo/owl/IEV#IEV_0000145>)",8257,574.8,-1.0,3343,0,-1.0,3413,0,-1.0,3377,0,-1.0,3413,0,0,-1.0,3378,0
ore_ont_8641.owl,"SubClassOf(<http://purl.org/obo/owl/IEV#IEV_0000053> <http://purl.org/obo/owl/IEV#IEV_0000025>)",8257,931.0999999999999,-1.0,3399,0,-1.0,3349,0,-1.0,3393,0,-1.0,3346,0,0,-1.0,3411,0
ore_ont_8641.owl,"SubClassOf(<http://purl.org/obo/owl/IEV#IEV_0000045> <http://purl.org/obo/owl/IEV#IEV_0000016>)",8257,573.5999999999999,-1.0,3517,0,-1.0,3426,0,-1.0,3511,0,-1.0,3475,0,0,-1.0,3471,0
ore_ont_8641.owl,"SubClassOf(<http://purl.org/obo/owl/IEV#IEV_0001479> <http://purl.org/obo/owl/IEV#IEV_0001669>)",8257,1495.1,1494.1999999999996,22613,1354,1493.8999999999999,18711,1321,1495.1,6972,1450,1495.1,6089,1490,2,1494.1999999999996,34788,1341
ore_ont_4655.owl,"SubClassOf(<http://purl.obolibrary.org/obo/MFO_0000030> <http://purl.obolibrary.org/obo/MFO_0000010>)",4402,8846.4,-1.0,3243,0,-1.0,3295,0,-1.0,3278,0,-1.0,3329,0,0,-1.0,3302,0
ore_ont_4655.owl,"SubClassOf(<http://purl.obolibrary.org/obo/MFO_0002980> <http://purl.obolibrary.org/obo/MFO_0002880>)",4402,17678.2,-1.0,3252,0,-1.0,3272,0,-1.0,3261,0,-1.0,3260,0,0,-1.0,3285,0
ore_ont_4655.owl,"SubClassOf(<http://purl.obolibrary.org/obo/MFO_0002880> <http://purl.obolibrary.org/obo/MFO_0001620>)",4402,18913.600000000002,-1.0,3290,0,-1.0,3300,0,-1.0,3349,0,-1.0,3392,0,0,-1.0,3341,0
ore_ont_4655.owl,"SubClassOf(<http://purl.obolibrary.org/obo/MFO_0005020> <http://purl.obolibrary.org/obo/MFO_0005000>)",4402,7575.3,-1.0,3286,0,-1.0,3316,0,-1.0,3304,0,-1.0,3253,0,0,-1.0,3274,0
ore_ont_4655.owl,"SubClassOf(<http://purl.obolibrary.org/obo/MFO_0002660> <http://purl.obolibrary.org/obo/MFO_0002520>)",4402,26521.000000000004,-1.0,3239,0,-1.0,3280,0,-1.0,3294,0,-1.0,3256,0,0,-1.0,3320,0
ore_ont_4655.owl,"SubClassOf(<http://purl.obolibrary.org/obo/MFO_0002980> <http://purl.obolibrary.org/obo/MFO_0001620>)",4402,10097.300000000001,10079.9,12049,9812,10085.8,26441,9807,10079.9,6807,9839,10079.9,5839,10333,2,10079.9,33549,10076
ore_ont_4655.owl,"SubClassOf(<http://purl.obolibrary.org/obo/MFO_0001340> <http://purl.obolibrary.org/obo/MFO_0001020>)",4402,13875.599999999999,-1.0,3297,0,-1.0,3267,0,-1.0,3365,0,-1.0,3394,0,0,-1.0,3317,0
ore_ont_4655.owl,"SubClassOf(<http://purl.obolibrary.org/obo/MFO_0002000> <http://purl.obolibrary.org/obo/MFO_0001860>)",4402,11363.100000000002,-1.0,3321,0,-1.0,3352,0,-1.0,3392,0,-1.0,3387,0,0,-1.0,3311,0
ore_ont_4655.owl,"SubClassOf(<http://purl.obolibrary.org/obo/MFO_0001780> <http://purl.obolibrary.org/obo/MFO_0001740>)",4402,36621.700000000004,-1.0,3335,0,-1.0,3422,0,-1.0,3377,0,-1.0,3594,0,0,-1.0,3471,0
ore_ont_4655.owl,"SubClassOf(<http://purl.obolibrary.org/obo/MFO_0002220> <http://purl.obolibrary.org/obo/MFO_0001620>)",4402,23957.3,-1.0,3254,0,-1.0,3345,0,-1.0,3279,0,-1.0,3352,0,0,-1.0,3288,0
ore_ont_5792.owl,"SubClassOf(<http://purl.obolibrary.org/obo/MP_0005118> <http://purl.obolibrary.org/obo/MP_0005418>)",8927,176.0,140.6,12044,1382,140.6,10314,1277,140.6,7144,1227,176.0,6024,1282,2,140.6,17187,1423
ore_ont_5792.owl,"SubClassOf(<http://purl.obolibrary.org/obo/MP_0002206> <http://purl.obolibrary.org/obo/MP_0003633>)",8927,64.6,18.1,12292,1562,38.400000000000006,9477,1288,18.1,7111,1490,18.1,5910,1530,1,18.1,17017,1449
ore_ont_5792.owl,"SubClassOf(<http://purl.obolibrary.org/obo/MP_0000965> <http://purl.obolibrary.org/obo/MP_0002882>)",8927,97.3,-1.0,3307,0,-1.0,3408,0,-1.0,3369,0,-1.0,3426,0,0,-1.0,3446,0
ore_ont_5792.owl,"SubClassOf(<http://purl.obolibrary.org/obo/MP_0004896> <http://purl.obolibrary.org/obo/MP_0001120>)",8927,132.7,-1.0,3360,0,-1.0,3367,0,-1.0,3409,0,-1.0,3349,0,0,-1.0,3318,0
ore_ont_5792.owl,"SubClassOf(<http://purl.obolibrary.org/obo/MP_0002191> <http://purl.obolibrary.org/obo/MP_0001614>)",8927,52.7,-1.0,3379,0,-1.0,3368,0,-1.0,3384,0,-1.0,3523,0,0,-1.0,3496,0
ore_ont_5792.owl,"SubClassOf(<http://purl.obolibrary.org/obo/MP_0004175> <http://purl.obolibrary.org/obo/MP_0002106>)",8927,153.00000000000003,120.9,16432,1501,92.70000000000002,10222,1318,120.9,7974,1326,92.70000000000002,5842,1292,1,120.9,24656,1360
ore_ont_5792.owl,"SubClassOf(<http://purl.obolibrary.org/obo/MP_0005418> <http://purl.obolibrary.org/obo/MP_0001764>)",8927,88.5,21.6,18270,1479,45.599999999999994,13248,1416,21.6,8576,1351,42.599999999999994,6020,1318,1,21.6,27510,1335
ore_ont_5792.owl,"SubClassOf(<http://purl.obolibrary.org/obo/MP_0001846> <http://purl.obolibrary.org/obo/MP_0000001>)",8927,69.8,24.4,20310,1416,29.0,9649,1507,24.4,8273,1338,29.0,5821,1340,1,24.4,32059,1362
ore_ont_5792.owl,"SubClassOf(<http://purl.obolibrary.org/obo/MP_0001851> <http://purl.obolibrary.org/obo/MP_0001846>)",8927,108.10000000000001,-1.0,3398,0,-1.0,3297,0,-1.0,3299,0,-1.0,3438,0,0,-1.0,3326,0
ore_ont_5792.owl,"SubClassOf(<http://purl.obolibrary.org/obo/MP_0002703> <http://purl.obolibrary.org/obo/MP_0002135>)",8927,85.1,56.199999999999996,12106,1569,31.0,10018,1578,56.199999999999996,7358,1572,56.199999999999996,6012,1561,1,56.199999999999996,17596,1459
ore_ont_3106.owl,"SubClassOf(<http://purl.obolibrary.org/obo/GO_0004672> <http://purl.obolibrary.org/obo/GO_0016773>)",10257,148.29999999999998,-1.0,3529,0,-1.0,3464,0,-1.0,3464,0,-1.0,3456,0,0,-1.0,3470,0
ore_ont_3106.owl,"SubClassOf(<http://purl.obolibrary.org/obo/GO_0004672> <http://purl.obolibrary.org/obo/GO_0016301>)",10257,148.29999999999998,-1.0,3582,0,-1.0,3466,0,-1.0,3459,0,-1.0,3549,0,0,-1.0,3466,0
ore_ont_3106.owl,"SubClassOf(<http://purl.obolibrary.org/obo/GO_0019113> <http://purl.obolibrary.org/obo/GO_0016709>)",10257,222.29999999999998,-1.0,3453,0,-1.0,3510,0,-1.0,3498,0,-1.0,3524,0,0,-1.0,3414,0
ore_ont_3106.owl,"SubClassOf(<http://purl.obolibrary.org/obo/GO_0004407> <http://purl.obolibrary.org/obo/GO_0016811>)",10257,148.79999999999998,-1.0,3475,0,-1.0,3455,0,-1.0,3560,0,-1.0,3507,0,0,-1.0,3563,0
ore_ont_3106.owl,"SubClassOf(<http://purl.obolibrary.org/obo/GO_0016274> <http://purl.obolibrary.org/obo/GO_0008757>)",10257,274.8,264.20000000000005,12469,1794,264.20000000000005,11731,1727,264.20000000000005,7803,1800,274.8,6142,1790,1,264.20000000000005,18528,1828
ore_ont_3106.owl,"SubClassOf(<http://purl.obolibrary.org/obo/GO_0019171> <http://purl.obolibrary.org/obo/GO_0016836>)",10257,121.3,-1.0,3505,0,-1.0,3506,0,-1.0,3473,0,-1.0,3464,0,0,-1.0,3567,0
ore_ont_3106.owl,"SubClassOf(<http://purl.obolibrary.org/obo/GO_0033764> <http://purl.obolibrary.org/obo/GO_0016616>)",10257,264.6,-1.0,3518,0,-1.0,3472,0,-1.0,3405,0,-1.0,3363,0,0,-1.0,3361,0
ore_ont_3106.owl,"SubClassOf(<http://purl.obolibrary.org/obo/GO_0004611> <http://purl.obolibrary.org/obo/GO_0016831>)",10257,112.6,-1.0,3491,0,-1.0,3442,0,-1.0,3427,0,-1.0,3394,0,0,-1.0,3391,0
ore_ont_3106.owl,"SubClassOf(<http://purl.obolibrary.org/obo/GO_0001664> <http://purl.obolibrary.org/obo/GO_0005515>)",10257,136.3,64.5,12336,1690,27.400000000000002,10522,1698,64.5,7688,1686,27.400000000000002,6014,1907,2,64.5,18855,1814
ore_ont_3106.owl,"SubClassOf(<http://purl.obolibrary.org/obo/GO_0016709> <http://purl.obolibrary.org/obo/GO_0016705>)",10257,132.1,-1.0,3340,0,-1.0,3356,0,-1.0,3372,0,-1.0,3436,0,0,-1.0,3401,0
ore_ont_10389.owl,"SubClassOf(<http://purl.obolibrary.org/obo/MP_0002962> <http://purl.obolibrary.org/obo/MP_0009643>)",10769,125.60000000000001,88.3,12235,1542,54.10000000000001,10095,1548,88.3,7188,1628,54.10000000000001,6233,1576,2,88.3,17584,1549
ore_ont_10389.owl,"SubClassOf(<http://purl.obolibrary.org/obo/MP_0005118> <http://purl.obolibrary.org/obo/MP_0005418>)",10769,217.40000000000003,217.40000000000003,12247,1582,217.40000000000003,11065,1539,217.40000000000003,7153,1518,217.40000000000003,6153,1577,1,217.40000000000003,17689,1549
ore_ont_10389.owl,"SubClassOf(<http://purl.obolibrary.org/obo/MP_0009643> <http://purl.obolibrary.org/obo/MP_0000001>)",10769,71.60000000000001,22.599999999999994,26765,1630,36.1,14115,1586,22.599999999999994,11169,1656,39.1,6127,1603,3,22.599999999999994,47055,1672
ore_ont_10389.owl,"SubClassOf(<http://purl.obolibrary.org/obo/MP_0002206> <http://purl.obolibrary.org/obo/MP_0003633>)",10769,63.099999999999994,17.200000000000003,12192,1696,37.2,10491,1568,17.200000000000003,7214,1724,17.200000000000003,5987,1683,1,17.200000000000003,17934,1758
ore_ont_10389.owl,"SubClassOf(<http://purl.obolibrary.org/obo/MP_0005563> <http://purl.obolibrary.org/obo/MP_0002447>)",10769,173.49999999999997,91.2,12147,1643,130.2,10178,1802,91.2,7158,1676,91.2,5956,1631,1,91.2,18111,1599
ore_ont_10389.owl,"SubClassOf(<http://purl.obolibrary.org/obo/MP_0000965> <http://purl.obolibrary.org/obo/MP_0002882>)",10769,93.4,-1.0,3421,0,-1.0,3429,0,-1.0,3383,0,-1.0,3389,0,0,-1.0,3418,0
ore_ont_10389.owl,"SubClassOf(<http://purl.obolibrary.org/obo/MP_0009643> <http://purl.obolibrary.org/obo/MP_0001764>)",10769,58.9,-1.0,3423,0,-1.0,3400,0,-1.0,3411,0,-1.0,3436,0,0,-1.0,3412,0
ore_ont_10389.owl,"SubClassOf(<http://purl.obolibrary.org/obo/MP_0005325> <http://purl.obolibrary.org/obo/MP_0002135>)",10769,158.79999999999998,68.8,22460,1533,121.3,10672,1682,121.3,7337,1684,121.3,6170,1628,2,121.3,15617,1820
ore_ont_10389.owl,"SubClassOf(<http://purl.obolibrary.org/obo/MP_0006042> <http://purl.obolibrary.org/obo/MP_0001648>)",10769,82.3,-1.0,3500,0,-1.0,3530,0,-1.0,3683,0,-1.0,3542,0,0,-1.0,3613,0
ore_ont_10389.owl,"SubClassOf(<http://purl.obolibrary.org/obo/MP_0001851> <http://purl.obolibrary.org/obo/MP_0001846>)",10769,103.29999999999998,-1.0,3556,0,-1.0,3592,0,-1.0,3494,0,-1.0,3467,0,0,-1.0,3605,0
ore_ont_8329.owl,"SubClassOf(<http://purl.obolibrary.org/obo/ZFS_0000027> <http://purl.obolibrary.org/obo/ZFS_0100000>)",10044,2843.0999999999995,-1.0,3344,0,-1.0,3507,0,-1.0,3302,0,-1.0,3327,0,0,-1.0,3345,0
ore_ont_8329.owl,"SubClassOf(<http://purl.obolibrary.org/obo/ZFA_0000005> <http://purl.obolibrary.org/obo/ZFA_0001488>)",10044,2456.1,2409.8,12030,1651,2362.8,9750,1811,2409.8,6983,1780,2362.8,6043,2033,3,2409.8,17168,1780
ore_ont_8329.owl,"SubClassOf(<http://purl.obolibrary.org/obo/ZFS_0000024> <http://purl.obolibrary.org/obo/ZFS_0100000>)",10044,2447.3999999999996,-1.0,3339,0,-1.0,3264,0,-1.0,3435,0,-1.0,3440,0,0,-1.0,3342,0
ore_ont_8329.owl,"SubClassOf(<http://purl.obolibrary.org/obo/ZFS_0000025> <http://purl.obolibrary.org/obo/ZFS_0100000>)",10044,2579.2999999999993,-1.0,3357,0,-1.0,3259,0,-1.0,3296,0,-1.0,3318,0,0,-1.0,3281,0
ore_ont_8329.owl,"SubClassOf(<http://purl.obolibrary.org/obo/ZFS_0000034> <http://purl.obolibrary.org/obo/ZFS_0100000>)",10044,3106.8999999999996,-1.0,3328,0,-1.0,3247,0,-1.0,3308,0,-1.0,3261,0,0,-1.0,3275,0
ore_ont_8329.owl,"SubClassOf(<http://purl.obolibrary.org/obo/ZFS_0000044> <http://purl.obolibrary.org/obo/ZFS_0100000>)",10044,2315.5,-1.0,3360,0,-1.0,3357,0,-1.0,3405,0,-1.0,3389,0,0,-1.0,3391,0
ore_ont_8329.owl,"SubClassOf(<http://purl.obolibrary.org/obo/ZFS_0000000> <http://purl.obolibrary.org/obo/ZFS_0100000>)",10044,2183.5999999999995,-1.0,3380,0,-1.0,3444,0,-1.0,3423,0,-1.0,3417,0,0,-1.0,3426,0
ore_ont_8329.owl,"SubClassOf(<http://purl.obolibrary.org/obo/ZFA_0001591> <http://purl.obolibrary.org/obo/ZFA_0001477>)",10044,2961.699999999999,2904.3,24711,1811,2695.0,10773,1871,2904.3,9881,1827,2695.0,6023,1829,1,2904.3,43484,1971
ore_ont_8329.owl,"SubClassOf(<http://purl.obolibrary.org/obo/ZFS_0000028> <http://purl.obolibrary.org/obo/ZFS_0100000>)",10044,2051.6999999999994,-1.0,3441,0,-1.0,3341,0,-1.0,3472,0,-1.0,3293,0,0,-1.0,3365,0
ore_ont_8329.owl,"SubClassOf(<http://purl.obolibrary.org/obo/ZFS_0000029> <http://purl.obolibrary.org/obo/ZFS_0100000>)",10044,2447.3999999999996,-1.0,3300,0,-1.0,3354,0,-1.0,3394,0,-1.0,3323,0,0,-1.0,3340,0
ore_ont_13141.owl,"SubClassOf(<http://www.ontologydesignpatterns.org/ont/fao/asfa.owl#Rifting> <http://www.ontologydesignpatterns.org/ont/own/own16.owl#PHENOMENON_1>)",6429,300.29999999999995,-1.0,3506,0,-1.0,3401,0,-1.0,3337,0,-1.0,3415,0,0,-1.0,3351,0
ore_ont_13141.owl,"SubClassOf(<http://www.ontologydesignpatterns.org/ont/fao/asfa.owl#Environmental_assessment> <http://www.ontologydesignpatterns.org/ont/own/own16.owl#ACT%24HUMAN_ACTION%24HUMAN_ACTIVITY>)",6429,301.2,-1.0,3542,0,-1.0,3352,0,-1.0,3383,0,-1.0,3333,0,0,-1.0,3258,0
ore_ont_13141.owl,"SubClassOf(<http://www.ontologydesignpatterns.org/ont/fao/asfa.owl#Organic_compounds> <http://www.ontologydesignpatterns.org/ont/fao/asfa.owl#Chemical_compounds>)",6429,561.5,-1.0,3315,0,-1.0,3393,0,-1.0,3395,0,-1.0,3360,0,0,-1.0,3343,0
ore_ont_13141.owl,"SubClassOf(<http://www.ontologydesignpatterns.org/ont/fao/asfa.owl#Uranium-234%2Furanium-238_ratio> <http://www.ontologydesignpatterns.org/ont/own/own16.owl#MEASURE%24QUANTITY%24AMOUNT%24QUANTUM>)",6429,285.9,-1.0,3455,0,-1.0,3364,0,-1.0,3499,0,-1.0,3332,0,0,-1.0,3356,0
ore_ont_13141.owl,"SubClassOf(<http://www.ontologydesignpatterns.org/ont/fao/asfa.owl#Navigational_aids> <http://www.ontologydesignpatterns.org/ont/own/own16.owl#INSTRUMENTALITY%24INSTRUMENTATION>)",6429,280.79999999999995,-1.0,3387,0,-1.0,3321,0,-1.0,3521,0,-1.0,3437,0,0,-1.0,3516,0
ore_ont_13141.owl,"SubClassOf(<http://www.ontologydesignpatterns.org/ont/fao/asfa.owl#Nickel> <http://www.ontologydesignpatterns.org/ont/fao/asfa.owl#Heavy_metals>)",6429,1390.6,-1.0,3498,0,-1.0,3454,0,-1.0,3313,0,-1.0,3292,0,0,-1.0,3375,0
ore_ont_13141.owl,"SubClassOf(<http://www.ontologydesignpatterns.org/ont/fao/asfa.owl#Measuring_devices> <http://www.ontologydesignpatterns.org/ont/fao/asfa.owl#Equipment>)",6429,557.9,-1.0,3369,0,-1.0,3432,0,-1.0,3313,0,-1.0,3382,0,0,-1.0,3305,0
ore_ont_13141.owl,"SubClassOf(<http://www.ontologydesignpatterns.org/ont/fao/asfa.owl#Carbon_isotopes> <http://www.ontologydesignpatterns.org/ont/fao/asfa.owl#Isotopes>)",6429,566.3,-1.0,3446,0,-1.0,3327,0,-1.0,3414,0,-1.0,3486,0,0,-1.0,3336,0
ore_ont_13141.owl,"SubClassOf(<http://www.ontologydesignpatterns.org/ont/fao/asfa.owl#Separation_processes> <http://www.ontologydesignpatterns.org/ont/own/own16.owl#NATURAL_PROCESS%24NATURAL_ACTION%24ACTION%24ACTIVITY>)",6429,280.79999999999995,-1.0,3453,0,-1.0,3413,0,-1.0,3334,0,-1.0,3356,0,0,-1.0,3287,0
ore_ont_13141.owl,"SubClassOf(<http://www.ontologydesignpatterns.org/ont/fao/asfa.owl#Light_measuring_instruments> <http://www.ontologydesignpatterns.org/ont/fao/asfa.owl#Measuring_devices>)",6429,844.5999999999999,-1.0,3299,0,-1.0,3320,0,-1.0,3291,0,-1.0,3334,0,0,-1.0,3321,0
ore_ont_10280.owl,"SubClassOf(<http://purl.obolibrary.org/obo/FB_FBgn0039805> <http://purl.obolibrary.org/obo/PANTHER_PTHR10380>)",8572,925.2,-1.0,3540,0,-1.0,3380,0,-1.0,3433,0,-1.0,3484,0,0,-1.0,3402,0
ore_ont_10280.owl,"SubClassOf(<http://purl.obolibrary.org/obo/FB_FBgn0028517> <http://purl.obolibrary.org/obo/PANTHER_PTHR24268>)",8572,920.1,-1.0,3461,0,-1.0,3446,0,-1.0,3458,0,-1.0,3425,0,0,-1.0,3537,0
ore_ont_10280.owl,"SubClassOf(<http://purl.obolibrary.org/obo/FB_FBgn0043550> <http://purl.obolibrary.org/obo/PANTHER_PTHR19282>)",8572,919.8,-1.0,3719,0,-1.0,3540,0,-1.0,3603,0,-1.0,3545,0,0,-1.0,3553,0
ore_ont_10280.owl,"SubClassOf(<http://purl.obolibrary.org/obo/FB_FBgn0029928> <http://purl.obolibrary.org/obo/PANTHER_PTHR11389>)",8572,932.4,-1.0,3564,0,-1.0,3560,0,-1.0,3618,0,-1.0,3626,0,0,-1.0,3511,0
ore_ont_10280.owl,"SubClassOf(<http://purl.obolibrary.org/obo/FB_FBgn0040383> <http://purl.obolibrary.org/obo/PANTHER_PTHR24089>)",8572,922.5,-1.0,3492,0,-1.0,3461,0,-1.0,3500,0,-1.0,3440,0,0,-1.0,3481,0
ore_ont_10280.owl,"SubClassOf(<http://purl.obolibrary.org/obo/FB_FBgn0051876> <http://purl.obolibrary.org/obo/PANTHER_PTHR12236>)",8572,921.0,-1.0,3569,0,-1.0,3533,0,-1.0,3464,0,-1.0,3452,0,0,-1.0,3440,0
ore_ont_10280.owl,"SubClassOf(<http://purl.obolibrary.org/obo/FB_FBgn0038020> <http://purl.obolibrary.org/obo/PANTHER_PTHR11260>)",8572,920.7,-1.0,3586,0,-1.0,3444,0,-1.0,3413,0,-1.0,3499,0,0,-1.0,3412,0
ore_ont_10280.owl,"SubClassOf(<http://purl.obolibrary.org/obo/FB_FBgn0037591> <http://purl.obolibrary.org/obo/PANTHER_PTHR21137>)",8572,926.7,-1.0,3449,0,-1.0,3372,0,-1.0,3413,0,-1.0,3492,0,0,-1.0,3446,0
ore_ont_10280.owl,"SubClassOf(<http://purl.obolibrary.org/obo/FB_FBgn0051975> <http://purl.obolibrary.org/obo/PANTHER_PTHR11012>)",8572,923.4,-1.0,3724,0,-1.0,3593,0,-1.0,3517,0,-1.0,3640,0,0,-1.0,3559,0
ore_ont_10280.owl,"SubClassOf(<http://purl.obolibrary.org/obo/FB_FBgn0038481> <http://purl.obolibrary.org/obo/PANTHER_PTHR24260>)",8572,929.4,-1.0,3655,0,-1.0,3540,0,-1.0,3486,0,-1.0,3497,0,0,-1.0,3506,0
ore_ont_12161.owl,"SubClassOf(<http://purl.obolibrary.org/obo/MP_0002962> <http://purl.obolibrary.org/obo/MP_0009643>)",11878,127.4,89.2,12336,1716,54.10000000000001,10976,1743,89.2,7824,1695,54.10000000000001,6237,1720,2,89.2,19339,1994
ore_ont_12161.owl,"SubClassOf(<http://purl.obolibrary.org/obo/MP_0002151> <http://purl.obolibrary.org/obo/MP_0002085>)",11878,91.30000000000001,-1.0,3482,0,-1.0,3595,0,-1.0,3535,0,-1.0,3515,0,0,-1.0,3671,0
ore_ont_12161.owl,"SubClassOf(<http://purl.obolibrary.org/obo/MP_0009643> <http://purl.obolibrary.org/obo/MP_0000001>)",11878,71.3,22.299999999999997,26811,1834,35.8,15016,1750,22.299999999999997,11832,1923,35.8,6110,1677,2,22.299999999999997,48147,1795
ore_ont_12161.owl,"SubClassOf(<http://purl.obolibrary.org/obo/MP_0002206> <http://purl.obolibrary.org/obo/MP_0003633>)",11878,67.3,17.200000000000003,12142,1897,39.300000000000004,10743,1869,17.200000000000003,7121,1730,39.300000000000004,6120,4107,2,17.200000000000003,18153,1787
ore_ont_12161.owl,"SubClassOf(<http://purl.obolibrary.org/obo/MP_0005563> <http://purl.obolibrary.org/obo/MP_0002447>)",11878,175.9,91.2,12319,1758,131.1,10728,1966,91.2,7389,1904,91.2,6106,1877,1,91.2,18566,2045
ore_ont_12161.owl,"SubClassOf(<http://purl.obolibrary.org/obo/MP_0008987> <http://purl.obolibrary.org/obo/MP_0000598>)",11878,82.1,53.8,12428,1813,29.2,11027,1850,53.8,7365,1869,53.8,6050,2029,1,53.8,18672,1832
ore_ont_12161.owl,"SubClassOf(<http://purl.obolibrary.org/obo/MP_0000965> <http://purl.obolibrary.org/obo/MP_0002882>)",11878,94.30000000000001,-1.0,3536,0,-1.0,3420,0,-1.0,3398,0,-1.0,3572,0,0,-1.0,3478,0
ore_ont_12161.owl,"SubClassOf(<http://purl.obolibrary.org/obo/MP_0000352> <http://purl.obolibrary.org/obo/MP_0000350>)",11878,57.2,-1.0,3459,0,-1.0,3444,0,-1.0,3438,0,-1.0,3422,0,0,-1.0,3462,0
ore_ont_12161.owl,"SubClassOf(<http://purl.obolibrary.org/obo/MP_0005325> <http://purl.obolibrary.org/obo/MP_0002135>)",11878,160.0,69.1,20556,1866,122.19999999999999,10813,2079,122.19999999999999,7842,2046,122.19999999999999,6361,2002,2,122.19999999999999,16661,2205
ore_ont_12161.owl,"SubClassOf(<http://purl.obolibrary.org/obo/MP_0001851> <http://purl.obolibrary.org/obo/MP_0001846>)",11878,103.29999999999998,-1.0,3595,0,-1.0,3488,0,-1.0,3511,0,-1.0,3549,0,0,-1.0,3575,0
ore_ont_6751.owl,"SubClassOf(<http://purl.obolibrary.org/obo/MP_0002962> <http://purl.obolibrary.org/obo/MP_0009643>)",11880,133.70000000000002,95.5,12432,1979,60.400000000000006,11447,2173,95.5,7751,2060,60.400000000000006,6180,2063,3,95.5,20211,2007
ore_ont_6751.owl,"SubClassOf(<http://purl.obolibrary.org/obo/MP_0002151> <http://purl.obolibrary.org/obo/MP_0002085>)",11880,97.60000000000001,-1.0,3519,0,-1.0,3398,0,-1.0,3429,0,-1.0,3431,0,0,-1.0,3450,0
ore_ont_6751.owl,"SubClassOf(<http://purl.obolibrary.org/obo/MP_0009643> <http://purl.obolibrary.org/obo/MP_0000001>)",11880,75.8,26.8,26739,1909,40.3,15340,2163,26.8,11848,1970,45.5,6164,2196,2,26.8,54064,2020
ore_ont_6751.owl,"SubClassOf(<http://purl.obolibrary.org/obo/MP_0002206> <http://purl.obolibrary.org/obo/MP_0003633>)",11880,70.9,20.8,12257,2129,42.9,11381,1964,20.8,7245,1911,42.9,6141,2160,2,20.8,19721,2192
ore_ont_6751.owl,"SubClassOf(<http://purl.obolibrary.org/obo/MP_0005563> <http://purl.obolibrary.org/obo/MP_0002447>)",11880,183.1,98.4,12464,2205,138.3,11372,2071,98.4,7621,2001,138.3,6125,2339,1,98.4,19541,2234
ore_ont_6751.owl,"SubClassOf(<http://purl.obolibrary.org/obo/MP_0008987> <http://purl.obolibrary.org/obo/MP_0000598>)",11880,86.6,58.300000000000004,12392,2274,33.7,11149,2156,58.300000000000004,7505,2006,33.7,6022,2143,2,58.300000000000004,18882,1952
ore_ont_6751.owl,"SubClassOf(<http://purl.obolibrary.org/obo/MP_0000965> <http://purl.obolibrary.org/obo/MP_0002882>)",11880,99.7,-1.0,3423,0,-1.0,3385,0,-1.0,3446,0,-1.0,3437,0,0,-1.0,3394,0
ore_ont_6751.owl,"SubClassOf(<http://purl.obolibrary.org/obo/MP_0000352> <http://purl.obolibrary.org/obo/MP_0000350>)",11880,60.800000000000004,-1.0,3334,0,-1.0,3418,0,-1.0,3499,0,-1.0,3413,0,0,-1.0,3393,0
ore_ont_6751.owl,"SubClassOf(<http://purl.obolibrary.org/obo/MP_0005325> <http://purl.obolibrary.org/obo/MP_0002135>)",11880,166.3,75.4,22551,1931,128.5,10942,1890,128.5,7334,2364,128.5,5938,2001,2,128.5,16510,2123
ore_ont_6751.owl,"SubClassOf(<http://purl.obolibrary.org/obo/MP_0001851> <http://purl.obolibrary.org/obo/MP_0001846>)",11880,109.6,-1.0,3485,0,-1.0,3746,0,-1.0,3462,0,-1.0,3454,0,0,-1.0,3437,0
ore_ont_11452.owl,"SubClassOf(<http://purl.obolibrary.org/obo/MP_0002962> <http://purl.obolibrary.org/obo/MP_0009643>)",11937,127.4,89.2,12377,1906,54.10000000000001,11107,2126,89.2,7522,2111,54.10000000000001,6177,2127,3,89.2,18481,1964
ore_ont_11452.owl,"SubClassOf(<http://purl.obolibrary.org/obo/MP_0002151> <http://purl.obolibrary.org/obo/MP_0002085>)",11937,91.30000000000001,-1.0,3484,0,-1.0,3430,0,-1.0,3467,0,-1.0,3544,0,0,-1.0,3461,0
ore_ont_11452.owl,"SubClassOf(<http://purl.obolibrary.org/obo/MP_0009643> <http://purl.obolibrary.org/obo/MP_0000001>)",11937,71.3,22.299999999999997,26744,1982,35.8,15706,1968,22.299999999999997,11884,2064,41.0,6069,1965,2,22.299999999999997,50516,2069
ore_ont_11452.owl,"SubClassOf(<http://purl.obolibrary.org/obo/MP_0002206> <http://purl.obolibrary.org/obo/MP_0003633>)",11937,68.5,17.200000000000003,12344,1966,39.900000000000006,11334,2006,17.200000000000003,7706,2024,17.200000000000003,6025,2022,3,17.200000000000003,19139,2000
ore_ont_11452.owl,"SubClassOf(<http://purl.obolibrary.org/obo/MP_0005563> <http://purl.obolibrary.org/obo/MP_0002447>)",11937,175.9,91.2,12219,2233,131.1,11425,2015,91.2,7333,2106,131.1,6112,2185,2,91.2,21185,2896
ore_ont_11452.owl,"SubClassOf(<http://purl.obolibrary.org/obo/MP_0008987> <http://purl.obolibrary.org/obo/MP_0000598>)",11937,82.1,53.8,12591,2062,29.2,11275,2106,53.8,7316,2019,53.8,6087,2030,1,53.8,18704,2033
ore_ont_11452.owl,"SubClassOf(<http://purl.obolibrary.org/obo/MP_0000965> <http://purl.obolibrary.org/obo/MP_0002882>)",11937,94.30000000000001,-1.0,3418,0,-1.0,3457,0,-1.0,3402,0,-1.0,3408,0,0,-1.0,3385,0
ore_ont_11452.owl,"SubClassOf(<http://purl.obolibrary.org/obo/MP_0000352> <http://purl.obolibrary.org/obo/MP_0000350>)",11937,57.2,-1.0,3410,0,-1.0,3383,0,-1.0,3375,0,-1.0,3396,0,0,-1.0,3409,0
ore_ont_11452.owl,"SubClassOf(<http://purl.obolibrary.org/obo/MP_0005325> <http://purl.obolibrary.org/obo/MP_0002135>)",11937,160.0,69.1,22543,2124,122.19999999999999,11231,2028,122.19999999999999,7205,2147,122.19999999999999,5995,2250,4,122.19999999999999,15838,2085
ore_ont_11452.owl,"SubClassOf(<http://purl.obolibrary.org/obo/MP_0001851> <http://purl.obolibrary.org/obo/MP_0001846>)",11937,103.29999999999998,-1.0,3392,0,-1.0,3345,0,-1.0,3455,0,-1.0,3354,0,0,-1.0,3335,0
ore_ont_6869.owl,"SubClassOf(<http://purl.obolibrary.org/obo/HP_0003907> <http://purl.obolibrary.org/obo/HP_0003063>)",13003,293.79999999999995,-1.0,3402,0,-1.0,3368,0,-1.0,3430,0,-1.0,3386,0,0,-1.0,3424,0
ore_ont_6869.owl,"SubClassOf(<http://purl.obolibrary.org/obo/HP_0000107> <http://purl.obolibrary.org/obo/HP_0000077>)",13003,79.2,-1.0,3367,0,-1.0,3472,0,-1.0,3447,0,-1.0,3384,0,0,-1.0,3427,0
ore_ont_6869.owl,"SubClassOf(<http://purl.obolibrary.org/obo/HP_0001167> <http://purl.obolibrary.org/obo/HP_0001155>)",13003,186.49999999999997,-1.0,3635,0,-1.0,3491,0,-1.0,3439,0,-1.0,3445,0,0,-1.0,3423,0
ore_ont_6869.owl,"SubClassOf(<http://purl.obolibrary.org/obo/HP_0000926> <http://purl.obolibrary.org/obo/HP_0003312>)",13003,161.7,-1.0,3387,0,-1.0,3457,0,-1.0,3475,0,-1.0,3374,0,0,-1.0,3437,0
ore_ont_6869.owl,"SubClassOf(<http://purl.obolibrary.org/obo/HP_0010161> <http://purl.obolibrary.org/obo/HP_0001780>)",13003,240.99999999999994,-1.0,3378,0,-1.0,3468,0,-1.0,3390,0,-1.0,3433,0,0,-1.0,3404,0
ore_ont_6869.owl,"SubClassOf(<http://purl.obolibrary.org/obo/HP_0001780> <http://purl.obolibrary.org/obo/HP_0001760>)",13003,187.7,-1.0,3390,0,-1.0,3415,0,-1.0,3398,0,-1.0,3455,0,0,-1.0,3402,0
ore_ont_6869.owl,"SubClassOf(<http://purl.obolibrary.org/obo/HP_0003355> <http://purl.obolibrary.org/obo/HP_0003110>)",13003,131.4,-1.0,3408,0,-1.0,3408,0,-1.0,3337,0,-1.0,3448,0,0,-1.0,3421,0
ore_ont_6869.owl,"SubClassOf(<http://purl.obolibrary.org/obo/HP_0002093> <http://purl.obolibrary.org/obo/HP_0002088>)",13003,56.19999999999999,-1.0,3388,0,-1.0,3514,0,-1.0,3415,0,-1.0,3467,0,0,-1.0,3410,0
ore_ont_6869.owl,"SubClassOf(<http://purl.obolibrary.org/obo/HP_0001103> <http://purl.obolibrary.org/obo/HP_0000479>)",13003,96.3,-1.0,3436,0,-1.0,3490,0,-1.0,3417,0,-1.0,3404,0,0,-1.0,3410,0
ore_ont_6869.owl,"SubClassOf(<http://purl.obolibrary.org/obo/HP_0003110> <http://purl.obolibrary.org/obo/HP_0001939>)",13003,65.80000000000001,-1.0,3478,0,-1.0,3402,0,-1.0,3445,0,-1.0,3432,0,0,-1.0,3415,0
ore_ont_3712.owl,"SubClassOf(<http://purl.obolibrary.org/obo/HP_0003907> <http://purl.obolibrary.org/obo/HP_0003063>)",13189,347.4999999999999,-1.0,3436,0,-1.0,3404,0,-1.0,3397,0,-1.0,3465,0,0,-1.0,3436,0
ore_ont_3712.owl,"SubClassOf(<http://purl.obolibrary.org/obo/HP_0000107> <http://purl.obolibrary.org/obo/HP_0000077>)",13189,79.2,-1.0,3460,0,-1.0,3454,0,-1.0,3415,0,-1.0,3517,0,0,-1.0,3422,0
ore_ont_3712.owl,"SubClassOf(<http://purl.obolibrary.org/obo/HP_0000926> <http://purl.obolibrary.org/obo/HP_0003312>)",13189,172.2,-1.0,3461,0,-1.0,3409,0,-1.0,3384,0,-1.0,3346,0,0,-1.0,3379,0
ore_ont_3712.owl,"SubClassOf(<http://purl.obolibrary.org/obo/HP_0001780> <http://purl.obolibrary.org/obo/HP_0001760>)",13189,201.49999999999997,-1.0,3434,0,-1.0,3508,0,-1.0,3589,0,-1.0,3615,0,0,-1.0,3564,0
ore_ont_3712.owl,"SubClassOf(<http://purl.obolibrary.org/obo/HP_0003355> <http://purl.obolibrary.org/obo/HP_0003110>)",13189,131.4,-1.0,3442,0,-1.0,3474,0,-1.0,3501,0,-1.0,3453,0,0,-1.0,3468,0
ore_ont_3712.owl,"SubClassOf(<http://purl.obolibrary.org/obo/HP_0002514> <http://purl.obolibrary.org/obo/HP_0010766>)",13189,169.49999999999997,-1.0,3405,0,-1.0,3374,0,-1.0,3393,0,-1.0,3417,0,0,-1.0,3378,0
ore_ont_3712.owl,"SubClassOf(<http://purl.obolibrary.org/obo/HP_0002093> <http://purl.obolibrary.org/obo/HP_0002088>)",13189,56.19999999999999,-1.0,3375,0,-1.0,3416,0,-1.0,3395,0,-1.0,3497,0,0,-1.0,3607,0
ore_ont_3712.owl,"SubClassOf(<http://purl.obolibrary.org/obo/HP_0001103> <http://purl.obolibrary.org/obo/HP_0000479>)",13189,95.4,-1.0,3415,0,-1.0,3380,0,-1.0,3439,0,-1.0,3397,0,0,-1.0,3429,0
ore_ont_3712.owl,"SubClassOf(<http://purl.obolibrary.org/obo/HP_0003110> <http://purl.obolibrary.org/obo/HP_0001939>)",13189,65.80000000000001,-1.0,3417,0,-1.0,3460,0,-1.0,3402,0,-1.0,3470,0,0,-1.0,3372,0
ore_ont_3712.owl,"SubClassOf(<http://purl.obolibrary.org/obo/HP_0011001> <http://purl.obolibrary.org/obo/HP_0004348>)",13189,62.49999999999999,-1.0,3370,0,-1.0,3446,0,-1.0,3383,0,-1.0,3404,0,0,-1.0,3424,0
ore_ont_4732.owl,"SubClassOf(<http://purl.obolibrary.org/obo/MP_0002962> <http://purl.obolibrary.org/obo/MP_0009643>)",13077,130.10000000000002,90.7,12186,2140,55.0,11084,2232,90.7,7119,2058,55.0,5992,2080,3,90.7,19003,2042
ore_ont_4732.owl,"SubClassOf(<http://purl.obolibrary.org/obo/MP_0002151> <http://purl.obolibrary.org/obo/MP_0002085>)",13077,91.9,-1.0,3423,0,-1.0,3375,0,-1.0,3378,0,-1.0,3490,0,0,-1.0,3404,0
ore_ont_4732.owl,"SubClassOf(<http://purl.obolibrary.org/obo/MP_0009643> <http://purl.obolibrary.org/obo/MP_0000001>)",13077,72.80000000000001,23.799999999999997,26644,2152,36.1,16433,2238,23.799999999999997,11721,2042,31.9,6027,2007,1,23.799999999999997,51525,2094
ore_ont_4732.owl,"SubClassOf(<http://purl.obolibrary.org/obo/MP_0012579> <http://purl.obolibrary.org/obo/MP_0005584>)",13077,61.099999999999994,-1.0,3397,0,-1.0,3466,0,-1.0,3400,0,-1.0,3407,0,0,-1.0,3404,0
ore_ont_4732.owl,"SubClassOf(<http://purl.obolibrary.org/obo/MP_0002206> <http://purl.obolibrary.org/obo/MP_0003633>)",13077,67.89999999999999,17.200000000000003,12262,2201,39.6,11208,2171,17.200000000000003,7232,2061,17.200000000000003,5977,1999,1,17.200000000000003,18820,1995
ore_ont_4732.owl,"SubClassOf(<http://purl.obolibrary.org/obo/MP_0005563> <http://purl.obolibrary.org/obo/MP_0002447>)",13077,176.5,91.8,12225,2014,131.7,11035,2078,91.8,7027,2078,131.7,5916,2080,4,91.8,18866,2355
ore_ont_4732.owl,"SubClassOf(<http://purl.obolibrary.org/obo/MP_0000965> <http://purl.obolibrary.org/obo/MP_0002882>)",13077,95.2,-1.0,3345,0,-1.0,3421,0,-1.0,3409,0,-1.0,3382,0,0,-1.0,3330,0
ore_ont_4732.owl,"SubClassOf(<http://purl.obolibrary.org/obo/MP_0011368> <http://purl.obolibrary.org/obo/MP_0006042>)",13077,225.80000000000004,-1.0,3376,0,-1.0,3434,0,-1.0,3400,0,-1.0,3423,0,0,-1.0,3452,0
ore_ont_4732.owl,"SubClassOf(<http://purl.obolibrary.org/obo/MP_0005325> <http://purl.obolibrary.org/obo/MP_0002135>)",13077,160.0,69.1,22522,2110,122.19999999999999,11651,2024,122.19999999999999,7436,2155,122.19999999999999,6115,2161,1,122.19999999999999,16217,2055
ore_ont_4732.owl,"SubClassOf(<http://purl.obolibrary.org/obo/MP_0001851> <http://purl.obolibrary.org/obo/MP_0001846>)",13077,104.19999999999999,-1.0,3433,0,-1.0,3459,0,-1.0,3417,0,-1.0,3518,0,0,-1.0,3417,0
ore_ont_9612.owl,"SubClassOf(<http://purl.obolibrary.org/obo/IMR_0000299> <http://purl.obolibrary.org/obo/IMR_0010044>)",9569,48538.8,48513.899999999994,16373,18655,48505.200000000004,42749,19012,48513.899999999994,8226,19206,48489.2,6210,18530,3,48513.899999999994,93315,19003
ore_ont_9612.owl,"SubClassOf(<http://purl.obolibrary.org/obo/IMR_0000397> <http://purl.obolibrary.org/obo/IMR_0000369>)",9569,27024.4,-1.0,3346,0,-1.0,3373,0,-1.0,3371,0,-1.0,3394,0,0,-1.0,3411,0
ore_ont_9612.owl,"SubClassOf(<http://purl.obolibrary.org/obo/IMR_0010047> <http://purl.obolibrary.org/obo/IMR_0000952>)",9569,36066.0,-1.0,3332,0,-1.0,3411,0,-1.0,3417,0,-1.0,3335,0,0,-1.0,3475,0
ore_ont_9612.owl,"SubClassOf(<http://purl.obolibrary.org/obo/IMR_0002102> <http://purl.obolibrary.org/obo/IMR_0002096>)",9569,79338.7,-1.0,3343,0,-1.0,3347,0,-1.0,3382,0,-1.0,3349,0,0,-1.0,3405,0
ore_ont_9612.owl,"SubClassOf(<http://purl.obolibrary.org/obo/IMR_0010489> <http://purl.obolibrary.org/obo/IMR_0000897>)",9569,26965.7,-1.0,3320,0,-1.0,3329,0,-1.0,3390,0,-1.0,3373,0,0,-1.0,3365,0
ore_ont_9612.owl,"SubClassOf(<http://purl.obolibrary.org/obo/IMR_0000191> <http://purl.obolibrary.org/obo/IMR_0000949>)",9569,59522.2,59434.5,26781,17519,59330.100000000006,43423,17895,59292.100000000006,7891,18361,59369.59999999999,6128,18293,1,59292.100000000006,90648,15889
ore_ont_9612.owl,"SubClassOf(<http://purl.obolibrary.org/obo/IMR_0002103> <http://purl.obolibrary.org/obo/IMR_0002096>)",9569,19735.9,-1.0,3401,0,-1.0,3417,0,-1.0,3464,0,-1.0,3418,0,0,-1.0,3413,0
ore_ont_9612.owl,"SubClassOf(<http://purl.obolibrary.org/obo/IMR_0002818> <http://purl.obolibrary.org/obo/IMR_0001998>)",9569,34237.1,-1.0,3379,0,-1.0,3407,0,-1.0,3360,0,-1.0,3423,0,0,-1.0,3421,0
ore_ont_9612.owl,"SubClassOf(<http://purl.obolibrary.org/obo/IMR_0001577> <http://purl.obolibrary.org/obo/IMR_0000299>)",9569,68626.00000000001,-1.0,3418,0,-1.0,3516,0,-1.0,3388,0,-1.0,3343,0,0,-1.0,3390,0
ore_ont_9612.owl,"SubClassOf(<http://purl.obolibrary.org/obo/IMR_0010046> <http://purl.obolibrary.org/obo/IMR_0010053>)",9569,81160.59999999999,-1.0,3426,0,-1.0,3396,0,-1.0,3417,0,-1.0,3562,0,0,-1.0,3351,0
ore_ont_6358.owl,"SubClassOf(<http://purl.obolibrary.org/obo/HP_0005920> <http://purl.obolibrary.org/obo/HP_0001155>)",13679,498.5999999999999,421.40000000000003,22730,1772,449.3999999999999,15806,1664,421.40000000000003,10283,1806,428.6,6184,2001,1,421.40000000000003,39455,1702
ore_ont_6358.owl,"SubClassOf(<http://purl.obolibrary.org/obo/HP_0003907> <http://purl.obolibrary.org/obo/HP_0003063>)",13679,292.3,-1.0,3480,0,-1.0,3455,0,-1.0,3399,0,-1.0,3457,0,0,-1.0,3461,0
ore_ont_6358.owl,"SubClassOf(<http://purl.obolibrary.org/obo/HP_0010161> <http://purl.obolibrary.org/obo/HP_0001780>)",13679,239.49999999999997,-1.0,3435,0,-1.0,3437,0,-1.0,3408,0,-1.0,3530,0,0,-1.0,3534,0
ore_ont_6358.owl,"SubClassOf(<http://purl.obolibrary.org/obo/HP_0000926> <http://purl.obolibrary.org/obo/HP_0003312>)",13679,160.79999999999998,-1.0,3523,0,-1.0,3471,0,-1.0,3578,0,-1.0,3515,0,0,-1.0,3433,0
ore_ont_6358.owl,"SubClassOf(<http://purl.obolibrary.org/obo/HP_0001780> <http://purl.obolibrary.org/obo/HP_0001760>)",13679,186.5,-1.0,3488,0,-1.0,3529,0,-1.0,3403,0,-1.0,3462,0,0,-1.0,3489,0
ore_ont_6358.owl,"SubClassOf(<http://purl.obolibrary.org/obo/HP_0003355> <http://purl.obolibrary.org/obo/HP_0003110>)",13679,171.79999999999995,166.69999999999996,12311,1943,137.6,10709,1726,166.69999999999996,7414,1676,137.6,6048,1956,3,166.69999999999996,19574,1735
ore_ont_6358.owl,"SubClassOf(<http://purl.obolibrary.org/obo/HP_0002360> <http://purl.obolibrary.org/obo/HP_0000708>)",13679,61.0,-1.0,3590,0,-1.0,3383,0,-1.0,3471,0,-1.0,3519,0,0,-1.0,3425,0
ore_ont_6358.owl,"SubClassOf(<http://purl.obolibrary.org/obo/HP_0002093> <http://purl.obolibrary.org/obo/HP_0002088>)",13679,69.3,-1.0,3520,0,-1.0,3488,0,-1.0,3518,0,-1.0,3467,0,0,-1.0,3460,0
ore_ont_6358.owl,"SubClassOf(<http://purl.obolibrary.org/obo/HP_0001103> <http://purl.obolibrary.org/obo/HP_0000479>)",13679,143.4,-1.0,3467,0,-1.0,3433,0,-1.0,3484,0,-1.0,3394,0,0,-1.0,3420,0
ore_ont_6358.owl,"SubClassOf(<http://purl.obolibrary.org/obo/HP_0003110> <http://purl.obolibrary.org/obo/HP_0001939>)",13679,65.80000000000001,-1.0,3664,0,-1.0,3492,0,-1.0,3407,0,-1.0,3490,0,0,-1.0,3486,0
ore_ont_7218.owl,"SubClassOf(<http://purl.obolibrary.org/obo/ZFS_0000027> <http://purl.obolibrary.org/obo/ZFS_0100000>)",10044,2579.2999999999997,-1.0,3228,0,-1.0,3212,0,-1.0,3260,0,-1.0,3245,0,0,-1.0,3218,0
ore_ont_7218.owl,"SubClassOf(<http://purl.obolibrary.org/obo/ZFA_0000005> <http://purl.obolibrary.org/obo/ZFA_0001488>)",10044,3115.6,3072.3,11996,1759,3025.3,9972,1945,3072.3,6845,1901,3072.3,5850,1801,2,3072.3,16899,1834
ore_ont_7218.owl,"SubClassOf(<http://purl.obolibrary.org/obo/ZFS_0000024> <http://purl.obolibrary.org/obo/ZFS_0100000>)",10044,2711.1999999999994,-1.0,3291,0,-1.0,3246,0,-1.0,3240,0,-1.0,3328,0,0,-1.0,3241,0
ore_ont_7218.owl,"SubClassOf(<http://purl.obolibrary.org/obo/ZFS_0000025> <http://purl.obolibrary.org/obo/ZFS_0100000>)",10044,2051.7,-1.0,3273,0,-1.0,3229,0,-1.0,3257,0,-1.0,3258,0,0,-1.0,3279,0
ore_ont_7218.owl,"SubClassOf(<http://purl.obolibrary.org/obo/ZFS_0000034> <http://purl.obolibrary.org/obo/ZFS_0100000>)",10044,2447.3999999999996,-1.0,3280,0,-1.0,3296,0,-1.0,3227,0,-1.0,3266,0,0,-1.0,3274,0
ore_ont_7218.owl,"SubClassOf(<http://purl.obolibrary.org/obo/ZFS_0000044> <http://purl.obolibrary.org/obo/ZFS_0100000>)",10044,2315.5,-1.0,3274,0,-1.0,3316,0,-1.0,3218,0,-1.0,3297,0,0,-1.0,3306,0
ore_ont_7218.owl,"SubClassOf(<http://purl.obolibrary.org/obo/ZFS_0000000> <http://purl.obolibrary.org/obo/ZFS_0100000>)",10044,3106.8999999999996,-1.0,3246,0,-1.0,3323,0,-1.0,3297,0,-1.0,3266,0,0,-1.0,3276,0
ore_ont_7218.owl,"SubClassOf(<http://purl.obolibrary.org/obo/ZFA_0001591> <http://purl.obolibrary.org/obo/ZFA_0001477>)",10044,3489.299999999999,3434.3,24452,2028,3225.0,10194,2126,3434.3,8672,1956,3262.4,5812,1863,2,3434.3,43650,2085
ore_ont_7218.owl,"SubClassOf(<http://purl.obolibrary.org/obo/ZFS_0000028> <http://purl.obolibrary.org/obo/ZFS_0100000>)",10044,1656.0,-1.0,3263,0,-1.0,3292,0,-1.0,3300,0,-1.0,3347,0,0,-1.0,3281,0
ore_ont_7218.owl,"SubClassOf(<http://purl.obolibrary.org/obo/ZFS_0000029> <http://purl.obolibrary.org/obo/ZFS_0100000>)",10044,2579.3,-1.0,3287,0,-1.0,3275,0,-1.0,3199,0,-1.0,3293,0,0,-1.0,3307,0
ore_ont_4460.owl,"SubClassOf(<http://purl.obolibrary.org/obo/HP_0003907> <http://purl.obolibrary.org/obo/HP_0003063>)",13832,291.4,-1.0,3489,0,-1.0,3430,0,-1.0,3443,0,-1.0,3431,0,0,-1.0,3476,0
ore_ont_4460.owl,"SubClassOf(<http://purl.obolibrary.org/obo/HP_0010161> <http://purl.obolibrary.org/obo/HP_0001780>)",13832,237.99999999999997,-1.0,3510,0,-1.0,3393,0,-1.0,3715,0,-1.0,3463,0,0,-1.0,3414,0
ore_ont_4460.owl,"SubClassOf(<http://purl.obolibrary.org/obo/HP_0000926> <http://purl.obolibrary.org/obo/HP_0003312>)",13832,160.20000000000002,-1.0,3374,0,-1.0,3488,0,-1.0,3395,0,-1.0,3380,0,0,-1.0,3432,0
ore_ont_4460.owl,"SubClassOf(<http://purl.obolibrary.org/obo/HP_0001780> <http://purl.obolibrary.org/obo/HP_0001760>)",13832,185.29999999999998,-1.0,3465,0,-1.0,3437,0,-1.0,3489,0,-1.0,3514,0,0,-1.0,3452,0
ore_ont_4460.owl,"SubClassOf(<http://purl.obolibrary.org/obo/HP_0003355> <http://purl.obolibrary.org/obo/HP_0003110>)",13832,174.79999999999995,169.39999999999998,12286,1989,139.7,10963,2073,169.39999999999998,7711,2080,139.7,6103,2085,3,169.39999999999998,18997,1989
ore_ont_4460.owl,"SubClassOf(<http://purl.obolibrary.org/obo/HP_0002360> <http://purl.obolibrary.org/obo/HP_0000708>)",13832,61.9,-1.0,3447,0,-1.0,3455,0,-1.0,3531,0,-1.0,3444,0,0,-1.0,3519,0
ore_ont_4460.owl,"SubClassOf(<http://purl.obolibrary.org/obo/HP_0002093> <http://purl.obolibrary.org/obo/HP_0002088>)",13832,70.5,-1.0,3381,0,-1.0,3436,0,-1.0,3474,0,-1.0,3462,0,0,-1.0,3490,0
ore_ont_4460.owl,"SubClassOf(<http://purl.obolibrary.org/obo/HP_0001103> <http://purl.obolibrary.org/obo/HP_0000479>)",13832,145.49999999999997,-1.0,3444,0,-1.0,3440,0,-1.0,3461,0,-1.0,3411,0,0,-1.0,3395,0
ore_ont_4460.owl,"SubClassOf(<http://purl.obolibrary.org/obo/HP_0003110> <http://purl.obolibrary.org/obo/HP_0001939>)",13832,67.3,-1.0,3450,0,-1.0,3429,0,-1.0,3412,0,-1.0,3406,0,0,-1.0,3447,0
ore_ont_4460.owl,"SubClassOf(<http://purl.obolibrary.org/obo/HP_0005918> <http://purl.obolibrary.org/obo/HP_0001155>)",13832,248.2,188.8,12170,2027,217.7,11175,2040,188.8,7285,2076,217.7,6002,2074,1,188.8,18572,1986
ore_ont_8492.owl,"SubClassOf(<http://purl.obolibrary.org/obo/WBbt_0004400> <http://purl.obolibrary.org/obo/WBbt_0008069>)",12112,40897.899999999994,-1.0,3355,0,-1.0,3325,0,-1.0,3622,0,-1.0,3407,0,0,-1.0,3376,0
ore_ont_8492.owl,"SubClassOf(<http://purl.obolibrary.org/obo/WBbt_0008070> <http://purl.obolibrary.org/obo/WBbt_0005757>)",12112,51370.899999999994,-1.0,3399,0,-1.0,3410,0,-1.0,3406,0,-1.0,3352,0,0,-1.0,3363,0
ore_ont_8492.owl,"SubClassOf(<http://purl.obolibrary.org/obo/WBbt_0004047> <http://purl.obolibrary.org/obo/WBbt_0005154>)",12112,53093.200000000004,-1.0,3390,0,-1.0,3416,0,-1.0,3426,0,-1.0,3279,0,0,-1.0,3388,0
ore_ont_8492.owl,"SubClassOf(<http://purl.obolibrary.org/obo/WBbt_0005045> <http://purl.obolibrary.org/obo/WBbt_0005113>)",12112,63195.600000000006,-1.0,3325,0,-1.0,3407,0,-1.0,3476,0,-1.0,3304,0,0,-1.0,3371,0
ore_ont_8492.owl,"SubClassOf(<http://purl.obolibrary.org/obo/WBbt_0003928> <http://purl.obolibrary.org/obo/WBbt_0007028>)",12112,53164.7,-1.0,3452,0,-1.0,3400,0,-1.0,3322,0,-1.0,3333,0,0,-1.0,3378,0
ore_ont_8492.owl,"SubClassOf(<http://purl.obolibrary.org/obo/WBbt_0004708> <http://purl.obolibrary.org/obo/WBbt_0007030>)",12112,38522.59999999999,38047.4,12362,7175,38299.399999999994,18716,6061,38047.4,7244,6173,38299.399999999994,6069,6106,1,38047.4,26285,5936
ore_ont_8492.owl,"SubClassOf(<http://purl.obolibrary.org/obo/WBbt_0007064> <http://purl.obolibrary.org/obo/WBbt_0006925>)",12112,32897.00000000001,-1.0,3422,0,-1.0,3360,0,-1.0,3361,0,-1.0,3416,0,0,-1.0,3431,0
ore_ont_8492.owl,"SubClassOf(<http://purl.obolibrary.org/obo/WBbt_0005246> <http://purl.obolibrary.org/obo/WBbt_0006751>)",12112,65777.09999999999,-1.0,3275,0,-1.0,3461,0,-1.0,3358,0,-1.0,3373,0,0,-1.0,3349,0
ore_ont_8492.owl,"SubClassOf(<http://purl.obolibrary.org/obo/WBbt_0008071> <http://purl.obolibrary.org/obo/WBbt_0008074>)",12112,63148.3,63134.5,12329,6368,63134.5,20473,6191,63134.5,7822,7095,63148.3,6161,6869,1,63134.5,27498,7351
ore_ont_8492.owl,"SubClassOf(<http://purl.obolibrary.org/obo/WBbt_0005371> <http://purl.obolibrary.org/obo/WBbt_0005135>)",12112,42941.7,42922.799999999996,12335,6615,42933.59999999999,19850,6358,42922.799999999996,7207,6494,42933.59999999999,6090,6264,2,42922.799999999996,26531,6315
ore_ont_13000.owl,"SubClassOf(<http://purl.obolibrary.org/obo/WBbt_0004400> <http://purl.obolibrary.org/obo/WBbt_0008069>)",12365,54864.0,-1.0,3360,0,-1.0,3367,0,-1.0,3358,0,-1.0,3353,0,0,-1.0,3392,0
ore_ont_13000.owl,"SubClassOf(<http://purl.obolibrary.org/obo/WBbt_0008070> <http://purl.obolibrary.org/obo/WBbt_0005757>)",12365,45011.6,-1.0,3388,0,-1.0,3321,0,-1.0,3376,0,-1.0,3398,0,0,-1.0,3387,0
ore_ont_13000.owl,"SubClassOf(<http://purl.obolibrary.org/obo/WBbt_0007834> <http://purl.obolibrary.org/obo/WBbt_0005113>)",12365,74783.09999999999,-1.0,3361,0,-1.0,3384,0,-1.0,3328,0,-1.0,3372,0,0,-1.0,3610,0
ore_ont_13000.owl,"SubClassOf(<http://purl.obolibrary.org/obo/WBbt_0003928> <http://purl.obolibrary.org/obo/WBbt_0007028>)",12365,26306.5,-1.0,3422,0,-1.0,3398,0,-1.0,3404,0,-1.0,3333,0,0,-1.0,3412,0
ore_ont_13000.owl,"SubClassOf(<http://purl.obolibrary.org/obo/WBbt_0007064> <http://purl.obolibrary.org/obo/WBbt_0006925>)",12365,55269.700000000004,-1.0,3378,0,-1.0,3434,0,-1.0,3408,0,-1.0,3437,0,0,-1.0,3443,0
ore_ont_13000.owl,"SubClassOf(<http://purl.obolibrary.org/obo/WBbt_0005310> <http://purl.obolibrary.org/obo/WBbt_0005300>)",12365,41652.799999999996,-1.0,3370,0,-1.0,3347,0,-1.0,3392,0,-1.0,3363,0,0,-1.0,3505,0
ore_ont_13000.owl,"SubClassOf(<http://purl.obolibrary.org/obo/WBbt_0004003> <http://purl.obolibrary.org/obo/WBbt_0006751>)",12365,32263.9,-1.0,3321,0,-1.0,3489,0,-1.0,3328,0,-1.0,3405,0,0,-1.0,3444,0
ore_ont_13000.owl,"SubClassOf(<http://purl.obolibrary.org/obo/WBbt_0008071> <http://purl.obolibrary.org/obo/WBbt_0008074>)",12365,56871.19999999999,56786.59999999999,12387,6727,56786.59999999999,20000,6353,56786.59999999999,7237,7061,56786.59999999999,6108,6250,2,56786.59999999999,26530,7088
ore_ont_13000.owl,"SubClassOf(<http://purl.obolibrary.org/obo/WBbt_0005371> <http://purl.obolibrary.org/obo/WBbt_0005135>)",12365,14391.8,14375.299999999997,12388,6443,14381.9,19074,6390,14375.299999999997,7613,6186,14381.9,6250,6246,1,14375.299999999997,26548,6022
ore_ont_13000.owl,"SubClassOf(<http://purl.obolibrary.org/obo/WBbt_0007688> <http://purl.obolibrary.org/obo/WBbt_0007030>)",12365,46266.6,45702.9,12218,6798,45716.899999999994,32011,6418,45702.9,7395,6627,45989.9,6014,6621,2,45702.9,26959,6485
ore_ont_13852.owl,"SubClassOf(<http://purl.org/obo/owl/EMAPA#EMAPA_27175> <http://purl.org/obo/owl/UBERON#UBERON_0003350>)",12343,964.8,-1.0,3439,0,-1.0,3485,0,-1.0,3519,0,-1.0,3609,0,0,-1.0,3472,0
ore_ont_13852.owl,"SubClassOf(<http://purl.org/obo/owl/EHDAA#EHDAA_524> <http://purl.org/obo/owl/UBERON#UBERON_0000925>)",12343,1918.7,-1.0,3526,0,-1.0,3519,0,-1.0,3621,0,-1.0,3616,0,0,-1.0,3484,0
ore_ont_13852.owl,"SubClassOf(<http://purl.org/obo/owl/MAT#MAT_0000453> <http://purl.org/obo/owl/UBERON#UBERON_0002349>)",12343,964.5,-1.0,3530,0,-1.0,3481,0,-1.0,3583,0,-1.0,3487,0,0,-1.0,3609,0
ore_ont_13852.owl,"SubClassOf(<http://purl.org/obo/owl/EHDAA#EHDAA_703> <http://purl.org/obo/owl/UBERON#UBERON_0003089>)",12343,968.7,-1.0,3455,0,-1.0,3581,0,-1.0,3540,0,-1.0,3624,0,0,-1.0,3548,0
ore_ont_13852.owl,"SubClassOf(<http://purl.org/obo/owl/EHDAA#EHDAA_205> <http://purl.org/obo/owl/UBERON#UBERON_0003104>)",12343,1934.3,-1.0,3478,0,-1.0,3561,0,-1.0,3583,0,-1.0,3521,0,0,-1.0,3518,0
ore_ont_13852.owl,"SubClassOf(<http://purl.org/obo/owl/EHDAA#EHDAA_138> <http://purl.org/obo/owl/UBERON#UBERON_0000924>)",12343,1919.3,-1.0,3585,0,-1.0,3545,0,-1.0,3704,0,-1.0,3489,0,0,-1.0,3517,0
ore_ont_13852.owl,"SubClassOf(<http://purl.org/obo/owl/EHDAA#EHDAA_8027> <http://purl.org/obo/owl/UBERON#UBERON_0000483>)",12343,1939.1,-1.0,3546,0,-1.0,3556,0,-1.0,3602,0,-1.0,3545,0,0,-1.0,3555,0
ore_ont_13852.owl,"SubClassOf(<http://purl.org/obo/owl/FMA#FMA_86666> <http://purl.org/obo/owl/UBERON#UBERON_0002342>)",12343,968.1,-1.0,3519,0,-1.0,3547,0,-1.0,3515,0,-1.0,3507,0,0,-1.0,3553,0
ore_ont_13852.owl,"SubClassOf(<http://purl.org/obo/owl/EHDAA#EHDAA_3698> <http://purl.org/obo/owl/UBERON#UBERON_0003079>)",12343,1929.2,-1.0,3479,0,-1.0,3560,0,-1.0,3563,0,-1.0,3561,0,0,-1.0,3529,0
ore_ont_13852.owl,"SubClassOf(<http://purl.org/obo/owl/EHDAA#EHDAA_3494> <http://purl.org/obo/owl/UBERON#UBERON_0003054>)",12343,1926.8,-1.0,3528,0,-1.0,3557,0,-1.0,3581,0,-1.0,3539,0,0,-1.0,3509,0
ore_ont_6198.owl,"SubClassOf(<http://purl.obolibrary.org/obo/TO_0000454> <http://purl.obolibrary.org/obo/TO_0000261>)",8472,4240.0,-1.0,3309,0,-1.0,3387,0,-1.0,3386,0,-1.0,3378,0,0,-1.0,3345,0
ore_ont_6198.owl,"SubClassOf(<http://purl.obolibrary.org/obo/VT_0010323> <http://purl.obolibrary.org/obo/VT_0010374>)",8472,13525.800000000003,-1.0,3385,0,-1.0,3393,0,-1.0,3364,0,-1.0,3321,0,0,-1.0,3366,0
ore_ont_6198.owl,"SubClassOf(<http://purl.obolibrary.org/obo/TO_0000327> <http://purl.obolibrary.org/obo/TO_0000371>)",8472,1787.5,-1.0,3408,0,-1.0,3352,0,-1.0,3339,0,-1.0,3361,0,0,-1.0,3354,0
ore_ont_6198.owl,"SubClassOf(<http://purl.obolibrary.org/obo/TO_0000419> <http://purl.obolibrary.org/obo/TO_0000748>)",8472,4878.6,-1.0,3417,0,-1.0,3363,0,-1.0,3392,0,-1.0,3397,0,0,-1.0,3332,0
ore_ont_6198.owl,"SubClassOf(<http://purl.obolibrary.org/obo/TO_0000084> <http://purl.obolibrary.org/obo/TO_0000168>)",8472,6106.5,-1.0,3404,0,-1.0,3369,0,-1.0,3375,0,-1.0,3428,0,0,-1.0,3445,0
ore_ont_6198.owl,"SubClassOf(<http://purl.obolibrary.org/obo/TO_0000667> <http://purl.obolibrary.org/obo/TO_0000162>)",8472,2397.5,-1.0,3435,0,-1.0,3390,0,-1.0,3378,0,-1.0,3431,0,0,-1.0,3360,0
ore_ont_6198.owl,"SubClassOf(<http://purl.obolibrary.org/obo/TO_0000439> <http://purl.obolibrary.org/obo/OBA_0000001>)",8472,3655.6,3489.1,29068,4092,3494.2,15033,3839,3489.1,11280,4266,3494.2,6357,3915,1,3489.1,75060,4094
ore_ont_6198.owl,"SubClassOf(<http://purl.obolibrary.org/obo/VT_0000104> <http://purl.obolibrary.org/obo/OBA_1000067>)",8472,13522.9,-1.0,3381,0,-1.0,3412,0,-1.0,3400,0,-1.0,3353,0,0,-1.0,3325,0
ore_ont_6198.owl,"SubClassOf(<http://purl.obolibrary.org/obo/TO_0001024> <http://purl.obolibrary.org/obo/TO_0000465>)",8472,2398.7,-1.0,3479,0,-1.0,3337,0,-1.0,3450,0,-1.0,3357,0,0,-1.0,3374,0
ore_ont_6198.owl,"SubClassOf(<http://purl.obolibrary.org/obo/TO_0000664> <http://purl.obolibrary.org/obo/TO_0000439>)",8472,4242.7,-1.0,3495,0,-1.0,3397,0,-1.0,3340,0,-1.0,3426,0,0,-1.0,3388,0
ore_ont_4226.owl,"SubClassOf(<http://purl.obolibrary.org/obo/WBbt_0004400> <http://purl.obolibrary.org/obo/WBbt_0008069>)",12347,46365.899999999994,-1.0,3349,0,-1.0,3378,0,-1.0,3373,0,-1.0,3260,0,0,-1.0,3340,0
ore_ont_4226.owl,"SubClassOf(<http://purl.obolibrary.org/obo/WBbt_0007834> <http://purl.obolibrary.org/obo/WBbt_0005113>)",12347,45760.6,-1.0,3409,0,-1.0,3361,0,-1.0,3345,0,-1.0,3390,0,0,-1.0,3313,0
ore_ont_4226.owl,"SubClassOf(<http://purl.obolibrary.org/obo/WBbt_0003928> <http://purl.obolibrary.org/obo/WBbt_0007028>)",12347,41538.6,-1.0,3330,0,-1.0,3374,0,-1.0,3431,0,-1.0,3432,0,0,-1.0,3434,0
ore_ont_4226.owl,"SubClassOf(<http://purl.obolibrary.org/obo/WBbt_0007064> <http://purl.obolibrary.org/obo/WBbt_0006925>)",12347,46771.600000000006,-1.0,3370,0,-1.0,3523,0,-1.0,3434,0,-1.0,3419,0,0,-1.0,3465,0
ore_ont_4226.owl,"SubClassOf(<http://purl.obolibrary.org/obo/WBbt_0005310> <http://purl.obolibrary.org/obo/WBbt_0005300>)",12347,50150.899999999994,-1.0,3528,0,-1.0,3367,0,-1.0,3419,0,-1.0,3430,0,0,-1.0,3417,0
ore_ont_4226.owl,"SubClassOf(<http://purl.obolibrary.org/obo/WBbt_0004003> <http://purl.obolibrary.org/obo/WBbt_0006751>)",12347,35630.9,-1.0,3444,0,-1.0,3373,0,-1.0,3425,0,-1.0,3386,0,0,-1.0,3408,0
ore_ont_4226.owl,"SubClassOf(<http://purl.obolibrary.org/obo/WBbt_0008070> <http://purl.obolibrary.org/obo/WBbt_0008074>)",12347,58474.1,58474.1,12454,6891,58467.5,20072,6629,58474.1,7286,7018,58467.5,5988,6572,1,58474.1,27219,6693
ore_ont_4226.owl,"SubClassOf(<http://purl.obolibrary.org/obo/WBbt_0008071> <http://purl.obolibrary.org/obo/WBbt_0008074>)",12347,32979.8,32965.4,12368,6455,32965.4,20987,6347,32965.4,7333,6462,32965.4,6085,6466,1,32965.4,27365,6739
ore_ont_4226.owl,"SubClassOf(<http://purl.obolibrary.org/obo/WBbt_0005371> <http://purl.obolibrary.org/obo/WBbt_0005135>)",12347,22889.9,22876.399999999998,12311,6390,22882.999999999996,19512,6235,22876.399999999998,7274,6528,22876.399999999998,6046,6434,1,22876.399999999998,27029,6269
ore_ont_4226.owl,"SubClassOf(<http://purl.obolibrary.org/obo/WBbt_0007686> <http://purl.obolibrary.org/obo/WBbt_0007030>)",12347,46899.700000000004,-1.0,3380,0,-1.0,3406,0,-1.0,3279,0,-1.0,3334,0,0,-1.0,3373,0
ore_ont_8864.owl,"SubClassOf(<http://purl.obolibrary.org/obo/__spinal_cord_and_meninges> <http://purl.obolibrary.org/obo/MA_0002405>)",5804,1598.8999999999999,1598.8999999999999,8740,6781,1598.8999999999999,7391,6610,1598.8999999999999,7129,6606,1598.8999999999999,6767,7213,3,1598.8999999999999,9748,6616
ore_ont_8864.owl,"SubClassOf(<http://purl.obolibrary.org/obo/__spinal_cord_and_meninges> <http://purl.obolibrary.org/obo/__temp_term_holder>)",5804,1598.8999999999999,-1.0,3467,0,-1.0,3473,0,-1.0,3336,0,-1.0,3546,0,0,-1.0,3370,0
ore_ont_11502.owl,"SubClassOf(<http://purl.org/obo/owl/IEV#IEV_0001451> <http://purl.org/obo/owl/IEV#IEV_0000818>)",19560,1182.3,1162.4,16659,2765,1141.5000000000002,12545,2630,1162.4,9594,2865,1141.5000000000002,6319,2690,1,1162.4,30503,2503
ore_ont_11502.owl,"SubClassOf(<http://purl.org/obo/owl/IEV#IEV_0000583> <http://purl.org/obo/owl/IEV#IEV_0000013>)",19560,1838.1999999999998,-1.0,3510,0,-1.0,3512,0,-1.0,3489,0,-1.0,3538,0,0,-1.0,3526,0
ore_ont_11502.owl,"SubClassOf(<http://purl.org/obo/owl/IEV#IEV_0000022> <http://purl.org/obo/owl/IEV#IEV_0000184>)",19560,2692.2,2587.5,16836,2801,2537.7000000000003,13060,2703,2587.5,9484,3270,2537.7000000000003,6505,2934,2,2587.5,32387,2785
ore_ont_11502.owl,"SubClassOf(<http://purl.org/obo/owl/IEV#IEV_0002734> <http://purl.org/obo/owl/IEV#IEV_0000914>)",19560,1335.6999999999998,-1.0,3500,0,-1.0,3500,0,-1.0,3591,0,-1.0,3601,0,0,-1.0,3599,0
ore_ont_11502.owl,"SubClassOf(<http://purl.org/obo/owl/IEV#IEV_0001928> <http://www.geneontology.org/formats/oboInOwl#ObsoleteClass>)",19560,2060.4,-1.0,3580,0,-1.0,3521,0,-1.0,3509,0,-1.0,3577,0,0,-1.0,3521,0
ore_ont_11502.owl,"SubClassOf(<http://purl.org/obo/owl/IEV#IEV_0001257> <http://purl.org/obo/owl/IEV#IEV_0001842>)",19560,1266.9,1244.1000000000001,12581,2755,1221.0,12790,2795,1244.1000000000001,8087,2775,1221.0,6359,2770,2,1244.1000000000001,21042,2937
ore_ont_11502.owl,"SubClassOf(<http://purl.org/obo/owl/IEV#IEV_0001432> <http://purl.org/obo/owl/IEV#IEV_0001450>)",19560,1024.8,-1.0,3483,0,-1.0,3471,0,-1.0,3563,0,-1.0,3439,0,0,-1.0,3531,0
ore_ont_11502.owl,"SubClassOf(<http://purl.org/obo/owl/IEV#IEV_0000025> <http://purl.org/obo/owl/IEV#IEV_0000913>)",19560,1106.7,957.9,16777,3029,966.6,12896,2695,957.9,9729,2824,966.6,6401,2774,2,957.9,31558,2806
ore_ont_11502.owl,"SubClassOf(<http://purl.org/obo/owl/IEV#IEV_0000053> <http://purl.org/obo/owl/IEV#IEV_0000025>)",19560,1198.8,-1.0,3509,0,-1.0,3570,0,-1.0,3700,0,-1.0,3533,0,0,-1.0,3525,0
ore_ont_11502.owl,"SubClassOf(<http://purl.org/obo/owl/IEV#IEV_0000025> <http://purl.org/obo/owl/IEV#IEV_0000005>)",19560,2010.5,1946.3000000000002,12719,2885,1877.0000000000002,13010,2947,1946.3000000000002,8446,3008,1877.0000000000002,6346,2771,2,1946.3000000000002,21456,3141
ore_ont_14027.owl,"SubClassOf(<http://purl.obolibrary.org/obo/WB_WBGene00021708> <http://purl.obolibrary.org/obo/PANTHER_PTHR10664>)",12591,1026.3,-1.0,3592,0,-1.0,3542,0,-1.0,3478,0,-1.0,3526,0,0,-1.0,3496,0
ore_ont_14027.owl,"SubClassOf(<http://purl.obolibrary.org/obo/WB_WBGene00005500> <http://purl.obolibrary.org/obo/PANTHER_PTHR22941>)",12591,1077.0,-1.0,3462,0,-1.0,3501,0,-1.0,3585,0,-1.0,3572,0,0,-1.0,3536,0
ore_ont_14027.owl,"SubClassOf(<http://purl.obolibrary.org/obo/WB_WBGene00007483> <http://purl.obolibrary.org/obo/PANTHER_PTHR22751>)",12591,1050.0,-1.0,3589,0,-1.0,3585,0,-1.0,3678,0,-1.0,3600,0,0,-1.0,3561,0
ore_ont_14027.owl,"SubClassOf(<http://purl.obolibrary.org/obo/WB_WBGene00010410> <http://purl.obolibrary.org/obo/PANTHER_PTHR24082>)",12591,1058.1,-1.0,3521,0,-1.0,3555,0,-1.0,3515,0,-1.0,3570,0,0,-1.0,3505,0
ore_ont_14027.owl,"SubClassOf(<http://purl.obolibrary.org/obo/WB_WBGene00010099> <http://purl.obolibrary.org/obo/PANTHER_PTHR22899>)",12591,1024.8,-1.0,3532,0,-1.0,3511,0,-1.0,3492,0,-1.0,3478,0,0,-1.0,3484,0
ore_ont_14027.owl,"SubClassOf(<http://purl.obolibrary.org/obo/WB_WBGene00016515> <http://purl.obolibrary.org/obo/PANTHER_PTHR23015>)",12591,1051.2,-1.0,3571,0,-1.0,3572,0,-1.0,3441,0,-1.0,3435,0,0,-1.0,3515,0
ore_ont_14027.owl,"SubClassOf(<http://purl.obolibrary.org/obo/WB_WBGene00000050> <http://purl.obolibrary.org/obo/PANTHER_PTHR18945>)",12591,1017.5999999999999,-1.0,3467,0,-1.0,3481,0,-1.0,3405,0,-1.0,3483,0,0,-1.0,3594,0
ore_ont_14027.owl,"SubClassOf(<http://purl.obolibrary.org/obo/WB_WBGene00012036> <http://purl.obolibrary.org/obo/PANTHER_PTHR23124>)",12591,1021.8,-1.0,3570,0,-1.0,3443,0,-1.0,3684,0,-1.0,3476,0,0,-1.0,3473,0
ore_ont_14027.owl,"SubClassOf(<http://purl.obolibrary.org/obo/WB_WBGene00007360> <http://purl.obolibrary.org/obo/PANTHER_PTHR22943>)",12591,1068.0,-1.0,3529,0,-1.0,3462,0,-1.0,3456,0,-1.0,3523,0,0,-1.0,3529,0
ore_ont_14027.owl,"SubClassOf(<http://purl.obolibrary.org/obo/WB_WBGene00013489> <http://purl.obolibrary.org/obo/PANTHER_PTHR24023>)",12591,1035.8999999999999,-1.0,3544,0,-1.0,3523,0,-1.0,3488,0,-1.0,3526,0,0,-1.0,3648,0
ore_ont_16114.owl,"SubClassOf(<http://purl.obolibrary.org/obo/NCBIGene_776667> <http://purl.obolibrary.org/obo/PANTHER_PTHR11738>)",13885,1420.1999999999998,-1.0,3572,0,-1.0,3587,0,-1.0,3641,0,-1.0,3679,0,0,-1.0,3553,0
ore_ont_16114.owl,"SubClassOf(<http://purl.obolibrary.org/obo/NCBIGene_396206> <http://purl.obolibrary.org/obo/PANTHER_PTHR23239>)",13885,1395.0,-1.0,3538,0,-1.0,3586,0,-1.0,3561,0,-1.0,3639,0,0,-1.0,3532,0
ore_ont_16114.owl,"SubClassOf(<http://purl.obolibrary.org/obo/NCBIGene_770043> <http://purl.obolibrary.org/obo/PANTHER_PTHR24023>)",13885,1398.6,-1.0,3595,0,-1.0,3615,0,-1.0,3562,0,-1.0,3607,0,0,-1.0,3553,0
ore_ont_16114.owl,"SubClassOf(<http://purl.obolibrary.org/obo/NCBIGene_772243> <http://purl.obolibrary.org/obo/PANTHER_PTHR19422>)",13885,1395.3,-1.0,3645,0,-1.0,3635,0,-1.0,3607,0,-1.0,3637,0,0,-1.0,3569,0
ore_ont_16114.owl,"SubClassOf(<http://purl.obolibrary.org/obo/NCBIGene_770342> <http://purl.obolibrary.org/obo/PANTHER_PTHR24412>)",13885,1395.0,-1.0,3649,0,-1.0,3585,0,-1.0,3635,0,-1.0,3618,0,0,-1.0,3485,0
ore_ont_16114.owl,"SubClassOf(<http://purl.obolibrary.org/obo/NCBIGene_425531> <http://purl.obolibrary.org/obo/PANTHER_PTHR24073>)",13885,1398.8999999999999,-1.0,3589,0,-1.0,3610,0,-1.0,3623,0,-1.0,3676,0,0,-1.0,3628,0
ore_ont_16114.owl,"SubClassOf(<http://purl.obolibrary.org/obo/NCBIGene_396406> <http://purl.obolibrary.org/obo/PANTHER_PTHR24416>)",13885,1396.8,-1.0,3693,0,-1.0,3648,0,-1.0,3758,0,-1.0,3692,0,0,-1.0,3667,0
ore_ont_16114.owl,"SubClassOf(<http://purl.obolibrary.org/obo/NCBIGene_777238> <http://purl.obolibrary.org/obo/PANTHER_PTHR19331>)",13885,2775.7999999999997,-1.0,3881,0,-1.0,3587,0,-1.0,3602,0,-1.0,5624,0,0,-1.0,3815,0
ore_ont_16114.owl,"SubClassOf(<http://purl.obolibrary.org/obo/NCBIGene_497221> <http://purl.obolibrary.org/obo/PANTHER_PTHR24028>)",13885,1398.3,-1.0,3616,0,-1.0,3648,0,-1.0,3594,0,-1.0,3594,0,0,-1.0,3683,0
ore_ont_16114.owl,"SubClassOf(<http://purl.obolibrary.org/obo/NCBIGene_776301> <http://purl.obolibrary.org/obo/PANTHER_PTHR13140>)",13885,2778.2,-1.0,3589,0,-1.0,3689,0,-1.0,3616,0,-1.0,3700,0,0,-1.0,3660,0
ore_ont_9590.owl,"SubClassOf(<http://purl.obolibrary.org/obo/UniProtKB_P17879> <http://purl.obolibrary.org/obo/PR_000025338>)",11864,263428.1,-1.0,3649,0,-1.0,3602,0,-1.0,3691,0,-1.0,3579,0,0,-1.0,3619,0
ore_ont_9590.owl,"SubClassOf(<http://purl.obolibrary.org/obo/UniProtKB_Q61699> <http://purl.obolibrary.org/obo/PR_000003410>)",11864,220710.09999999998,-1.0,3648,0,-1.0,3694,0,-1.0,3587,0,-1.0,3639,0,0,-1.0,3844,0
ore_ont_9590.owl,"SubClassOf(<http://purl.obolibrary.org/obo/UniProtKB_Q61387> <http://purl.obolibrary.org/obo/PR_000025379>)",11864,220710.09999999998,-1.0,3639,0,-1.0,3602,0,-1.0,3593,0,-1.0,3890,0,0,-1.0,3565,0
ore_ont_9590.owl,"SubClassOf(<http://purl.obolibrary.org/obo/UniProtKB_Q8K4B2> <http://purl.obolibrary.org/obo/PR_000001784>)",11864,210030.59999999998,-1.0,3679,0,-1.0,3665,0,-1.0,3595,0,-1.0,3600,0,0,-1.0,3650,0
ore_ont_9590.owl,"SubClassOf(<http://purl.obolibrary.org/obo/UniProtKB_Q61696> <http://purl.obolibrary.org/obo/PR_000008871>)",11864,210030.59999999995,-1.0,3665,0,-1.0,3618,0,-1.0,3622,0,-1.0,3570,0,0,-1.0,3593,0
ore_ont_9590.owl,"SubClassOf(<http://purl.obolibrary.org/obo/UniProtKB_P16627> <http://purl.obolibrary.org/obo/PR_000025289>)",11864,242069.09999999995,-1.0,3622,0,-1.0,3636,0,-1.0,3666,0,-1.0,3689,0,0,-1.0,3668,0
ore_ont_9590.owl,"SubClassOf(<http://purl.obolibrary.org/obo/UniProtKB_Q9WV04> <http://purl.obolibrary.org/obo/PR_000026969>)",11864,156633.09999999998,-1.0,3652,0,-1.0,3723,0,-1.0,3676,0,-1.0,3803,0,0,-1.0,3873,0
ore_ont_9590.owl,"SubClassOf(<http://purl.obolibrary.org/obo/UniProtKB_Q9JKR6> <http://purl.obolibrary.org/obo/PR_000025325>)",11864,220710.10000000003,-1.0,3626,0,-1.0,3559,0,-1.0,3642,0,-1.0,3585,0,0,-1.0,3677,0
ore_ont_9590.owl,"SubClassOf(<http://purl.obolibrary.org/obo/UniProtKB_A6H666> <http://purl.obolibrary.org/obo/PR_000005793>)",11864,231389.6,-1.0,3621,0,-1.0,3706,0,-1.0,3605,0,-1.0,3673,0,0,-1.0,3678,0
ore_ont_9590.owl,"SubClassOf(<http://purl.obolibrary.org/obo/UniProtKB_P12023> <http://purl.obolibrary.org/obo/PR_000025533>)",11864,210030.6,-1.0,3619,0,-1.0,3784,0,-1.0,3704,0,-1.0,3729,0,0,-1.0,3658,0
ore_ont_3406.owl,"SubClassOf(<http://purl.obolibrary.org/obo/CHEBI_28868> <http://purl.obolibrary.org/obo/CHEBI_35757>)",16467,452.20000000000005,-1.0,3511,0,-1.0,3416,0,-1.0,3418,0,-1.0,3479,0,0,-1.0,3365,0
ore_ont_3406.owl,"SubClassOf(<http://purl.obolibrary.org/obo/CHEBI_58945> <http://purl.obolibrary.org/obo/CHEBI_24431>)",16467,355.8,174.2,344503,2647,273.9,12613,2310,273.9,7910,2412,182.29999999999998,6461,2217,1,273.9,61658,2429
ore_ont_3406.owl,"SubClassOf(<http://purl.obolibrary.org/obo/CHEBI_57299> <http://purl.obolibrary.org/obo/CHEBI_38101>)",16467,4955.300000000001,4650.200000000003,98641,2497,4889.8,12938,2444,4889.300000000001,10564,2504,4935.300000000001,6596,2648,2,4889.300000000001,59108,2517
ore_ont_3406.owl,"SubClassOf(<http://purl.obolibrary.org/obo/CHEBI_72447> <http://purl.obolibrary.org/obo/CHEBI_35274>)",16467,274.3,-1.0,3416,0,-1.0,3440,0,-1.0,3495,0,-1.0,3400,0,0,-1.0,3450,0
ore_ont_3406.owl,"SubClassOf(<http://purl.obolibrary.org/obo/CHEBI_59814> <http://purl.obolibrary.org/obo/CHEBI_33558>)",16467,588.6,-1.0,3505,0,-1.0,3395,0,-1.0,3495,0,-1.0,3432,0,0,-1.0,3466,0
ore_ont_3406.owl,"SubClassOf(<http://purl.obolibrary.org/obo/CHEBI_75766> <http://purl.obolibrary.org/obo/CHEBI_26619>)",16467,99.29999999999998,-1.0,3470,0,-1.0,3475,0,-1.0,3438,0,-1.0,3452,0,0,-1.0,3453,0
ore_ont_3406.owl,"SubClassOf(<http://purl.obolibrary.org/obo/CHEBI_26619> <http://purl.obolibrary.org/obo/CHEBI_25212>)",16467,35.0,-1.0,3470,0,-1.0,3441,0,-1.0,3407,0,-1.0,3431,0,0,-1.0,3448,0
ore_ont_3406.owl,"SubClassOf(<http://purl.obolibrary.org/obo/CHEBI_35366> <http://purl.obolibrary.org/obo/CHEBI_25384>)",16467,718.7000000000002,-1.0,3392,0,-1.0,3417,0,-1.0,3483,0,-1.0,3488,0,0,-1.0,3515,0
ore_ont_3406.owl,"SubClassOf(<http://purl.obolibrary.org/obo/CHEBI_76967> <http://purl.obolibrary.org/obo/CHEBI_75770>)",16467,154.8,-1.0,3467,0,-1.0,3546,0,-1.0,3441,0,-1.0,3470,0,0,-1.0,3485,0
ore_ont_3406.owl,"SubClassOf(<http://purl.obolibrary.org/obo/CHEBI_59737> <http://purl.obolibrary.org/obo/CHEBI_58945>)",16467,399.6,-1.0,3434,0,-1.0,3440,0,-1.0,3563,0,-1.0,3412,0,0,-1.0,3465,0
ore_ont_964.owl,"SubClassOf(<http://purl.obolibrary.org/obo/ENSEMBL_ENSGALG00000016255> <http://purl.obolibrary.org/obo/SO_0001217>)",17934,30162.699999999997,-1.0,3632,0,-1.0,3533,0,-1.0,3630,0,-1.0,3591,0,0,-1.0,3749,0
ore_ont_964.owl,"SubClassOf(<http://purl.obolibrary.org/obo/ENSEMBL_ENSGALG00000016256> <http://purl.obolibrary.org/obo/SO_0001217>)",17934,15079.899999999998,-1.0,3609,0,-1.0,3563,0,-1.0,3580,0,-1.0,3539,0,0,-1.0,3587,0
ore_ont_964.owl,"SubClassOf(<http://purl.obolibrary.org/obo/ENSEMBL_ENSGALG00000000188> <http://purl.obolibrary.org/obo/SO_0000336>)",17934,45281.1,-1.0,3598,0,-1.0,3581,0,-1.0,3673,0,-1.0,3581,0,0,-1.0,3681,0
ore_ont_964.owl,"SubClassOf(<http://purl.obolibrary.org/obo/ENSEMBL_ENSGALG00000025656> <http://purl.obolibrary.org/obo/SO_0000252>)",17934,30176.1,-1.0,3607,0,-1.0,3578,0,-1.0,3529,0,-1.0,3639,0,0,-1.0,3538,0
ore_ont_964.owl,"SubClassOf(<http://purl.obolibrary.org/obo/ENSEMBL_ENSGALG00000025527> <http://purl.obolibrary.org/obo/SO_0000275>)",17934,30233.100000000002,-1.0,3621,0,-1.0,3652,0,-1.0,3621,0,-1.0,3593,0,0,-1.0,3582,0
ore_ont_964.owl,"SubClassOf(<http://purl.obolibrary.org/obo/ENSEMBL_ENSGALG00000025644> <http://purl.obolibrary.org/obo/SO_0000274>)",17934,25164.4,-1.0,3685,0,-1.0,3653,0,-1.0,3620,0,-1.0,3630,0,0,-1.0,3559,0
ore_ont_964.owl,"SubClassOf(<http://purl.obolibrary.org/obo/ENSEMBL_ENSGALG00000025688> <http://purl.obolibrary.org/obo/SO_0000655>)",17934,25147.6,-1.0,4067,0,-1.0,3602,0,-1.0,3574,0,-1.0,3603,0,0,-1.0,3607,0
ore_ont_964.owl,"SubClassOf(<http://purl.obolibrary.org/obo/ENSEMBL_ENSGALG00000004269> <http://purl.obolibrary.org/obo/SO_0001217>)",17934,40217.9,-1.0,3628,0,-1.0,3648,0,-1.0,3647,0,-1.0,3752,0,0,-1.0,3695,0
ore_ont_964.owl,"SubClassOf(<http://purl.obolibrary.org/obo/ENSEMBL_ENSGALG00000021721> <http://purl.obolibrary.org/obo/SO_0000276>)",17934,30338.4,-1.0,3823,0,-1.0,3580,0,-1.0,3649,0,-1.0,3624,0,0,-1.0,3552,0
ore_ont_964.owl,"SubClassOf(<http://purl.obolibrary.org/obo/ENSEMBL_ENSGALG00000021720> <http://purl.obolibrary.org/obo/SO_0000253>)",17934,45315.6,-1.0,3652,0,-1.0,3602,0,-1.0,3590,0,-1.0,3624,0,0,-1.0,3611,0
ore_ont_935.owl,"SubClassOf(<http://purl.obolibrary.org/obo/FYPO_0001362> <http://purl.obolibrary.org/obo/FYPO_0000002>)",21585,14626.5,14634.099999999999,186384,2423,14631.399999999998,161100,2211,14607.9,45061,2651,14624.699999999999,6688,2268,3,14634.099999999999,380537,2478
ore_ont_935.owl,"SubClassOf(<http://purl.obolibrary.org/obo/FYPO_0001330> <http://purl.obolibrary.org/obo/PATO_0001159>)",21585,21722.100000000002,21721.7,81032,2694,21687.3,28834,2586,21687.3,12037,2494,21687.3,6817,2847,3,21687.3,53622,2666
ore_ont_935.owl,"SubClassOf(<http://purl.obolibrary.org/obo/FYPO_0001362> <http://purl.obolibrary.org/obo/PATO_0000001>)",21585,14575.3,14575.3,27944,4151,14575.3,42772,2614,14571.4,12405,3412,14571.4,7033,2993,1,14575.3,62895,3226
ore_ont_935.owl,"SubClassOf(<http://purl.obolibrary.org/obo/CL_0000334> <http://purl.obolibrary.org/obo/CL_0000000>)",21585,10633.500000000002,10603.800000000001,22306,3145,10616.100000000002,16496,3695,10603.800000000001,12094,2944,10603.800000000003,7056,2933,1,10603.800000000001,52156,2752
ore_ont_935.owl,"SubClassOf(<http://purl.obolibrary.org/obo/FYPO_0000663> <http://purl.obolibrary.org/obo/PATO_0002052>)",21585,16748.4,-1.0,3741,0,-1.0,3701,0,-1.0,3829,0,-1.0,3627,0,0,-1.0,3788,0
ore_ont_935.owl,"SubClassOf(<http://purl.obolibrary.org/obo/FYPO_0000662> <http://purl.obolibrary.org/obo/PATO_0002051>)",21585,16775.4,-1.0,3632,0,-1.0,4154,0,-1.0,3812,0,-1.0,3763,0,0,-1.0,3837,0
ore_ont_935.owl,"SubClassOf(<http://purl.obolibrary.org/obo/FYPO_0001330> <http://purl.obolibrary.org/obo/PATO_0001162>)",21585,19410.8,19413.2,12986,3178,19413.2,18169,3205,19413.2,8827,3189,19410.8,6910,2935,2,19413.2,27915,3256
ore_ont_935.owl,"SubClassOf(<http://purl.obolibrary.org/obo/GO_0072690> <http://purl.obolibrary.org/obo/GO_0044763>)",21585,12799.8,-1.0,3680,0,-1.0,3881,0,-1.0,3667,0,-1.0,3684,0,0,-1.0,4352,0
ore_ont_935.owl,"SubClassOf(<http://purl.obolibrary.org/obo/GO_0071850> <http://purl.obolibrary.org/obo/GO_0065007>)",21585,20094.8,20054.100000000002,68817,2964,20074.599999999995,14680,2878,20115.0,8805,2889,20115.0,6753,2942,1,20054.100000000002,150830,3019
ore_ont_935.owl,"SubClassOf(<http://purl.obolibrary.org/obo/FYPO_0000664> <http://purl.obolibrary.org/obo/PATO_0001558>)",21585,15090.100000000002,-1.0,3619,0,-1.0,3575,0,-1.0,3494,0,-1.0,3529,0,0,-1.0,3578,0
ore_ont_2317.owl,"SubClassOf(<http://purl.obolibrary.org/obo/GO_0045289> <http://purl.obolibrary.org/obo/GO_0004497>)",18324,3804.7999999999997,-1.0,3555,0,-1.0,3605,0,-1.0,3564,0,-1.0,3635,0,0,-1.0,3547,0
ore_ont_2317.owl,"SubClassOf(<http://purl.obolibrary.org/obo/GO_0004601> <http://purl.obolibrary.org/obo/GO_0003824>)",18324,10003.4,-1.0,3501,0,-1.0,3474,0,-1.0,3630,0,-1.0,3468,0,0,-1.0,3604,0
ore_ont_2317.owl,"SubClassOf(<http://purl.obolibrary.org/obo/GO_0008233> <http://purl.obolibrary.org/obo/GO_0016787>)",18324,3811.9999999999995,-1.0,3556,0,-1.0,3581,0,-1.0,3537,0,-1.0,3527,0,0,-1.0,3473,0
ore_ont_2317.owl,"SubClassOf(<http://purl.obolibrary.org/obo/GO_0015075> <http://purl.obolibrary.org/obo/GO_0022857>)",18324,3860.5999999999995,-1.0,3649,0,-1.0,3663,0,-1.0,3493,0,-1.0,3481,0,0,-1.0,3596,0
ore_ont_2317.owl,"SubClassOf(<http://purl.obolibrary.org/obo/GO_0016502> <http://purl.obolibrary.org/obo/GO_0004872>)",18324,3811.3999999999996,-1.0,3607,0,-1.0,3567,0,-1.0,3617,0,-1.0,3605,0,0,-1.0,3526,0
ore_ont_2317.owl,"SubClassOf(<http://purl.obolibrary.org/obo/GO_0018611> <http://purl.obolibrary.org/obo/GO_0051213>)",18324,3807.7999999999997,-1.0,3575,0,-1.0,3751,0,-1.0,3649,0,-1.0,3535,0,0,-1.0,3491,0
ore_ont_2317.owl,"SubClassOf(<http://purl.obolibrary.org/obo/GO_0015197> <http://purl.obolibrary.org/obo/GO_0005215>)",18324,3816.4999999999995,-1.0,3753,0,-1.0,3623,0,-1.0,4199,0,-1.0,4058,0,0,-1.0,3933,0
ore_ont_2317.owl,"SubClassOf(<http://purl.obolibrary.org/obo/GO_0043167> <http://purl.obolibrary.org/obo/GO_0005488>)",18324,3865.3999999999996,-1.0,3844,0,-1.0,3811,0,-1.0,3735,0,-1.0,3838,0,0,-1.0,3815,0
ore_ont_2317.owl,"SubClassOf(<http://purl.obolibrary.org/obo/GO_0051427> <http://purl.obolibrary.org/obo/GO_0005102>)",18324,3805.9999999999995,-1.0,3822,0,-1.0,3867,0,-1.0,3900,0,-1.0,3566,0,0,-1.0,3689,0
ore_ont_2317.owl,"SubClassOf(<http://purl.obolibrary.org/obo/GO_0008976> <http://purl.obolibrary.org/obo/GO_0016301>)",18324,3808.7,-1.0,3771,0,-1.0,3653,0,-1.0,3757,0,-1.0,3577,0,0,-1.0,3532,0
ore_ont_5487.owl,"SubClassOf(<http://purl.obolibrary.org/obo/ENSEMBL_ENSXETG00000008493> <http://purl.obolibrary.org/obo/SO_0000336>)",19884,16646.7,-1.0,3910,0,-1.0,4447,0,-1.0,3833,0,-1.0,3901,0,0,-1.0,3787,0
ore_ont_5487.owl,"SubClassOf(<http://purl.obolibrary.org/obo/ENSEMBL_ENSXETG00000032084> <http://purl.obolibrary.org/obo/SO_0000274>)",19884,33339.3,-1.0,3703,0,-1.0,3825,0,-1.0,4091,0,-1.0,3912,0,0,-1.0,3878,0
ore_ont_5487.owl,"SubClassOf(<http://purl.obolibrary.org/obo/ENSEMBL_ENSXETG00000033179> <http://purl.obolibrary.org/obo/SO_0000276>)",19884,38852.3,-1.0,4120,0,-1.0,4034,0,-1.0,4080,0,-1.0,4098,0,0,-1.0,3781,0
ore_ont_5487.owl,"SubClassOf(<http://purl.obolibrary.org/obo/ENSEMBL_ENSXETG00000017801> <http://purl.obolibrary.org/obo/SO_0001217>)",19884,33210.1,-1.0,3705,0,-1.0,3674,0,-1.0,3668,0,-1.0,3725,0,0,-1.0,3628,0
ore_ont_5487.owl,"SubClassOf(<http://purl.obolibrary.org/obo/ENSEMBL_ENSXETG00000017800> <http://purl.obolibrary.org/obo/SO_0001217>)",19884,38745.6,-1.0,3652,0,-1.0,3718,0,-1.0,3705,0,-1.0,3756,0,0,-1.0,3575,0
ore_ont_5487.owl,"SubClassOf(<http://purl.obolibrary.org/obo/ENSEMBL_ENSXETG00000033293> <http://purl.obolibrary.org/obo/SO_0000180>)",19884,16626.0,-1.0,3988,0,-1.0,3879,0,-1.0,3826,0,-1.0,3845,0,0,-1.0,3776,0
ore_ont_5487.owl,"SubClassOf(<http://purl.obolibrary.org/obo/ENSEMBL_ENSXETG00000032760> <http://purl.obolibrary.org/obo/SO_0000252>)",19884,38833.4,-1.0,4058,0,-1.0,3998,0,-1.0,3881,0,-1.0,3884,0,0,-1.0,3925,0
ore_ont_5487.owl,"SubClassOf(<http://purl.obolibrary.org/obo/ENSEMBL_ENSXETG00000029473> <http://purl.obolibrary.org/obo/SO_0000275>)",19884,33284.1,-1.0,3907,0,-1.0,3842,0,-1.0,3883,0,-1.0,3835,0,0,-1.0,3813,0
ore_ont_5487.owl,"SubClassOf(<http://purl.obolibrary.org/obo/ENSEMBL_ENSXETG00000033032> <http://purl.obolibrary.org/obo/SO_0000655>)",19884,11088.999999999998,-1.0,3890,0,-1.0,3860,0,-1.0,3797,0,-1.0,3976,0,0,-1.0,3894,0
ore_ont_5487.owl,"SubClassOf(<http://purl.obolibrary.org/obo/ENSEMBL_ENSXETG00000017809> <http://purl.obolibrary.org/obo/SO_0001217>)",19884,33210.1,-1.0,4168,0,-1.0,3913,0,-1.0,4053,0,-1.0,4047,0,0,-1.0,4199,0
ore_ont_9513.owl,"SubClassOf(<http://purl.obolibrary.org/obo/MGI_MGI%3A1935227> <http://purl.obolibrary.org/obo/PANTHER_PTHR24028>)",19680,1685.1,-1.0,4080,0,-1.0,4020,0,-1.0,4025,0,-1.0,3999,0,0,-1.0,4037,0
ore_ont_9513.owl,"SubClassOf(<http://purl.obolibrary.org/obo/MGI_MGI%3A3710610> <http://purl.obolibrary.org/obo/PANTHER_PTHR21558>)",19680,1704.3,-1.0,3885,0,-1.0,4035,0,-1.0,3897,0,-1.0,3925,0,0,-1.0,4051,0
ore_ont_9513.owl,"SubClassOf(<http://purl.obolibrary.org/obo/MGI_MGI%3A1277212> <http://purl.obolibrary.org/obo/PANTHER_PTHR24402>)",19680,1693.1999999999998,-1.0,4000,0,-1.0,3951,0,-1.0,3989,0,-1.0,4077,0,0,-1.0,3969,0
ore_ont_9513.owl,"SubClassOf(<http://purl.obolibrary.org/obo/MGI_MGI%3A2684869> <http://purl.obolibrary.org/obo/PANTHER_PTHR24103>)",19680,1684.1999999999998,-1.0,3948,0,-1.0,3940,0,-1.0,3974,0,-1.0,4011,0,0,-1.0,3947,0
ore_ont_9513.owl,"SubClassOf(<http://purl.obolibrary.org/obo/MGI_MGI%3A3648662> <http://purl.obolibrary.org/obo/PANTHER_PTHR24062>)",19680,1736.1,-1.0,4004,0,-1.0,3947,0,-1.0,4078,0,-1.0,4028,0,0,-1.0,3981,0
ore_ont_9513.owl,"SubClassOf(<http://purl.obolibrary.org/obo/MGI_MGI%3A2444913> <http://purl.obolibrary.org/obo/PANTHER_PTHR23239>)",19680,1685.9999999999998,-1.0,4074,0,-1.0,3971,0,-1.0,3969,0,-1.0,4049,0,0,-1.0,3924,0
ore_ont_9513.owl,"SubClassOf(<http://purl.obolibrary.org/obo/MGI_MGI%3A2681831> <http://purl.obolibrary.org/obo/PANTHER_PTHR24329>)",19680,1686.8999999999999,-1.0,4047,0,-1.0,4030,0,-1.0,4207,0,-1.0,4011,0,0,-1.0,4007,0
ore_ont_9513.owl,"SubClassOf(<http://purl.obolibrary.org/obo/MGI_MGI%3A3703084> <http://purl.obolibrary.org/obo/PANTHER_PTHR24061>)",19680,1705.4999999999998,-1.0,4129,0,-1.0,4022,0,-1.0,3970,0,-1.0,3974,0,0,-1.0,4038,0
ore_ont_9513.owl,"SubClassOf(<http://purl.obolibrary.org/obo/MGI_MGI%3A3649399> <http://purl.obolibrary.org/obo/PANTHER_PTHR14224>)",19680,1691.1,-1.0,4036,0,-1.0,4020,0,-1.0,3958,0,-1.0,3961,0,0,-1.0,3906,0
ore_ont_9513.owl,"SubClassOf(<http://purl.obolibrary.org/obo/MGI_MGI%3A894696> <http://purl.obolibrary.org/obo/PANTHER_PTHR11461>)",19680,1684.4999999999998,-1.0,3960,0,-1.0,4023,0,-1.0,3917,0,-1.0,3963,0,0,-1.0,4123,0
ore_ont_6433.owl,"SubClassOf(<http://www.ontologydesignpatterns.org/ont/fao/agrovoc.owl#Chlorsulfuron> <http://www.ontologydesignpatterns.org/ont/fao/agrovoc.owl#Agricultural_Chemicals>)",16382,1075.4,-1.0,3721,0,-1.0,3667,0,-1.0,3674,0,-1.0,3750,0,0,-1.0,3705,0
ore_ont_6433.owl,"SubClassOf(<http://www.ontologydesignpatterns.org/ont/fao/agrovoc.owl#Measuring_Instruments> <http://www.ontologydesignpatterns.org/ont/fao/agrovoc.owl#Equipment>)",16382,81.5,-1.0,3808,0,-1.0,3717,0,-1.0,3707,0,-1.0,3747,0,0,-1.0,3691,0
ore_ont_6433.owl,"SubClassOf(<http://www.ontologydesignpatterns.org/ont/fao/agrovoc.owl#Paspalum> <http://www.ontologydesignpatterns.org/ont/fao/agrovoc.owl#Poaceae>)",16382,551.3000000000001,-1.0,3693,0,-1.0,3853,0,-1.0,3821,0,-1.0,3777,0,0,-1.0,3694,0
ore_ont_6433.owl,"SubClassOf(<http://www.ontologydesignpatterns.org/ont/fao/agrovoc.owl#Flatfish> <http://www.ontologydesignpatterns.org/ont/fao/agrovoc.owl#Saltwater_Fishes>)",16382,113.79999999999998,-1.0,3715,0,-1.0,3730,0,-1.0,3706,0,-1.0,3830,0,0,-1.0,3748,0
ore_ont_6433.owl,"SubClassOf(<http://www.ontologydesignpatterns.org/ont/fao/agrovoc.owl#Vigna> <http://www.ontologydesignpatterns.org/ont/fao/agrovoc.owl#Papilionoideae>)",16382,1035.4,-1.0,3730,0,-1.0,3788,0,-1.0,3950,0,-1.0,3723,0,0,-1.0,3727,0
ore_ont_6433.owl,"SubClassOf(<http://www.ontologydesignpatterns.org/ont/fao/agrovoc.owl#Squashes> <http://www.ontologydesignpatterns.org/ont/fao/agrovoc.owl#Vegetables>)",16382,1030.9,-1.0,3722,0,-1.0,3743,0,-1.0,3883,0,-1.0,3687,0,0,-1.0,3800,0
ore_ont_6433.owl,"SubClassOf(<http://www.ontologydesignpatterns.org/ont/fao/agrovoc.owl#Penicillium> <http://www.ontologydesignpatterns.org/ont/fao/agrovoc.owl#Deuteromycotina>)",16382,1058.5,-1.0,3739,0,-1.0,3782,0,-1.0,3667,0,-1.0,3731,0,0,-1.0,3745,0
ore_ont_6433.owl,"SubClassOf(<http://www.ontologydesignpatterns.org/ont/fao/agrovoc.owl#Agricultural_Chemicals> <http://www.ontologydesignpatterns.org/ont/fao/agrovoc.owl#AGTOP>)",16382,487.5,-1.0,3834,0,-1.0,3917,0,-1.0,3789,0,-1.0,3666,0,0,-1.0,3690,0
ore_ont_6433.owl,"SubClassOf(<http://www.ontologydesignpatterns.org/ont/fao/agrovoc.owl#Drying> <http://www.ontologydesignpatterns.org/ont/fao/agrovoc.owl#Processing>)",16382,540.5,-1.0,3658,0,-1.0,3919,0,-1.0,3707,0,-1.0,3729,0,0,-1.0,3715,0
ore_ont_6433.owl,"SubClassOf(<http://www.ontologydesignpatterns.org/ont/fao/agrovoc.owl#Oreochromis> <http://www.ontologydesignpatterns.org/ont/fao/agrovoc.owl#Percoidei>)",16382,163.09999999999997,-1.0,3670,0,-1.0,3809,0,-1.0,3640,0,-1.0,3705,0,0,-1.0,3812,0
ore_ont_4235.owl,"SubClassOf(<http://purl.obolibrary.org/obo/UniProtKB#_F4JHB3> <http://purl.obolibrary.org/obo/PR_000000001>)",24422,117266.39999999998,-1.0,3938,0,-1.0,3957,0,-1.0,4001,0,-1.0,3917,0,0,-1.0,3909,0
ore_ont_4235.owl,"SubClassOf(<http://purl.obolibrary.org/obo/UniProtKB#_Q9FPT1> <http://purl.obolibrary.org/obo/PR_000000001>)",24422,190558.4,-1.0,3980,0,-1.0,3924,0,-1.0,4081,0,-1.0,4216,0,0,-1.0,3948,0
ore_ont_4235.owl,"SubClassOf(<http://purl.obolibrary.org/obo/UniProtKB#_Q9SVY4> <http://purl.obolibrary.org/obo/PR_000000001>)",24422,139253.99999999997,-1.0,3869,0,-1.0,3895,0,-1.0,3826,0,-1.0,4032,0,0,-1.0,3768,0
ore_ont_4235.owl,"SubClassOf(<http://purl.obolibrary.org/obo/UniProtKB#_Q9SVY1> <http://purl.obolibrary.org/obo/PR_000000001>)",24422,219875.2,-1.0,3983,0,-1.0,3880,0,-1.0,3843,0,-1.0,3813,0,0,-1.0,3805,0
ore_ont_4235.owl,"SubClassOf(<http://purl.obolibrary.org/obo/UniProtKB#_Q9FPS2> <http://purl.obolibrary.org/obo/PR_000000001>)",24422,139253.99999999997,-1.0,3781,0,-1.0,3802,0,-1.0,3953,0,-1.0,3751,0,0,-1.0,3786,0
ore_ont_4235.owl,"SubClassOf(<http://purl.obolibrary.org/obo/UniProtKB#_Q9FPS3> <http://purl.obolibrary.org/obo/PR_000000001>)",24422,190558.4,-1.0,4125,0,-1.0,3783,0,-1.0,3813,0,-1.0,3840,0,0,-1.0,3781,0
ore_ont_4235.owl,"SubClassOf(<http://purl.obolibrary.org/obo/UniProtKB#_Q9FPS4> <http://purl.obolibrary.org/obo/PR_000000001>)",24422,175899.99999999997,-1.0,3833,0,-1.0,3831,0,-1.0,4060,0,-1.0,3850,0,0,-1.0,3820,0
ore_ont_4235.owl,"SubClassOf(<http://purl.obolibrary.org/obo/UniProtKB#_Q9SVY0> <http://purl.obolibrary.org/obo/PR_000000001>)",24422,153912.4,-1.0,3811,0,-1.0,3918,0,-1.0,3885,0,-1.0,3925,0,0,-1.0,3931,0
ore_ont_4235.owl,"SubClassOf(<http://purl.obolibrary.org/obo/UniProtKB#_Q9SVY8> <http://purl.obolibrary.org/obo/PR_000000001>)",24422,183229.2,-1.0,3925,0,-1.0,3833,0,-1.0,3861,0,-1.0,3814,0,0,-1.0,3825,0
ore_ont_4235.owl,"SubClassOf(<http://purl.obolibrary.org/obo/UniProtKB#_Q9SVY5> <http://purl.obolibrary.org/obo/PR_000000001>)",24422,175899.99999999997,-1.0,3815,0,-1.0,4116,0,-1.0,3849,0,-1.0,3971,0,0,-1.0,3895,0
ore_ont_11081.owl,"SubClassOf(<http://purl.obolibrary.org/obo/FYPO_0001362> <http://purl.obolibrary.org/obo/FYPO_0000002>)",27205,35691.19999999999,35706.299999999996,222665,4113,35709.899999999994,252390,5113,35679.19999999999,54514,5002,35803.79999999998,7271,4476,2,35706.299999999996,555625,4907
ore_ont_11081.owl,"SubClassOf(<http://purl.obolibrary.org/obo/PATO_0002052> <http://purl.obolibrary.org/obo/PATO_0000001>)",27205,24018.399999999994,23915.1,77310,5010,23886.299999999996,169492,5044,24031.0,18339,5130,23994.8,7103,5598,2,23915.1,243653,5510
ore_ont_11081.owl,"SubClassOf(<http://purl.obolibrary.org/obo/CL_0000334> <http://purl.obolibrary.org/obo/CL_0000000>)",27205,30904.799999999996,30871.199999999997,15402,5989,30873.0,21875,5613,30848.4,12781,6140,30848.4,7386,6473,1,30871.199999999997,46466,5554
ore_ont_11081.owl,"SubClassOf(<http://purl.obolibrary.org/obo/GO_0072690> <http://purl.obolibrary.org/obo/GO_0008150>)",27205,18656.9,18659.500000000004,13260,5531,18655.300000000003,21110,5603,18659.500000000004,9371,5739,18655.300000000003,7023,5876,2,18659.500000000004,32571,5792
ore_ont_11081.owl,"SubClassOf(<http://purl.obolibrary.org/obo/FYPO_0000663> <http://purl.obolibrary.org/obo/PATO_0002052>)",27205,36281.59999999999,-1.0,3785,0,-1.0,3816,0,-1.0,3922,0,-1.0,3907,0,0,-1.0,3954,0
ore_ont_11081.owl,"SubClassOf(<http://purl.obolibrary.org/obo/PATO_0000461> <http://purl.obolibrary.org/obo/PATO_0000001>)",27205,18655.5,18612.0,17254,5916,18624.0,21365,5836,18612.0,10781,5670,18624.0,7075,5692,1,18612.0,50256,5588
ore_ont_11081.owl,"SubClassOf(<http://purl.obolibrary.org/obo/FYPO_0000662> <http://purl.obolibrary.org/obo/PATO_0002051>)",27205,35202.599999999984,-1.0,3880,0,-1.0,3877,0,-1.0,3829,0,-1.0,3822,0,0,-1.0,3796,0
ore_ont_11081.owl,"SubClassOf(<http://purl.obolibrary.org/obo/PATO_0000460> <http://purl.obolibrary.org/obo/PATO_0000001>)",27205,19191.999999999996,19170.399999999998,17326,6587,19170.4,35735,6068,19170.399999999998,10992,6318,19193.8,7124,6094,1,19170.399999999998,53029,6158
ore_ont_11081.owl,"SubClassOf(<http://purl.obolibrary.org/obo/FYPO_0000127> <http://purl.obolibrary.org/obo/PATO_0001551>)",27205,29349.899999999994,-1.0,3767,0,-1.0,3796,0,-1.0,3739,0,-1.0,3852,0,0,-1.0,3776,0
ore_ont_11081.owl,"SubClassOf(<http://purl.obolibrary.org/obo/FYPO_0000664> <http://purl.obolibrary.org/obo/PATO_0001558>)",27205,26655.799999999996,-1.0,3809,0,-1.0,3796,0,-1.0,3700,0,-1.0,3805,0,0,-1.0,3811,0
ore_ont_7716.owl,"SubClassOf(<http://purl.obolibrary.org/obo/FMA_20328> <http://purl.obolibrary.org/obo/FMA_9653>)",25634,23420.399999999998,-1.0,3854,0,-1.0,3875,0,-1.0,3968,0,-1.0,4157,0,0,-1.0,4103,0
ore_ont_7716.owl,"SubClassOf(<http://purl.obolibrary.org/obo/FMA_10681> <http://purl.obolibrary.org/obo/FMA_10663>)",25634,16723.4,-1.0,3722,0,-1.0,3877,0,-1.0,3797,0,-1.0,3934,0,0,-1.0,3817,0
ore_ont_7716.owl,"SubClassOf(<http://purl.obolibrary.org/obo/FMA_10698> <http://purl.obolibrary.org/obo/FMA_70353>)",25634,16725.3,16719.300000000003,13370,8818,16718.4,26140,8331,16719.300000000003,9352,9915,16718.4,8071,9732,1,16719.300000000003,36075,8393
ore_ont_7716.owl,"SubClassOf(<http://purl.obolibrary.org/obo/FMA_14151> <http://purl.obolibrary.org/obo/FMA_9337>)",25634,15897.000000000002,-1.0,3848,0,-1.0,3894,0,-1.0,4120,0,-1.0,3906,0,0,-1.0,3908,0
ore_ont_7716.owl,"SubClassOf(<http://purl.obolibrary.org/obo/FMA_223915> <http://purl.obolibrary.org/obo/FMA_62865>)",25634,18415.399999999998,-1.0,3899,0,-1.0,3869,0,-1.0,3963,0,-1.0,3931,0,0,-1.0,3833,0
ore_ont_7716.owl,"SubClassOf(<http://purl.obolibrary.org/obo/FMA_224106> <http://purl.obolibrary.org/obo/FMA_224058>)",25634,19238.8,-1.0,3841,0,-1.0,3821,0,-1.0,3862,0,-1.0,3896,0,0,-1.0,3821,0
ore_ont_7716.owl,"SubClassOf(<http://purl.obolibrary.org/obo/FMA_232916> <http://purl.obolibrary.org/obo/FMA_63815>)",25634,8386.199999999999,-1.0,3857,0,-1.0,3829,0,-1.0,3875,0,-1.0,3961,0,0,-1.0,4009,0
ore_ont_7716.owl,"SubClassOf(<http://purl.obolibrary.org/obo/FMA_18332> <http://purl.obolibrary.org/obo/FMA_86103>)",25634,18403.7,-1.0,3902,0,-1.0,3953,0,-1.0,3808,0,-1.0,3877,0,0,-1.0,3836,0
ore_ont_7716.owl,"SubClassOf(<http://purl.obolibrary.org/obo/FMA_10698> <http://purl.obolibrary.org/obo/FMA_10663>)",25634,14214.9,-1.0,4006,0,-1.0,3829,0,-1.0,4059,0,-1.0,3767,0,0,-1.0,3777,0
ore_ont_7716.owl,"SubClassOf(<http://purl.obolibrary.org/obo/FMA_20347> <http://purl.obolibrary.org/obo/FMA_20346>)",25634,24248.9,-1.0,3790,0,-1.0,3753,0,-1.0,3767,0,-1.0,3841,0,0,-1.0,3888,0
ore_ont_2661.owl,"SubClassOf(<http://purl.obolibrary.org/obo/ENSEMBL_F26G5.4> <http://purl.obolibrary.org/obo/ENSEMBL_ENSFM00500000271667>)",20389,4488.299999999999,-1.0,4321,0,-1.0,4060,0,-1.0,4126,0,-1.0,3999,0,0,-1.0,4107,0
ore_ont_2661.owl,"SubClassOf(<http://purl.obolibrary.org/obo/ENSEMBL_F54B8.16> <http://purl.obolibrary.org/obo/ENSEMBL_ENSFM00500000270898>)",20389,4488.9,-1.0,4096,0,-1.0,4037,0,-1.0,4087,0,-1.0,4015,0,0,-1.0,4034,0
ore_ont_2661.owl,"SubClassOf(<http://purl.obolibrary.org/obo/ENSEMBL_T23F1.4> <http://purl.obolibrary.org/obo/ENSEMBL_ENSFM00500000270900>)",20389,4489.2,-1.0,4067,0,-1.0,4266,0,-1.0,4145,0,-1.0,4178,0,0,-1.0,4209,0
ore_ont_2661.owl,"SubClassOf(<http://purl.obolibrary.org/obo/ENSEMBL_Y49C4A.8> <http://purl.obolibrary.org/obo/ENSEMBL_ENSFM00250000000580>)",20389,4496.099999999999,-1.0,4099,0,-1.0,4147,0,-1.0,4457,0,-1.0,4121,0,0,-1.0,4023,0
ore_ont_2661.owl,"SubClassOf(<http://purl.obolibrary.org/obo/ENSEMBL_Y119D3B.8> <http://purl.obolibrary.org/obo/ENSEMBL_ENSFM00500000271108>)",20389,4488.599999999999,-1.0,4034,0,-1.0,4002,0,-1.0,4109,0,-1.0,4133,0,0,-1.0,4111,0
ore_ont_2661.owl,"SubClassOf(<http://purl.obolibrary.org/obo/ENSEMBL_ZK1251.6> <http://purl.obolibrary.org/obo/ENSEMBL_ENSFM00250000001200>)",20389,4489.499999999999,-1.0,4145,0,-1.0,4443,0,-1.0,4118,0,-1.0,4553,0,0,-1.0,4122,0
ore_ont_2661.owl,"SubClassOf(<http://purl.obolibrary.org/obo/ENSEMBL_ZK354.9> <http://purl.obolibrary.org/obo/ENSEMBL_ENSFM00420000140518>)",20389,4489.499999999999,-1.0,4063,0,-1.0,4484,0,-1.0,4175,0,-1.0,4106,0,0,-1.0,4072,0
ore_ont_2661.owl,"SubClassOf(<http://purl.obolibrary.org/obo/ENSEMBL_C53B4.5> <http://purl.obolibrary.org/obo/ENSEMBL_ENSFM00600000921403>)",20389,4489.2,-1.0,4034,0,-1.0,4038,0,-1.0,4062,0,-1.0,4035,0,0,-1.0,4150,0
ore_ont_2661.owl,"SubClassOf(<http://purl.obolibrary.org/obo/ENSEMBL_F44C8.8> <http://purl.obolibrary.org/obo/ENSEMBL_ENSFM00500000270071>)",20389,4492.2,-1.0,4296,0,-1.0,4176,0,-1.0,4122,0,-1.0,4100,0,0,-1.0,4101,0
ore_ont_2661.owl,"SubClassOf(<http://purl.obolibrary.org/obo/ENSEMBL_F35E2.6> <http://purl.obolibrary.org/obo/ENSEMBL_ENSFM00250000000481>)",20389,4488.599999999999,-1.0,4067,0,-1.0,4125,0,-1.0,4167,0,-1.0,4167,0,0,-1.0,4187,0
ore_ont_12194.owl,"SubClassOf(<http://www.loria.fr/~coulet/ontology/sopharm/version2.0/disease_ontology.owl#DOID_15977> <http://www.loria.fr/~coulet/ontology/sopharm/version2.0/disease_ontology.owl#DOID_19120>)",19382,106.79999999999998,-1.0,3940,0,-1.0,3900,0,-1.0,3816,0,-1.0,3911,0,0,-1.0,3855,0
ore_ont_12194.owl,"SubClassOf(<http://www.loria.fr/~coulet/ontology/sopharm/version2.0/disease_ontology.owl#DOID_2405> <http://www.loria.fr/~coulet/ontology/sopharm/version2.0/disease_ontology.owl#DOID_19132>)",19382,54.39999999999999,-1.0,3869,0,-1.0,3795,0,-1.0,3902,0,-1.0,4128,0,0,-1.0,3856,0
ore_ont_12194.owl,"SubClassOf(<http://www.loria.fr/~coulet/ontology/sopharm/version2.0/disease_ontology.owl#DOID_1097> <http://www.loria.fr/~coulet/ontology/sopharm/version2.0/disease_ontology.owl#DOID_21>)",19382,64.6,-1.0,3954,0,-1.0,3858,0,-1.0,3789,0,-1.0,3908,0,0,-1.0,3791,0
ore_ont_12194.owl,"SubClassOf(<http://www.loria.fr/~coulet/ontology/sopharm/version2.0/disease_ontology.owl#DOID_11245> <http://www.loria.fr/~coulet/ontology/sopharm/version2.0/disease_ontology.owl#DOID_19119>)",19382,144.5,-1.0,3866,0,-1.0,3815,0,-1.0,3824,0,-1.0,3822,0,0,-1.0,3804,0
ore_ont_12194.owl,"SubClassOf(<http://www.loria.fr/~coulet/ontology/sopharm/version2.0/disease_ontology.owl#DOID_2037> <http://www.loria.fr/~coulet/ontology/sopharm/version2.0/disease_ontology.owl#DOID_1228>)",19382,40.099999999999994,-1.0,3814,0,-1.0,3821,0,-1.0,3781,0,-1.0,3804,0,0,-1.0,3890,0
ore_ont_12194.owl,"SubClassOf(<http://www.loria.fr/~coulet/ontology/sopharm/version2.0/disease_ontology.owl#DOID_225> <http://www.loria.fr/~coulet/ontology/sopharm/version2.0/disease_ontology.owl#DOID_1150>)",19382,24.1,-1.0,3722,0,-1.0,3819,0,-1.0,3846,0,-1.0,3718,0,0,-1.0,3891,0
ore_ont_12194.owl,"SubClassOf(<http://www.loria.fr/~coulet/ontology/sopharm/version2.0/disease_ontology.owl#DOID_1150> <http://www.loria.fr/~coulet/ontology/sopharm/version2.0/disease_ontology.owl#DOID_1493>)",19382,12.8,-1.0,3731,0,-1.0,3728,0,-1.0,3902,0,-1.0,3902,0,0,-1.0,3810,0
ore_ont_12194.owl,"SubClassOf(<http://www.loria.fr/~coulet/ontology/sopharm/version2.0/disease_ontology.owl#DOID_19119> <http://www.loria.fr/~coulet/ontology/sopharm/version2.0/disease_ontology.owl#DOID_19129>)",19382,90.29999999999998,-1.0,3813,0,-1.0,3889,0,-1.0,3910,0,-1.0,3901,0,0,-1.0,4009,0
ore_ont_12194.owl,"SubClassOf(<http://www.loria.fr/~coulet/ontology/sopharm/version2.0/disease_ontology.owl#DOID_2315> <http://www.loria.fr/~coulet/ontology/sopharm/version2.0/disease_ontology.owl#DOID_7345>)",19382,37.699999999999996,-1.0,3901,0,-1.0,3800,0,-1.0,3880,0,-1.0,3769,0,0,-1.0,3938,0
ore_ont_12194.owl,"SubClassOf(<http://www.loria.fr/~coulet/ontology/sopharm/version2.0/disease_ontology.owl#DOID_5375> <http://www.loria.fr/~coulet/ontology/sopharm/version2.0/disease_ontology.owl#DOID_1234>)",19382,40.099999999999994,-1.0,3786,0,-1.0,3828,0,-1.0,3857,0,-1.0,3853,0,0,-1.0,3781,0
ore_ont_16687.owl,"SubClassOf(<http://purl.obolibrary.org/obo/ENSEMBL_ENSDARG00000091091> <http://purl.obolibrary.org/obo/SO_0000655>)",32313,31.5,-1.0,4051,0,-1.0,3949,0,-1.0,4061,0,-1.0,4260,0,0,-1.0,4182,0
ore_ont_16687.owl,"SubClassOf(<http://purl.obolibrary.org/obo/ENSEMBL_ENSDARG00000082738> <http://purl.obolibrary.org/obo/SO_0000276>)",32313,226.8,-1.0,4176,0,-1.0,4221,0,-1.0,4368,0,-1.0,4154,0,0,-1.0,4143,0
ore_ont_16687.owl,"SubClassOf(<http://purl.obolibrary.org/obo/ENSEMBL_ENSDARG00000082618> <http://purl.obolibrary.org/obo/SO_0000252>)",32313,598.8,-1.0,4310,0,-1.0,4173,0,-1.0,4153,0,-1.0,4313,0,0,-1.0,4256,0
ore_ont_16687.owl,"SubClassOf(<http://purl.obolibrary.org/obo/ENSEMBL_ENSDARG00000082739> <http://purl.obolibrary.org/obo/SO_0000275>)",32313,98.39999999999999,-1.0,4489,0,-1.0,4228,0,-1.0,4218,0,-1.0,4350,0,0,-1.0,4179,0
ore_ont_16687.owl,"SubClassOf(<http://purl.obolibrary.org/obo/ENSEMBL_ENSDARG00000095931> <http://purl.obolibrary.org/obo/SO_0001503>)",32313,480.3,-1.0,4235,0,-1.0,4169,0,-1.0,4128,0,-1.0,4129,0,0,-1.0,4070,0
ore_ont_16687.owl,"SubClassOf(<http://purl.obolibrary.org/obo/ENSEMBL_ENSDARG00000094481> <http://purl.obolibrary.org/obo/SO_0000704>)",32313,20.7,-1.0,4148,0,-1.0,4125,0,-1.0,4061,0,-1.0,4075,0,0,-1.0,4172,0
ore_ont_16687.owl,"SubClassOf(<http://purl.obolibrary.org/obo/ENSEMBL_ENSDARG00000015807> <http://purl.obolibrary.org/obo/SO_0001217>)",32313,7816.5,-1.0,4170,0,-1.0,4206,0,-1.0,4251,0,-1.0,4157,0,0,-1.0,4203,0
ore_ont_16687.owl,"SubClassOf(<http://purl.obolibrary.org/obo/ENSEMBL_ENSDARG00000082614> <http://purl.obolibrary.org/obo/SO_0000274>)",32313,391.2,-1.0,4140,0,-1.0,4136,0,-1.0,4131,0,-1.0,4195,0,0,-1.0,4242,0
ore_ont_16687.owl,"SubClassOf(<http://purl.obolibrary.org/obo/ENSEMBL_ENSDARG00000031703> <http://purl.obolibrary.org/obo/SO_0000336>)",32313,62.39999999999999,-1.0,4265,0,-1.0,4229,0,-1.0,4046,0,-1.0,4201,0,0,-1.0,4065,0
ore_ont_16687.owl,"SubClassOf(<http://purl.obolibrary.org/obo/ENSEMBL_ENSDARG00000080329> <http://purl.obolibrary.org/obo/SO_0000253>)",32313,11.399999999999999,-1.0,4186,0,-1.0,4355,0,-1.0,4316,0,-1.0,4149,0,0,-1.0,4258,0
ore_ont_12149.owl,"SubClassOf(<http://purl.obolibrary.org/obo/TTO_107911> <http://purl.obolibrary.org/obo/TTO_14030>)",38589,666.9999999999999,-1.0,4402,0,-1.0,4308,0,-1.0,4310,0,-1.0,4422,0,0,-1.0,4325,0
ore_ont_12149.owl,"SubClassOf(<http://purl.obolibrary.org/obo/TTO_100867> <http://purl.obolibrary.org/obo/TTO_10760>)",38589,479.20000000000005,-1.0,4476,0,-1.0,4270,0,-1.0,4664,0,-1.0,4320,0,0,-1.0,4379,0
ore_ont_12149.owl,"SubClassOf(<http://purl.obolibrary.org/obo/TTO_1068919> <http://purl.obolibrary.org/obo/TTO_101503>)",38589,525.6,-1.0,4459,0,-1.0,4514,0,-1.0,4459,0,-1.0,4287,0,0,-1.0,4249,0
ore_ont_12149.owl,"SubClassOf(<http://purl.obolibrary.org/obo/TTO_1001818> <http://purl.obolibrary.org/obo/TTO_100867>)",38589,652.2,-1.0,4351,0,-1.0,4283,0,-1.0,4281,0,-1.0,4330,0,0,-1.0,4295,0
ore_ont_12149.owl,"SubClassOf(<http://purl.obolibrary.org/obo/TTO_1068514> <http://purl.obolibrary.org/obo/TTO_100490>)",38589,801.3,-1.0,4315,0,-1.0,4337,0,-1.0,4286,0,-1.0,4385,0,0,-1.0,4431,0
ore_ont_12149.owl,"SubClassOf(<http://purl.obolibrary.org/obo/TTO_1004808> <http://purl.obolibrary.org/obo/TTO_100552>)",38589,527.4,-1.0,4364,0,-1.0,4398,0,-1.0,4337,0,-1.0,4487,0,0,-1.0,4428,0
ore_ont_12149.owl,"SubClassOf(<http://purl.obolibrary.org/obo/TTO_104345> <http://purl.obolibrary.org/obo/TTO_13440>)",38589,659.8,-1.0,4514,0,-1.0,4284,0,-1.0,4455,0,-1.0,4336,0,0,-1.0,4385,0
ore_ont_12149.owl,"SubClassOf(<http://purl.obolibrary.org/obo/TTO_1069967> <http://purl.obolibrary.org/obo/TTO_104345>)",38589,865.7999999999998,-1.0,4312,0,-1.0,4415,0,-1.0,4338,0,-1.0,4379,0,0,-1.0,4363,0
ore_ont_12149.owl,"SubClassOf(<http://purl.obolibrary.org/obo/TTO_14030> <http://purl.obolibrary.org/obo/TTO_1630>)",38589,504.2999999999999,-1.0,4317,0,-1.0,4406,0,-1.0,4263,0,-1.0,4354,0,0,-1.0,4337,0
ore_ont_12149.owl,"SubClassOf(<http://purl.obolibrary.org/obo/TTO_102171> <http://purl.obolibrary.org/obo/TTO_10910>)",38589,424.59999999999997,-1.0,4462,0,-1.0,4328,0,-1.0,4375,0,-1.0,4322,0,0,-1.0,4789,0
ore_ont_7493.owl,"SubClassOf(<http://purl.obolibrary.org/obo/TTO_107911> <http://purl.obolibrary.org/obo/TTO_14030>)",38639,666.9999999999999,-1.0,4382,0,-1.0,4398,0,-1.0,4385,0,-1.0,4259,0,0,-1.0,4364,0
ore_ont_7493.owl,"SubClassOf(<http://purl.obolibrary.org/obo/TTO_100867> <http://purl.obolibrary.org/obo/TTO_10760>)",38639,479.20000000000005,-1.0,4391,0,-1.0,4240,0,-1.0,4319,0,-1.0,4394,0,0,-1.0,4167,0
ore_ont_7493.owl,"SubClassOf(<http://purl.obolibrary.org/obo/TTO_1068919> <http://purl.obolibrary.org/obo/TTO_101503>)",38639,525.3,-1.0,4288,0,-1.0,4792,0,-1.0,4424,0,-1.0,4310,0,0,-1.0,4349,0
ore_ont_7493.owl,"SubClassOf(<http://purl.obolibrary.org/obo/TTO_1001818> <http://purl.obolibrary.org/obo/TTO_100867>)",38639,651.9000000000001,-1.0,4321,0,-1.0,4402,0,-1.0,4432,0,-1.0,4165,0,0,-1.0,4368,0
ore_ont_7493.owl,"SubClassOf(<http://purl.obolibrary.org/obo/TTO_1068514> <http://purl.obolibrary.org/obo/TTO_100490>)",38639,803.6999999999999,-1.0,4279,0,-1.0,4314,0,-1.0,4436,0,-1.0,4229,0,0,-1.0,4355,0
ore_ont_7493.owl,"SubClassOf(<http://purl.obolibrary.org/obo/TTO_1004808> <http://purl.obolibrary.org/obo/TTO_100552>)",38639,527.4,-1.0,4265,0,-1.0,4318,0,-1.0,4313,0,-1.0,4348,0,0,-1.0,4314,0
ore_ont_7493.owl,"SubClassOf(<http://purl.obolibrary.org/obo/TTO_104345> <http://purl.obolibrary.org/obo/TTO_13440>)",38639,659.8,-1.0,4310,0,-1.0,4291,0,-1.0,4358,0,-1.0,4418,0,0,-1.0,4426,0
ore_ont_7493.owl,"SubClassOf(<http://purl.obolibrary.org/obo/TTO_1069967> <http://purl.obolibrary.org/obo/TTO_104345>)",38639,866.0999999999999,-1.0,4252,0,-1.0,4527,0,-1.0,4530,0,-1.0,4359,0,0,-1.0,4410,0
ore_ont_7493.owl,"SubClassOf(<http://purl.obolibrary.org/obo/TTO_14030> <http://purl.obolibrary.org/obo/TTO_1630>)",38639,504.2999999999999,-1.0,4507,0,-1.0,4774,0,-1.0,4475,0,-1.0,4269,0,0,-1.0,4318,0
ore_ont_7493.owl,"SubClassOf(<http://purl.obolibrary.org/obo/TTO_102171> <http://purl.obolibrary.org/obo/TTO_10910>)",38639,424.59999999999997,-1.0,4372,0,-1.0,4394,0,-1.0,4352,0,-1.0,4865,0,0,-1.0,4905,0
ore_ont_6310.owl,"SubClassOf(<http://ncicb.nci.nih.gov/xml/owl/EVS/Hugo.owl#HGNC_4149> <http://ncicb.nci.nih.gov/xml/owl/EVS/Hugo.owl#pseudogene>)",32917,1644.6999999999998,-1.0,4270,0,-1.0,4214,0,-1.0,4245,0,-1.0,4104,0,0,-1.0,4059,0
ore_ont_6310.owl,"SubClassOf(<http://ncicb.nci.nih.gov/xml/owl/EVS/Hugo.owl#HGNC_2089> <http://ncicb.nci.nih.gov/xml/owl/EVS/Hugo.owl#phenotype_only>)",32917,228.99999999999997,-1.0,4084,0,-1.0,4059,0,-1.0,4096,0,-1.0,4133,0,0,-1.0,4200,0
ore_ont_6310.owl,"SubClassOf(<http://ncicb.nci.nih.gov/xml/owl/EVS/Hugo.owl#HGNC_32988> <http://ncicb.nci.nih.gov/xml/owl/EVS/Hugo.owl#RNA,_small_nucleolar>)",32917,127.89999999999999,-1.0,4147,0,-1.0,4200,0,-1.0,4124,0,-1.0,4142,0,0,-1.0,4160,0
ore_ont_6310.owl,"SubClassOf(<http://ncicb.nci.nih.gov/xml/owl/EVS/Hugo.owl#HGNC_8509> <http://ncicb.nci.nih.gov/xml/owl/EVS/Hugo.owl#withdrawn>)",32917,1041.3999999999999,-1.0,4133,0,-1.0,4249,0,-1.0,4277,0,-1.0,4148,0,0,-1.0,4272,0
ore_ont_6310.owl,"SubClassOf(<http://ncicb.nci.nih.gov/xml/owl/EVS/Hugo.owl#HGNC_34124> <http://ncicb.nci.nih.gov/xml/owl/EVS/Hugo.owl#RNA,_pseudogene>)",32917,89.8,-1.0,4110,0,-1.0,4133,0,-1.0,4189,0,-1.0,4184,0,0,-1.0,4199,0
ore_ont_6310.owl,"SubClassOf(<http://ncicb.nci.nih.gov/xml/owl/EVS/Hugo.owl#HGNC_26066> <http://ncicb.nci.nih.gov/xml/owl/EVS/Hugo.owl#gene_with_no_protein_product>)",32917,88.0,-1.0,4271,0,-1.0,4348,0,-1.0,4237,0,-1.0,4203,0,0,-1.0,4240,0
ore_ont_6310.owl,"SubClassOf(<http://ncicb.nci.nih.gov/xml/owl/EVS/Hugo.owl#HGNC_5477> <http://ncicb.nci.nih.gov/xml/owl/EVS/Hugo.owl#gene_with_protein_product>)",32917,5818.000000000001,-1.0,4178,0,-1.0,4144,0,-1.0,4138,0,-1.0,3987,0,0,-1.0,4382,0
ore_ont_6310.owl,"SubClassOf(<http://ncicb.nci.nih.gov/xml/owl/EVS/Hugo.owl#HGNC_9838> <http://ncicb.nci.nih.gov/xml/owl/EVS/Hugo.owl#unknown>)",32917,91.29999999999998,-1.0,4242,0,-1.0,4351,0,-1.0,4393,0,-1.0,4211,0,0,-1.0,4228,0
ore_ont_6310.owl,"SubClassOf(<http://ncicb.nci.nih.gov/xml/owl/EVS/Hugo.owl#HGNC_12332> <http://ncicb.nci.nih.gov/xml/owl/EVS/Hugo.owl#RNA,_transfer>)",32917,173.2,-1.0,4151,0,-1.0,4133,0,-1.0,4133,0,-1.0,4041,0,0,-1.0,4100,0
ore_ont_6310.owl,"SubClassOf(<http://ncicb.nci.nih.gov/xml/owl/EVS/Hugo.owl#HGNC_32144> <http://ncicb.nci.nih.gov/xml/owl/EVS/Hugo.owl#RNA,_micro>)",32917,295.9,-1.0,4077,0,-1.0,4276,0,-1.0,4141,0,-1.0,4157,0,0,-1.0,4232,0
ore_ont_13664.owl,"SubClassOf(<http://purl.obolibrary.org/obo/ENSEMBL_ENSMUSG00000082488> <http://purl.obolibrary.org/obo/SO_0001217>)",37683,6817.2,-1.0,4410,0,-1.0,4337,0,-1.0,4473,0,-1.0,4324,0,0,-1.0,4440,0
ore_ont_13664.owl,"SubClassOf(<http://purl.obolibrary.org/obo/ENSEMBL_ENSMUSG00000084545> <http://purl.obolibrary.org/obo/SO_0000252>)",37683,107.7,-1.0,4293,0,-1.0,4291,0,-1.0,4305,0,-1.0,4287,0,0,-1.0,4294,0
ore_ont_13664.owl,"SubClassOf(<http://purl.obolibrary.org/obo/ENSEMBL_ENSMUSG00000093140> <http://purl.obolibrary.org/obo/SO_0000276>)",37683,482.7,-1.0,4408,0,-1.0,4261,0,-1.0,4316,0,-1.0,4472,0,0,-1.0,4613,0
ore_ont_13664.owl,"SubClassOf(<http://purl.obolibrary.org/obo/ENSEMBL_ENSMUSG00000086846> <http://purl.obolibrary.org/obo/SO_0000336>)",37683,1574.1,-1.0,4089,0,-1.0,4194,0,-1.0,4286,0,-1.0,4171,0,0,-1.0,4391,0
ore_ont_13664.owl,"SubClassOf(<http://purl.obolibrary.org/obo/ENSEMBL_ENSMUSG00000084667> <http://purl.obolibrary.org/obo/SO_0000275>)",37683,472.2,-1.0,4363,0,-1.0,4414,0,-1.0,4221,0,-1.0,4143,0,0,-1.0,4222,0
ore_ont_13664.owl,"SubClassOf(<http://purl.obolibrary.org/obo/ENSEMBL_ENSMUSG00000084666> <http://purl.obolibrary.org/obo/SO_0000655>)",37683,151.79999999999998,-1.0,4392,0,-1.0,4347,0,-1.0,4660,0,-1.0,4462,0,0,-1.0,4303,0
ore_ont_13664.owl,"SubClassOf(<http://purl.obolibrary.org/obo/ENSEMBL_ENSMUSG00000085515> <http://purl.obolibrary.org/obo/SO_0001503>)",37683,777.3000000000001,-1.0,4324,0,-1.0,4455,0,-1.0,4330,0,-1.0,4356,0,0,-1.0,4134,0
ore_ont_13664.owl,"SubClassOf(<http://purl.obolibrary.org/obo/ENSEMBL_ENSMUSG00000065906> <http://purl.obolibrary.org/obo/SO_0000274>)",37683,434.09999999999997,-1.0,4209,0,-1.0,4244,0,-1.0,4249,0,-1.0,4156,0,0,-1.0,4462,0
ore_ont_13664.owl,"SubClassOf(<http://purl.obolibrary.org/obo/ENSEMBL_ENSMUSG00000086604> <http://purl.obolibrary.org/obo/SO_0001463>)",37683,387.59999999999997,-1.0,4293,0,-1.0,4183,0,-1.0,4115,0,-1.0,4265,0,0,-1.0,4165,0
ore_ont_13664.owl,"SubClassOf(<http://purl.obolibrary.org/obo/ENSEMBL_ENSMUSG00000091087> <http://purl.obolibrary.org/obo/SO_0000704>)",37683,149.99999999999997,-1.0,4115,0,-1.0,4124,0,-1.0,4115,0,-1.0,4321,0,0,-1.0,4293,0
ore_ont_6102.owl,"SubClassOf(<http://www.absoluteiri.edu/RELAPPROXC11685> <http://purl.obolibrary.org/obo/TAO_0001834>)",47690,4801.8,-1.0,5051,0,-1.0,4750,0,-1.0,5063,0,-1.0,4396,0,0,-1.0,4404,0
ore_ont_6102.owl,"SubClassOf(<http://www.absoluteiri.edu/RELAPPROXC11797> <http://purl.obolibrary.org/obo/PATO_0000117>)",47690,1426.0,-1.0,4415,0,-1.0,4307,0,-1.0,4685,0,-1.0,4436,0,0,-1.0,4425,0
ore_ont_6102.owl,"SubClassOf(<http://www.absoluteiri.edu/RELAPPROXC11976> <http://purl.obolibrary.org/obo/PATO_0000141>)",47690,1429.3,-1.0,4489,0,-1.0,4516,0,-1.0,4355,0,-1.0,4516,0,0,-1.0,4448,0
ore_ont_6102.owl,"SubClassOf(<http://www.absoluteiri.edu/RELAPPROXC11767> <http://purl.obolibrary.org/obo/BFO_0000004>)",47690,5275.3,5251.2,27727,2688,5251.2,15550,3079,5251.2,13656,2608,5251.2,9682,2931,1,5251.2,25774,3030
ore_ont_6102.owl,"SubClassOf(<http://www.absoluteiri.edu/RELAPPROXC12189> <http://purl.obolibrary.org/obo/TAO_0000240>)",47690,3372.2999999999997,-1.0,5090,0,-1.0,5636,0,-1.0,4906,0,-1.0,4995,0,0,-1.0,4989,0
ore_ont_6102.owl,"SubClassOf(<http://www.absoluteiri.edu/RELAPPROXC11818> <http://purl.obolibrary.org/obo/TAO_0000226>)",47690,3848.1,-1.0,4592,0,-1.0,4884,0,-1.0,5039,0,-1.0,4541,0,0,-1.0,4638,0
ore_ont_6102.owl,"SubClassOf(<http://www.absoluteiri.edu/RELAPPROXC11887> <http://purl.obolibrary.org/obo/TAO_0000672>)",47690,3853.2000000000003,-1.0,4322,0,-1.0,5155,0,-1.0,5054,0,-1.0,4538,0,0,-1.0,4648,0
ore_ont_6102.owl,"SubClassOf(<http://www.absoluteiri.edu/RELAPPROXC11778> <http://purl.obolibrary.org/obo/TAO_0002053>)",47690,1905.3,-1.0,4576,0,-1.0,4443,0,-1.0,4681,0,-1.0,4647,0,0,-1.0,4726,0
ore_ont_6102.owl,"SubClassOf(<http://www.absoluteiri.edu/RELAPPROXC11966> <http://purl.obolibrary.org/obo/TAO_0001114>)",47690,3373.8,-1.0,4478,0,-1.0,4550,0,-1.0,4629,0,-1.0,4542,0,0,-1.0,4720,0
ore_ont_6102.owl,"SubClassOf(<http://www.absoluteiri.edu/RELAPPROXC12150> <http://purl.obolibrary.org/obo/TAO_0002019>)",47690,3378.2999999999997,-1.0,4763,0,-1.0,4775,0,-1.0,4567,0,-1.0,4382,0,0,-1.0,4544,0
ore_ont_7455.owl,"SubClassOf(<http://purl.obolibrary.org/obo/ENSEMBL_YLR157C-A> <http://purl.obolibrary.org/obo/SO_0001217>)",61530,828537.2,828762.2999999999,455189,577830,-1.0,-1,0,828764.1,124868,492097,828763.2,10776,462621,4,-1.0,-1,0
ore_ont_7455.owl,"SubClassOf(<http://purl.obolibrary.org/obo/CHROMOSOME-4932_IV> <http://purl.obolibrary.org/obo/SO_0000340>)",61530,944702.6999999997,-1.0,4462,0,-1.0,5173,0,-1.0,4626,0,-1.0,4671,0,0,-1.0,4542,0
ore_ont_7455.owl,"SubClassOf(<http://purl.obolibrary.org/obo/CHROMOSOME-4932_XVI> <http://purl.obolibrary.org/obo/SO_0000340>)",61530,628234.7999999999,-1.0,4446,0,-1.0,4639,0,-1.0,4542,0,-1.0,4589,0,0,-1.0,4679,0
ore_ont_7455.owl,"SubClassOf(<http://purl.obolibrary.org/obo/CHROMOSOME-4932_II> <http://purl.obolibrary.org/obo/SO_0000340>)",61530,839213.3999999999,-1.0,4390,0,-1.0,4306,0,-1.0,4392,0,-1.0,4306,0,0,-1.0,4238,0
ore_ont_7455.owl,"SubClassOf(<http://purl.obolibrary.org/obo/CHROMOSOME-4932_VII> <http://purl.obolibrary.org/obo/SO_0000340>)",61530,698561.0,-1.0,4955,0,-1.0,4887,0,-1.0,4726,0,-1.0,4598,0,0,-1.0,4670,0
ore_ont_7455.owl,"SubClassOf(<http://purl.obolibrary.org/obo/CHROMOSOME-4932_XII> <http://purl.obolibrary.org/obo/SO_0000340>)",61530,839213.3999999999,-1.0,4496,0,-1.0,4522,0,-1.0,4558,0,-1.0,4554,0,0,-1.0,4563,0
ore_ont_7455.owl,"SubClassOf(<http://purl.obolibrary.org/obo/CHROMOSOME-4932_XIV> <http://purl.obolibrary.org/obo/SO_0000340>)",61530,768887.2,-1.0,4585,0,-1.0,4571,0,-1.0,4535,0,-1.0,4592,0,0,-1.0,4800,0
ore_ont_7455.owl,"SubClassOf(<http://purl.obolibrary.org/obo/CHROMOSOME-4932_XV> <http://purl.obolibrary.org/obo/SO_0000340>)",61530,804050.2999999999,-1.0,4574,0,-1.0,4371,0,-1.0,4639,0,-1.0,4702,0,0,-1.0,4447,0
ore_ont_7455.owl,"SubClassOf(<http://purl.obolibrary.org/obo/CHROMOSOME-4932_XIII> <http://purl.obolibrary.org/obo/SO_0000340>)",61530,804050.2999999999,-1.0,4590,0,-1.0,4554,0,-1.0,4468,0,-1.0,4578,0,0,-1.0,4583,0
ore_ont_7455.owl,"SubClassOf(<http://purl.obolibrary.org/obo/CHROMOSOME-4932_X> <http://purl.obolibrary.org/obo/SO_0000340>)",61530,804050.2999999999,-1.0,4516,0,-1.0,4845,0,-1.0,4497,0,-1.0,4545,0,0,-1.0,4486,0
ore_ont_10778.owl,"SubClassOf(<http://purl.obolibrary.org/obo/GO_0019113> <http://purl.obolibrary.org/obo/GO_0016709>)",80764,240.9,-1.0,4697,0,-1.0,4621,0,-1.0,4583,0,-1.0,4751,0,0,-1.0,4696,0
ore_ont_10778.owl,"SubClassOf(<http://purl.obolibrary.org/obo/GO_0048468> <http://purl.obolibrary.org/obo/GO_0048856>)",80764,222.40000000000003,-1.0,4651,0,-1.0,4577,0,-1.0,4648,0,-1.0,4523,0,0,-1.0,4672,0
ore_ont_10778.owl,"SubClassOf(<http://purl.obolibrary.org/obo/GO_0022402> <http://purl.obolibrary.org/obo/GO_0044763>)",80764,99.40000000000002,-1.0,4626,0,-1.0,4626,0,-1.0,4655,0,-1.0,4583,0,0,-1.0,4746,0
ore_ont_10778.owl,"SubClassOf(<http://purl.obolibrary.org/obo/GO_0030154> <http://purl.obolibrary.org/obo/GO_0044767>)",80764,209.50000000000003,124.20000000000002,16173,5334,124.20000000000002,34360,5437,124.20000000000002,15080,5161,124.20000000000002,9290,5447,1,124.20000000000002,45599,5236
ore_ont_10778.owl,"SubClassOf(<http://purl.obolibrary.org/obo/GO_0005887> <http://purl.obolibrary.org/obo/GO_0044459>)",80764,103.60000000000001,-1.0,4567,0,-1.0,4732,0,-1.0,4885,0,-1.0,4668,0,0,-1.0,4766,0
ore_ont_10778.owl,"SubClassOf(<http://purl.obolibrary.org/obo/GO_0033764> <http://purl.obolibrary.org/obo/GO_0016616>)",80764,277.19999999999993,-1.0,4728,0,-1.0,4761,0,-1.0,4924,0,-1.0,4575,0,0,-1.0,4910,0
ore_ont_10778.owl,"SubClassOf(<http://purl.obolibrary.org/obo/GO_0007338> <http://purl.obolibrary.org/obo/GO_0044702>)",80764,149.20000000000002,24.4,15703,5370,84.9,26772,5627,24.4,14993,5631,84.9,9226,5920,1,24.4,46921,5852
ore_ont_10778.owl,"SubClassOf(<http://purl.obolibrary.org/obo/GO_1902494> <http://purl.obolibrary.org/obo/GO_0043234>)",80764,216.39999999999998,-1.0,4713,0,-1.0,4681,0,-1.0,4660,0,-1.0,4580,0,0,-1.0,4793,0
ore_ont_10778.owl,"SubClassOf(<http://purl.obolibrary.org/obo/GO_0044445> <http://purl.obolibrary.org/obo/GO_0044444>)",80764,196.09999999999997,-1.0,4652,0,-1.0,4841,0,-1.0,4720,0,-1.0,4854,0,0,-1.0,4854,0
ore_ont_10778.owl,"SubClassOf(<http://purl.obolibrary.org/obo/GO_0048608> <http://purl.obolibrary.org/obo/GO_0003006>)",80764,103.60000000000001,-1.0,4972,0,-1.0,4646,0,-1.0,4647,0,-1.0,4794,0,0,-1.0,4581,0
ore_ont_13243.owl,"SubClassOf(<http://purl.obolibrary.org/obo/GO_0019113> <http://purl.obolibrary.org/obo/GO_0016709>)",80529,240.9,-1.0,4523,0,-1.0,4924,0,-1.0,4631,0,-1.0,4744,0,0,-1.0,4728,0
ore_ont_13243.owl,"SubClassOf(<http://purl.obolibrary.org/obo/GO_0048468> <http://purl.obolibrary.org/obo/GO_0048856>)",80529,222.4,-1.0,4720,0,-1.0,4563,0,-1.0,4581,0,-1.0,4620,0,0,-1.0,4951,0
ore_ont_13243.owl,"SubClassOf(<http://purl.obolibrary.org/obo/GO_0022402> <http://purl.obolibrary.org/obo/GO_0044763>)",80529,99.40000000000002,-1.0,4708,0,-1.0,4987,0,-1.0,4869,0,-1.0,4584,0,0,-1.0,4670,0
ore_ont_13243.owl,"SubClassOf(<http://purl.obolibrary.org/obo/GO_0030154> <http://purl.obolibrary.org/obo/GO_0044767>)",80529,209.80000000000004,124.50000000000001,15528,5713,124.50000000000001,35961,5526,124.50000000000001,14610,5460,209.80000000000004,9457,5693,3,124.50000000000001,52834,6692
ore_ont_13243.owl,"SubClassOf(<http://purl.obolibrary.org/obo/GO_0005887> <http://purl.obolibrary.org/obo/GO_0044459>)",80529,104.80000000000001,-1.0,4988,0,-1.0,4992,0,-1.0,4887,0,-1.0,5505,0,0,-1.0,4894,0
ore_ont_13243.owl,"SubClassOf(<http://purl.obolibrary.org/obo/GO_0033764> <http://purl.obolibrary.org/obo/GO_0016616>)",80529,276.9,-1.0,4794,0,-1.0,5070,0,-1.0,4705,0,-1.0,4642,0,0,-1.0,4846,0
ore_ont_13243.owl,"SubClassOf(<http://purl.obolibrary.org/obo/GO_0022412> <http://purl.obolibrary.org/obo/GO_0048610>)",80529,77.50000000000001,-1.0,4975,0,-1.0,4919,0,-1.0,4844,0,-1.0,5140,0,0,-1.0,4715,0
ore_ont_13243.owl,"SubClassOf(<http://purl.obolibrary.org/obo/GO_1902494> <http://purl.obolibrary.org/obo/GO_0043234>)",80529,214.6,-1.0,5103,0,-1.0,5083,0,-1.0,4872,0,-1.0,4603,0,0,-1.0,4697,0
ore_ont_13243.owl,"SubClassOf(<http://purl.obolibrary.org/obo/GO_0044445> <http://purl.obolibrary.org/obo/GO_0044444>)",80529,196.7,-1.0,4678,0,-1.0,4916,0,-1.0,4994,0,-1.0,5052,0,0,-1.0,4950,0
ore_ont_13243.owl,"SubClassOf(<http://purl.obolibrary.org/obo/GO_0048608> <http://purl.obolibrary.org/obo/GO_0003006>)",80529,115.9,-1.0,5187,0,-1.0,4854,0,-1.0,5243,0,-1.0,4735,0,0,-1.0,4733,0
ore_ont_14934.owl,"SubClassOf(<http://purl.obolibrary.org/obo/ENSEMBL#_FBgn0011870> <http://purl.obolibrary.org/obo/SO_0000253>)",73008,390908.3,-1.0,5194,0,-1.0,4880,0,-1.0,5381,0,-1.0,5059,0,0,-1.0,5564,0
ore_ont_14934.owl,"SubClassOf(<http://purl.obolibrary.org/obo/SO_0000593> <http://purl.obolibrary.org/obo/SO_0000275>)",73008,295842.49999999994,-1.0,4434,0,-1.0,4390,0,-1.0,4545,0,-1.0,4605,0,0,-1.0,4482,0
ore_ont_14934.owl,"SubClassOf(<http://purl.obolibrary.org/obo/CHROMOSOME-7227#_3L> <http://purl.obolibrary.org/obo/SO_0000340>)",73008,184791.59999999998,-1.0,4546,0,-1.0,4481,0,-1.0,4426,0,-1.0,4542,0,0,-1.0,4597,0
ore_ont_14934.owl,"SubClassOf(<http://purl.obolibrary.org/obo/CHROMOSOME-7227#_2L> <http://purl.obolibrary.org/obo/SO_0000340>)",73008,311512.0,-1.0,4485,0,-1.0,4475,0,-1.0,4542,0,-1.0,4512,0,0,-1.0,4466,0
ore_ont_14934.owl,"SubClassOf(<http://purl.obolibrary.org/obo/ENSEMBL#_FBgn0005630> <http://purl.obolibrary.org/obo/SO_0001217>)",73008,331446.39999999997,-1.0,4958,0,-1.0,4638,0,-1.0,4531,0,-1.0,4900,0,0,-1.0,4584,0
ore_ont_14934.owl,"SubClassOf(<http://purl.obolibrary.org/obo/CHROMOSOME-7227#_2R> <http://purl.obolibrary.org/obo/SO_0000340>)",73008,406552.29999999993,-1.0,4408,0,-1.0,4729,0,-1.0,4731,0,-1.0,4617,0,0,-1.0,4466,0
ore_ont_14934.owl,"SubClassOf(<http://purl.obolibrary.org/obo/CHROMOSOME-7227#_X> <http://purl.obolibrary.org/obo/SO_0000340>)",73008,279831.89999999997,-1.0,4660,0,-1.0,4474,0,-1.0,4553,0,-1.0,4576,0,0,-1.0,4458,0
ore_ont_14934.owl,"SubClassOf(<http://purl.obolibrary.org/obo/SO_0000651> <http://purl.obolibrary.org/obo/SO_0000252>)",73008,517576.5,-1.0,4614,0,-1.0,4457,0,-1.0,4575,0,-1.0,4623,0,0,-1.0,4736,0
ore_ont_14934.owl,"SubClassOf(<http://purl.obolibrary.org/obo/CHROMOSOME-7227#_3R> <http://purl.obolibrary.org/obo/SO_0000340>)",73008,311512.0,-1.0,4378,0,-1.0,4431,0,-1.0,4513,0,-1.0,4368,0,0,-1.0,4360,0
ore_ont_14934.owl,"SubClassOf(<http://purl.obolibrary.org/obo/SO_0000253> <http://purl.obolibrary.org/obo/SO_0000655>)",73008,195423.59999999995,-1.0,4494,0,-1.0,4500,0,-1.0,4519,0,-1.0,4507,0,0,-1.0,4547,0
ore_ont_10175.owl,"SubClassOf(<http://purl.obolibrary.org/obo/GO_0004517> <http://purl.obolibrary.org/obo/GO_0016709>)",89826,240.9,-1.0,4602,0,-1.0,4870,0,-1.0,4682,0,-1.0,4600,0,0,-1.0,4747,0
ore_ont_10175.owl,"SubClassOf(<http://purl.obolibrary.org/obo/GO_0048468> <http://purl.obolibrary.org/obo/GO_0048856>)",89826,224.2,-1.0,4600,0,-1.0,4743,0,-1.0,4590,0,-1.0,5017,0,0,-1.0,4658,0
ore_ont_10175.owl,"SubClassOf(<http://purl.obolibrary.org/obo/GO_0022402> <http://purl.obolibrary.org/obo/GO_0044763>)",89826,100.30000000000001,20.799999999999997,11670,6195,20.799999999999997,18481,5656,20.799999999999997,12077,5562,20.799999999999997,9692,5748,2,20.799999999999997,21770,5728
ore_ont_10175.owl,"SubClassOf(<http://purl.obolibrary.org/obo/GO_0030154> <http://purl.obolibrary.org/obo/GO_0044767>)",89826,211.6,125.4,15803,6220,125.4,34784,5475,125.4,15177,5693,211.6,9640,6583,3,125.4,43974,6198
ore_ont_10175.owl,"SubClassOf(<http://purl.obolibrary.org/obo/GO_0005739> <http://purl.obolibrary.org/obo/GO_0044444>)",89826,344.2,-1.0,4573,0,-1.0,4646,0,-1.0,4593,0,-1.0,4672,0,0,-1.0,4566,0
ore_ont_10175.owl,"SubClassOf(<http://purl.obolibrary.org/obo/GO_0048523> <http://purl.obolibrary.org/obo/GO_0065007>)",89826,94.50000000000001,54.40000000000001,46278,6978,54.40000000000001,121907,5859,60.5,35284,6082,37.5,9580,5910,2,54.40000000000001,180333,6046
ore_ont_10175.owl,"SubClassOf(<http://purl.obolibrary.org/obo/GO_0005887> <http://purl.obolibrary.org/obo/GO_0044459>)",89826,104.80000000000001,82.60000000000001,30149,5780,82.60000000000001,74925,5836,25.3,23874,5908,25.3,9811,5732,1,82.60000000000001,107773,5851
ore_ont_10175.owl,"SubClassOf(<http://purl.obolibrary.org/obo/GO_0033764> <http://purl.obolibrary.org/obo/GO_0016616>)",89826,276.9,-1.0,4694,0,-1.0,4730,0,-1.0,4493,0,-1.0,4602,0,0,-1.0,4635,0
ore_ont_10175.owl,"SubClassOf(<http://purl.obolibrary.org/obo/GO_0022412> <http://purl.obolibrary.org/obo/GO_0048610>)",89826,113.50000000000001,34.3,28138,6068,34.3,67178,6111,34.3,24846,6004,34.3,10219,6240,1,34.3,102519,6350
ore_ont_10175.owl,"SubClassOf(<http://purl.obolibrary.org/obo/GO_1902494> <http://purl.obolibrary.org/obo/GO_0043234>)",89826,214.6,-1.0,4744,0,-1.0,4586,0,-1.0,4780,0,-1.0,4511,0,0,-1.0,4856,0
ore_ont_5781.owl,"SubClassOf(<http://purl.org/obo/owl/IMR#IMR_0000299> <http://purl.org/obo/owl/IMR#IMR_0010044>)",137302,65673.49999999999,65652.2,23856,20289,65627.2,54681,20860,65652.2,28713,20674,65627.2,12022,20683,1,65652.2,137807,20680
ore_ont_5781.owl,"SubClassOf(<http://purl.org/obo/owl/IMR#IMR_0010047> <http://purl.org/obo/owl/IMR#IMR_0000952>)",137302,24096.6,-1.0,5408,0,-1.0,5758,0,-1.0,5325,0,-1.0,5645,0,0,-1.0,5475,0
ore_ont_5781.owl,"SubClassOf(<http://purl.org/obo/owl/IMR#IMR_0002102> <http://purl.org/obo/owl/IMR#IMR_0002096>)",137302,60497.799999999996,-1.0,5084,0,-1.0,5490,0,-1.0,5289,0,-1.0,5452,0,0,-1.0,5291,0
ore_ont_5781.owl,"SubClassOf(<http://purl.org/obo/owl/IMR#IMR_0000825> <http://purl.org/obo/owl/IMR#IMR_0000369>)",137302,63889.1,-1.0,5730,0,-1.0,5622,0,-1.0,5377,0,-1.0,5366,0,0,-1.0,5393,0
ore_ont_5781.owl,"SubClassOf(<http://purl.org/obo/owl/IMR#IMR_0200273> <http://purl.org/obo/owl/IMR#IMR_0001998>)",137302,76199.99999999999,-1.0,5626,0,-1.0,5465,0,-1.0,5236,0,-1.0,5501,0,0,-1.0,5400,0
ore_ont_5781.owl,"SubClassOf(<http://purl.org/obo/owl/IMR#IMR_0002103> <http://purl.org/obo/owl/IMR#IMR_0002096>)",137302,69174.29999999999,-1.0,5387,0,-1.0,5481,0,-1.0,5230,0,-1.0,5325,0,0,-1.0,5155,0
ore_ont_5781.owl,"SubClassOf(<http://purl.org/obo/owl/IMR#IMR_0001586> <http://purl.org/obo/owl/IMR#IMR_0000299>)",137302,51872.90000000001,-1.0,5423,0,-1.0,5530,0,-1.0,5572,0,-1.0,5496,0,0,-1.0,5306,0
ore_ont_5781.owl,"SubClassOf(<http://purl.org/obo/owl/IMR#IMR_0010046> <http://purl.org/obo/owl/IMR#IMR_0010053>)",137302,77798.8,-1.0,5214,0,-1.0,5414,0,-1.0,5300,0,-1.0,5211,0,0,-1.0,5458,0
ore_ont_5781.owl,"SubClassOf(<http://purl.org/obo/owl/IMR#IMR_0010462> <http://purl.org/obo/owl/IMR#IMR_0000897>)",137302,50075.8,-1.0,5499,0,-1.0,5342,0,-1.0,5513,0,-1.0,5216,0,0,-1.0,5392,0
ore_ont_5781.owl,"SubClassOf(<http://purl.org/obo/owl/IMR#IMR_0000191> <http://purl.org/obo/owl/IMR#IMR_0000949>)",137302,39704.100000000006,39632.799999999996,48407,24115,39609.99999999999,58453,22375,39590.99999999999,30780,23383,39609.99999999999,11492,23643,1,39590.99999999999,191436,29494
ore_ont_15696.owl,"SubClassOf(<http://purl.obolibrary.org/obo/VTO_0048285> <http://purl.obolibrary.org/obo/VTO_0046983>)",106894,1133.4,-1.0,6021,0,-1.0,6259,0,-1.0,5961,0,-1.0,6234,0,0,-1.0,6045,0
ore_ont_15696.owl,"SubClassOf(<http://purl.obolibrary.org/obo/VTO_0005670> <http://purl.obolibrary.org/obo/VTO_0005565>)",106894,1048.7,-1.0,5848,0,-1.0,6257,0,-1.0,5968,0,-1.0,5882,0,0,-1.0,6400,0
ore_ont_15696.owl,"SubClassOf(<http://purl.obolibrary.org/obo/VTO_0012881> <http://purl.obolibrary.org/obo/VTO_0012653>)",106894,2191.3,-1.0,5701,0,-1.0,5930,0,-1.0,6181,0,-1.0,6021,0,0,-1.0,5978,0
ore_ont_15696.owl,"SubClassOf(<http://purl.obolibrary.org/obo/VTO_0009112> <http://purl.obolibrary.org/obo/VTO_0008913>)",106894,1940.7,-1.0,6149,0,-1.0,6019,0,-1.0,6440,0,-1.0,6210,0,0,-1.0,6006,0
ore_ont_15696.owl,"SubClassOf(<http://purl.obolibrary.org/obo/VTO_0073595> <http://purl.obolibrary.org/obo/VTO_0048285>)",106894,1425.8000000000002,-1.0,5904,0,-1.0,5979,0,-1.0,6085,0,-1.0,5910,0,0,-1.0,5992,0
ore_ont_15696.owl,"SubClassOf(<http://purl.obolibrary.org/obo/VTO_0049816> <http://purl.obolibrary.org/obo/VTO_0042306>)",106894,931.0,-1.0,6286,0,-1.0,6119,0,-1.0,5828,0,-1.0,5941,0,0,-1.0,5838,0
ore_ont_15696.owl,"SubClassOf(<http://purl.obolibrary.org/obo/VTO_0040541> <http://purl.obolibrary.org/obo/VTO_0038680>)",106894,812.1000000000003,-1.0,6156,0,-1.0,6428,0,-1.0,6037,0,-1.0,6218,0,0,-1.0,5997,0
ore_ont_15696.owl,"SubClassOf(<http://purl.obolibrary.org/obo/VTO_0050032> <http://purl.obolibrary.org/obo/VTO_0049816>)",106894,1140.0,-1.0,5977,0,-1.0,6030,0,-1.0,6099,0,-1.0,6079,0,0,-1.0,5906,0
ore_ont_15696.owl,"SubClassOf(<http://purl.obolibrary.org/obo/VTO_0063796> <http://purl.obolibrary.org/obo/VTO_0040541>)",106894,1026.1000000000001,-1.0,6439,0,-1.0,6251,0,-1.0,6063,0,-1.0,6199,0,0,-1.0,6198,0
ore_ont_15696.owl,"SubClassOf(<http://purl.obolibrary.org/obo/VTO_9024755> <http://purl.obolibrary.org/obo/VTO_9024187>)",106894,338.70000000000005,35.099999999999994,34866,11923,229.70000000000002,39102,11093,35.099999999999994,31710,11826,35.099999999999994,12626,11538,1,35.099999999999994,114534,13470
ore_ont_11293.owl,"SubClassOf(<http://purl.obolibrary.org/obo/CHEBI_53000> <http://purl.obolibrary.org/obo/CHEBI_24432>)",114924,1135.9,-1.0,5047,0,-1.0,5409,0,-1.0,5435,0,-1.0,5183,0,0,-1.0,5091,0
ore_ont_11293.owl,"SubClassOf(<http://purl.obolibrary.org/obo/CHEBI_75766> <http://purl.obolibrary.org/obo/CHEBI_25212>)",114924,294.0,207.8,39410,12079,243.60000000000002,112072,13834,207.8,41339,13733,250.1,11168,14612,4,207.8,201813,14214
ore_ont_11293.owl,"SubClassOf(<http://purl.obolibrary.org/obo/CHEBI_15904> <http://purl.obolibrary.org/obo/CHEBI_25384>)",114924,10376.999999999998,9406.400000000001,17121,16030,9988.899999999998,50074,15440,9406.400000000001,20164,15417,9406.400000000001,11326,16134,2,9406.400000000001,76179,17916
ore_ont_11293.owl,"SubClassOf(<http://purl.obolibrary.org/obo/CHEBI_58945> <http://purl.obolibrary.org/obo/CHEBI_50860>)",114924,2974.3,1443.5999999999997,23866,17506,2204.7000000000003,51181,17188,1443.5999999999997,24747,17155,2204.7000000000003,10924,17479,2,1443.5999999999997,132939,16285
ore_ont_11293.owl,"SubClassOf(<http://purl.obolibrary.org/obo/CHEBI_25705> <http://purl.obolibrary.org/obo/CHEBI_36683>)",114924,3839.4999999999995,1940.2,20603,22708,2889.3,51325,16669,1940.2,18936,16651,2889.3,11229,17374,1,1940.2,76445,20493
ore_ont_11293.owl,"SubClassOf(<http://purl.obolibrary.org/obo/CHEBI_35610> <http://purl.obolibrary.org/obo/CHEBI_23888>)",114924,432.0,-1.0,5125,0,-1.0,7159,0,-1.0,5448,0,-1.0,5064,0,0,-1.0,5324,0
ore_ont_11293.owl,"SubClassOf(<http://purl.obolibrary.org/obo/CHEBI_58342> <http://purl.obolibrary.org/obo/CHEBI_58945>)",114924,4302.4,3294.0,17416,19204,2323.0000000000005,49385,15870,3294.0,19276,15920,3294.0,10899,17088,1,3294.0,79731,16502
ore_ont_11293.owl,"SubClassOf(<http://purl.obolibrary.org/obo/CHEBI_75766> <http://purl.obolibrary.org/obo/CHEBI_26619>)",114924,447.7999999999999,-1.0,5139,0,-1.0,5605,0,-1.0,7257,0,-1.0,5620,0,0,-1.0,5200,0
ore_ont_11293.owl,"SubClassOf(<http://purl.obolibrary.org/obo/CHEBI_26619> <http://purl.obolibrary.org/obo/CHEBI_25212>)",114924,169.2,-1.0,4928,0,-1.0,5283,0,-1.0,5213,0,-1.0,5242,0,0,-1.0,5252,0
ore_ont_11293.owl,"SubClassOf(<http://purl.obolibrary.org/obo/CHEBI_26195> <http://purl.obolibrary.org/obo/CHEBI_33853>)",114924,4103.999999999998,-1.0,5932,0,-1.0,5749,0,-1.0,5645,0,-1.0,5485,0,0,-1.0,5173,0
ore_ont_15929.owl,"SubClassOf(<http://purl.obolibrary.org/obo/CHEBI_53000> <http://purl.obolibrary.org/obo/CHEBI_24432>)",115746,700.9,-1.0,5053,0,-1.0,5297,0,-1.0,5385,0,-1.0,5493,0,0,-1.0,5581,0
ore_ont_15929.owl,"SubClassOf(<http://purl.obolibrary.org/obo/CHEBI_75766> <http://purl.obolibrary.org/obo/CHEBI_25212>)",115746,433.9,349.5,39856,17090,384.40000000000003,135876,14011,349.5,38945,14554,391.80000000000007,11540,14649,3,349.5,207727,15612
ore_ont_15929.owl,"SubClassOf(<http://purl.obolibrary.org/obo/CHEBI_15904> <http://purl.obolibrary.org/obo/CHEBI_25384>)",115746,10324.3,9353.100000000002,17578,17434,9936.199999999999,55511,18213,9353.100000000002,19236,18715,9936.199999999999,11283,17505,2,9353.100000000002,80479,17057
ore_ont_15929.owl,"SubClassOf(<http://purl.obolibrary.org/obo/CHEBI_58945> <http://purl.obolibrary.org/obo/CHEBI_50860>)",115746,2974.3,1445.3999999999996,25796,17047,2207.1000000000004,51703,18113,1445.3999999999996,26414,17328,2207.1000000000004,10860,16523,2,1445.3999999999996,129993,15765
ore_ont_15929.owl,"SubClassOf(<http://purl.obolibrary.org/obo/CHEBI_25705> <http://purl.obolibrary.org/obo/CHEBI_36683>)",115746,3796.4,1893.8,17799,16192,2843.5000000000005,49006,17074,1893.8,19609,18019,2843.5000000000005,11162,16202,2,1893.8,77859,15082
ore_ont_15929.owl,"SubClassOf(<http://purl.obolibrary.org/obo/CHEBI_35610> <http://purl.obolibrary.org/obo/CHEBI_23888>)",115746,216.39999999999998,-1.0,5429,0,-1.0,5054,0,-1.0,5054,0,-1.0,5053,0,0,-1.0,5077,0
ore_ont_15929.owl,"SubClassOf(<http://purl.obolibrary.org/obo/CHEBI_58342> <http://purl.obolibrary.org/obo/CHEBI_58945>)",115746,4203.700000000001,3195.599999999999,17212,16571,2224.5999999999995,50829,17312,3195.599999999999,19627,17892,3195.599999999999,11032,16290,2,3195.599999999999,77229,15831
ore_ont_15929.owl,"SubClassOf(<http://purl.obolibrary.org/obo/CHEBI_75766> <http://purl.obolibrary.org/obo/CHEBI_26619>)",115746,1024.6,-1.0,5058,0,-1.0,5098,0,-1.0,5211,0,-1.0,5190,0,0,-1.0,4998,0
ore_ont_15929.owl,"SubClassOf(<http://purl.obolibrary.org/obo/CHEBI_26619> <http://purl.obolibrary.org/obo/CHEBI_25212>)",115746,240.1,-1.0,5037,0,-1.0,5206,0,-1.0,5089,0,-1.0,4969,0,0,-1.0,4910,0
ore_ont_15929.owl,"SubClassOf(<http://purl.obolibrary.org/obo/CHEBI_26195> <http://purl.obolibrary.org/obo/CHEBI_33853>)",115746,4031.199999999999,-1.0,5021,0,-1.0,4974,0,-1.0,5152,0,-1.0,5055,0,0,-1.0,5369,0
ore_ont_10248.owl,"SubClassOf(<http://purl.obolibrary.org/obo/CHEBI_53000> <http://purl.obolibrary.org/obo/CHEBI_24432>)",118046,549.2,-1.0,4884,0,-1.0,4892,0,-1.0,5290,0,-1.0,5129,0,0,-1.0,5241,0
ore_ont_10248.owl,"SubClassOf(<http://purl.obolibrary.org/obo/CHEBI_75766> <http://purl.obolibrary.org/obo/CHEBI_25212>)",118046,521.0,223.39999999999998,39871,16152,350.3,118820,14393,223.39999999999998,39414,14258,431.3,10363,13573,1,223.39999999999998,189375,13876
ore_ont_10248.owl,"SubClassOf(<http://purl.obolibrary.org/obo/CHEBI_58945> <http://purl.obolibrary.org/obo/CHEBI_50860>)",118046,3275.699999999999,1651.6999999999998,23404,14418,2459.2999999999993,47304,14867,1651.6999999999998,24511,17104,2459.2999999999993,11185,18418,1,1651.6999999999998,133079,17634
ore_ont_10248.owl,"SubClassOf(<http://purl.obolibrary.org/obo/CHEBI_25705> <http://purl.obolibrary.org/obo/CHEBI_36683>)",118046,4266.599999999999,2261.4,17353,17402,3263.3000000000006,50007,15515,2261.4,19003,16770,3263.3000000000006,10634,16380,1,2261.4,72087,15377
ore_ont_10248.owl,"SubClassOf(<http://purl.obolibrary.org/obo/CHEBI_35610> <http://purl.obolibrary.org/obo/CHEBI_23888>)",118046,664.8000000000002,-1.0,4869,0,-1.0,4959,0,-1.0,5002,0,-1.0,5034,0,0,-1.0,5178,0
ore_ont_10248.owl,"SubClassOf(<http://purl.obolibrary.org/obo/CHEBI_75766> <http://purl.obolibrary.org/obo/CHEBI_26619>)",118046,388.30000000000007,-1.0,4915,0,-1.0,5176,0,-1.0,4936,0,-1.0,4923,0,0,-1.0,4989,0
ore_ont_10248.owl,"SubClassOf(<http://purl.obolibrary.org/obo/CHEBI_26619> <http://purl.obolibrary.org/obo/CHEBI_25212>)",118046,578.6,-1.0,4984,0,-1.0,5083,0,-1.0,4944,0,-1.0,5086,0,0,-1.0,5216,0
ore_ont_10248.owl,"SubClassOf(<http://purl.obolibrary.org/obo/CHEBI_76967> <http://purl.obolibrary.org/obo/CHEBI_75770>)",118046,385.79999999999995,-1.0,4934,0,-1.0,4982,0,-1.0,5008,0,-1.0,4988,0,0,-1.0,5088,0
ore_ont_10248.owl,"SubClassOf(<http://purl.obolibrary.org/obo/CHEBI_59737> <http://purl.obolibrary.org/obo/CHEBI_58945>)",118046,3400.6999999999994,-1.0,5229,0,-1.0,5114,0,-1.0,5014,0,-1.0,5176,0,0,-1.0,5004,0
ore_ont_10248.owl,"SubClassOf(<http://purl.obolibrary.org/obo/CHEBI_26195> <http://purl.obolibrary.org/obo/CHEBI_33853>)",118046,4247.4,-1.0,5107,0,-1.0,4926,0,-1.0,4897,0,-1.0,5327,0,0,-1.0,5135,0
ore_ont_5612.owl,"SubClassOf(<http://purl.obolibrary.org/obo/CHEBI_53000> <http://purl.obolibrary.org/obo/CHEBI_24432>)",118048,399.7,-1.0,5103,0,-1.0,5174,0,-1.0,5307,0,-1.0,5090,0,0,-1.0,5168,0
ore_ont_5612.owl,"SubClassOf(<http://purl.obolibrary.org/obo/CHEBI_75766> <http://purl.obolibrary.org/obo/CHEBI_25212>)",118048,1115.1,520.5,39582,15529,774.0,129742,17809,520.5,39782,18070,935.9999999999999,11863,16661,2,520.5,209630,17787
ore_ont_5612.owl,"SubClassOf(<http://purl.obolibrary.org/obo/CHEBI_58945> <http://purl.obolibrary.org/obo/CHEBI_50860>)",118048,3326.4999999999995,1702.5,26483,16979,2510.0999999999995,55772,18043,1702.5,27112,18377,2510.0999999999995,11515,17988,1,1702.5,134539,18112
ore_ont_5612.owl,"SubClassOf(<http://purl.obolibrary.org/obo/CHEBI_25705> <http://purl.obolibrary.org/obo/CHEBI_36683>)",118048,4702.2,2703.9,18261,22087,3705.8,57172,18288,2703.9,19561,19819,3705.8,12064,20796,1,2703.9,84730,19544
ore_ont_5612.owl,"SubClassOf(<http://purl.obolibrary.org/obo/CHEBI_35610> <http://purl.obolibrary.org/obo/CHEBI_23888>)",118048,1254.0,-1.0,4927,0,-1.0,5033,0,-1.0,5082,0,-1.0,4986,0,0,-1.0,4835,0
ore_ont_5612.owl,"SubClassOf(<http://purl.obolibrary.org/obo/CHEBI_75766> <http://purl.obolibrary.org/obo/CHEBI_26619>)",118048,1346.0,-1.0,4857,0,-1.0,5209,0,-1.0,4968,0,-1.0,5045,0,0,-1.0,4832,0
ore_ont_5612.owl,"SubClassOf(<http://purl.obolibrary.org/obo/CHEBI_26619> <http://purl.obolibrary.org/obo/CHEBI_25212>)",118048,642.9,-1.0,4881,0,-1.0,4894,0,-1.0,4817,0,-1.0,5014,0,0,-1.0,4952,0
ore_ont_5612.owl,"SubClassOf(<http://purl.obolibrary.org/obo/CHEBI_76967> <http://purl.obolibrary.org/obo/CHEBI_75770>)",118048,912.9999999999999,-1.0,4948,0,-1.0,5066,0,-1.0,4974,0,-1.0,5099,0,0,-1.0,5048,0
ore_ont_5612.owl,"SubClassOf(<http://purl.obolibrary.org/obo/CHEBI_59737> <http://purl.obolibrary.org/obo/CHEBI_58945>)",118048,3837.4999999999995,-1.0,5060,0,-1.0,5195,0,-1.0,5183,0,-1.0,4917,0,0,-1.0,5131,0
ore_ont_5612.owl,"SubClassOf(<http://purl.obolibrary.org/obo/CHEBI_26195> <http://purl.obolibrary.org/obo/CHEBI_33853>)",118048,4192.500000000001,-1.0,5011,0,-1.0,4904,0,-1.0,5035,0,-1.0,4944,0,0,-1.0,5081,0
ore_ont_2803.owl,"SubClassOf(<http://purl.obolibrary.org/obo/CHEBI_53000> <http://purl.obolibrary.org/obo/CHEBI_24432>)",115746,817.8,-1.0,4830,0,-1.0,4889,0,-1.0,4769,0,-1.0,4961,0,0,-1.0,4793,0
ore_ont_2803.owl,"SubClassOf(<http://purl.obolibrary.org/obo/CHEBI_75766> <http://purl.obolibrary.org/obo/CHEBI_25212>)",115746,340.0,149.6,36435,12412,230.2,107425,14051,149.6,35274,14706,193.4,10957,14615,4,149.6,186656,14082
ore_ont_2803.owl,"SubClassOf(<http://purl.obolibrary.org/obo/CHEBI_15904> <http://purl.obolibrary.org/obo/CHEBI_25384>)",115746,10166.199999999999,9193.2,15002,16394,9778.099999999999,46295,14244,9193.2,18044,14058,9193.2,10484,15376,1,9193.2,69809,14122
ore_ont_2803.owl,"SubClassOf(<http://purl.obolibrary.org/obo/CHEBI_58945> <http://purl.obolibrary.org/obo/CHEBI_50860>)",115746,3028.8999999999996,1499.9999999999998,22588,15911,2261.7000000000003,46745,14776,1499.9999999999998,21974,15075,737.7,10459,16684,1,1499.9999999999998,121695,15044
ore_ont_2803.owl,"SubClassOf(<http://purl.obolibrary.org/obo/CHEBI_25705> <http://purl.obolibrary.org/obo/CHEBI_36683>)",115746,3839.4999999999995,1940.2,16589,16620,2889.9,46201,14257,1940.2,16680,14542,2889.9,10094,14630,2,1940.2,69334,14479
ore_ont_2803.owl,"SubClassOf(<http://purl.obolibrary.org/obo/CHEBI_35610> <http://purl.obolibrary.org/obo/CHEBI_23888>)",115746,269.1,-1.0,4694,0,-1.0,4779,0,-1.0,4790,0,-1.0,4738,0,0,-1.0,4887,0
ore_ont_2803.owl,"SubClassOf(<http://purl.obolibrary.org/obo/CHEBI_58342> <http://purl.obolibrary.org/obo/CHEBI_58945>)",115746,4050.4,3039.9,16896,15810,2068.9,45322,13952,3039.9,16911,13978,2068.9,10619,14926,1,3039.9,68577,14970
ore_ont_2803.owl,"SubClassOf(<http://purl.obolibrary.org/obo/CHEBI_75766> <http://purl.obolibrary.org/obo/CHEBI_26619>)",115746,525.4,-1.0,4910,0,-1.0,4772,0,-1.0,4916,0,-1.0,5010,0,0,-1.0,4752,0
ore_ont_2803.owl,"SubClassOf(<http://purl.obolibrary.org/obo/CHEBI_26619> <http://purl.obolibrary.org/obo/CHEBI_25212>)",115746,787.2,-1.0,4804,0,-1.0,4834,0,-1.0,4770,0,-1.0,4985,0,0,-1.0,4935,0
ore_ont_2803.owl,"SubClassOf(<http://purl.obolibrary.org/obo/CHEBI_26195> <http://purl.obolibrary.org/obo/CHEBI_33853>)",115746,3914.2999999999993,-1.0,4867,0,-1.0,4833,0,-1.0,4813,0,-1.0,4815,0,0,-1.0,4814,0
ore_ont_5927.owl,"SubClassOf(<http://purl.obolibrary.org/obo/FMA_78551> <http://purl.obolibrary.org/obo/FMA_63819>)",121712,1610.8999999999999,-1.0,5265,0,-1.0,5669,0,-1.0,5238,0,-1.0,5520,0,0,-1.0,5426,0
ore_ont_5927.owl,"SubClassOf(<http://purl.obolibrary.org/obo/FMA_42164> <http://purl.obolibrary.org/obo/FMA_21792>)",121712,1298.6,-1.0,5192,0,-1.0,5531,0,-1.0,5380,0,-1.0,5327,0,0,-1.0,5360,0
ore_ont_5927.owl,"SubClassOf(<http://purl.obolibrary.org/obo/FMA_7085> <http://purl.obolibrary.org/obo/FMA_29733>)",121712,665.4000000000001,-1.0,5314,0,-1.0,5352,0,-1.0,5376,0,-1.0,5541,0,0,-1.0,5345,0
ore_ont_5927.owl,"SubClassOf(<http://purl.obolibrary.org/obo/FMA_58279> <http://purl.obolibrary.org/obo/FMA_9721>)",121712,478.8000000000001,-1.0,5370,0,-1.0,5637,0,-1.0,5486,0,-1.0,5257,0,0,-1.0,5377,0
ore_ont_5927.owl,"SubClassOf(<http://purl.obolibrary.org/obo/FMA_9140> <http://purl.obolibrary.org/obo/FMA_85544>)",121712,888.7000000000002,863.3999999999999,25883,18103,830.6999999999998,40446,12467,863.3999999999999,28297,13120,804.9999999999999,13416,13378,1,863.3999999999999,99269,14483
ore_ont_5927.owl,"SubClassOf(<http://purl.obolibrary.org/obo/FMA_7480> <http://purl.obolibrary.org/obo/FMA_85544>)",121712,1372.2999999999997,-1.0,5454,0,-1.0,5761,0,-1.0,5466,0,-1.0,5533,0,0,-1.0,5729,0
ore_ont_5927.owl,"SubClassOf(<http://purl.obolibrary.org/obo/FMA_42163> <http://purl.obolibrary.org/obo/FMA_68013>)",121712,1047.3,-1.0,5416,0,-1.0,5667,0,-1.0,5345,0,-1.0,5818,0,0,-1.0,5389,0
ore_ont_5927.owl,"SubClassOf(<http://purl.obolibrary.org/obo/FMA_4687> <http://purl.obolibrary.org/obo/FMA_63812>)",121712,1007.5000000000001,917.0999999999997,19868,21359,816.5999999999998,38632,13178,917.0999999999997,19815,12436,816.5999999999998,11197,13222,2,917.0999999999997,57676,13512
ore_ont_5927.owl,"SubClassOf(<http://purl.obolibrary.org/obo/FMA_241733> <http://purl.obolibrary.org/obo/FMA_63814>)",121712,1200.6000000000001,-1.0,5284,0,-1.0,5355,0,-1.0,5279,0,-1.0,5384,0,0,-1.0,5660,0
ore_ont_5927.owl,"SubClassOf(<http://purl.obolibrary.org/obo/FMA_49894> <http://purl.obolibrary.org/obo/FMA_55672>)",121712,2102.5000000000005,1378.6000000000001,32064,22063,1833.4,46805,16030,1378.6000000000001,36222,15536,1833.4,11605,16063,3,1378.6000000000001,170054,18318
ore_ont_6722.owl,"SubClassOf(<http://purl.obolibrary.org/obo/SO_0000593> <http://purl.obolibrary.org/obo/SO_0000275>)",113602,76637.09999999999,-1.0,5246,0,-1.0,5219,0,-1.0,5184,0,-1.0,5245,0,0,-1.0,4959,0
ore_ont_6722.owl,"SubClassOf(<http://purl.obolibrary.org/obo/SO_0000965> <http://purl.obolibrary.org/obo/SO_0000340>)",113602,77907.09999999998,77160.99999999999,16476,1626185,76421.49999999999,2794281,1287496,77160.99999999999,19874,1449463,77160.99999999999,11226,1484047,1,77160.99999999999,2819914,1514764
ore_ont_6722.owl,"SubClassOf(<http://purl.obolibrary.org/obo/ENSEMBL_ENSXETG00000032084> <http://purl.obolibrary.org/obo/SO_0000274>)",113602,84735.3,-1.0,5694,0,-1.0,5416,0,-1.0,5428,0,-1.0,5200,0,0,-1.0,5371,0
ore_ont_6722.owl,"SubClassOf(<http://purl.obolibrary.org/obo/ENSEMBL_ENSXETG00000033179> <http://purl.obolibrary.org/obo/SO_0000276>)",113602,92819.49999999999,-1.0,5549,0,-1.0,5355,0,-1.0,5582,0,-1.0,5814,0,0,-1.0,5547,0
ore_ont_6722.owl,"SubClassOf(<http://purl.obolibrary.org/obo/ENSEMBL_ENSXETG00000034312> <http://purl.obolibrary.org/obo/ENSEMBL_ENSFM00660001157157>)",113602,86045.8,-1.0,5498,0,-1.0,5583,0,-1.0,5422,0,-1.0,5455,0,0,-1.0,5543,0
ore_ont_6722.owl,"SubClassOf(<http://purl.obolibrary.org/obo/NCBIGene_100485052> <http://purl.obolibrary.org/obo/ENSEMBL_ENSFM00250000000002>)",113602,94086.7,0.0,-1,-1
ore_ont_6722.owl,"SubClassOf(<http://purl.obolibrary.org/obo/SO_0000651> <http://purl.obolibrary.org/obo/SO_0000252>)",113602,76650.9,-1.0,8422,0,-1.0,8704,0,-1.0,9064,0,-1.0,6230,0,0,-1.0,8770,0
ore_ont_6722.owl,"SubClassOf(<http://purl.obolibrary.org/obo/NCBIGene_100485030> <http://purl.obolibrary.org/obo/SO_0001217>)",113602,86014.9,0.0,-1,-1,0.0,-1,-1,0.0,-1,-1,0.0,-1,-1,0,0.0,-1,-1
ore_ont_6722.owl,"SubClassOf(<http://purl.obolibrary.org/obo/SO_0001760> <http://purl.obolibrary.org/obo/SO_0000336>)",113602,44291.59999999999,-1.0,8728,0,-1.0,6080,0,-1.0,6136,0,-1.0,6141,0,0,-1.0,6203,0
ore_ont_6722.owl,"SubClassOf(<http://purl.obolibrary.org/obo/ENSEMBL_ENSXETG00000016680> <http://purl.obolibrary.org/obo/ENSEMBL_ENSFM00480000262756>)",113602,86045.79999999999,-1.0,9141,0,-1.0,6351,0,-1.0,6140,0,-1.0,6369,0,0,-1.0,6501,0
ore_ont_7868.owl,"SubClassOf(<http://purl.obolibrary.org/obo/GO_0005515> <http://purl.obolibrary.org/obo/GO_0005488>)",144956,52455.6,-1.0,8429,0,-1.0,9506,0,-1.0,8879,0,-1.0,8978,0,0,-1.0,9158,0
ore_ont_7868.owl,"SubClassOf(<http://purl.obolibrary.org/obo/GO_0048523> <http://purl.obolibrary.org/obo/GO_0065007>)",144956,65644.19999999998,65574.79999999999,76042,136672,65599.4,1508930,146090,65606.99999999999,84993,143870,65589.19999999998,17041,157534,4,65574.79999999999,1265402,138216
ore_ont_7868.owl,"SubClassOf(<http://purl.obolibrary.org/obo/GO_0044249> <http://purl.obolibrary.org/obo/GO_0009058>)",144956,39447.59999999999,-1.0,8792,0,-1.0,9409,0,-1.0,8929,0,-1.0,9364,0,0,-1.0,9115,0
ore_ont_7868.owl,"SubClassOf(<http://purl.obolibrary.org/obo/CHEBI_36683> <http://purl.obolibrary.org/obo/CHEBI_50860>)",144956,93175.2,92875.9,38946,138161,92765.40000000001,351687,148389,92875.9,50203,210650,92765.40000000001,18952,149876,2,92875.9,825721,212255
ore_ont_7868.owl,"SubClassOf(<http://purl.obolibrary.org/obo/GO_0015291> <http://purl.obolibrary.org/obo/GO_0022857>)",144956,32818.299999999996,32784.1,28982,145546,32798.2,321978,127105,32784.1,27765,145271,32798.2,16737,157340,2,32784.1,447202,154405
ore_ont_7868.owl,"SubClassOf(<http://purl.obolibrary.org/obo/GO_0009058> <http://purl.obolibrary.org/obo/GO_0008152>)",144956,19698.899999999998,-1.0,8881,0,-1.0,9179,0,-1.0,9351,0,-1.0,9253,0,0,-1.0,8636,0
ore_ont_7868.owl,"SubClassOf(<http://purl.obolibrary.org/obo/GO_0044248> <http://purl.obolibrary.org/obo/GO_0009056>)",144956,39444.0,-1.0,9494,0,-1.0,9892,0,-1.0,10109,0,-1.0,9921,0,0,-1.0,9740,0
ore_ont_7868.owl,"SubClassOf(<http://purl.obolibrary.org/obo/GO_0043235> <http://purl.obolibrary.org/obo/GO_0043234>)",144956,26442.1,-1.0,9730,0,-1.0,9636,0,-1.0,9804,0,-1.0,9746,0,0,-1.0,9607,0
ore_ont_7868.owl,"SubClassOf(<http://purl.obolibrary.org/obo/GO_0046903> <http://purl.obolibrary.org/obo/GO_0006810>)",144956,26253.099999999995,-1.0,9758,0,-1.0,10511,0,-1.0,10510,0,-1.0,9837,0,0,-1.0,9885,0
ore_ont_7868.owl,"SubClassOf(<http://purl.obolibrary.org/obo/CHEBI_37512> <http://purl.obolibrary.org/obo/CHEBI_26079>)",144956,167608.9,167608.6,137175,187589,166962.8,2124962,164444,166974.8,96591,166206,167596.3,17554,163163,2,166974.8,2068794,204262
ore_ont_11519.owl,"SubClassOf(<http://purl.obolibrary.org/obo/FMA_86594> <http://purl.obolibrary.org/obo/FMA_45688>)",126545,467.5,-1.0,9067,0,-1.0,8745,0,-1.0,8654,0,-1.0,8866,0,0,-1.0,9656,0
ore_ont_11519.owl,"SubClassOf(<http://purl.obolibrary.org/obo/FMA_78551> <http://purl.obolibrary.org/obo/FMA_63819>)",126545,532.5999999999999,-1.0,8738,0,-1.0,9035,0,-1.0,12059,0,-1.0,10083,0,0,-1.0,10151,0
ore_ont_11519.owl,"SubClassOf(<http://purl.obolibrary.org/obo/FMA_269094> <http://purl.obolibrary.org/obo/FMA_49894>)",126545,692.3000000000001,-1.0,9401,0,-1.0,10003,0,-1.0,9969,0,-1.0,10082,0,0,-1.0,9632,0
ore_ont_11519.owl,"SubClassOf(<http://purl.obolibrary.org/obo/FMA_42164> <http://purl.obolibrary.org/obo/FMA_21792>)",126545,783.1999999999999,-1.0,9417,0,-1.0,9229,0,-1.0,10131,0,-1.0,9659,0,0,-1.0,9689,0
ore_ont_11519.owl,"SubClassOf(<http://purl.obolibrary.org/obo/FMA_58279> <http://purl.obolibrary.org/obo/FMA_9721>)",126545,948.0999999999998,-1.0,9412,0,-1.0,9744,0,-1.0,9747,0,-1.0,9567,0,0,-1.0,9607,0
ore_ont_11519.owl,"SubClassOf(<http://purl.obolibrary.org/obo/FMA_9140> <http://purl.obolibrary.org/obo/FMA_85544>)",126545,1118.6999999999998,974.9,38405,17514,841.6999999999999,53072,17493,974.9,38414,18496,841.6999999999999,15836,19258,3,974.9,157239,21747
ore_ont_11519.owl,"SubClassOf(<http://purl.obolibrary.org/obo/FMA_7480> <http://purl.obolibrary.org/obo/FMA_85544>)",126545,962.1,-1.0,9692,0,-1.0,9616,0,-1.0,10395,0,-1.0,10085,0,0,-1.0,9365,0
ore_ont_11519.owl,"SubClassOf(<http://purl.obolibrary.org/obo/FMA_4687> <http://purl.obolibrary.org/obo/FMA_63812>)",126545,834.6999999999999,743.4000000000001,30566,22703,643.2,74072,21769,743.4000000000001,34559,19720,743.4000000000001,17065,19565,1,743.4000000000001,94360,26312
ore_ont_11519.owl,"SubClassOf(<http://purl.obolibrary.org/obo/FMA_42163> <http://purl.obolibrary.org/obo/FMA_68013>)",126545,502.8,-1.0,8404,0,-1.0,8882,0,-1.0,8559,0,-1.0,8507,0,0,-1.0,8587,0
ore_ont_11519.owl,"SubClassOf(<http://purl.obolibrary.org/obo/FMA_241733> <http://purl.obolibrary.org/obo/FMA_63814>)",126545,1006.9,-1.0,8478,0,-1.0,8727,0,-1.0,8785,0,-1.0,8776,0,0,-1.0,9156,0
ore_ont_1357.owl,"SubClassOf(<http://purl.obolibrary.org/obo/CHROMOSOME-10116#_4> <http://purl.obolibrary.org/obo/SO_0000340>)",134251,267704.8,-1.0,6711,0,-1.0,6576,0,-1.0,6377,0,-1.0,6232,0,0,-1.0,6143,0
ore_ont_1357.owl,"SubClassOf(<http://purl.obolibrary.org/obo/CHROMOSOME-10116#_3> <http://purl.obolibrary.org/obo/SO_0000340>)",134251,283001.99999999994,-1.0,7101,0,-1.0,9252,0,-1.0,6993,0,-1.0,6966,0,0,-1.0,6706,0
ore_ont_1357.owl,"SubClassOf(<http://purl.obolibrary.org/obo/CHROMOSOME-10116#_2> <http://purl.obolibrary.org/obo/SO_0000340>)",134251,328893.60000000003,-1.0,9401,0,-1.0,9882,0,-1.0,8372,0,-1.0,9536,0,0,-1.0,9368,0
ore_ont_1357.owl,"SubClassOf(<http://purl.obolibrary.org/obo/CHROMOSOME-10116#_1> <http://purl.obolibrary.org/obo/SO_0000340>)",134251,206515.99999999997,-1.0,6233,0,-1.0,6125,0,-1.0,6093,0,-1.0,5970,0,0,-1.0,6123,0
ore_ont_1357.owl,"SubClassOf(<http://purl.obolibrary.org/obo/CHROMOSOME-10116#_10> <http://purl.obolibrary.org/obo/SO_0000340>)",134251,298299.19999999995,-1.0,6068,0,-1.0,6060,0,-1.0,8805,0,-1.0,9633,0,0,-1.0,7383,0
ore_ont_1357.owl,"SubClassOf(<http://purl.obolibrary.org/obo/CHROMOSOME-10116#_8> <http://purl.obolibrary.org/obo/SO_0000340>)",134251,328893.6,-1.0,6284,0,-1.0,6574,0,-1.0,6273,0,-1.0,5997,0,0,-1.0,6313,0
ore_ont_1357.owl,"SubClassOf(<http://purl.obolibrary.org/obo/CHROMOSOME-10116#_7> <http://purl.obolibrary.org/obo/SO_0000340>)",134251,252407.59999999998,-1.0,9871,0,-1.0,9842,0,-1.0,9526,0,-1.0,9643,0,0,-1.0,9511,0
ore_ont_1357.owl,"SubClassOf(<http://purl.obolibrary.org/obo/RGD_1549728> <http://purl.obolibrary.org/obo/SO_0001217>)",134251,282988.1,-1.0,6632,0,-1.0,6775,0,-1.0,6363,0,-1.0,6358,0,0,-1.0,6479,0
ore_ont_1357.owl,"SubClassOf(<http://purl.obolibrary.org/obo/CHROMOSOME-10116#_5> <http://purl.obolibrary.org/obo/SO_0000340>)",134251,267704.8,-1.0,6639,0,-1.0,6360,0,-1.0,6258,0,-1.0,6183,0,0,-1.0,6776,0
ore_ont_1357.owl,"SubClassOf(<http://purl.obolibrary.org/obo/ENSEMBL#_ENSRNOG00000035759> <http://purl.obolibrary.org/obo/SO_0000275>)",134251,191716.49999999994,-1.0,9827,0,-1.0,9891,0,-1.0,9923,0,-1.0,9922,0,0,-1.0,10442,0
ore_ont_4802.owl,"SubClassOf(<http://purl.obolibrary.org/obo/CHEBI_33853> <http://purl.obolibrary.org/obo/CHEBI_50860>)",140957,2335.5999999999995,1800.4000000000003,78596,15255,330.49999999999994,209865,14052,1800.4000000000003,92274,14821,1838.8999999999996,15984,15493,1,1800.4000000000003,376232,21903
ore_ont_4802.owl,"SubClassOf(<http://purl.obolibrary.org/obo/CHEBI_76967> <http://purl.obolibrary.org/obo/CHEBI_77746>)",140957,215.70000000000002,-1.0,10135,0,-1.0,10222,0,-1.0,10602,0,-1.0,10323,0,0,-1.0,9783,0
ore_ont_4802.owl,"SubClassOf(<http://purl.obolibrary.org/obo/CHEBI_15904> <http://purl.obolibrary.org/obo/CHEBI_25384>)",140957,7045.2,6251.299999999999,30664,20467,6505.3,62745,15723,6251.299999999999,27326,14910,6505.3,13318,15312,2,6251.299999999999,96473,14900
ore_ont_4802.owl,"SubClassOf(<http://purl.obolibrary.org/obo/CHEBI_64477> <http://purl.obolibrary.org/obo/CHEBI_76924>)",140957,106.80000000000001,-1.0,6080,0,-1.0,6034,0,-1.0,8926,0,-1.0,6593,0,0,-1.0,6392,0
ore_ont_4802.owl,"SubClassOf(<http://purl.obolibrary.org/obo/CHEBI_35610> <http://purl.obolibrary.org/obo/CHEBI_23888>)",140957,58.99999999999999,-1.0,8355,0,-1.0,8698,0,-1.0,8611,0,-1.0,6200,0,0,-1.0,7942,0
ore_ont_4802.owl,"SubClassOf(<http://purl.obolibrary.org/obo/CHEBI_78954> <http://purl.obolibrary.org/obo/CHEBI_35681>)",140957,9738.2,-1.0,6384,0,-1.0,8251,0,-1.0,8401,0,-1.0,8692,0,0,-1.0,6543,0
ore_ont_4802.owl,"SubClassOf(<http://purl.obolibrary.org/obo/CHEBI_77746> <http://purl.obolibrary.org/obo/CHEBI_25212>)",140957,159.10000000000002,39.599999999999994,50808,15544,59.8,54016,15927,39.599999999999994,50471,16123,86.2,17063,15643,1,39.599999999999994,236972,15141
ore_ont_4802.owl,"SubClassOf(<http://purl.obolibrary.org/obo/CHEBI_26195> <http://purl.obolibrary.org/obo/CHEBI_33853>)",140957,2582.0,-1.0,8824,0,-1.0,8650,0,-1.0,8900,0,-1.0,8932,0,0,-1.0,9232,0
ore_ont_4802.owl,"SubClassOf(<http://purl.obolibrary.org/obo/CHEBI_25235> <http://purl.obolibrary.org/obo/CHEBI_35618>)",140957,7149.099999999999,6651.1,28901,16823,6295.899999999999,60841,16120,6651.1,27867,15742,6295.899999999999,13694,15957,2,6651.1,98876,18663
ore_ont_4802.owl,"SubClassOf(<http://purl.obolibrary.org/obo/CHEBI_59737> <http://purl.obolibrary.org/obo/CHEBI_58945>)",140957,2016.2,-1.0,8582,0,-1.0,9164,0,-1.0,8589,0,-1.0,6697,0,0,-1.0,8972,0
ore_ont_2828.owl,"SubClassOf(<http://purl.obolibrary.org/obo/PR_000036818> <http://purl.obolibrary.org/obo/PR_000018264>)",177701,232739.99999999997,-1.0,11071,0,-1.0,11553,0,-1.0,9906,0,-1.0,9940,0,0,-1.0,10159,0
ore_ont_2828.owl,"SubClassOf(<http://purl.obolibrary.org/obo/PR_000029067> <http://purl.obolibrary.org/obo/PR_000000001>)",177701,301349.6,-1.0,10385,0,-1.0,10484,0,-1.0,9944,0,-1.0,9892,0,0,-1.0,9809,0
ore_ont_2828.owl,"SubClassOf(<http://purl.obolibrary.org/obo/PR_Q8IUC6RELAPPROXQ2> <http://purl.obolibrary.org/obo/PR_000029067>)",177701,399854.70000000007,386631.4,117217,2102157,393164.0,3506725,1656517,393164.0,41168,1784860,399854.70000000007,21852,1894117,3,-1.0,-1,0
ore_ont_2828.owl,"SubClassOf(<http://purl.obolibrary.org/obo/PR_000027172> <http://purl.obolibrary.org/obo/PR_000029032>)",177701,549768.5000000001,516269.2,480436,2062269,-1.0,-1,0,543083.0000000001,186363,1878179,530008.6000000001,20479,2151066,1,-1.0,-1,0
ore_ont_2828.owl,"SubClassOf(<http://purl.obolibrary.org/obo/NCBITaxon_83333> <http://purl.obolibrary.org/obo/OBI_0100026>)",177701,302363.80000000005,-1.0,9394,0,-1.0,9289,0,-1.0,9059,0,-1.0,7519,0,0,-1.0,8980,0
ore_ont_2828.owl,"SubClassOf(<http://purl.obolibrary.org/obo/PR_P39453> <http://purl.obolibrary.org/obo/PR_000029062>)",177701,292443.0,292443.0,78840,1868366,-1.0,-1,0,292443.0,90395,1889277,285753.0,20257,1780403,1,-1.0,-1,0
ore_ont_2828.owl,"SubClassOf(<http://purl.obolibrary.org/obo/NCBITaxon_10090> <http://purl.obolibrary.org/obo/OBI_0100026>)",177701,209282.79999999996,-1.0,6400,0,-1.0,6884,0,-1.0,8602,0,-1.0,7462,0,0,-1.0,7235,0
ore_ont_2828.owl,"SubClassOf(<http://purl.obolibrary.org/obo/SO_0000418> <http://purl.obolibrary.org/obo/PR_000021935>)",177701,364378.49999999994,-1.0,9634,0,-1.0,9542,0,-1.0,9098,0,-1.0,6940,0,0,-1.0,9085,0
ore_ont_2828.owl,"SubClassOf(<http://purl.obolibrary.org/obo/NCBITaxon_9606> <http://purl.obolibrary.org/obo/OBI_0100026>)",177701,209243.19999999995,-1.0,6452,0,-1.0,6231,0,-1.0,6563,0,-1.0,6403,0,0,-1.0,6447,0
ore_ont_2828.owl,"SubClassOf(<http://purl.obolibrary.org/obo/PR_000021937> <http://purl.obolibrary.org/obo/PR_000021935>)",177701,364338.89999999997,-1.0,9373,0,-1.0,7111,0,-1.0,7050,0,-1.0,6936,0,0,-1.0,8606,0
ore_ont_2469.owl,"SubClassOf(<http://purl.obolibrary.org/obo/SO_0000593> <http://purl.obolibrary.org/obo/SO_0000275>)",138452,105094.8,-1.0,6983,0,-1.0,6832,0,-1.0,6120,0,-1.0,6296,0,0,-1.0,5953,0
ore_ont_2469.owl,"SubClassOf(<http://purl.obolibrary.org/obo/SO_0000186> <http://purl.obolibrary.org/obo/SO_0000180>)",138452,104502.0,-1.0,6975,0,-1.0,6926,0,-1.0,8908,0,-1.0,9007,0,0,-1.0,6580,0
ore_ont_2469.owl,"SubClassOf(<http://purl.obolibrary.org/obo/SO_0001217> <http://purl.obolibrary.org/obo/SO_0000704>)",138452,65218.89999999999,-1.0,9731,0,-1.0,9715,0,-1.0,9514,0,-1.0,9635,0,0,-1.0,9427,0
ore_ont_2469.owl,"SubClassOf(<http://purl.obolibrary.org/obo/SO_0000693> <http://purl.obolibrary.org/obo/SO_0001217>)",138452,98195.9,-1.0,6034,0,-1.0,5895,0,-1.0,6436,0,-1.0,6130,0,0,-1.0,5847,0
ore_ont_2469.owl,"SubClassOf(<http://purl.obolibrary.org/obo/ENSEMBL#_ENSRNOG00000034426> <http://purl.obolibrary.org/obo/SO_0000274>)",138452,105018.6,-1.0,9744,0,-1.0,7287,0,-1.0,8872,0,-1.0,9398,0,0,-1.0,7203,0
ore_ont_2469.owl,"SubClassOf(<http://purl.obolibrary.org/obo/SO_0000651> <http://purl.obolibrary.org/obo/SO_0000252>)",138452,104680.2,-1.0,6784,0,-1.0,7092,0,-1.0,6655,0,-1.0,6756,0,0,-1.0,6753,0
ore_ont_2469.owl,"SubClassOf(<http://purl.obolibrary.org/obo/ENSEMBL#_ENSRNOG00000033932> <http://purl.obolibrary.org/obo/SO_0000253>)",138452,104603.1,-1.0,7344,0,-1.0,6693,0,-1.0,6319,0,-1.0,6371,0,0,-1.0,6237,0
ore_ont_2469.owl,"SubClassOf(<http://purl.obolibrary.org/obo/SO_0001760> <http://purl.obolibrary.org/obo/SO_0000336>)",138452,52599.5,-1.0,7285,0,-1.0,7065,0,-1.0,8683,0,-1.0,8579,0,0,-1.0,12345,0
ore_ont_2469.owl,"SubClassOf(<http://purl.obolibrary.org/obo/ENSEMBL#_ENSRNOG00000035516> <http://purl.obolibrary.org/obo/SO_0000276>)",138452,118098.8,-1.0,6998,0,-1.0,6730,0,-1.0,6483,0,-1.0,6483,0,0,-1.0,6259,0
ore_ont_2469.owl,"SubClassOf(<http://purl.obolibrary.org/obo/SO_0000275> <http://purl.obolibrary.org/obo/SO_0000655>)",138452,91516.59999999999,-1.0,7640,0,-1.0,8507,0,-1.0,8639,0,-1.0,6826,0,0,-1.0,6670,0
ore_ont_9400.owl,"SubClassOf(<http://purl.org/obo/owl/GO#GO_0019113> <http://purl.org/obo/owl/GO#GO_0016709>)",316367,435.9,-1.0,10195,0,-1.0,9761,0,-1.0,10101,0,-1.0,10195,0,0,-1.0,9968,0
ore_ont_9400.owl,"SubClassOf(<http://purl.org/obo/owl/GO#GO_0008439> <http://www.geneontology.org/formats/oboInOwl#ObsoleteClass>)",316367,195.59999999999997,-1.0,10903,0,-1.0,10831,0,-1.0,11612,0,-1.0,12124,0,0,-1.0,11073,0
ore_ont_9400.owl,"SubClassOf(<http://purl.org/obo/owl/GO#GO_0016274> <http://purl.org/obo/owl/GO#GO_0008757>)",316367,580.8,580.8,41407,21963,570.1999999999999,76452,19351,580.8,49295,21479,570.1999999999999,22291,19031,2,580.8,127888,18683
ore_ont_9400.owl,"SubClassOf(<http://purl.org/obo/owl/GO#GO_0004672> <http://purl.org/obo/owl/GO#GO_0016301>)",316367,354.4,-1.0,10051,0,-1.0,10082,0,-1.0,10630,0,-1.0,10027,0,0,-1.0,10196,0
ore_ont_9400.owl,"SubClassOf(<http://purl.org/obo/owl/GO#GO_0033764> <http://purl.org/obo/owl/GO#GO_0016616>)",316367,472.19999999999993,-1.0,10091,0,-1.0,10112,0,-1.0,10091,0,-1.0,10037,0,0,-1.0,10841,0
ore_ont_9400.owl,"SubClassOf(<http://purl.org/obo/owl/GO#GO_0048468> <http://purl.org/obo/owl/GO#GO_0048856>)",316367,254.19999999999993,-1.0,10868,0,-1.0,11134,0,-1.0,11339,0,-1.0,11288,0,0,-1.0,11174,0
ore_ont_9400.owl,"SubClassOf(<http://purl.org/obo/owl/GO#GO_0048608> <http://purl.org/obo/owl/GO#GO_0003006>)",316367,309.4,-1.0,13481,0,-1.0,13129,0,-1.0,11232,0,-1.0,10619,0,0,-1.0,11154,0
ore_ont_9400.owl,"SubClassOf(<http://purl.org/obo/owl/GO#GO_0019171> <http://purl.org/obo/owl/GO#GO_0016836>)",316367,290.5,-1.0,11308,0,-1.0,11240,0,-1.0,10767,0,-1.0,10951,0,0,-1.0,11622,0
ore_ont_9400.owl,"SubClassOf(<http://purl.org/obo/owl/GO#GO_0016616> <http://purl.org/obo/owl/GO#GO_0003674>)",316367,272.29999999999995,208.60000000000002,80251,20161,220.10000000000002,79354,22240,208.60000000000002,94239,20795,220.10000000000002,23206,23067,2,208.60000000000002,356578,24504
ore_ont_9400.owl,"SubClassOf(<http://purl.org/obo/owl/GO#GO_0022412> <http://purl.org/obo/owl/GO#GO_0048610>)",316367,237.69999999999996,-1.0,10684,0,-1.0,10812,0,-1.0,10717,0,-1.0,11962,0,0,-1.0,10897,0
ore_ont_1579.owl,"SubClassOf(<http://purl.obolibrary.org/obo/SO_0000965> <http://purl.obolibrary.org/obo/SO_0000340>)",259659,550469.1999999998,550435.2999999998,44967,475522,550407.9999999999,896729,390221,550435.2999999998,50578,447704,550435.2999999998,23531,494059,1,550435.2999999998,1125602,512352
ore_ont_1579.owl,"SubClassOf(<http://purl.obolibrary.org/obo/SO_0000108> <http://purl.obolibrary.org/obo/SO_0000234>)",259659,262695.4,-1.0,11718,0,-1.0,10219,0,-1.0,12389,0,-1.0,12663,0,0,-1.0,12511,0
ore_ont_1579.owl,"SubClassOf(<http://purl.obolibrary.org/obo/SO_0001271> <http://purl.obolibrary.org/obo/SO_0001263>)",259659,525457.2999999999,-1.0,12629,0,-1.0,12645,0,-1.0,12569,0,-1.0,12796,0,0,-1.0,12377,0
ore_ont_1579.owl,"SubClassOf(<http://purl.obolibrary.org/obo/SO_0000234> <http://purl.obolibrary.org/obo/SO_0000673>)",259659,93780.09999999999,93721.09999999999,50440,557951,93749.5,1100463,427096,93721.09999999999,48028,463389,93721.09999999999,23261,404108,1,93721.09999999999,938695,456364
ore_ont_1579.owl,"SubClassOf(<http://purl.obolibrary.org/obo/SO_0000470> <http://purl.obolibrary.org/obo/SO_0001411>)",259659,563107.9,562759.7000000001,213042,446980,562466.9,750009,466578,562759.7000000001,211613,448409,562466.9,23675,410237,1,-1.0,-1,0
ore_ont_1579.owl,"SubClassOf(<http://purl.obolibrary.org/obo/SO_0001370> <http://purl.obolibrary.org/obo/SO_0001277>)",259659,381584.6,-1.0,16323,0,-1.0,14413,0,-1.0,16291,0,-1.0,14086,0,0,-1.0,14131,0
ore_ont_1579.owl,"SubClassOf(<http://purl.obolibrary.org/obo/SO_0001385> <http://purl.obolibrary.org/obo/SO_0001237>)",259659,212642.6,-1.0,14212,0,-1.0,14339,0,-1.0,14666,0,-1.0,14319,0,0,-1.0,14133,0
ore_ont_1579.owl,"SubClassOf(<http://purl.obolibrary.org/obo/SO_0000704> <http://purl.obolibrary.org/obo/SO_0001411>)",259659,487937.69999999995,-1.0,12917,0,-1.0,12645,0,-1.0,10354,0,-1.0,12392,0,0,-1.0,12361,0
ore_ont_1579.owl,"SubClassOf(<http://purl.obolibrary.org/obo/SO_0001263> <http://purl.obolibrary.org/obo/SO_0000704>)",259659,356545.1,-1.0,14569,0,-1.0,14123,0,-1.0,16785,0,-1.0,13659,0,0,-1.0,14083,0
ore_ont_1579.owl,"SubClassOf(<http://purl.obolibrary.org/obo/SO_0000529> <http://purl.obolibrary.org/obo/SO_0000938>)",259659,131372.8,-1.0,14212,0,-1.0,14290,0,-1.0,14297,0,-1.0,14392,0,0,-1.0,14423,0
ore_ont_9499.owl,"SubClassOf(<http://purl.org/obo/owl/GO#GO_0019113> <http://purl.org/obo/owl/GO#GO_0016709>)",335239,615.9,-1.0,14158,0,-1.0,14732,0,-1.0,13634,0,-1.0,12327,0,0,-1.0,13188,0
ore_ont_9499.owl,"SubClassOf(<http://purl.org/obo/owl/GO#GO_0005887> <http://purl.org/obo/owl/GO#GO_0044459>)",335239,558.9,558.9,49392,22515,558.9,105691,24148,558.9,66912,24445,558.9,30076,25729,2,558.9,175996,25887
ore_ont_9499.owl,"SubClassOf(<http://purl.org/obo/owl/GO#GO_0044444> <http://purl.org/obo/owl/GO#GO_0044424>)",335239,275.20000000000005,-1.0,15041,0,-1.0,15607,0,-1.0,16006,0,-1.0,15613,0,0,-1.0,15596,0
ore_ont_9499.owl,"SubClassOf(<http://purl.org/obo/owl/GO#GO_0033764> <http://purl.org/obo/owl/GO#GO_0016616>)",335239,652.1999999999999,-1.0,15467,0,-1.0,15480,0,-1.0,15578,0,-1.0,15584,0,0,-1.0,14773,0
ore_ont_9499.owl,"SubClassOf(<http://purl.org/obo/owl/GO#GO_0044432> <http://purl.org/obo/owl/GO#GO_0044444>)",335239,642.4000000000001,-1.0,14676,0,-1.0,15007,0,-1.0,13837,0,-1.0,12683,0,0,-1.0,12668,0
ore_ont_9499.owl,"SubClassOf(<http://purl.org/obo/owl/GO#GO_0048468> <http://purl.org/obo/owl/GO#GO_0048856>)",335239,404.2,-1.0,11621,0,-1.0,11828,0,-1.0,12529,0,-1.0,11696,0,0,-1.0,12096,0
ore_ont_9499.owl,"SubClassOf(<http://purl.org/obo/owl/GO#GO_0043235> <http://purl.org/obo/owl/GO#GO_0043234>)",335239,485.1,-1.0,14300,0,-1.0,15013,0,-1.0,12298,0,-1.0,13133,0,0,-1.0,15087,0
ore_ont_9499.owl,"SubClassOf(<http://purl.org/obo/owl/GO#GO_0048608> <http://purl.org/obo/owl/GO#GO_0003006>)",335239,459.40000000000003,-1.0,14958,0,-1.0,13136,0,-1.0,13073,0,-1.0,14129,0,0,-1.0,12390,0
ore_ont_9499.owl,"SubClassOf(<http://purl.org/obo/owl/GO#GO_0004086> <http://www.geneontology.org/formats/oboInOwl#ObsoleteClass>)",335239,558.9,-1.0,12500,0,-1.0,12161,0,-1.0,12299,0,-1.0,12108,0,0,-1.0,15033,0
ore_ont_9499.owl,"SubClassOf(<http://purl.org/obo/owl/GO#GO_0022412> <http://purl.org/obo/owl/GO#GO_0048610>)",335239,357.7,-1.0,12199,0,-1.0,12603,0,-1.0,14803,0,-1.0,14339,0,0,-1.0,15240,0
ore_ont_12387.owl,"SubClassOf(<http://purl.obolibrary.org/obo/CHROMOSOME-9606_6> <http://purl.obolibrary.org/obo/SO_0000340>)",296212,116070.9,-1.0,12298,0,-1.0,11425,0,-1.0,11570,0,-1.0,12386,0,0,-1.0,12229,0
ore_ont_12387.owl,"SubClassOf(<http://purl.obolibrary.org/obo/ENSEMBL_ENSG00000206029> <http://purl.obolibrary.org/obo/SO_0001463>)",296212,166494.49999999997,-1.0,12915,0,-1.0,12199,0,-1.0,12374,0,-1.0,12513,0,0,-1.0,12005,0
ore_ont_12387.owl,"SubClassOf(<http://purl.obolibrary.org/obo/CHROMOSOME-9606_2> <http://purl.obolibrary.org/obo/SO_0000340>)",296212,91642.7,-1.0,11264,0,-1.0,11651,0,-1.0,12362,0,-1.0,11976,0,0,-1.0,11964,0
ore_ont_12387.owl,"SubClassOf(<http://purl.obolibrary.org/obo/CHROMOSOME-9606_3> <http://purl.obolibrary.org/obo/SO_0000340>)",296212,140499.09999999998,-1.0,12265,0,-1.0,11826,0,-1.0,12918,0,-1.0,12222,0,0,-1.0,13214,0
ore_ont_12387.owl,"SubClassOf(<http://purl.obolibrary.org/obo/NCBIGene_8368> <http://purl.obolibrary.org/obo/SO_0001217>)",296212,128150.2,-1.0,12249,0,-1.0,12917,0,-1.0,12699,0,-1.0,12276,0,0,-1.0,12762,0
ore_ont_12387.owl,"SubClassOf(<http://purl.obolibrary.org/obo/NCBIGene_7177> <http://purl.obolibrary.org/obo/SO_0000336>)",296212,146425.4,146425.4,70368,1507170,146424.8,2721211,1047872,146425.4,67187,885958,146424.5,22529,879660,2,-1.0,-1,0
ore_ont_12387.owl,"SubClassOf(<http://purl.obolibrary.org/obo/PR_000017341> <http://purl.obolibrary.org/obo/PR_000000001>)",296212,156697.19999999998,-1.0,10870,0,-1.0,10745,0,-1.0,10146,0,-1.0,10510,0,0,-1.0,9911,0
ore_ont_12387.owl,"SubClassOf(<http://purl.obolibrary.org/obo/NCBIGene_721> <http://purl.obolibrary.org/obo/SO_0001503>)",296212,134215.8,-1.0,10460,0,-1.0,10323,0,-1.0,10869,0,-1.0,10989,0,0,-1.0,10860,0
ore_ont_12387.owl,"SubClassOf(<http://purl.obolibrary.org/obo/CHROMOSOME-9606_1> <http://purl.obolibrary.org/obo/SO_0000340>)",296212,140499.09999999998,-1.0,11276,0,-1.0,10573,0,-1.0,10966,0,-1.0,10982,0,0,-1.0,10682,0
ore_ont_12387.owl,"SubClassOf(<http://purl.obolibrary.org/obo/CHROMOSOME-9606_11> <http://purl.obolibrary.org/obo/SO_0000340>)",296212,213783.69999999998,-1.0,10371,0,-1.0,10673,0,-1.0,11230,0,-1.0,10733,0,0,-1.0,10385,0
ore_ont_3560.owl,"SubClassOf(<http://purl.org/obo/owl/GAZ#GAZ_00002793> <http://purl.org/obo/owl/GAZ#GAZ_00002785>)",382157,716915.2000000001,-1.0,12969,0,-1.0,14813,0,-1.0,13185,0,-1.0,14795,0,0,-1.0,12938,0
ore_ont_3560.owl,"SubClassOf(<http://purl.org/obo/owl/GAZ#GAZ_00003320> <http://purl.org/obo/owl/GAZ#GAZ_00002648>)",382157,463945.0,-1.0,16546,0,-1.0,14884,0,-1.0,15016,0,-1.0,16285,0,0,-1.0,16333,0
ore_ont_3560.owl,"SubClassOf(<http://purl.org/obo/owl/GAZ#GAZ_00003122> <http://purl.org/obo/owl/GAZ#GAZ_00002722>)",382157,464068.0,-1.0,17724,0,-1.0,18757,0,-1.0,19552,0,-1.0,20263,0,0,-1.0,19945,0
ore_ont_3560.owl,"SubClassOf(<http://purl.org/obo/owl/GAZ#GAZ_00052028> <http://purl.org/obo/owl/GAZ#GAZ_00002644>)",382157,379607.0,-1.0,17621,0,-1.0,18194,0,-1.0,17742,0,-1.0,17793,0,0,-1.0,17996,0
ore_ont_3560.owl,"SubClassOf(<http://purl.org/obo/owl/GAZ#GAZ_00050243> <http://purl.org/obo/owl/GAZ#GAZ_00003138>)",382157,464132.2,-1.0,17792,0,-1.0,17266,0,-1.0,17085,0,-1.0,17544,0,0,-1.0,17532,0
ore_ont_3560.owl,"SubClassOf(<http://purl.org/obo/owl/GAZ#GAZ_00002792> <http://purl.org/obo/owl/GAZ#GAZ_00002785>)",382157,716915.2,-1.0,16271,0,-1.0,16442,0,-1.0,16917,0,-1.0,14129,0,0,-1.0,13307,0
ore_ont_3560.owl,"SubClassOf(<http://purl.org/obo/owl/GAZ#GAZ_00005785> <http://purl.org/obo/owl/GAZ#GAZ_00002855>)",382157,463950.4,-1.0,12762,0,-1.0,13234,0,-1.0,12488,0,-1.0,14523,0,0,-1.0,12626,0
ore_ont_3560.owl,"SubClassOf(<http://purl.org/obo/owl/GAZ#GAZ_00091581> <http://purl.org/obo/owl/GAZ#GAZ_00091359>)",382157,295314.3,-1.0,17344,0,-1.0,15447,0,-1.0,15901,0,-1.0,16135,0,0,-1.0,16038,0
ore_ont_3560.owl,"SubClassOf(<http://purl.org/obo/owl/GAZ#GAZ_00089467> <http://purl.org/obo/owl/GAZ#GAZ_00089473>)",382157,295261.80000000005,-1.0,15622,0,-1.0,15497,0,-1.0,15365,0,-1.0,16113,0,0,-1.0,15610,0
ore_ont_3560.owl,"SubClassOf(<http://purl.org/obo/owl/GAZ#GAZ_00086738> <http://www.geneontology.org/formats/oboInOwl#ObsoleteClass>)",382157,295350.3,-1.0,16343,0,-1.0,15724,0,-1.0,16004,0,-1.0,16150,0,0,-1.0,16052,0
ore_ont_13355.owl,"SubClassOf(<http://sadi-ontology.semanticscience.org#C450150> <http://sadi-ontology.semanticscience.org#D029681>)",396047,1631.8000000000002,-1.0,13428,0,-1.0,13545,0,-1.0,13311,0,-1.0,14222,0,0,-1.0,13484,0
ore_ont_13355.owl,"SubClassOf(<http://sadi-ontology.semanticscience.org#C083884> <http://sadi-ontology.semanticscience.org#D014157>)",396047,1113.8999999999999,-1.0,16868,0,-1.0,15778,0,-1.0,13828,0,-1.0,13690,0,0,-1.0,13652,0
ore_ont_13355.owl,"SubClassOf(<http://sadi-ontology.semanticscience.org#C436684> <http://sadi-ontology.semanticscience.org#D029701>)",396047,1515.4,-1.0,14326,0,-1.0,13812,0,-1.0,14453,0,-1.0,15393,0,0,-1.0,14400,0
ore_ont_13355.owl,"SubClassOf(<http://sadi-ontology.semanticscience.org#C453299> <http://sadi-ontology.semanticscience.org#D002352>)",396047,1389.5000000000005,-1.0,13735,0,-1.0,13488,0,-1.0,13409,0,-1.0,13417,0,0,-1.0,14705,0
ore_ont_13355.owl,"SubClassOf(<http://sadi-ontology.semanticscience.org#C011295> <http://sadi-ontology.semanticscience.org#D009942>)",396047,2812.6999999999994,-1.0,16961,0,-1.0,14473,0,-1.0,14843,0,-1.0,13696,0,0,-1.0,17046,0
ore_ont_13355.owl,"SubClassOf(<http://sadi-ontology.semanticscience.org#C427323> <http://sadi-ontology.semanticscience.org#D008565>)",396047,1533.0000000000002,-1.0,14432,0,-1.0,13779,0,-1.0,13610,0,-1.0,14319,0,0,-1.0,13533,0
ore_ont_13355.owl,"SubClassOf(<http://sadi-ontology.semanticscience.org#C445661> <http://sadi-ontology.semanticscience.org#D009842>)",396047,6366.3,-1.0,15366,0,-1.0,14354,0,-1.0,15355,0,-1.0,14776,0,0,-1.0,14307,0
ore_ont_13355.owl,"SubClassOf(<http://sadi-ontology.semanticscience.org#C083884> <http://sadi-ontology.semanticscience.org#D029721>)",396047,1128.4999999999998,-1.0,14004,0,-1.0,14129,0,-1.0,13793,0,-1.0,14509,0,0,-1.0,13097,0
ore_ont_13355.owl,"SubClassOf(<http://sadi-ontology.semanticscience.org#C067989> <http://sadi-ontology.semanticscience.org#D001426>)",396047,2431.1,-1.0,14095,0,-1.0,13890,0,-1.0,13592,0,-1.0,14433,0,0,-1.0,14463,0
ore_ont_13355.owl,"SubClassOf(<http://sadi-ontology.semanticscience.org#C083884> <http://sadi-ontology.semanticscience.org#D004268>)",396047,1114.4999999999998,-1.0,14101,0,-1.0,14386,0,-1.0,13775,0,-1.0,13130,0,0,-1.0,13591,0
ore_ont_9498.owl,"SubClassOf(<http://phenomebrowser.net/ontologies/mesh/mesh.owl#C085655> <http://phenomebrowser.net/ontologies/mesh/mesh.owl#D001426>)",432805,2056.199999999999,-1.0,14764,0,-1.0,14623,0,-1.0,14317,0,-1.0,14723,0,0,-1.0,14028,0
ore_ont_9498.owl,"SubClassOf(<http://phenomebrowser.net/ontologies/mesh/mesh.owl#C067989> <http://phenomebrowser.net/ontologies/mesh/mesh.owl#D002352>)",432805,2232.7000000000003,-1.0,14384,0,-1.0,15545,0,-1.0,14317,0,-1.0,14940,0,0,-1.0,14301,0
ore_ont_9498.owl,"SubClassOf(<http://phenomebrowser.net/ontologies/mesh/mesh.owl#C401395> <http://phenomebrowser.net/ontologies/mesh/mesh.owl#D008565>)",432805,1796.1999999999998,-1.0,15040,0,-1.0,15257,0,-1.0,14845,0,-1.0,14395,0,0,-1.0,14782,0
ore_ont_9498.owl,"SubClassOf(<http://phenomebrowser.net/ontologies/mesh/mesh.owl#C109641> <http://phenomebrowser.net/ontologies/mesh/mesh.owl#D011725>)",432805,1333.5,-1.0,16487,0,-1.0,18811,0,-1.0,13327,0,-1.0,13676,0,0,-1.0,14043,0
ore_ont_9498.owl,"SubClassOf(<http://phenomebrowser.net/ontologies/mesh/mesh.owl#C465438> <http://phenomebrowser.net/ontologies/mesh/mesh.owl#D029681>)",432805,2061.7000000000003,-1.0,14566,0,-1.0,15132,0,-1.0,14509,0,-1.0,15033,0,0,-1.0,14990,0
ore_ont_9498.owl,"SubClassOf(<http://phenomebrowser.net/ontologies/mesh/mesh.owl#C083884> <http://phenomebrowser.net/ontologies/mesh/mesh.owl#D029721>)",432805,1218.8000000000002,-1.0,14513,0,-1.0,14213,0,-1.0,16689,0,-1.0,16322,0,0,-1.0,14732,0
ore_ont_9498.owl,"SubClassOf(<http://phenomebrowser.net/ontologies/mesh/mesh.owl#C585587> <http://phenomebrowser.net/ontologies/mesh/mesh.owl#D009942>)",432805,2521.100000000001,-1.0,13276,0,-1.0,15060,0,-1.0,14133,0,-1.0,13577,0,0,-1.0,15046,0
ore_ont_9498.owl,"SubClassOf(<http://phenomebrowser.net/ontologies/mesh/mesh.owl#C494789> <http://phenomebrowser.net/ontologies/mesh/mesh.owl#D029701>)",432805,2222.1000000000004,-1.0,14286,0,-1.0,13076,0,-1.0,13792,0,-1.0,13377,0,0,-1.0,14606,0
ore_ont_9498.owl,"SubClassOf(<http://phenomebrowser.net/ontologies/mesh/mesh.owl#C083884> <http://phenomebrowser.net/ontologies/mesh/mesh.owl#D014157>)",432805,1208.7,-1.0,19858,0,-1.0,18578,0,-1.0,18836,0,-1.0,20116,0,0,-1.0,18839,0
ore_ont_9498.owl,"SubClassOf(<http://phenomebrowser.net/ontologies/mesh/mesh.owl#C445661> <http://phenomebrowser.net/ontologies/mesh/mesh.owl#D009842>)",432805,6015.4000000000015,-1.0,18825,0,-1.0,19839,0,-1.0,19319,0,-1.0,19845,0,0,-1.0,20009,0
ore_ont_11739.owl,"SubClassOf(<http://purl.obolibrary.org/obo/ENSEMBL_ENSMUSG00000023175> <http://purl.obolibrary.org/obo/UBERON_0002062-OMEO-0000001>)",952087,-1.0,-1.0,17691,0,-1.0,15352,0,-1.0,16798,0,-1.0,16964,0,0,-1.0,15508,0
ore_ont_11739.owl,"SubClassOf(<http://purl.obolibrary.org/obo/ENSEMBL_ENSMUSG00000023175> <http://purl.obolibrary.org/obo/UBERON_0002116-OMEO-0000001>)",952087,-1.0,-1.0,15862,0,-1.0,15443,0,-1.0,16286,0,-1.0,16650,0,0,-1.0,16334,0
ore_ont_11739.owl,"SubClassOf(<http://purl.obolibrary.org/obo/ENSEMBL_ENSMUSG00000023175> <http://purl.obolibrary.org/obo/UBERON_0001255-OMEO-0000001>)",952087,-1.0,-1.0,17112,0,-1.0,16758,0,-1.0,17593,0,-1.0,18258,0,0,-1.0,16017,0
ore_ont_11739.owl,"SubClassOf(<http://purl.obolibrary.org/obo/ENSEMBL_ENSMUSG00000023175> <http://purl.obolibrary.org/obo/UBERON_0000044-OMEO-0000001>)",952087,-1.0,-1.0,16006,0,-1.0,17621,0,-1.0,16553,0,-1.0,16789,0,0,-1.0,15913,0
ore_ont_11739.owl,"SubClassOf(<http://purl.obolibrary.org/obo/UBERON_0002257-OMEO-0000001> <http://purl.obolibrary.org/obo/UBERON_0002240-OMEO-0000001>)",952087,7086.0999999999985,755.3000000000003,111669,230497,3941.099999999999,2941608,212173,755.3000000000003,131561,209598,3876.6000000000013,29723,195413,2,755.3000000000003,3187216,237768
ore_ont_11739.owl,"SubClassOf(<http://purl.obolibrary.org/obo/UBERON_0002979-OMEO-0000001> <http://purl.obolibrary.org/obo/UBERON_0002037-OMEO-0000001>)",952087,10487.400000000001,1842.2,79882,236306,4813.799999999999,931917,226309,1842.2,108980,237017,1842.2,30891,246156,1,1842.2,2483847,228328
ore_ont_11739.owl,"SubClassOf(<http://purl.obolibrary.org/obo/ENSEMBL_ENSMUSG00000023175> <http://purl.obolibrary.org/obo/UBERON_0005619-OMEO-0000001>)",952087,-1.0,-1.0,16362,0,-1.0,17110,0,-1.0,16302,0,-1.0,16127,0,0,-1.0,16765,0
ore_ont_11739.owl,"SubClassOf(<http://purl.obolibrary.org/obo/ENSEMBL_ENSMUSG00000023175> <http://purl.obolibrary.org/obo/UBERON_0005418-OMEO-0000001>)",952087,-1.0,-1.0,15852,0,-1.0,17035,0,-1.0,13335,0,-1.0,15700,0,0,-1.0,15596,0
ore_ont_11739.owl,"SubClassOf(<http://purl.obolibrary.org/obo/ENSEMBL_ENSMUSG00000023175> <http://purl.obolibrary.org/obo/UBERON_0007223-OMEO-0000001>)",952087,-1.0,-1.0,16842,0,-1.0,16576,0,-1.0,16812,0,-1.0,16369,0,0,-1.0,17406,0
ore_ont_11739.owl,"SubClassOf(<http://purl.obolibrary.org/obo/ENSEMBL_ENSMUSG00000023175> <http://purl.obolibrary.org/obo/UBERON_0001000-OMEO-0000001>)",952087,-1.0,-1.0,16738,0,-1.0,16678,0,-1.0,16497,0,-1.0,16332,0,0,-1.0,16576,0
ore_ont_16008.owl,"SubClassOf(<http://purl.obolibrary.org/obo/NCBITaxon_663130> <http://purl.obolibrary.org/obo/NCBITaxon_49928>)",733098,-1.0,-1.0,29014,0,-1.0,27998,0,-1.0,29000,0,-1.0,28433,0,0,-1.0,28832,0
ore_ont_16008.owl,"SubClassOf(<http://purl.obolibrary.org/obo/NCBITaxon_843199> <http://purl.obolibrary.org/obo/NCBITaxon_500585>)",733098,-1.0,-1.0,30556,0,-1.0,33716,0,-1.0,28893,0,-1.0,27055,0,0,-1.0,27499,0
ore_ont_16008.owl,"SubClassOf(<http://purl.obolibrary.org/obo/NCBITaxon_65119> <http://purl.obolibrary.org/obo/NCBITaxon_1386>)",733098,-1.0,-1.0,28000,0,-1.0,27474,0,-1.0,28727,0,-1.0,27840,0,0,-1.0,28849,0
ore_ont_16008.owl,"SubClassOf(<http://purl.obolibrary.org/obo/NCBITaxon_371608> <http://purl.obolibrary.org/obo/NCBITaxon_1883>)",733098,-1.0,-1.0,27949,0,-1.0,28479,0,-1.0,26788,0,-1.0,26958,0,0,-1.0,27063,0
ore_ont_16008.owl,"SubClassOf(<http://purl.obolibrary.org/obo/NCBITaxon_62104> <http://purl.obolibrary.org/obo/NCBITaxon_286>)",733098,-1.0,-1.0,27456,0,-1.0,28896,0,-1.0,28029,0,-1.0,31690,0,0,-1.0,34907,0
ore_ont_16008.owl,"SubClassOf(<http://purl.obolibrary.org/obo/NCBITaxon_826630> <http://purl.obolibrary.org/obo/NCBITaxon_156408>)",733098,-1.0,-1.0,38651,0,-1.0,36826,0,-1.0,37484,0,-1.0,39676,0,0,-1.0,36765,0
ore_ont_16008.owl,"SubClassOf(<http://purl.obolibrary.org/obo/NCBITaxon_211044> <http://purl.obolibrary.org/obo/NCBITaxon_114727>)",733098,-1.0,-1.0,36165,0,-1.0,35639,0,-1.0,37708,0,-1.0,35276,0,0,-1.0,35233,0
ore_ont_16008.owl,"SubClassOf(<http://purl.obolibrary.org/obo/NCBITaxon_383597> <http://purl.obolibrary.org/obo/NCBITaxon_119210>)",733098,-1.0,-1.0,37107,0,-1.0,37716,0,-1.0,35955,0,-1.0,28087,0,0,-1.0,28541,0
ore_ont_16008.owl,"SubClassOf(<http://purl.obolibrary.org/obo/NCBITaxon_666> <http://purl.obolibrary.org/obo/NCBITaxon_662>)",733098,-1.0,-1.0,27131,0,-1.0,27578,0,-1.0,27433,0,-1.0,27258,0,0,-1.0,27076,0
ore_ont_16008.owl,"SubClassOf(<http://purl.obolibrary.org/obo/NCBITaxon_150467> <http://purl.obolibrary.org/obo/NCBITaxon_48479>)",733098,-1.0,-1.0,26624,0,-1.0,27434,0,-1.0,27138,0,-1.0,28619,0,0,-1.0,28153,0
ore_ont_14459.owl,"SubClassOf(<http://purl.obolibrary.org/obo/NCBITaxon_663130> <http://purl.obolibrary.org/obo/NCBITaxon_49928>)",847755,-1.0,-1.0,30574,0,-1.0,31116,0,-1.0,31516,0,-1.0,31787,0,0,-1.0,29227,0
ore_ont_14459.owl,"SubClassOf(<http://purl.obolibrary.org/obo/NCBITaxon_560265> <http://purl.obolibrary.org/obo/NCBITaxon_265461>)",847755,-1.0,-1.0,34131,0,-1.0,31084,0,-1.0,33506,0,-1.0,33650,0,0,-1.0,33517,0
ore_ont_14459.owl,"SubClassOf(<http://purl.obolibrary.org/obo/NCBITaxon_65119> <http://purl.obolibrary.org/obo/NCBITaxon_1386>)",847755,-1.0,-1.0,33671,0,-1.0,32599,0,-1.0,31634,0,-1.0,32601,0,0,-1.0,31042,0
ore_ont_14459.owl,"SubClassOf(<http://purl.obolibrary.org/obo/NCBITaxon_89304> <http://purl.obolibrary.org/obo/NCBITaxon_1883>)",847755,-1.0,-1.0,34017,0,-1.0,31921,0,-1.0,35401,0,-1.0,35691,0,0,-1.0,33434,0
ore_ont_14459.owl,"SubClassOf(<http://purl.obolibrary.org/obo/NCBITaxon_902034> <http://purl.obolibrary.org/obo/NCBITaxon_500585>)",847755,-1.0,-1.0,33130,0,-1.0,32164,0,-1.0,34570,0,-1.0,37363,0,0,-1.0,37648,0
ore_ont_14459.owl,"SubClassOf(<http://purl.obolibrary.org/obo/NCBITaxon_62104> <http://purl.obolibrary.org/obo/NCBITaxon_286>)",847755,-1.0,-1.0,54022,0,-1.0,42695,0,-1.0,30519,0,-1.0,31976,0,0,-1.0,29958,0
ore_ont_14459.owl,"SubClassOf(<http://purl.obolibrary.org/obo/NCBITaxon_385624> <http://purl.obolibrary.org/obo/NCBITaxon_119210>)",847755,-1.0,-1.0,31518,0,-1.0,32887,0,-1.0,35306,0,-1.0,32008,0,0,-1.0,32437,0
ore_ont_14459.owl,"SubClassOf(<http://purl.obolibrary.org/obo/NCBITaxon_211044> <http://purl.obolibrary.org/obo/NCBITaxon_114727>)",847755,-1.0,-1.0,30399,0,-1.0,33579,0,-1.0,34980,0,-1.0,31387,0,0,-1.0,32991,0
ore_ont_14459.owl,"SubClassOf(<http://purl.obolibrary.org/obo/NCBITaxon_966941> <http://purl.obolibrary.org/obo/NCBITaxon_156408>)",847755,-1.0,-1.0,37184,0,-1.0,37546,0,-1.0,33891,0,-1.0,31864,0,0,-1.0,32807,0
ore_ont_14459.owl,"SubClassOf(<http://purl.obolibrary.org/obo/NCBITaxon_150467> <http://purl.obolibrary.org/obo/NCBITaxon_48479>)",847755,-1.0,-1.0,34006,0,-1.0,35730,0,-1.0,36304,0,-1.0,36343,0,0,-1.0,37247,0
ore_ont_14042.owl,"SubClassOf(<http://purl.obolibrary.org/obo/GAZ_00047663> <http://purl.obolibrary.org/obo/GAZ_00002593>)",652361,-1.0,-1.0,25324,0,-1.0,25851,0,-1.0,25062,0,-1.0,25190,0,0,-1.0,24753,0
ore_ont_14042.owl,"SubClassOf(<http://purl.obolibrary.org/obo/GAZ_00007824> <http://purl.obolibrary.org/obo/GAZ_00007826>)",652361,-1.0,-1.0,29009,0,-1.0,26464,0,-1.0,25914,0,-1.0,25198,0,0,-1.0,25434,0
ore_ont_14042.owl,"SubClassOf(<http://purl.obolibrary.org/obo/GAZ_00003145> <http://purl.obolibrary.org/obo/GAZ_00003138>)",652361,-1.0,-1.0,24489,0,-1.0,24192,0,-1.0,23989,0,-1.0,24674,0,0,-1.0,24615,0
ore_ont_14042.owl,"SubClassOf(<http://purl.obolibrary.org/obo/GAZ_00003122> <http://purl.obolibrary.org/obo/GAZ_00002722>)",652361,-1.0,-1.0,26841,0,-1.0,26098,0,-1.0,25233,0,-1.0,25586,0,0,-1.0,24168,0
ore_ont_14042.owl,"SubClassOf(<http://purl.obolibrary.org/obo/GAZ_00044677> <http://purl.obolibrary.org/obo/GAZ_00008188>)",652361,-1.0,-1.0,25141,0,-1.0,26810,0,-1.0,27248,0,-1.0,24580,0,0,-1.0,24965,0
ore_ont_14042.owl,"SubClassOf(<http://purl.obolibrary.org/obo/GAZ_00003466> <http://purl.obolibrary.org/obo/GAZ_00006607>)",652361,-1.0,-1.0,26020,0,-1.0,29547,0,-1.0,25364,0,-1.0,24229,0,0,-1.0,25721,0
ore_ont_14042.owl,"SubClassOf(<http://purl.obolibrary.org/obo/GAZ_00091581> <http://purl.obolibrary.org/obo/GAZ_00091359>)",652361,-1.0,-1.0,26298,0,-1.0,25367,0,-1.0,26361,0,-1.0,26314,0,0,-1.0,26749,0
ore_ont_14042.owl,"SubClassOf(<http://purl.obolibrary.org/obo/GAZ_00008078> <http://purl.obolibrary.org/obo/GAZ_00000448>)",652361,-1.0,-1.0,178966,-1,-1.0,-1,0,-1.0,328804,-1,-1.0,97984,-1,1,-1.0,-1,0
ore_ont_14042.owl,"SubClassOf(<http://purl.obolibrary.org/obo/GAZ_00002793> <http://purl.obolibrary.org/obo/GAZ_00002785>)",652361,-1.0,-1.0,37307,0,-1.0,37026,0,-1.0,36590,0,-1.0,35033,0,0,-1.0,40390,0
ore_ont_14042.owl,"SubClassOf(<http://purl.obolibrary.org/obo/GAZ_00047663> <http://purl.obolibrary.org/obo/GAZ_00004574>)",652361,-1.0,-1.0,40417,0,-1.0,40462,0,-1.0,39348,0,-1.0,39492,0,0,-1.0,41273,0
ore_ont_8486.owl,"SubClassOf(<http://purl.obolibrary.org/obo/NCBITaxon_65119> <http://purl.obolibrary.org/obo/NCBITaxon_1386>)",903613,-1.0,-1.0,33685,0,-1.0,34559,0,-1.0,36054,0,-1.0,36524,0,0,-1.0,36922,0
ore_ont_8486.owl,"SubClassOf(<http://purl.obolibrary.org/obo/NCBITaxon_89304> <http://purl.obolibrary.org/obo/NCBITaxon_1883>)",903613,-1.0,-1.0,35941,0,-1.0,37364,0,-1.0,37629,0,-1.0,35444,0,0,-1.0,33823,0
ore_ont_8486.owl,"SubClassOf(<http://purl.obolibrary.org/obo/NCBITaxon_560271> <http://purl.obolibrary.org/obo/NCBITaxon_265461>)",903613,-1.0,-1.0,33656,0,-1.0,32708,0,-1.0,34736,0,-1.0,37326,0,0,-1.0,33337,0
ore_ont_8486.owl,"SubClassOf(<http://purl.obolibrary.org/obo/NCBITaxon_62104> <http://purl.obolibrary.org/obo/NCBITaxon_286>)",903613,-1.0,-1.0,33089,0,-1.0,34618,0,-1.0,36861,0,-1.0,33896,0,0,-1.0,34826,0
ore_ont_8486.owl,"SubClassOf(<http://purl.obolibrary.org/obo/NCBITaxon_385624> <http://purl.obolibrary.org/obo/NCBITaxon_119210>)",903613,-1.0,-1.0,36594,0,-1.0,31912,0,-1.0,36245,0,-1.0,32273,0,0,-1.0,32056,0
ore_ont_8486.owl,"SubClassOf(<http://purl.obolibrary.org/obo/NCBITaxon_211044> <http://purl.obolibrary.org/obo/NCBITaxon_114727>)",903613,-1.0,-1.0,35670,0,-1.0,32919,0,-1.0,36623,0,-1.0,34819,0,0,-1.0,38606,0
ore_ont_8486.owl,"SubClassOf(<http://purl.obolibrary.org/obo/NCBITaxon_1130479> <http://purl.obolibrary.org/obo/NCBITaxon_49928>)",903613,-1.0,-1.0,34457,0,-1.0,35072,0,-1.0,33798,0,-1.0,34537,0,0,-1.0,33583,0
ore_ont_8486.owl,"SubClassOf(<http://purl.obolibrary.org/obo/NCBITaxon_1085682> <http://purl.obolibrary.org/obo/NCBITaxon_500585>)",903613,-1.0,-1.0,36005,0,-1.0,36900,0,-1.0,35243,0,-1.0,33379,0,0,-1.0,34041,0
ore_ont_8486.owl,"SubClassOf(<http://purl.obolibrary.org/obo/NCBITaxon_150467> <http://purl.obolibrary.org/obo/NCBITaxon_48479>)",903613,-1.0,-1.0,55152,0,-1.0,54629,0,-1.0,55056,0,-1.0,45819,0,0,-1.0,33701,0
ore_ont_8486.owl,"SubClassOf(<http://purl.obolibrary.org/obo/NCBITaxon_966941> <http://purl.obolibrary.org/obo/NCBITaxon_156408>)",903613,-1.0,-1.0,33561,0,-1.0,33664,0,-1.0,37105,0,-1.0,32173,0,0,-1.0,34099,0
ore_ont_11395.owl,"SubClassOf(<http://purl.obolibrary.org/obo/GAZ_00047663> <http://purl.obolibrary.org/obo/GAZ_00002593>)",652361,-1.0,-1.0,25669,0,-1.0,24731,0,-1.0,24015,0,-1.0,24434,0,0,-1.0,25168,0
ore_ont_11395.owl,"SubClassOf(<http://purl.obolibrary.org/obo/GAZ_00007824> <http://purl.obolibrary.org/obo/GAZ_00007826>)",652361,-1.0,-1.0,24978,0,-1.0,23812,0,-1.0,25100,0,-1.0,25751,0,0,-1.0,24958,0
ore_ont_11395.owl,"SubClassOf(<http://purl.obolibrary.org/obo/GAZ_00003145> <http://purl.obolibrary.org/obo/GAZ_00003138>)",652361,-1.0,-1.0,24664,0,-1.0,23989,0,-1.0,24541,0,-1.0,24410,0,0,-1.0,24084,0
ore_ont_11395.owl,"SubClassOf(<http://purl.obolibrary.org/obo/GAZ_00003122> <http://purl.obolibrary.org/obo/GAZ_00002722>)",652361,-1.0,-1.0,24314,0,-1.0,23638,0,-1.0,20678,0,-1.0,21637,0,0,-1.0,22518,0
ore_ont_11395.owl,"SubClassOf(<http://purl.obolibrary.org/obo/GAZ_00044677> <http://purl.obolibrary.org/obo/GAZ_00008188>)",652361,-1.0,-1.0,24299,0,-1.0,21322,0,-1.0,23283,0,-1.0,23402,0,0,-1.0,30639,0
ore_ont_11395.owl,"SubClassOf(<http://purl.obolibrary.org/obo/GAZ_00003466> <http://purl.obolibrary.org/obo/GAZ_00006607>)",652361,-1.0,-1.0,25103,0,-1.0,24949,0,-1.0,24656,0,-1.0,24551,0,0,-1.0,24439,0
ore_ont_11395.owl,"SubClassOf(<http://purl.obolibrary.org/obo/GAZ_00091581> <http://purl.obolibrary.org/obo/GAZ_00091359>)",652361,-1.0,-1.0,26503,0,-1.0,25907,0,-1.0,25415,0,-1.0,25048,0,0,-1.0,25811,0
ore_ont_11395.owl,"SubClassOf(<http://purl.obolibrary.org/obo/GAZ_00008078> <http://purl.obolibrary.org/obo/GAZ_00000448>)",652361,-1.0,-1.0,165252,-1,-1.0,-1,0,-1.0,318379,-1,-1.0,92738,-1,3,-1.0,-1,0
ore_ont_11395.owl,"SubClassOf(<http://purl.obolibrary.org/obo/GAZ_00002793> <http://purl.obolibrary.org/obo/GAZ_00002785>)",652361,-1.0,-1.0,36622,0,-1.0,36328,0,-1.0,44387,0,-1.0,37961,0,0,-1.0,41002,0
ore_ont_11395.owl,"SubClassOf(<http://purl.obolibrary.org/obo/GAZ_00047663> <http://purl.obolibrary.org/obo/GAZ_00004574>)",652361,-1.0,-1.0,39553,0,-1.0,38938,0,-1.0,38082,0,-1.0,39583,0,0,-1.0,40489,0
ore_ont_10689.owl,"SubClassOf(<http://purl.obolibrary.org/obo/NCBITaxon_387158> <http://purl.obolibrary.org/obo/NCBITaxon_119210>)",981144,-1.0,-1.0,40059,0,-1.0,41887,0,-1.0,41940,0,-1.0,43307,0,0,-1.0,40846,0
ore_ont_10689.owl,"SubClassOf(<http://purl.obolibrary.org/obo/NCBITaxon_65119> <http://purl.obolibrary.org/obo/NCBITaxon_1386>)",981144,-1.0,-1.0,39781,0,-1.0,42169,0,-1.0,41843,0,-1.0,45436,0,0,-1.0,42273,0
ore_ont_10689.owl,"SubClassOf(<http://purl.obolibrary.org/obo/NCBITaxon_89304> <http://purl.obolibrary.org/obo/NCBITaxon_1883>)",981144,-1.0,-1.0,40930,0,-1.0,41739,0,-1.0,37200,0,-1.0,40176,0,0,-1.0,37317,0
ore_ont_10689.owl,"SubClassOf(<http://purl.obolibrary.org/obo/NCBITaxon_62104> <http://purl.obolibrary.org/obo/NCBITaxon_286>)",981144,-1.0,-1.0,40652,0,-1.0,41126,0,-1.0,42876,0,-1.0,41662,0,0,-1.0,41632,0
ore_ont_10689.owl,"SubClassOf(<http://purl.obolibrary.org/obo/NCBITaxon_211044> <http://purl.obolibrary.org/obo/NCBITaxon_114727>)",981144,-1.0,-1.0,43261,0,-1.0,41559,0,-1.0,42430,0,-1.0,41583,0,0,-1.0,38295,0
ore_ont_10689.owl,"SubClassOf(<http://purl.obolibrary.org/obo/NCBITaxon_1130479> <http://purl.obolibrary.org/obo/NCBITaxon_49928>)",981144,-1.0,-1.0,38011,0,-1.0,38597,0,-1.0,36928,0,-1.0,41434,0,0,-1.0,43104,0
ore_ont_10689.owl,"SubClassOf(<http://purl.obolibrary.org/obo/NCBITaxon_1085682> <http://purl.obolibrary.org/obo/NCBITaxon_500585>)",981144,-1.0,-1.0,44564,0,-1.0,44571,0,-1.0,43339,0,-1.0,45768,0,0,-1.0,43078,0
ore_ont_10689.owl,"SubClassOf(<http://purl.obolibrary.org/obo/NCBITaxon_150467> <http://purl.obolibrary.org/obo/NCBITaxon_48479>)",981144,-1.0,-1.0,42403,0,-1.0,40682,0,-1.0,36147,0,-1.0,41531,0,0,-1.0,39762,0
ore_ont_10689.owl,"SubClassOf(<http://purl.obolibrary.org/obo/NCBITaxon_966941> <http://purl.obolibrary.org/obo/NCBITaxon_156408>)",981144,-1.0,-1.0,41879,0,-1.0,46263,0,-1.0,41338,0,-1.0,44818,0,0,-1.0,42858,0
ore_ont_10689.owl,"SubClassOf(<http://purl.obolibrary.org/obo/NCBITaxon_666> <http://purl.obolibrary.org/obo/NCBITaxon_662>)",981144,-1.0,-1.0,40693,0,-1.0,42390,0,-1.0,45331,0,-1.0,42671,0,0,-1.0,43539,0
ore_ont_9674.owl,"SubClassOf(<http://purl.obolibrary.org/obo/NCBITaxon_387158> <http://purl.obolibrary.org/obo/NCBITaxon_119210>)",981144,-1.0,-1.0,42433,0,-1.0,41482,0,-1.0,43918,0,-1.0,40381,0,0,-1.0,40390,0
ore_ont_9674.owl,"SubClassOf(<http://purl.obolibrary.org/obo/NCBITaxon_65119> <http://purl.obolibrary.org/obo/NCBITaxon_1386>)",981144,-1.0,-1.0,40862,0,-1.0,43129,0,-1.0,47184,0,-1.0,41055,0,0,-1.0,42002,0
ore_ont_9674.owl,"SubClassOf(<http://purl.obolibrary.org/obo/NCBITaxon_89304> <http://purl.obolibrary.org/obo/NCBITaxon_1883>)",981144,-1.0,-1.0,43922,0,-1.0,41478,0,-1.0,41168,0,-1.0,46711,0,0,-1.0,44315,0
ore_ont_9674.owl,"SubClassOf(<http://purl.obolibrary.org/obo/NCBITaxon_62104> <http://purl.obolibrary.org/obo/NCBITaxon_286>)",981144,-1.0,-1.0,41402,0,-1.0,41435,0,-1.0,43243,0,-1.0,42594,0,0,-1.0,42647,0
ore_ont_9674.owl,"SubClassOf(<http://purl.obolibrary.org/obo/NCBITaxon_211044> <http://purl.obolibrary.org/obo/NCBITaxon_114727>)",981144,-1.0,-1.0,44417,0,-1.0,42443,0,-1.0,39846,0,-1.0,38254,0,0,-1.0,42793,0
ore_ont_9674.owl,"SubClassOf(<http://purl.obolibrary.org/obo/NCBITaxon_1130479> <http://purl.obolibrary.org/obo/NCBITaxon_49928>)",981144,-1.0,-1.0,41506,0,-1.0,40453,0,-1.0,40236,0,-1.0,38048,0,0,-1.0,39408,0
ore_ont_9674.owl,"SubClassOf(<http://purl.obolibrary.org/obo/NCBITaxon_1085682> <http://purl.obolibrary.org/obo/NCBITaxon_500585>)",981144,-1.0,-1.0,44415,0,-1.0,38597,0,-1.0,41522,0,-1.0,41032,0,0,-1.0,41555,0
ore_ont_9674.owl,"SubClassOf(<http://purl.obolibrary.org/obo/NCBITaxon_150467> <http://purl.obolibrary.org/obo/NCBITaxon_48479>)",981144,-1.0,-1.0,39487,0,-1.0,41256,0,-1.0,44050,0,-1.0,43551,0,0,-1.0,40618,0
ore_ont_9674.owl,"SubClassOf(<http://purl.obolibrary.org/obo/NCBITaxon_966941> <http://purl.obolibrary.org/obo/NCBITaxon_156408>)",981144,-1.0,-1.0,43144,0,-1.0,39200,0,-1.0,40615,0,-1.0,40947,0,0,-1.0,43418,0
ore_ont_9674.owl,"SubClassOf(<http://purl.obolibrary.org/obo/NCBITaxon_666> <http://purl.obolibrary.org/obo/NCBITaxon_662>)",981144,-1.0,-1.0,40068,0,-1.0,43468,0,-1.0,40042,0,-1.0,38838,0,0,-1.0,40347,0
ore_ont_868.owl,"SubClassOf(<http://purl.obolibrary.org/obo/NCBITaxon_387158> <http://purl.obolibrary.org/obo/NCBITaxon_119210>)",981146,-1.0,-1.0,40411,0,-1.0,41517,0,-1.0,46063,0,-1.0,39290,0,0,-1.0,41137,0
ore_ont_868.owl,"SubClassOf(<http://purl.obolibrary.org/obo/NCBITaxon_65119> <http://purl.obolibrary.org/obo/NCBITaxon_1386>)",981146,-1.0,-1.0,39976,0,-1.0,39299,0,-1.0,39192,0,-1.0,42009,0,0,-1.0,37849,0
ore_ont_868.owl,"SubClassOf(<http://purl.obolibrary.org/obo/NCBITaxon_89304> <http://purl.obolibrary.org/obo/NCBITaxon_1883>)",981146,-1.0,-1.0,44264,0,-1.0,40561,0,-1.0,41857,0,-1.0,41040,0,0,-1.0,42378,0
ore_ont_868.owl,"SubClassOf(<http://purl.obolibrary.org/obo/NCBITaxon_62104> <http://purl.obolibrary.org/obo/NCBITaxon_286>)",981146,-1.0,-1.0,41063,0,-1.0,43150,0,-1.0,41545,0,-1.0,42283,0,0,-1.0,37499,0
ore_ont_868.owl,"SubClassOf(<http://purl.obolibrary.org/obo/NCBITaxon_211044> <http://purl.obolibrary.org/obo/NCBITaxon_114727>)",981146,-1.0,-1.0,42186,0,-1.0,39181,0,-1.0,40203,0,-1.0,45532,0,0,-1.0,44227,0
ore_ont_868.owl,"SubClassOf(<http://purl.obolibrary.org/obo/NCBITaxon_1130479> <http://purl.obolibrary.org/obo/NCBITaxon_49928>)",981146,-1.0,-1.0,42868,0,-1.0,43455,0,-1.0,45757,0,-1.0,40970,0,0,-1.0,42003,0
ore_ont_868.owl,"SubClassOf(<http://purl.obolibrary.org/obo/NCBITaxon_1085682> <http://purl.obolibrary.org/obo/NCBITaxon_500585>)",981146,-1.0,-1.0,43620,0,-1.0,42224,0,-1.0,41680,0,-1.0,41797,0,0,-1.0,45767,0
ore_ont_868.owl,"SubClassOf(<http://purl.obolibrary.org/obo/NCBITaxon_150467> <http://purl.obolibrary.org/obo/NCBITaxon_48479>)",981146,-1.0,-1.0,42427,0,-1.0,42793,0,-1.0,42692,0,-1.0,42860,0,0,-1.0,40582,0
ore_ont_868.owl,"SubClassOf(<http://purl.obolibrary.org/obo/NCBITaxon_966941> <http://purl.obolibrary.org/obo/NCBITaxon_156408>)",981146,-1.0,-1.0,38893,0,-1.0,42039,0,-1.0,42835,0,-1.0,38914,0,0,-1.0,37932,0
ore_ont_868.owl,"SubClassOf(<http://purl.obolibrary.org/obo/NCBITaxon_666> <http://purl.obolibrary.org/obo/NCBITaxon_662>)",981146,-1.0,-1.0,40740,0,-1.0,42948,0,-1.0,40891,0,-1.0,40686,0,0,-1.0,42921,0
ore_ont_3524.owl,"SubClassOf(<http://phenoscape.org/not_has_part/http://www.w3.org/2002/07/owl#Thing> <http://purl.obolibrary.org/obo/GO_0008150>)",1974320,-1.0,-1.0,-1,0,-1.0,-1,0,-1.0,-1,0,-1.0,-1,0,1,-1.0,-1,0
ore_ont_3524.owl,"SubClassOf(<http://phenoscape.org/not_has_part/http://www.w3.org/2002/07/owl#Thing> <http://purl.obolibrary.org/obo/BFO_0000050_some_http://purl.obolibrary.org/obo/GO_0008152>)",1974320,-1.0,-1.0,-1,0,-1.0,-1,0,-1.0,-1,0,-1.0,-1,0,1,-1.0,-1,0
ore_ont_3524.owl,"SubClassOf(<http://phenoscape.org/not_has_part/http://www.w3.org/2002/07/owl#Thing> <http://purl.obolibrary.org/obo/BFO_0000050_some_http://purl.obolibrary.org/obo/GO_0065007>)",1974320,-1.0,-1.0,-1,0,-1.0,-1,0,-1.0,-1,0,-1.0,-1,0,1,-1.0,-1,0
ore_ont_3524.owl,"SubClassOf(<http://phenoscape.org/not_has_part/http://www.w3.org/2002/07/owl#Thing> <http://purl.obolibrary.org/obo/BFO_0000050_some_http://purl.obolibrary.org/obo/GO_0008150>)",1974320,-1.0,-1.0,-1,0,-1.0,-1,0,-1.0,-1,0,-1.0,-1,0,1,-1.0,-1,0
ore_ont_3524.owl,"SubClassOf(<http://phenoscape.org/not_has_part/http://www.w3.org/2002/07/owl#Thing> <http://purl.obolibrary.org/obo/BFO_0000050_some_http://purl.obolibrary.org/obo/GO_0009987>)",1974320,-1.0,-1.0,-1,0,-1.0,-1,0,-1.0,-1,0,-1.0,-1,0,1,-1.0,-1,0
ore_ont_3524.owl,"SubClassOf(<http://phenoscape.org/not_has_part/http://www.w3.org/2002/07/owl#Thing> <http://purl.obolibrary.org/obo/BFO_0000050_some_http://purl.obolibrary.org/obo/BFO_0000004>)",1974320,-1.0,-1.0,-1,0,-1.0,-1,0,-1.0,-1,0,-1.0,-1,0,1,-1.0,-1,0
ore_ont_3524.owl,"SubClassOf(<http://phenoscape.org/not_has_part/http://www.w3.org/2002/07/owl#Thing> <http://purl.obolibrary.org/obo/BFO_0000050_some_http://purl.obolibrary.org/obo/BFO_0000002>)",1974320,-1.0,-1.0,-1,0,-1.0,-1,0,-1.0,-1,0,-1.0,-1,0,1,-1.0,-1,0
ore_ont_3524.owl,"SubClassOf(<http://phenoscape.org/not_has_part/http://www.w3.org/2002/07/owl#Thing> <http://purl.obolibrary.org/obo/BFO_0000050_some_http://purl.obolibrary.org/obo/BFO_0000001>)",1974320,-1.0,-1.0,-1,0,-1.0,-1,0,-1.0,-1,0,-1.0,-1,0,1,-1.0,-1,0
ore_ont_3524.owl,"SubClassOf(<http://phenoscape.org/not_has_part/http://www.w3.org/2002/07/owl#Thing> <http://purl.obolibrary.org/obo/BFO_0000050_some_http://www.w3.org/2002/07/owl#Thing>)",1974320,-1.0,-1.0,-1,0,-1.0,-1,0,-1.0,-1,0,-1.0,-1,0,1,-1.0,-1,0
ore_ont_3524.owl,"SubClassOf(<http://purl.obolibrary.org/obo/BFO_0000050_some_http://purl.obolibrary.org/obo/GO_0008150> <http://purl.obolibrary.org/obo/BFO_0000050_some_http://www.w3.org/2002/07/owl#Thing>)",1974320,-1.0,-1.0,31111,0,-1.0,31255,0,-1.0,27376,0,-1.0,27068,0,0,-1.0,28166,0
ore_ont_3836.owl,"SubClassOf(<http://purl.obolibrary.org/obo/ENSEMBL#_ENSMUSG00000021835> <http://purl.obolibrary.org/obo/SO_0001217>)",1869498,-1.0,-1.0,36248,0,-1.0,27749,0,-1.0,28356,0,-1.0,31168,0,0,-1.0,33856,0
ore_ont_3836.owl,"SubClassOf(<http://purl.obolibrary.org/obo/ENSEMBL#_ENSMUSG00000002633> <http://purl.obolibrary.org/obo/SO_0001217>)",1869498,-1.0,-1.0,33914,0,-1.0,29089,0,-1.0,29964,0,-1.0,32355,0,0,-1.0,36097,0
ore_ont_3836.owl,"SubClassOf(<http://purl.obolibrary.org/obo/ENSEMBL#_ENSMUSG00000030849> <http://purl.obolibrary.org/obo/SO_0001217>)",1869498,-1.0,-1.0,32596,0,-1.0,27398,0,-1.0,29590,0,-1.0,31567,0,0,-1.0,29138,0
ore_ont_3836.owl,"SubClassOf(<http://purl.obolibrary.org/obo/ENSEMBL#_ENSMUSG00000048769> <http://purl.obolibrary.org/obo/SO_0000336>)",1869498,-1.0,-1.0,32072,0,-1.0,28488,0,-1.0,31350,0,-1.0,30076,0,0,-1.0,28493,0
ore_ont_3836.owl,"SubClassOf(<http://purl.obolibrary.org/obo/ENSEMBL#_ENSMUSG00000065453> <http://purl.obolibrary.org/obo/SO_0000276>)",1869498,-1.0,-1.0,27420,0,-1.0,27821,0,-1.0,28807,0,-1.0,33813,0,0,-1.0,28830,0
ore_ont_3836.owl,"SubClassOf(<http://purl.obolibrary.org/obo/ENSEMBL#_ENSMUSG00000000031> <http://purl.obolibrary.org/obo/SO_0001503>)",1869498,-1.0,-1.0,29057,0,-1.0,31641,0,-1.0,31007,0,-1.0,27676,0,0,-1.0,27064,0
ore_ont_3836.owl,"SubClassOf(<http://purl.obolibrary.org/obo/ENSEMBL#_ENSMUSG00000086429> <http://purl.obolibrary.org/obo/SO_0001463>)",1869498,-1.0,-1.0,33103,0,-1.0,33450,0,-1.0,31116,0,-1.0,34367,0,0,-1.0,35585,0
ore_ont_3836.owl,"SubClassOf(<http://purl.obolibrary.org/obo/ENSEMBL#_ENSMUSG00000006932> <http://purl.obolibrary.org/obo/SO_0001217>)",1869498,-1.0,-1.0,31203,0,-1.0,30419,0,-1.0,27852,0,-1.0,30623,0,0,-1.0,33427,0
ore_ont_3836.owl,"SubClassOf(<http://purl.obolibrary.org/obo/ENSEMBL#_ENSMUSG00000087938> <http://purl.obolibrary.org/obo/SO_0000274>)",1869498,-1.0,-1.0,29270,0,-1.0,31284,0,-1.0,28488,0,-1.0,34744,0,0,-1.0,31116,0
ore_ont_3836.owl,"SubClassOf(<http://purl.obolibrary.org/obo/ENSEMBL#_ENSMUSG00000064493> <http://purl.obolibrary.org/obo/SO_0000275>)",1869498,-1.0,-1.0,32022,0,-1.0,32559,0,-1.0,31332,0,-1.0,28039,0,0,-1.0,29554,0
ore_ont_1559.owl,"SubClassOf(<http://purl.obolibrary.org/obo/UniProt#_P11484> <http://purl.obolibrary.org/obo/SIO_010043>)",2249889,-1.0,-1.0,41961,0,-1.0,46822,0,-1.0,44796,0,-1.0,43169,0,0,-1.0,46098,0
ore_ont_1559.owl,"SubClassOf(<http://purl.obolibrary.org/obo/NCBITaxon_10090> <http://purl.obolibrary.org/obo/SIO_010000>)",2249889,-1.0,-1.0,46989,0,-1.0,43430,0,-1.0,47461,0,-1.0,47340,0,0,-1.0,40356,0
ore_ont_1559.owl,"SubClassOf(<http://purl.obolibrary.org/obo/GO_0005515> <http://purl.obolibrary.org/obo/GO_0003674>)",2249889,-1.0,-1.0,218513,-1,-1.0,-1,0,-1.0,348403,-1,-1.0,146788,-1,1,-1.0,-1,0
ore_ont_1559.owl,"SubClassOf(<http://purl.obolibrary.org/obo/NCBITaxon_3702> <http://purl.obolibrary.org/obo/SIO_010000>)",2249889,-1.0,-1.0,51124,0,-1.0,54325,0,-1.0,49921,0,-1.0,51297,0,0,-1.0,56546,0
ore_ont_1559.owl,"SubClassOf(<http://purl.obolibrary.org/obo/NCBIGene_7404> <http://purl.obolibrary.org/obo/SIO_010035>)",2249889,-1.0,-1.0,53332,0,-1.0,57699,0,-1.0,52618,0,-1.0,57987,0,0,-1.0,58820,0
ore_ont_1559.owl,"SubClassOf(<http://purl.obolibrary.org/obo/GO_0007049> <http://purl.obolibrary.org/obo/GO_0008150>)",2249889,-1.0,-1.0,55905,0,-1.0,55870,0,-1.0,55767,0,-1.0,54972,0,0,-1.0,53808,0
ore_ont_1559.owl,"SubClassOf(<http://purl.obolibrary.org/obo/NCBITaxon_7227> <http://purl.obolibrary.org/obo/SIO_010000>)",2249889,-1.0,-1.0,56530,0,-1.0,58054,0,-1.0,53375,0,-1.0,55657,0,0,-1.0,61100,0
ore_ont_1559.owl,"SubClassOf(<http://purl.obolibrary.org/obo/MI_0407> <http://purl.obolibrary.org/obo/MI_0915>)",2249889,-1.0,-1.0,59707,0,-1.0,61056,0,-1.0,57791,0,-1.0,58856,0,0,-1.0,58181,0
ore_ont_1559.owl,"SubClassOf(<http://purl.obolibrary.org/obo/NCBITaxon_9606> <http://purl.obolibrary.org/obo/SIO_010000>)",2249889,-1.0,-1.0,63052,0,-1.0,65190,0,-1.0,65168,0,-1.0,59347,0,0,-1.0,66717,0
ore_ont_1559.owl,"SubClassOf(<http://purl.obolibrary.org/obo/GO_0001673> <http://purl.obolibrary.org/obo/GO_0005634>)",2249889,0.0,0.0,351568,1296844,-1.0,-1,0,0.0,452516,219312,0.0,130162,176779,1,-1.0,-1,0
