Example,Defect Axiom,Axiom Count,Cost,option1,option1_repairTime,option1_evaluationTime,option2,option2_repairTime,option2_evaluationTime,option3,option3_repairTime,option3_evaluationTime,user,user_repairTime,user_evaluationTime,Attempts,mix,mix_repairTime,mix_evaluationTime
ore_ont_8937.owl,"SubClassOf(<http://a.com/ontology#WorksOn> <http://a.com/ontology#ReifiedRelationshipClass>)",84,-1.0,-1.0,2930,0,-1.0,2965,0,-1.0,2889,0,-1.0,2884,0,0,-1.0,2878,0
ore_ont_8937.owl,"SubClassOf(<http://www.absoluteiri.edu/RELAPPROXC20> <http://www.absoluteiri.edu/RELAPPROXC41>)",84,118.89999999999998,123.99999999999996,5318,164,123.99999999999996,5357,116,123.99999999999996,5313,82,123.99999999999996,4934,70,3,123.99999999999996,5394,66
ore_ont_8937.owl,"SubClassOf(<http://www.absoluteiri.edu/RELAPPROXC45> <http://www.absoluteiri.edu/RELAPPROXC41>)",84,105.09999999999998,109.59999999999997,5215,58,109.59999999999997,5141,46,109.59999999999997,5217,44,109.59999999999997,4955,49,2,109.59999999999997,5412,49
ore_ont_8937.owl,"SubClassOf(<http://www.absoluteiri.edu/RELAPPROXC47> <http://www.absoluteiri.edu/RELAPPROXC21>)",84,-1.0,-1.0,2844,0,-1.0,2908,0,-1.0,2946,0,-1.0,2846,0,0,-1.0,2909,0
ore_ont_8937.owl,"SubClassOf(<http://www.absoluteiri.edu/RELAPPROXC21> <http://www.absoluteiri.edu/RELAPPROXC43>)",84,88.89999999999998,92.79999999999998,5238,47,92.79999999999998,5194,45,92.79999999999998,5449,53,92.79999999999998,4987,40,1,92.79999999999998,5446,42
ore_ont_8937.owl,"SubClassOf(<http://a.com/ontology#Manages> <http://a.com/ontology#ReifiedRelationshipClass>)",84,-1.0,-1.0,2840,0,-1.0,2893,0,-1.0,2870,0,-1.0,2859,0,0,-1.0,2897,0
ore_ont_8937.owl,"SubClassOf(<http://a.com/ontology#ReifiedRelationshipClass> <http://www.absoluteiri.edu/RELAPPROXC43>)",84,88.89999999999999,92.79999999999998,5387,43,92.79999999999998,5182,39,92.79999999999998,5349,40,92.79999999999998,5011,40,1,92.79999999999998,5551,36
ore_ont_8937.owl,"SubClassOf(<http://www.absoluteiri.edu/RELAPPROXC45> <http://www.absoluteiri.edu/RELAPPROXC21>)",84,-1.0,-1.0,2925,0,-1.0,2954,0,-1.0,3091,0,-1.0,2923,0,0,-1.0,2872,0
ore_ont_8937.owl,"SubClassOf(<http://www.absoluteiri.edu/RELAPPROXC21> <http://www.absoluteiri.edu/RELAPPROXC23>)",84,88.89999999999998,92.79999999999998,5264,31,92.79999999999998,5132,35,92.79999999999998,5297,37,92.79999999999998,4982,37,1,92.79999999999998,5492,38
ore_ont_8937.owl,"SubClassOf(<http://www.absoluteiri.edu/RELAPPROXC21> <http://www.absoluteiri.edu/RELAPPROXC25>)",84,88.89999999999998,92.79999999999998,5282,37,92.79999999999998,5179,42,92.79999999999998,5302,32,92.79999999999998,4948,39,1,92.79999999999998,5510,38
ore_ont_9509.owl,"SubClassOf(<http://www.lexinfo.net/lmf#RelatedForm> <http://www.lexinfo.net/lmf#Form>)",86,-1.0,-1.0,2925,0,-1.0,2893,0,-1.0,2876,0,-1.0,2877,0,0,-1.0,2906,0
ore_ont_9509.owl,"SubClassOf(<http://www.lexinfo.net/lmf#Component> <http://www.lexinfo.net/lmf#LMFClass>)",86,-1.0,-1.0,2964,0,-1.0,2842,0,-1.0,2865,0,-1.0,2858,0,0,-1.0,2863,0
ore_ont_9509.owl,"SubClassOf(<http://www.absoluteiri.edu/RELAPPROXC159> <http://www.absoluteiri.edu/RELAPPROXC156>)",86,-1.0,-1.0,2927,0,-1.0,2865,0,-1.0,2873,0,-1.0,2827,0,0,-1.0,2876,0
ore_ont_9509.owl,"SubClassOf(<http://www.lexinfo.net/lmf#ParadigmPattern> <http://www.lexinfo.net/lmf#LMFClass>)",86,-1.0,-1.0,2840,0,-1.0,2863,0,-1.0,2855,0,-1.0,2930,0,0,-1.0,2916,0
ore_ont_9509.owl,"SubClassOf(<http://www.lexinfo.net/lmf#ReferredRoot> <http://www.lexinfo.net/lmf#RelatedForm>)",86,-1.0,-1.0,2870,0,-1.0,2884,0,-1.0,2886,0,-1.0,2966,0,0,-1.0,2954,0
ore_ont_9509.owl,"SubClassOf(<http://www.lexinfo.net/lmf#Lexicon> <http://www.lexinfo.net/lmf#LMFClass>)",86,-1.0,-1.0,2893,0,-1.0,2840,0,-1.0,2839,0,-1.0,2855,0,0,-1.0,2924,0
ore_ont_9509.owl,"SubClassOf(<http://www.lexinfo.net/lmf#LexicalEntry> <http://www.lexinfo.net/lmf#LMFClass>)",86,-1.0,-1.0,2883,0,-1.0,2834,0,-1.0,2861,0,-1.0,2915,0,0,-1.0,2861,0
ore_ont_9509.owl,"SubClassOf(<http://www.lexinfo.net/lmf#Form> <http://www.lexinfo.net/lmf#LMFClass>)",86,-1.0,-1.0,2817,0,-1.0,2828,0,-1.0,2884,0,-1.0,2852,0,0,-1.0,2847,0
ore_ont_9509.owl,"SubClassOf(<http://www.lexinfo.net/lmf#TextRepresentation> <http://www.lexinfo.net/lmf#Representation>)",86,-1.0,-1.0,2848,0,-1.0,2882,0,-1.0,2907,0,-1.0,2850,0,0,-1.0,2903,0
ore_ont_9509.owl,"SubClassOf(<http://www.absoluteiri.edu/RELAPPROXC155> <http://www.absoluteiri.edu/RELAPPROXC158>)",86,-1.0,-1.0,2930,0,-1.0,2898,0,-1.0,2861,0,-1.0,2857,0,0,-1.0,2846,0
ore_ont_10309.owl,"SubClassOf(<http://www.absoluteiri.edu/RELAPPROXC18> <http://www.absoluteiri.edu/RELAPPROXC27>)",55,-1.0,-1.0,2889,0,-1.0,2870,0,-1.0,2887,0,-1.0,2862,0,0,-1.0,2886,0
ore_ont_10309.owl,"SubClassOf(<http://www.absoluteiri.edu/RELAPPROXC18> <http://www.absoluteiri.edu/RELAPPROXC29>)",55,-1.0,-1.0,2872,0,-1.0,2871,0,-1.0,2847,0,-1.0,2870,0,0,-1.0,2914,0
ore_ont_10309.owl,"SubClassOf(<http://rs.tdwg.org/ontology/voc/OccurrenceRecord#OccurrenceRecord> <http://rs.tdwg.org/ontology/Base#BaseThing>)",55,-1.0,-1.0,2877,0,-1.0,2935,0,-1.0,2833,0,-1.0,2854,0,0,-1.0,2920,0
ore_ont_10309.owl,"SubClassOf(<http://rs.tdwg.org/ontology/voc/OccurrenceRecord#Identification> <http://rs.tdwg.org/ontology/Base#BaseThing>)",55,-1.0,-1.0,2894,0,-1.0,2830,0,-1.0,2829,0,-1.0,2828,0,0,-1.0,2847,0
ore_ont_10309.owl,"SubClassOf(<http://www.absoluteiri.edu/RELAPPROXC28> <http://www.absoluteiri.edu/RELAPPROXC19>)",55,-1.0,-1.0,2833,0,-1.0,2826,0,-1.0,2826,0,-1.0,2835,0,0,-1.0,2836,0
ore_ont_10309.owl,"SubClassOf(<http://www.absoluteiri.edu/RELAPPROXC26> <http://www.absoluteiri.edu/RELAPPROXC19>)",55,-1.0,-1.0,2835,0,-1.0,2828,0,-1.0,2816,0,-1.0,2846,0,0,-1.0,2846,0
ore_ont_1420.owl,"SubClassOf(<http://www.opengis.net/gml/LinearRing> <http://www.opengis.net/gml/_Geometry>)",81,-1.0,-1.0,3043,0,-1.0,2836,0,-1.0,2842,0,-1.0,2848,0,0,-1.0,2872,0
ore_ont_1420.owl,"SubClassOf(<http://purl.org/mets/onts/2010/12/gml.owl#LinearRing> <http://www.absoluteiri.edu/RELAPPROXC66>)",81,-1.0,-1.0,2897,0,-1.0,2848,0,-1.0,2844,0,-1.0,2847,0,0,-1.0,2852,0
ore_ont_1420.owl,"SubClassOf(<http://purl.org/mets/onts/2010/12/gml.owl#LineString> <http://www.absoluteiri.edu/RELAPPROXC66>)",81,-1.0,-1.0,2862,0,-1.0,2842,0,-1.0,2836,0,-1.0,2852,0,0,-1.0,2846,0
ore_ont_1420.owl,"SubClassOf(<http://www.opengis.net/gml/Point> <http://www.opengis.net/gml/_Geometry>)",81,-1.0,-1.0,2956,0,-1.0,2865,0,-1.0,2851,0,-1.0,2822,0,0,-1.0,2835,0
ore_ont_1420.owl,"SubClassOf(<http://www.absoluteiri.edu/RELAPPROXC47RELAPPROXQ2> <http://www.absoluteiri.edu/RELAPPROXC47>)",81,-1.0,-1.0,2887,0,-1.0,2837,0,-1.0,2849,0,-1.0,2842,0,0,-1.0,2857,0
ore_ont_1420.owl,"SubClassOf(<http://purl.org/mets/onts/2010/12/gml.owl#Point> <http://purl.org/mets/onts/2010/12/gml.owl#_Geometry>)",81,-1.0,-1.0,2880,0,-1.0,2874,0,-1.0,2863,0,-1.0,3046,0,0,-1.0,2840,0
ore_ont_1420.owl,"SubClassOf(<http://purl.org/mets/onts/2010/12/gml.owl#Point> <http://www.w3.org/2005/Incubator/geo/XGR-geo/W3C_XGR_Geo_files/geo_2007.owl#_Geometry>)",81,69.6,66.30000000000001,5542,46,66.30000000000001,5296,36,66.30000000000001,5427,36,66.30000000000001,4940,37,1,66.30000000000001,5889,36
ore_ont_1420.owl,"SubClassOf(<http://www.absoluteiri.edu/RELAPPROXC47RELAPPROXQ2> <http://www.absoluteiri.edu/RELAPPROXC64>)",81,38.199999999999996,40.0,5197,41,40.0,5143,35,40.0,5247,38,40.0,4885,37,4,40.0,5358,34
ore_ont_1420.owl,"SubClassOf(<http://purl.org/mets/onts/2010/12/gml.owl#_Feature> <http://www.absoluteiri.edu/RELAPPROXC64>)",81,24.099999999999998,25.3,5125,39,25.3,5088,36,25.3,5167,33,25.3,4924,37,4,25.3,5320,36
ore_ont_1420.owl,"SubClassOf(<http://purl.org/mets/onts/2010/12/gml.owl#Polygon> <http://purl.org/mets/onts/2010/12/gml.owl#_Geometry>)",81,-1.0,-1.0,2873,0,-1.0,2817,0,-1.0,2845,0,-1.0,2830,0,0,-1.0,2919,0
ore_ont_13429.owl,"SubClassOf(<http://www.cidoc-crm.org/cidoc-crm/E36_Visual_Item> <http://www.cidoc-crm.org/cidoc-crm/E73_Information_Object>)",98,-1.0,-1.0,2839,0,-1.0,2829,0,-1.0,2810,0,-1.0,2834,0,0,-1.0,2860,0
ore_ont_13429.owl,"SubClassOf(<http://www.cidoc-crm.org/cidoc-crm/E7_Activity> <http://www.cidoc-crm.org/cidoc-crm/E1_CRM_Entity>)",98,31.1,22.0,5851,31,19.299999999999997,5136,34,22.0,5536,37,15.5,4910,34,2,22.0,6694,37
ore_ont_13429.owl,"SubClassOf(<http://www.cidoc-crm.org/cidoc-crm/E65_Creation> <http://www.cidoc-crm.org/cidoc-crm/E63_Beginning_of_Existence>)",98,-1.0,-1.0,2842,0,-1.0,2841,0,-1.0,2831,0,-1.0,2848,0,0,-1.0,2934,0
ore_ont_13429.owl,"SubClassOf(<http://www.cidoc-crm.org/cidoc-crm/E13_Attribute_Assignment> <http://www.cidoc-crm.org/cidoc-crm/E7_Activity>)",98,-1.0,-1.0,2866,0,-1.0,2839,0,-1.0,2796,0,-1.0,2790,0,0,-1.0,2826,0
ore_ont_13429.owl,"SubClassOf(<http://www.cidoc-crm.org/cidoc-crm/E44_Place_Appellation> <http://www.cidoc-crm.org/cidoc-crm/E41_Appellation>)",98,-1.0,-1.0,2862,0,-1.0,2817,0,-1.0,2850,0,-1.0,2818,0,0,-1.0,2883,0
ore_ont_13429.owl,"SubClassOf(<http://www.cidoc-crm.org/cidoc-crm/E45_Address> <http://www.cidoc-crm.org/cidoc-crm/E44_Place_Appellation>)",98,-1.0,-1.0,2880,0,-1.0,2881,0,-1.0,2836,0,-1.0,2810,0,0,-1.0,2833,0
ore_ont_13429.owl,"SubClassOf(<http://www.cidoc-crm.org/cidoc-crm/E81_Transformation> <http://www.cidoc-crm.org/cidoc-crm/E64_End_of_Existence>)",98,-1.0,-1.0,2883,0,-1.0,2875,0,-1.0,2836,0,-1.0,2856,0,0,-1.0,2941,0
ore_ont_13429.owl,"SubClassOf(<http://www.cidoc-crm.org/cidoc-crm/E17_Type_Assignment> <http://www.cidoc-crm.org/cidoc-crm/E13_Attribute_Assignment>)",98,-1.0,-1.0,2895,0,-1.0,2871,0,-1.0,2863,0,-1.0,2810,0,0,-1.0,2816,0
ore_ont_13429.owl,"SubClassOf(<http://www.cidoc-crm.org/cidoc-crm/E22_Man-Made_Object> <http://www.cidoc-crm.org/cidoc-crm/E24_Physical_Man-Made_Thing>)",98,-1.0,-1.0,2889,0,-1.0,2830,0,-1.0,2841,0,-1.0,2858,0,0,-1.0,2868,0
ore_ont_13429.owl,"SubClassOf(<http://www.cidoc-crm.org/cidoc-crm/E24_Physical_Man-Made_Thing> <http://www.cidoc-crm.org/cidoc-crm/E18_Physical_Thing>)",98,-1.0,-1.0,2858,0,-1.0,2859,0,-1.0,2842,0,-1.0,2875,0,0,-1.0,2841,0
ore_ont_9854.owl,"SubClassOf(<http://www.owl-ontologies.com/unnamed.owl#_1º_quadrante> <http://www.owl-ontologies.com/unnamed.owl#Circulo>)",96,-1.0,-1.0,2859,0,-1.0,2834,0,-1.0,2839,0,-1.0,2808,0,0,-1.0,2816,0
ore_ont_9854.owl,"SubClassOf(<http://www.owl-ontologies.com/unnamed.owl#Ansiedade-Confidente> <http://www.owl-ontologies.com/unnamed.owl#Emoção>)",96,-1.0,-1.0,2859,0,-1.0,2930,0,-1.0,2863,0,-1.0,2827,0,0,-1.0,2897,0
ore_ont_9854.owl,"SubClassOf(<http://www.owl-ontologies.com/unnamed.owl#Conforto> <http://www.owl-ontologies.com/unnamed.owl#Ansiedade-Confidente>)",96,-1.0,-1.0,2868,0,-1.0,2885,0,-1.0,2833,0,-1.0,2846,0,0,-1.0,2840,0
ore_ont_9854.owl,"SubClassOf(<http://www.owl-ontologies.com/unnamed.owl#Conforto> <http://www.owl-ontologies.com/unnamed.owl#Exito_relevante>)",96,84.3,72.39999999999999,5310,41,72.39999999999999,5257,38,61.800000000000004,5327,35,61.800000000000004,4916,36,2,72.39999999999999,5492,39
ore_ont_9854.owl,"SubClassOf(<http://www.owl-ontologies.com/unnamed.owl#Exito_relevante> <http://www.owl-ontologies.com/unnamed.owl#Satisfeito_Insatisfeito>)",96,33.3,17.7,5410,46,24.200000000000003,5286,41,17.7,5389,33,24.200000000000003,5032,35,4,17.7,5834,43
ore_ont_9854.owl,"SubClassOf(<http://www.owl-ontologies.com/unnamed.owl#Conforto> <http://www.owl-ontologies.com/unnamed.owl#_1º_quadrante>)",96,-1.0,-1.0,2859,0,-1.0,2813,0,-1.0,2843,0,-1.0,2905,0,0,-1.0,2861,0
ore_ont_9854.owl,"SubClassOf(<http://www.owl-ontologies.com/unnamed.owl#Persistencia> <http://www.owl-ontologies.com/unnamed.owl#Frustração-Euforia>)",96,-1.0,-1.0,2825,0,-1.0,2871,0,-1.0,2842,0,-1.0,2838,0,0,-1.0,2778,0
ore_ont_9854.owl,"SubClassOf(<http://www.owl-ontologies.com/unnamed.owl#Conforto> <http://www.owl-ontologies.com/unnamed.owl#Categorias_de_emoções>)",96,94.9,94.9,5321,41,94.9,5214,34,94.9,5306,37,94.9,4920,35,1,94.9,5658,38
ore_ont_9854.owl,"SubClassOf(<http://www.owl-ontologies.com/unnamed.owl#Conforto> <http://www.owl-ontologies.com/unnamed.owl#Base_de_Perspectiva>)",96,-1.0,-1.0,2933,0,-1.0,2886,0,-1.0,2822,0,-1.0,2802,0,0,-1.0,2845,0
ore_ont_9854.owl,"SubClassOf(<http://www.owl-ontologies.com/unnamed.owl#Chateado> <http://www.owl-ontologies.com/unnamed.owl#Tedio-Fasinacao>)",96,-1.0,-1.0,2883,0,-1.0,2820,0,-1.0,2798,0,-1.0,2853,0,0,-1.0,2825,0
ore_ont_8974.owl,"SubClassOf(<http://www.absoluteiri.edu/RELAPPROXC18> <http://www.absoluteiri.edu/RELAPPROXC27>)",95,-1.0,-1.0,2880,0,-1.0,2808,0,-1.0,2824,0,-1.0,3021,0,0,-1.0,2853,0
ore_ont_8974.owl,"SubClassOf(<http://www.absoluteiri.edu/RELAPPROXC18> <http://www.absoluteiri.edu/RELAPPROXC29>)",95,-1.0,-1.0,2981,0,-1.0,2841,0,-1.0,2825,0,-1.0,2836,0,0,-1.0,2836,0
ore_ont_8974.owl,"SubClassOf(<http://rs.tdwg.org/ontology/voc/OccurrenceRecord#OccurrenceRecord> <http://rs.tdwg.org/ontology/Base#BaseThing>)",95,-1.0,-1.0,2870,0,-1.0,2856,0,-1.0,2835,0,-1.0,2815,0,0,-1.0,2840,0
ore_ont_8974.owl,"SubClassOf(<http://rs.tdwg.org/ontology/voc/OccurrenceRecord#Identification> <http://rs.tdwg.org/ontology/Base#BaseThing>)",95,-1.0,-1.0,2834,0,-1.0,2810,0,-1.0,2844,0,-1.0,2835,0,0,-1.0,2834,0
ore_ont_8974.owl,"SubClassOf(<http://www.absoluteiri.edu/RELAPPROXC28> <http://www.absoluteiri.edu/RELAPPROXC19>)",95,-1.0,-1.0,2842,0,-1.0,2834,0,-1.0,2863,0,-1.0,2815,0,0,-1.0,2849,0
ore_ont_8974.owl,"SubClassOf(<http://www.absoluteiri.edu/RELAPPROXC26> <http://www.absoluteiri.edu/RELAPPROXC19>)",95,-1.0,-1.0,2841,0,-1.0,2837,0,-1.0,2823,0,-1.0,2847,0,0,-1.0,2847,0
ore_ont_3909.owl,"SubClassOf(<file:/media/owl/Seagate%20Expansion%20Drive/mowlcorp_rep/mowlcorp_2014.10.07_orig/files/F22_Self_Contained_Expression> <file:/media/owl/Seagate%20Expansion%20Drive/mowlcorp_rep/mowlcorp_2014.10.07_orig/files/F2_Expression>)",62,-1.0,-1.0,2849,0,-1.0,2814,0,-1.0,2925,0,-1.0,2913,0,0,-1.0,2837,0
ore_ont_3909.owl,"SubClassOf(<file:/media/owl/Seagate%20Expansion%20Drive/mowlcorp_rep/mowlcorp_2014.10.07_orig/files/F34_KOS> <file:/media/owl/Seagate%20Expansion%20Drive/mowlcorp_rep/mowlcorp_2014.10.07_orig/files/E29_Design_or_Procedure>)",62,-1.0,-1.0,2955,0,-1.0,2897,0,-1.0,2877,0,-1.0,2852,0,0,-1.0,2836,0
ore_ont_3909.owl,"SubClassOf(<file:/media/owl/Seagate%20Expansion%20Drive/mowlcorp_rep/mowlcorp_2014.10.07_orig/files/F18_Serial_Work> <file:/media/owl/Seagate%20Expansion%20Drive/mowlcorp_rep/mowlcorp_2014.10.07_orig/files/F16_Container_Work>)",62,63.400000000000006,60.00000000000001,5396,38,60.00000000000001,5249,43,54.6,5448,40,54.6,4919,41,2,60.00000000000001,5642,33
ore_ont_3909.owl,"SubClassOf(<file:/media/owl/Seagate%20Expansion%20Drive/mowlcorp_rep/mowlcorp_2014.10.07_orig/files/F30_Publication_Event> <file:/media/owl/Seagate%20Expansion%20Drive/mowlcorp_rep/mowlcorp_2014.10.07_orig/files/F28_Expression_Creation>)",62,-1.0,-1.0,2887,0,-1.0,2880,0,-1.0,2840,0,-1.0,2877,0,0,-1.0,2818,0
ore_ont_3909.owl,"SubClassOf(<file:/media/owl/Seagate%20Expansion%20Drive/mowlcorp_rep/mowlcorp_2014.10.07_orig/files/F52_Name_Use_Activity> <file:/media/owl/Seagate%20Expansion%20Drive/mowlcorp_rep/mowlcorp_2014.10.07_orig/files/E13_Attribute_Assignment>)",62,-1.0,-1.0,2983,0,-1.0,2880,0,-1.0,2861,0,-1.0,2838,0,0,-1.0,2861,0
ore_ont_3909.owl,"SubClassOf(<file:/media/owl/Seagate%20Expansion%20Drive/mowlcorp_rep/mowlcorp_2014.10.07_orig/files/F34_KOS> <file:/media/owl/Seagate%20Expansion%20Drive/mowlcorp_rep/mowlcorp_2014.10.07_orig/files/F2_Expression>)",62,-1.0,-1.0,2920,0,-1.0,2847,0,-1.0,2833,0,-1.0,2814,0,0,-1.0,2865,0
ore_ont_3909.owl,"SubClassOf(<file:/media/owl/Seagate%20Expansion%20Drive/mowlcorp_rep/mowlcorp_2014.10.07_orig/files/F28_Expression_Creation> <file:/media/owl/Seagate%20Expansion%20Drive/mowlcorp_rep/mowlcorp_2014.10.07_orig/files/E12_Production>)",62,-1.0,-1.0,2900,0,-1.0,2902,0,-1.0,2887,0,-1.0,2848,0,0,-1.0,2847,0
ore_ont_3909.owl,"SubClassOf(<file:/media/owl/Seagate%20Expansion%20Drive/mowlcorp_rep/mowlcorp_2014.10.07_orig/files/F50_Controlled_Access_Point> <file:/media/owl/Seagate%20Expansion%20Drive/mowlcorp_rep/mowlcorp_2014.10.07_orig/files/F13_Identifier>)",62,-1.0,-1.0,2881,0,-1.0,2880,0,-1.0,2860,0,-1.0,2858,0,0,-1.0,2897,0
ore_ont_3909.owl,"SubClassOf(<file:/media/owl/Seagate%20Expansion%20Drive/mowlcorp_rep/mowlcorp_2014.10.07_orig/files/F16_Container_Work> <file:/media/owl/Seagate%20Expansion%20Drive/mowlcorp_rep/mowlcorp_2014.10.07_orig/files/F1_Work>)",62,-1.0,-1.0,2836,0,-1.0,2924,0,-1.0,2875,0,-1.0,2850,0,0,-1.0,2906,0
ore_ont_3909.owl,"SubClassOf(<file:/media/owl/Seagate%20Expansion%20Drive/mowlcorp_rep/mowlcorp_2014.10.07_orig/files/F25_Performance_Plan> <file:/media/owl/Seagate%20Expansion%20Drive/mowlcorp_rep/mowlcorp_2014.10.07_orig/files/F22_Self_Contained_Expression>)",62,-1.0,-1.0,3055,0,-1.0,2857,0,-1.0,2851,0,-1.0,2905,0,0,-1.0,2846,0
ore_ont_2036.owl,"SubClassOf(<http://www.owl-ontologies.com/Ontology1324330201.owl#Artifact> <http://www.owl-ontologies.com/Ontology1324330201.owl#CommonCoreObject>)",94,152.8,146.6,5411,51,150.4,5235,44,146.6,5418,50,150.4,4946,43,2,146.6,5936,43
ore_ont_2036.owl,"SubClassOf(<http://www.owl-ontologies.com/Ontology1324330201.owl#Flow> <http://www.owl-ontologies.com/Ontology1324330201.owl#CoreProperty>)",94,-1.0,-1.0,2879,0,-1.0,2859,0,-1.0,2859,0,-1.0,2845,0,0,-1.0,2850,0
ore_ont_2036.owl,"SubClassOf(<http://www.owl-ontologies.com/Ontology1324330201.owl#subArtifacts> <http://www.owl-ontologies.com/Ontology1324330201.owl#Artifact>)",94,-1.0,-1.0,2888,0,-1.0,2870,0,-1.0,2871,0,-1.0,2889,0,0,-1.0,2848,0
ore_ont_2036.owl,"SubClassOf(<http://www.owl-ontologies.com/Ontology1324330201.owl#Artifact> <http://www.owl-ontologies.com/Ontology1324330201.owl#CoreEntity>)",94,-1.0,-1.0,2903,0,-1.0,2838,0,-1.0,2829,0,-1.0,2851,0,0,-1.0,2842,0
ore_ont_2036.owl,"SubClassOf(<http://www.owl-ontologies.com/Ontology1324330201.owl#Form> <http://www.owl-ontologies.com/Ontology1324330201.owl#CoreProperty>)",94,-1.0,-1.0,2893,0,-1.0,2847,0,-1.0,2870,0,-1.0,2813,0,0,-1.0,2834,0
ore_ont_2036.owl,"SubClassOf(<http://www.owl-ontologies.com/Ontology1324330201.owl#Properties> <http://www.owl-ontologies.com/Ontology1324330201.owl#Information>)",94,-1.0,-1.0,2888,0,-1.0,2864,0,-1.0,2864,0,-1.0,2860,0,0,-1.0,2868,0
ore_ont_2036.owl,"SubClassOf(<http://www.owl-ontologies.com/Ontology1324330201.owl#Port> <http://www.owl-ontologies.com/Ontology1324330201.owl#Feature>)",94,-1.0,-1.0,2924,0,-1.0,2833,0,-1.0,2857,0,-1.0,2837,0,0,-1.0,2794,0
ore_ont_2036.owl,"SubClassOf(<http://www.owl-ontologies.com/Ontology1324330201.owl#Constraint> <http://www.owl-ontologies.com/Ontology1324330201.owl#CommonCoreRelationship>)",94,-1.0,-1.0,2805,0,-1.0,2825,0,-1.0,2799,0,-1.0,2813,0,0,-1.0,2793,0
ore_ont_2036.owl,"SubClassOf(<http://www.owl-ontologies.com/Ontology1324330201.owl#Form> <http://www.owl-ontologies.com/Ontology1324330201.owl#CommonCoreObject>)",94,154.0,147.8,5294,35,150.4,5153,47,147.8,5331,45,147.8,5050,42,1,147.8,5758,46
ore_ont_2036.owl,"SubClassOf(<http://www.owl-ontologies.com/Ontology1324330201.owl#TransferFunction> <http://www.owl-ontologies.com/Ontology1324330201.owl#Function>)",94,-1.0,-1.0,2846,0,-1.0,2804,0,-1.0,2800,0,-1.0,2805,0,0,-1.0,2827,0
ore_ont_508.owl,"SubClassOf(<http://www.owl-ontologies.com/Ontology1324330201.owl#Artifact> <http://www.owl-ontologies.com/Ontology1324330201.owl#CommonCoreObject>)",95,159.4,153.2,5450,43,157.0,5195,43,153.2,5462,40,157.0,4892,43,3,153.2,5823,38
ore_ont_508.owl,"SubClassOf(<http://www.owl-ontologies.com/Ontology1324330201.owl#Flow> <http://www.owl-ontologies.com/Ontology1324330201.owl#CoreProperty>)",95,-1.0,-1.0,2813,0,-1.0,2840,0,-1.0,2847,0,-1.0,2809,0,0,-1.0,2812,0
ore_ont_508.owl,"SubClassOf(<http://www.owl-ontologies.com/Ontology1324330201.owl#subArtifacts> <http://www.owl-ontologies.com/Ontology1324330201.owl#Artifact>)",95,-1.0,-1.0,2827,0,-1.0,2858,0,-1.0,2834,0,-1.0,2811,0,0,-1.0,2846,0
ore_ont_508.owl,"SubClassOf(<http://www.owl-ontologies.com/Ontology1324330201.owl#Artifact> <http://www.owl-ontologies.com/Ontology1324330201.owl#CoreEntity>)",95,-1.0,-1.0,2861,0,-1.0,2835,0,-1.0,2860,0,-1.0,2839,0,0,-1.0,2980,0
ore_ont_508.owl,"SubClassOf(<http://www.owl-ontologies.com/Ontology1324330201.owl#Form> <http://www.owl-ontologies.com/Ontology1324330201.owl#CoreProperty>)",95,-1.0,-1.0,2862,0,-1.0,2818,0,-1.0,2890,0,-1.0,2875,0,0,-1.0,2884,0
ore_ont_508.owl,"SubClassOf(<http://www.owl-ontologies.com/Ontology1324330201.owl#Properties> <http://www.owl-ontologies.com/Ontology1324330201.owl#Information>)",95,-1.0,-1.0,2935,0,-1.0,2867,0,-1.0,2881,0,-1.0,2834,0,0,-1.0,2890,0
ore_ont_508.owl,"SubClassOf(<http://www.owl-ontologies.com/Ontology1324330201.owl#Port> <http://www.owl-ontologies.com/Ontology1324330201.owl#Feature>)",95,-1.0,-1.0,2831,0,-1.0,2810,0,-1.0,2790,0,-1.0,2842,0,0,-1.0,2828,0
ore_ont_508.owl,"SubClassOf(<http://www.owl-ontologies.com/Ontology1324330201.owl#Constraint> <http://www.owl-ontologies.com/Ontology1324330201.owl#CommonCoreRelationship>)",95,-1.0,-1.0,2849,0,-1.0,2841,0,-1.0,2830,0,-1.0,2847,0,0,-1.0,2855,0
ore_ont_508.owl,"SubClassOf(<http://www.owl-ontologies.com/Ontology1324330201.owl#Form> <http://www.owl-ontologies.com/Ontology1324330201.owl#CommonCoreObject>)",95,160.6,154.39999999999998,5495,40,157.0,5387,44,154.39999999999998,5645,38,154.39999999999998,4959,46,2,154.39999999999998,5955,43
ore_ont_508.owl,"SubClassOf(<http://www.owl-ontologies.com/Ontology1324330201.owl#TransferFunction> <http://www.owl-ontologies.com/Ontology1324330201.owl#Function>)",95,-1.0,-1.0,2894,0,-1.0,2855,0,-1.0,2856,0,-1.0,2896,0,0,-1.0,2810,0
ore_ont_16076.owl,"SubClassOf(<http://semanticscience.org/RNA> <http://semanticscience.org/NucleicAcid>)",186,-1.0,-1.0,2863,0,-1.0,2843,0,-1.0,2853,0,-1.0,2853,0,0,-1.0,2900,0
ore_ont_16076.owl,"SubClassOf(<http://semanticscience.org/O4pEndoRole> <http://semanticscience.org/EndoRole>)",186,-1.0,-1.0,2898,0,-1.0,2825,0,-1.0,2843,0,-1.0,2819,0,0,-1.0,2832,0
ore_ont_16076.owl,"SubClassOf(<http://semanticscience.org/WatsonSugarBasePair> <http://semanticscience.org/EdgeInteraction>)",186,-1.0,-1.0,2841,0,-1.0,2796,0,-1.0,2872,0,-1.0,2853,0,0,-1.0,2822,0
ore_ont_16076.owl,"SubClassOf(<http://semanticscience.org/C2pExoRole> <http://semanticscience.org/ExoRole>)",186,-1.0,-1.0,2841,0,-1.0,2841,0,-1.0,2824,0,-1.0,2865,0,0,-1.0,2835,0
ore_ont_16076.owl,"SubClassOf(<http://semanticscience.org/EdgeInteraction> <http://semanticscience.org/NucleotideBasePair>)",186,-1.0,-1.0,2891,0,-1.0,2827,0,-1.0,2844,0,-1.0,2869,0,0,-1.0,2850,0
ore_ont_16076.owl,"SubClassOf(<http://semanticscience.org/mRNA> <http://semanticscience.org/RNA>)",186,-1.0,-1.0,2876,0,-1.0,3147,0,-1.0,2905,0,-1.0,3030,0,0,-1.0,2905,0
ore_ont_16076.owl,"SubClassOf(<http://semanticscience.org/Hexose> <http://semanticscience.org/Monosaccharide>)",186,-1.0,-1.0,3080,0,-1.0,2861,0,-1.0,2992,0,-1.0,2880,0,0,-1.0,2865,0
ore_ont_16076.owl,"SubClassOf(<http://semanticscience.org/BifurcatedFace> <http://semanticscience.org/NucleotideFace>)",186,-1.0,-1.0,2929,0,-1.0,2894,0,-1.0,2885,0,-1.0,2915,0,0,-1.0,2865,0
ore_ont_16076.owl,"SubClassOf(<http://semanticscience.org/GTP> <http://semanticscience.org/Ribonucleotide>)",186,-1.0,-1.0,2895,0,-1.0,2885,0,-1.0,2861,0,-1.0,2863,0,0,-1.0,2929,0
ore_ont_16076.owl,"SubClassOf(<http://semanticscience.org/Ribonucleotide> <http://semanticscience.org/Nucleotide>)",186,-1.0,-1.0,2868,0,-1.0,2866,0,-1.0,2880,0,-1.0,2828,0,0,-1.0,2876,0
ore_ont_7270.owl,"SubClassOf(<http://www.lia.deis.unibo.it/research/MIDAS/Ontologies/MIDAS_Preference.owl#ValuePreference> <http://www.lia.deis.unibo.it/research/MIDAS/Ontologies/MIDAS_Preference.owl#Preference>)",99,-1.0,-1.0,2857,0,-1.0,2835,0,-1.0,2856,0,-1.0,2843,0,0,-1.0,2849,0
ore_ont_7270.owl,"SubClassOf(<http://www.lia.deis.unibo.it/research/MIDAS/Ontologies/ZefiroRequest.owl#ExampleCapability> <http://www.lia.deis.unibo.it/research/MIDAS/Ontologies/MIDAS_Profile.owl#Capability>)",99,133.7,135.20000000000002,8403,45,135.20000000000002,5580,44,135.20000000000002,5922,38,132.5,4908,39,2,135.20000000000002,9157,43
ore_ont_7270.owl,"SubClassOf(<http://www.lia.deis.unibo.it/research/MIDAS/Ontologies/TFLEOntology.owl#Cottage_Rental> <http://www.lia.deis.unibo.it/research/MIDAS/Ontologies/TFLEOntology.owl#Hotel_Motel_Inn>)",99,-1.0,-1.0,2859,0,-1.0,2802,0,-1.0,2853,0,-1.0,2808,0,0,-1.0,2802,0
ore_ont_7270.owl,"SubClassOf(<http://www.lia.deis.unibo.it/research/MIDAS/Ontologies/TFLEOntology.owl#Restaurant> <http://www.lia.deis.unibo.it/research/MIDAS/Ontologies/TFLEOntology.owl#Eating_Establishment>)",99,-1.0,-1.0,2832,0,-1.0,2942,0,-1.0,2838,0,-1.0,2809,0,0,-1.0,2830,0
ore_ont_7270.owl,"SubClassOf(<http://www.lia.deis.unibo.it/research/MIDAS/Ontologies/MIDAS_Request.owl#Request_Profile> <http://www.lia.deis.unibo.it/research/MIDAS/Ontologies/MIDAS_Profile.owl#Profile>)",99,43.5,43.800000000000004,6008,43,42.0,5547,39,43.800000000000004,5634,37,42.0,4915,41,3,43.800000000000004,6417,49
ore_ont_7270.owl,"SubClassOf(<http://www.lia.deis.unibo.it/research/MIDAS/Ontologies/TFLEOntology.owl#Catering> <http://www.lia.deis.unibo.it/research/MIDAS/Ontologies/TFLEOntology.owl#Banquet_Catering>)",99,-1.0,-1.0,2848,0,-1.0,2857,0,-1.0,2819,0,-1.0,2823,0,0,-1.0,2821,0
ore_ont_7270.owl,"SubClassOf(<http://www.lia.deis.unibo.it/research/MIDAS/Ontologies/TFLEOntology.owl#Campsites> <http://www.lia.deis.unibo.it/research/MIDAS/Ontologies/TFLEOntology.owl#Camping_Wilderness>)",99,-1.0,-1.0,2875,0,-1.0,2841,0,-1.0,2829,0,-1.0,2818,0,0,-1.0,2819,0
ore_ont_7270.owl,"SubClassOf(<http://www.lia.deis.unibo.it/research/MIDAS/Ontologies/TFLEOntology.owl#Hotel_Motel_Inn> <http://www.lia.deis.unibo.it/research/MIDAS/Ontologies/TFLEOntology.owl#Hotel_Meeting_Facilities>)",99,-1.0,-1.0,2845,0,-1.0,2799,0,-1.0,2808,0,-1.0,2808,0,0,-1.0,2785,0
ore_ont_7270.owl,"SubClassOf(<http://www.lia.deis.unibo.it/research/MIDAS/Ontologies/TFLEOntology.owl#Banquet_Catering> <http://www.lia.deis.unibo.it/research/MIDAS/Ontologies/TFLEOntology.owl#Restaurant_Catering>)",99,-1.0,-1.0,2824,0,-1.0,2803,0,-1.0,2808,0,-1.0,2783,0,0,-1.0,2798,0
ore_ont_7270.owl,"SubClassOf(<http://www.absoluteiri.edu/RELAPPROXC153> <http://www.absoluteiri.edu/RELAPPROXC134>)",99,-1.0,-1.0,2820,0,-1.0,2785,0,-1.0,2837,0,-1.0,2814,0,0,-1.0,2803,0
ore_ont_13643.owl,"SubClassOf(<http://www.bioassayontology.org/bao#BAO_0002374> <http://www.bioassayontology.org/bao#BAO_0002094>)",181,30.199999999999996,12.8,6059,45,15.999999999999998,5178,41,12.8,5594,45,15.999999999999998,4905,44,2,12.8,6723,40
ore_ont_13643.owl,"SubClassOf(<http://www.bioassayontology.org/bao#BAO_0002379> <http://www.bioassayontology.org/bao#BAO_0002374>)",181,-1.0,-1.0,2862,0,-1.0,2833,0,-1.0,2831,0,-1.0,2815,0,0,-1.0,2828,0
ore_ont_13643.owl,"SubClassOf(<http://www.bioassayontology.org/bao#BAO_0002330> <http://www.bioassayontology.org/bao#BAO_0002329>)",181,-1.0,-1.0,2832,0,-1.0,2838,0,-1.0,2848,0,-1.0,2820,0,0,-1.0,2908,0
ore_ont_13643.owl,"SubClassOf(<http://www.bioassayontology.org/bao#BAO_0002273> <http://www.bioassayontology.org/bao#BAO_0002272>)",181,-1.0,-1.0,2842,0,-1.0,2830,0,-1.0,2836,0,-1.0,2844,0,0,-1.0,2800,0
ore_ont_13643.owl,"SubClassOf(<http://www.bioassayontology.org/bao#BAO_0002343> <http://www.bioassayontology.org/bao#BAO_0002341>)",181,-1.0,-1.0,2838,0,-1.0,2871,0,-1.0,2838,0,-1.0,2845,0,0,-1.0,2843,0
ore_ont_13643.owl,"SubClassOf(<http://www.bioassayontology.org/bao#BAO_0002209> <http://www.bioassayontology.org/bao#BAO_0002206>)",181,-1.0,-1.0,2850,0,-1.0,2854,0,-1.0,2834,0,-1.0,2873,0,0,-1.0,2848,0
ore_ont_13643.owl,"SubClassOf(<http://www.bioassayontology.org/bao#BAO_0002297> <http://www.bioassayontology.org/bao#BAO_0002282>)",181,16.900000000000002,4.6,5442,43,9.4,5287,45,4.6,5451,40,4.6,4894,42,1,4.6,5845,41
ore_ont_13643.owl,"SubClassOf(<http://www.bioassayontology.org/bao#BAO_0002340> <http://www.bioassayontology.org/bao#BAO_0002336>)",181,-1.0,-1.0,2889,0,-1.0,2860,0,-1.0,2873,0,-1.0,2842,0,0,-1.0,2845,0
ore_ont_13643.owl,"SubClassOf(<http://www.bioassayontology.org/bao#BAO_0002272> <http://www.bioassayontology.org/bao#BAO_0002269>)",181,-1.0,-1.0,2871,0,-1.0,2829,0,-1.0,2826,0,-1.0,2946,0,0,-1.0,2843,0
ore_ont_13643.owl,"SubClassOf(<http://www.bioassayontology.org/bao#BAO_0002272> <http://www.bioassayontology.org/bao#BAO_0002248>)",181,17.8,9.4,5339,40,5.5,5215,42,9.4,5311,39,5.5,4919,48,3,9.4,5690,42
ore_ont_6735.owl,"SubClassOf(<http://purl.obolibrary.org/obo/sep_00121> <http://purl.obolibrary.org/obo/sep_00118>)",213,-1.0,-1.0,2842,0,-1.0,2844,0,-1.0,2843,0,-1.0,2855,0,0,-1.0,3048,0
ore_ont_6735.owl,"SubClassOf(<http://purl.obolibrary.org/obo/sep_00086> <http://purl.obolibrary.org/obo/sep_00013>)",213,-1.0,-1.0,2846,0,-1.0,2850,0,-1.0,3037,0,-1.0,2855,0,0,-1.0,2841,0
ore_ont_6735.owl,"SubClassOf(<http://purl.obolibrary.org/obo/sep_00160> <http://purl.obolibrary.org/obo/sep_00101>)",213,40.7,12.399999999999999,5329,54,24.700000000000003,5237,53,12.399999999999999,5351,43,24.700000000000003,4936,49,1,12.399999999999999,5777,46
ore_ont_6735.owl,"SubClassOf(<http://purl.obolibrary.org/obo/sep_00030> <http://purl.obolibrary.org/obo/sep_00004>)",213,41.5,16.799999999999997,5845,45,27.6,5292,46,16.799999999999997,5598,52,13.299999999999999,4965,46,1,16.799999999999997,6493,47
ore_ont_6735.owl,"SubClassOf(<http://purl.obolibrary.org/obo/sep_00118> <http://purl.obolibrary.org/obo/sep_00076>)",213,59.8,40.900000000000006,5704,52,17.5,5215,45,40.900000000000006,5553,43,40.900000000000006,4942,46,1,40.900000000000006,6400,48
ore_ont_6735.owl,"SubClassOf(<http://purl.obolibrary.org/obo/sep_00213> <http://purl.obolibrary.org/obo/sep_00210>)",213,-1.0,-1.0,2850,0,-1.0,2810,0,-1.0,2855,0,-1.0,2822,0,0,-1.0,2839,0
ore_ont_6735.owl,"SubClassOf(<http://purl.obolibrary.org/obo/sep_00053> <http://purl.obolibrary.org/obo/sep_00048>)",213,-1.0,-1.0,2839,0,-1.0,2826,0,-1.0,2816,0,-1.0,2830,0,0,-1.0,2818,0
ore_ont_6735.owl,"SubClassOf(<http://purl.obolibrary.org/obo/sep_00013> <http://purl.obolibrary.org/obo/sep_00078>)",213,-1.0,-1.0,2835,0,-1.0,2829,0,-1.0,2831,0,-1.0,2842,0,0,-1.0,2883,0
ore_ont_6735.owl,"SubClassOf(<http://purl.obolibrary.org/obo/sep_00165> <http://purl.obolibrary.org/obo/sep_00160>)",213,-1.0,-1.0,2874,0,-1.0,2830,0,-1.0,2840,0,-1.0,2804,0,0,-1.0,2825,0
ore_ont_6735.owl,"SubClassOf(<http://purl.obolibrary.org/obo/sep_00096> <http://purl.obolibrary.org/obo/sep_00075>)",213,-1.0,-1.0,2838,0,-1.0,2834,0,-1.0,2806,0,-1.0,2825,0,0,-1.0,2843,0
ore_ont_3082.owl,"SubClassOf(<http://ontology.dumontierlab.com/biological-measure-primitive-1.0.owl#MontgomeryAsbergDepressionRating> <http://ontology.dumontierlab.com/biological-measure-primitive-1.0.owl#DepressionMeasure>)",120,29.8,10.3,5296,41,18.300000000000004,5226,45,10.3,5326,43,10.3,4876,44,3,10.3,5679,47
ore_ont_3082.owl,"SubClassOf(<http://ontology.dumontierlab.com/biological-measure-primitive-1.0.owl#CoagulationProfile> <http://ontology.dumontierlab.com/biological-measure-primitive-1.0.owl#TissueMeasure>)",120,-1.0,-1.0,2812,0,-1.0,2816,0,-1.0,2793,0,-1.0,2799,0,0,-1.0,2786,0
ore_ont_3082.owl,"SubClassOf(<http://ontology.dumontierlab.com/biological-measure-primitive-1.0.owl#SatietyDifference> <http://ontology.dumontierlab.com/biological-measure-primitive-1.0.owl#SatietyMeasure>)",120,-1.0,-1.0,2893,0,-1.0,2819,0,-1.0,2808,0,-1.0,2807,0,0,-1.0,2806,0
ore_ont_3082.owl,"SubClassOf(<http://ontology.dumontierlab.com/biological-measure-primitive-1.0.owl#RemissionFrequency> <http://ontology.dumontierlab.com/biological-measure-primitive-1.0.owl#ClinicalOutcomeMeasure>)",120,21.4,4.9,5250,41,11.5,5225,42,4.9,5255,48,11.5,4928,44,2,4.9,5724,46
ore_ont_3082.owl,"SubClassOf(<http://ontology.dumontierlab.com/biological-measure-primitive-1.0.owl#HighRemissionOddsRatio> <http://ontology.dumontierlab.com/biological-measure-primitive-1.0.owl#RemissionOddsRatio>)",120,-1.0,-1.0,2819,0,-1.0,2812,0,-1.0,2868,0,-1.0,2838,0,0,-1.0,2833,0
ore_ont_3082.owl,"SubClassOf(<http://ontology.dumontierlab.com/biological-measure-primitive-1.0.owl#ModerateReductionInHamiltonAnxietyScore> <http://ontology.dumontierlab.com/biological-measure-primitive-1.0.owl#HamiltonAnxietyScoreDifference>)",120,-1.0,-1.0,2879,0,-1.0,2838,0,-1.0,2871,0,-1.0,2846,0,0,-1.0,2826,0
ore_ont_3082.owl,"SubClassOf(<http://ontology.dumontierlab.com/biological-measure-primitive-1.0.owl#TissueMeasure> <http://ontology.dumontierlab.com/biological-measure-primitive-1.0.owl#BiologicalMeasure>)",120,-1.0,-1.0,2926,0,-1.0,2798,0,-1.0,2813,0,-1.0,2834,0,0,-1.0,2838,0
ore_ont_3082.owl,"SubClassOf(<http://ontology.dumontierlab.com/biological-measure-primitive-1.0.owl#BloodPressure> <http://ontology.dumontierlab.com/biological-measure-primitive-1.0.owl#BiophysicalMeasure>)",120,-1.0,-1.0,2834,0,-1.0,2815,0,-1.0,2832,0,-1.0,2863,0,0,-1.0,2835,0
ore_ont_3082.owl,"SubClassOf(<http://ontology.dumontierlab.com/biological-measure-primitive-1.0.owl#ModerateRemission> <http://ontology.dumontierlab.com/biological-measure-primitive-1.0.owl#RemissionFrequency>)",120,-1.0,-1.0,2906,0,-1.0,2880,0,-1.0,2866,0,-1.0,2851,0,0,-1.0,2876,0
ore_ont_3082.owl,"SubClassOf(<http://ontology.dumontierlab.com/biological-measure-primitive-1.0.owl#IncreasedGeneExpression> <http://ontology.dumontierlab.com/biological-measure-primitive-1.0.owl#GeneExpressionDifference>)",120,-1.0,-1.0,2887,0,-1.0,2854,0,-1.0,2894,0,-1.0,2971,0,0,-1.0,2857,0
ore_ont_9031.owl,"SubClassOf(<http://purl.obolibrary.org/obo/MFOEM_000188> <http://purl.obolibrary.org/obo/MFOEM_000183>)",216,-1.0,-1.0,2883,0,-1.0,2830,0,-1.0,2865,0,-1.0,2966,0,0,-1.0,2901,0
ore_ont_9031.owl,"SubClassOf(<http://purl.obolibrary.org/obo/MFOEM_000080> <http://purl.obolibrary.org/obo/MFOEM_000006>)",216,-1.0,-1.0,2884,0,-1.0,2825,0,-1.0,2841,0,-1.0,2832,0,0,-1.0,2838,0
ore_ont_9031.owl,"SubClassOf(<http://purl.obolibrary.org/obo/MFOEM_000045> <http://purl.obolibrary.org/obo/MFOEM_000042>)",216,-1.0,-1.0,2896,0,-1.0,2837,0,-1.0,2856,0,-1.0,2940,0,0,-1.0,2853,0
ore_ont_9031.owl,"SubClassOf(<http://purl.obolibrary.org/obo/MFOEM_000174> <http://purl.obolibrary.org/obo/MFOEM_000125>)",216,-1.0,-1.0,2877,0,-1.0,2839,0,-1.0,2861,0,-1.0,2891,0,0,-1.0,2893,0
ore_ont_9031.owl,"SubClassOf(<http://purl.obolibrary.org/obo/MFOEM_000152> <http://purl.obolibrary.org/obo/MFOEM_000004>)",216,-1.0,-1.0,2844,0,-1.0,2865,0,-1.0,2858,0,-1.0,2840,0,0,-1.0,2858,0
ore_ont_9031.owl,"SubClassOf(<http://purl.obolibrary.org/obo/MFOEM_000183> <http://purl.obolibrary.org/obo/MFOEM_000152>)",216,-1.0,-1.0,2865,0,-1.0,2837,0,-1.0,2832,0,-1.0,2853,0,0,-1.0,2846,0
ore_ont_9031.owl,"SubClassOf(<http://purl.obolibrary.org/obo/MFOEM_000042> <http://purl.obolibrary.org/obo/MFOEM_000001>)",216,-1.0,-1.0,2872,0,-1.0,2870,0,-1.0,2861,0,-1.0,2851,0,0,-1.0,2869,0
ore_ont_9031.owl,"SubClassOf(<http://purl.obolibrary.org/obo/MFOEM_000075> <http://purl.obolibrary.org/obo/MFOEM_000005>)",216,-1.0,-1.0,2854,0,-1.0,2841,0,-1.0,2834,0,-1.0,2847,0,0,-1.0,2839,0
ore_ont_9031.owl,"SubClassOf(<http://purl.obolibrary.org/obo/MFOEM_000144> <http://purl.obolibrary.org/obo/MFOEM_000003>)",216,-1.0,-1.0,2845,0,-1.0,2816,0,-1.0,2831,0,-1.0,2862,0,0,-1.0,2816,0
ore_ont_9031.owl,"SubClassOf(<http://purl.obolibrary.org/obo/MFOEM_000190> <http://purl.obolibrary.org/obo/MFOEM_000174>)",216,-1.0,-1.0,2879,0,-1.0,2815,0,-1.0,2816,0,-1.0,2850,0,0,-1.0,2843,0
ore_ont_13530.owl,"SubClassOf(<http://purl.obolibrary.org/obo/GRO_0007132> <http://purl.obolibrary.org/obo/GRO_0007124>)",235,-1.0,-1.0,2863,0,-1.0,2829,0,-1.0,2845,0,-1.0,2833,0,0,-1.0,2853,0
ore_ont_13530.owl,"SubClassOf(<http://purl.obolibrary.org/obo/GRO_0007058> <http://purl.obolibrary.org/obo/GRO_0007156>)",235,-1.0,-1.0,2863,0,-1.0,2832,0,-1.0,2830,0,-1.0,2838,0,0,-1.0,2832,0
ore_ont_13530.owl,"SubClassOf(<http://purl.obolibrary.org/obo/GRO_0007185> <http://purl.obolibrary.org/obo/GRO_0007160>)",235,-1.0,-1.0,2850,0,-1.0,2842,0,-1.0,2827,0,-1.0,2830,0,0,-1.0,2818,0
ore_ont_13530.owl,"SubClassOf(<http://purl.obolibrary.org/obo/GRO_0007086> <http://purl.obolibrary.org/obo/GRO_0007080>)",235,-1.0,-1.0,2847,0,-1.0,2857,0,-1.0,2868,0,-1.0,2869,0,0,-1.0,2858,0
ore_ont_13530.owl,"SubClassOf(<http://purl.obolibrary.org/obo/GRO_0007119> <http://purl.obolibrary.org/obo/GRO_0007114>)",235,-1.0,-1.0,2876,0,-1.0,2880,0,-1.0,2888,0,-1.0,2895,0,0,-1.0,2841,0
ore_ont_13530.owl,"SubClassOf(<http://purl.obolibrary.org/obo/GRO_0007174> <http://purl.obolibrary.org/obo/GRO_0007137>)",235,-1.0,-1.0,2909,0,-1.0,2892,0,-1.0,2918,0,-1.0,2823,0,0,-1.0,2855,0
ore_ont_13530.owl,"SubClassOf(<http://purl.obolibrary.org/obo/GRO_0007064> <http://purl.obolibrary.org/obo/GRO_0007058>)",235,-1.0,-1.0,2888,0,-1.0,2827,0,-1.0,2820,0,-1.0,2879,0,0,-1.0,2859,0
ore_ont_13530.owl,"SubClassOf(<http://purl.obolibrary.org/obo/GRO_0007196> <http://purl.obolibrary.org/obo/GRO_0007157>)",235,-1.0,-1.0,2881,0,-1.0,2877,0,-1.0,2889,0,-1.0,2849,0,0,-1.0,2816,0
ore_ont_13530.owl,"SubClassOf(<http://purl.obolibrary.org/obo/GRO_0007075> <http://purl.obolibrary.org/obo/GRO_0007069>)",235,-1.0,-1.0,2869,0,-1.0,2828,0,-1.0,2822,0,-1.0,2812,0,0,-1.0,2822,0
ore_ont_13530.owl,"SubClassOf(<http://purl.obolibrary.org/obo/GRO_0007012> <http://purl.obolibrary.org/obo/GRO_0007002>)",235,-1.0,-1.0,2872,0,-1.0,2832,0,-1.0,2821,0,-1.0,2814,0,0,-1.0,2825,0
ore_ont_3463.owl,"SubClassOf(<https://raw.github.com/ontohub/OOR_Ontohub_API/master/Domain_Fields_Core.owl#Sport> <https://raw.github.com/ontohub/OOR_Ontohub_API/master/Domain_Fields_Core.owl#Personal_services>)",122,-1.0,-1.0,2866,0,-1.0,2847,0,-1.0,2823,0,-1.0,2837,0,0,-1.0,2824,0
ore_ont_3463.owl,"SubClassOf(<https://raw.github.com/ontohub/OOR_Ontohub_API/master/Domain_Fields_Core.owl#Motor_vehicle_ship_and_aircraft> <https://raw.github.com/ontohub/OOR_Ontohub_API/master/Domain_Fields_Core.owl#Engineering_and_engineering_trade>)",122,-1.0,-1.0,2828,0,-1.0,2817,0,-1.0,2796,0,-1.0,2815,0,0,-1.0,2799,0
ore_ont_3463.owl,"SubClassOf(<https://raw.github.com/ontohub/OOR_Ontohub_API/master/Domain_Fields_Core.owl#Personal_services> <https://raw.github.com/ontohub/OOR_Ontohub_API/master/Domain_Fields_Core.owl#Services>)",122,-1.0,-1.0,2844,0,-1.0,2821,0,-1.0,2832,0,-1.0,2815,0,0,-1.0,2830,0
ore_ont_3463.owl,"SubClassOf(<https://raw.github.com/ontohub/OOR_Ontohub_API/master/Domain_Fields_Core.owl#Business_and_administration> <https://raw.github.com/ontohub/OOR_Ontohub_API/master/Domain_Fields_Core.owl#Domain_Field>)",122,12.899999999999999,3.8000000000000003,5379,44,6.799999999999999,5186,42,3.8000000000000003,5319,44,3.8000000000000003,4926,43,1,3.8000000000000003,5660,44
ore_ont_3463.owl,"SubClassOf(<https://raw.github.com/ontohub/OOR_Ontohub_API/master/Domain_Fields_Core.owl#Physical_science> <https://raw.github.com/ontohub/OOR_Ontohub_API/master/Domain_Fields_Core.owl#Natural_science_mathematics_and_statistics>)",122,-1.0,-1.0,2838,0,-1.0,2823,0,-1.0,2799,0,-1.0,2801,0,0,-1.0,2817,0
ore_ont_3463.owl,"SubClassOf(<https://raw.github.com/ontohub/OOR_Ontohub_API/master/Domain_Fields_Core.owl#Economics> <https://raw.github.com/ontohub/OOR_Ontohub_API/master/Domain_Fields_Core.owl#Social_and_behavioural_science>)",122,-1.0,-1.0,2847,0,-1.0,2832,0,-1.0,2793,0,-1.0,2811,0,0,-1.0,2807,0
ore_ont_3463.owl,"SubClassOf(<https://raw.github.com/ontohub/OOR_Ontohub_API/master/Domain_Fields_Core.owl#Management_and_administration> <https://raw.github.com/ontohub/OOR_Ontohub_API/master/Domain_Fields_Core.owl#Business_and_administration>)",122,-1.0,-1.0,2857,0,-1.0,2809,0,-1.0,2830,0,-1.0,2803,0,0,-1.0,2818,0
ore_ont_3463.owl,"SubClassOf(<https://raw.github.com/ontohub/OOR_Ontohub_API/master/Domain_Fields_Core.owl#Medical_diagnostic_and_treatment_technology> <https://raw.github.com/ontohub/OOR_Ontohub_API/master/Domain_Fields_Core.owl#Health>)",122,-1.0,-1.0,2828,0,-1.0,2815,0,-1.0,2810,0,-1.0,2824,0,0,-1.0,2837,0
ore_ont_3463.owl,"SubClassOf(<https://raw.github.com/ontohub/OOR_Ontohub_API/master/Domain_Fields_Core.owl#Fine_arts> <https://raw.github.com/ontohub/OOR_Ontohub_API/master/Domain_Fields_Core.owl#Arts>)",122,-1.0,-1.0,2853,0,-1.0,2809,0,-1.0,2821,0,-1.0,2796,0,0,-1.0,2802,0
ore_ont_3463.owl,"SubClassOf(<https://raw.github.com/ontohub/OOR_Ontohub_API/master/Domain_Fields_Core.owl#Material_processing> <https://raw.github.com/ontohub/OOR_Ontohub_API/master/Domain_Fields_Core.owl#ManufacturingAndProcessing>)",122,-1.0,-1.0,2823,0,-1.0,2813,0,-1.0,2791,0,-1.0,2801,0,0,-1.0,2795,0
ore_ont_5090.owl,"SubClassOf(<http://purl.obolibrary.org/obo/XEO_00050> <http://purl.obolibrary.org/obo/XEO_00004>)",237,58.8,48.5,5418,50,41.39999999999999,5295,54,48.5,5380,66,41.39999999999999,4932,49,1,48.5,5803,58
ore_ont_5090.owl,"SubClassOf(<http://purl.obolibrary.org/obo/XEO_00054> <http://purl.obolibrary.org/obo/XEO_00049>)",237,-1.0,-1.0,2842,0,-1.0,2829,0,-1.0,2831,0,-1.0,2798,0,0,-1.0,2849,0
ore_ont_5090.owl,"SubClassOf(<http://purl.obolibrary.org/obo/XEO_00127> <http://purl.obolibrary.org/obo/XEO_00005>)",237,-1.0,-1.0,2859,0,-1.0,2820,0,-1.0,2822,0,-1.0,2834,0,0,-1.0,2818,0
ore_ont_5090.owl,"SubClassOf(<http://purl.obolibrary.org/obo/XEO_00135> <http://purl.obolibrary.org/obo/XEO_00002>)",237,31.099999999999994,29.0,5362,60,27.999999999999996,5229,52,29.0,5380,53,27.999999999999996,4939,49,3,29.0,5831,49
ore_ont_5090.owl,"SubClassOf(<http://purl.obolibrary.org/obo/XEO_00081> <http://purl.obolibrary.org/obo/XEO_00050>)",237,-1.0,-1.0,2865,0,-1.0,2813,0,-1.0,2811,0,-1.0,2806,0,0,-1.0,2812,0
ore_ont_5090.owl,"SubClassOf(<http://purl.obolibrary.org/obo/XEO_00135> <http://purl.obolibrary.org/obo/XEO_00005>)",237,-1.0,-1.0,2856,0,-1.0,2918,0,-1.0,2877,0,-1.0,2835,0,0,-1.0,2839,0
ore_ont_5090.owl,"SubClassOf(<http://purl.obolibrary.org/obo/XEO_00067> <http://purl.obolibrary.org/obo/XEO_00054>)",237,-1.0,-1.0,2847,0,-1.0,2841,0,-1.0,2840,0,-1.0,2846,0,0,-1.0,2859,0
ore_ont_5090.owl,"SubClassOf(<http://purl.obolibrary.org/obo/XEO_00119> <http://purl.obolibrary.org/obo/XEO_00046>)",237,-1.0,-1.0,2883,0,-1.0,2859,0,-1.0,2860,0,-1.0,2862,0,0,-1.0,2838,0
ore_ont_5090.owl,"SubClassOf(<http://purl.obolibrary.org/obo/XEO_00152> <http://purl.obolibrary.org/obo/XEO_00005>)",237,-1.0,-1.0,2898,0,-1.0,2858,0,-1.0,2863,0,-1.0,2880,0,0,-1.0,2877,0
ore_ont_5090.owl,"SubClassOf(<http://purl.obolibrary.org/obo/XEO_00171> <http://purl.obolibrary.org/obo/XEO_00237>)",237,-1.0,-1.0,2879,0,-1.0,2877,0,-1.0,2888,0,-1.0,2900,0,0,-1.0,2849,0
ore_ont_10536.owl,"SubClassOf(<http://www.absoluteiri.edu/RELAPPROXC198> <http://www.absoluteiri.edu/RELAPPROXC197>)",191,-1.0,-1.0,2866,0,-1.0,2846,0,-1.0,2847,0,-1.0,2850,0,0,-1.0,2867,0
ore_ont_10536.owl,"SubClassOf(<http://www.absoluteiri.edu/RELAPPROXC196> <http://www.absoluteiri.edu/RELAPPROXC195>)",191,-1.0,-1.0,2846,0,-1.0,2874,0,-1.0,2838,0,-1.0,2855,0,0,-1.0,2848,0
ore_ont_10536.owl,"SubClassOf(<http://www.absoluteiri.edu/RELAPPROXC196> <http://www.absoluteiri.edu/RELAPPROXC199>)",191,-1.0,-1.0,2898,0,-1.0,2901,0,-1.0,2861,0,-1.0,2840,0,0,-1.0,2809,0
ore_ont_10536.owl,"SubClassOf(<http://www.absoluteiri.edu/RELAPPROXC194> <http://www.absoluteiri.edu/RELAPPROXC197>)",191,-1.0,-1.0,2822,0,-1.0,2839,0,-1.0,2816,0,-1.0,2820,0,0,-1.0,2808,0
ore_ont_2876.owl,"SubClassOf(<file:/media/owl/Seagate%20Expansion%20Drive/mowlcorp_rep/mowlcorp_2014.10.07_orig/files/15142ae8-c9b2-4e1a-ac58-284d3db0504a_CIDOC1.rdf#E65.Conceptual_Creation> <file:/media/owl/Seagate%20Expansion%20Drive/mowlcorp_rep/mowlcorp_2014.10.07_orig/files/15142ae8-c9b2-4e1a-ac58-284d3db0504a_CIDOC1.rdf#E63.Beginning_of_Existence>)",93,-1.0,-1.0,2823,0,-1.0,2807,0,-1.0,2813,0,-1.0,2917,0,0,-1.0,2836,0
ore_ont_2876.owl,"SubClassOf(<file:/media/owl/Seagate%20Expansion%20Drive/mowlcorp_rep/mowlcorp_2014.10.07_orig/files/15142ae8-c9b2-4e1a-ac58-284d3db0504a_CIDOC1.rdf#E44.Place_Appellation> <file:/media/owl/Seagate%20Expansion%20Drive/mowlcorp_rep/mowlcorp_2014.10.07_orig/files/15142ae8-c9b2-4e1a-ac58-284d3db0504a_CIDOC1.rdf#E41.Appellation>)",93,-1.0,-1.0,2813,0,-1.0,2812,0,-1.0,2799,0,-1.0,2844,0,0,-1.0,2804,0
ore_ont_2876.owl,"SubClassOf(<file:/media/owl/Seagate%20Expansion%20Drive/mowlcorp_rep/mowlcorp_2014.10.07_orig/files/15142ae8-c9b2-4e1a-ac58-284d3db0504a_CIDOC1.rdf#E13.Attribute_Assignment> <file:/media/owl/Seagate%20Expansion%20Drive/mowlcorp_rep/mowlcorp_2014.10.07_orig/files/15142ae8-c9b2-4e1a-ac58-284d3db0504a_CIDOC1.rdf#E7.Activity>)",93,-1.0,-1.0,2850,0,-1.0,2799,0,-1.0,2797,0,-1.0,2796,0,0,-1.0,2796,0
ore_ont_2876.owl,"SubClassOf(<file:/media/owl/Seagate%20Expansion%20Drive/mowlcorp_rep/mowlcorp_2014.10.07_orig/files/15142ae8-c9b2-4e1a-ac58-284d3db0504a_CIDOC1.rdf#E24.Physical_Man-Made_Stuff> <file:/media/owl/Seagate%20Expansion%20Drive/mowlcorp_rep/mowlcorp_2014.10.07_orig/files/15142ae8-c9b2-4e1a-ac58-284d3db0504a_CIDOC1.rdf#E18.Physical_Stuff>)",93,-1.0,-1.0,2846,0,-1.0,2836,0,-1.0,2816,0,-1.0,2817,0,0,-1.0,2823,0
ore_ont_2876.owl,"SubClassOf(<file:/media/owl/Seagate%20Expansion%20Drive/mowlcorp_rep/mowlcorp_2014.10.07_orig/files/15142ae8-c9b2-4e1a-ac58-284d3db0504a_CIDOC1.rdf#E7.Activity> <file:/media/owl/Seagate%20Expansion%20Drive/mowlcorp_rep/mowlcorp_2014.10.07_orig/files/15142ae8-c9b2-4e1a-ac58-284d3db0504a_CIDOC1.rdf#E1.CRM_Entity>)",93,37.1,22.9,5683,50,22.9,5164,50,21.799999999999997,5695,50,19.700000000000003,4906,45,1,22.9,6145,51
ore_ont_2876.owl,"SubClassOf(<file:/media/owl/Seagate%20Expansion%20Drive/mowlcorp_rep/mowlcorp_2014.10.07_orig/files/15142ae8-c9b2-4e1a-ac58-284d3db0504a_CIDOC1.rdf#E57.Material> <file:/media/owl/Seagate%20Expansion%20Drive/mowlcorp_rep/mowlcorp_2014.10.07_orig/files/15142ae8-c9b2-4e1a-ac58-284d3db0504a_CIDOC1.rdf#E55.Type>)",93,-1.0,-1.0,2881,0,-1.0,2836,0,-1.0,2813,0,-1.0,2791,0,0,-1.0,2850,0
ore_ont_2876.owl,"SubClassOf(<file:/media/owl/Seagate%20Expansion%20Drive/mowlcorp_rep/mowlcorp_2014.10.07_orig/files/15142ae8-c9b2-4e1a-ac58-284d3db0504a_CIDOC1.rdf#E7.Activity> <file:/media/owl/Seagate%20Expansion%20Drive/mowlcorp_rep/mowlcorp_2014.10.07_orig/files/15142ae8-c9b2-4e1a-ac58-284d3db0504a_CIDOC1.rdf#E5.Event>)",93,-1.0,-1.0,2848,0,-1.0,2838,0,-1.0,2829,0,-1.0,2847,0,0,-1.0,2837,0
ore_ont_2876.owl,"SubClassOf(<file:/media/owl/Seagate%20Expansion%20Drive/mowlcorp_rep/mowlcorp_2014.10.07_orig/files/15142ae8-c9b2-4e1a-ac58-284d3db0504a_CIDOC1.rdf#E36.Visual_Item> <file:/media/owl/Seagate%20Expansion%20Drive/mowlcorp_rep/mowlcorp_2014.10.07_orig/files/15142ae8-c9b2-4e1a-ac58-284d3db0504a_CIDOC1.rdf#E73.Information_Object>)",93,-1.0,-1.0,2886,0,-1.0,2843,0,-1.0,2822,0,-1.0,2810,0,0,-1.0,2815,0
ore_ont_2876.owl,"SubClassOf(<file:/media/owl/Seagate%20Expansion%20Drive/mowlcorp_rep/mowlcorp_2014.10.07_orig/files/15142ae8-c9b2-4e1a-ac58-284d3db0504a_CIDOC1.rdf#E15.Identifier_Assignment> <file:/media/owl/Seagate%20Expansion%20Drive/mowlcorp_rep/mowlcorp_2014.10.07_orig/files/15142ae8-c9b2-4e1a-ac58-284d3db0504a_CIDOC1.rdf#E13.Attribute_Assignment>)",93,-1.0,-1.0,2828,0,-1.0,2809,0,-1.0,2806,0,-1.0,2800,0,0,-1.0,2798,0
ore_ont_2876.owl,"SubClassOf(<file:/media/owl/Seagate%20Expansion%20Drive/mowlcorp_rep/mowlcorp_2014.10.07_orig/files/15142ae8-c9b2-4e1a-ac58-284d3db0504a_CIDOC1.rdf#E45.Address> <file:/media/owl/Seagate%20Expansion%20Drive/mowlcorp_rep/mowlcorp_2014.10.07_orig/files/15142ae8-c9b2-4e1a-ac58-284d3db0504a_CIDOC1.rdf#E44.Place_Appellation>)",93,-1.0,-1.0,2810,0,-1.0,2794,0,-1.0,2812,0,-1.0,2800,0,0,-1.0,2815,0
ore_ont_15145.owl,"SubClassOf(<file:/media/owl/Seagate%20Expansion%20Drive/mowlcorp_rep/mowlcorp_2014.10.07_orig/files/75a65645-51c9-4fe9-9f71-443fde726c1a__v5.0.1__.rdfs#E65_> <file:/media/owl/Seagate%20Expansion%20Drive/mowlcorp_rep/mowlcorp_2014.10.07_orig/files/75a65645-51c9-4fe9-9f71-443fde726c1a__v5.0.1__.rdfs#E63_>)",98,-1.0,-1.0,2832,0,-1.0,2786,0,-1.0,2797,0,-1.0,2796,0,0,-1.0,2803,0
ore_ont_15145.owl,"SubClassOf(<file:/media/owl/Seagate%20Expansion%20Drive/mowlcorp_rep/mowlcorp_2014.10.07_orig/files/75a65645-51c9-4fe9-9f71-443fde726c1a__v5.0.1__.rdfs#E45_> <file:/media/owl/Seagate%20Expansion%20Drive/mowlcorp_rep/mowlcorp_2014.10.07_orig/files/75a65645-51c9-4fe9-9f71-443fde726c1a__v5.0.1__.rdfs#E44_>)",98,-1.0,-1.0,2821,0,-1.0,2830,0,-1.0,2809,0,-1.0,2840,0,0,-1.0,2824,0
ore_ont_15145.owl,"SubClassOf(<file:/media/owl/Seagate%20Expansion%20Drive/mowlcorp_rep/mowlcorp_2014.10.07_orig/files/75a65645-51c9-4fe9-9f71-443fde726c1a__v5.0.1__.rdfs#E24_> <file:/media/owl/Seagate%20Expansion%20Drive/mowlcorp_rep/mowlcorp_2014.10.07_orig/files/75a65645-51c9-4fe9-9f71-443fde726c1a__v5.0.1__.rdfs#E18_>)",98,-1.0,-1.0,2844,0,-1.0,2808,0,-1.0,2809,0,-1.0,2811,0,0,-1.0,2824,0
ore_ont_15145.owl,"SubClassOf(<file:/media/owl/Seagate%20Expansion%20Drive/mowlcorp_rep/mowlcorp_2014.10.07_orig/files/75a65645-51c9-4fe9-9f71-443fde726c1a__v5.0.1__.rdfs#E7_> <file:/media/owl/Seagate%20Expansion%20Drive/mowlcorp_rep/mowlcorp_2014.10.07_orig/files/75a65645-51c9-4fe9-9f71-443fde726c1a__v5.0.1__.rdfs#E1_>)",98,31.1,19.299999999999997,5857,48,15.5,5198,45,22.0,5611,48,22.0,4900,44,1,19.299999999999997,6340,54
ore_ont_15145.owl,"SubClassOf(<file:/media/owl/Seagate%20Expansion%20Drive/mowlcorp_rep/mowlcorp_2014.10.07_orig/files/75a65645-51c9-4fe9-9f71-443fde726c1a__v5.0.1__.rdfs#E22_> <file:/media/owl/Seagate%20Expansion%20Drive/mowlcorp_rep/mowlcorp_2014.10.07_orig/files/75a65645-51c9-4fe9-9f71-443fde726c1a__v5.0.1__.rdfs#E24_>)",98,-1.0,-1.0,2841,0,-1.0,2817,0,-1.0,2844,0,-1.0,2831,0,0,-1.0,2816,0
ore_ont_15145.owl,"SubClassOf(<file:/media/owl/Seagate%20Expansion%20Drive/mowlcorp_rep/mowlcorp_2014.10.07_orig/files/75a65645-51c9-4fe9-9f71-443fde726c1a__v5.0.1__.rdfs#E16_> <file:/media/owl/Seagate%20Expansion%20Drive/mowlcorp_rep/mowlcorp_2014.10.07_orig/files/75a65645-51c9-4fe9-9f71-443fde726c1a__v5.0.1__.rdfs#E13_>)",98,-1.0,-1.0,2833,0,-1.0,2827,0,-1.0,2822,0,-1.0,2813,0,0,-1.0,2822,0
ore_ont_15145.owl,"SubClassOf(<file:/media/owl/Seagate%20Expansion%20Drive/mowlcorp_rep/mowlcorp_2014.10.07_orig/files/75a65645-51c9-4fe9-9f71-443fde726c1a__v5.0.1__.rdfs#E44_> <file:/media/owl/Seagate%20Expansion%20Drive/mowlcorp_rep/mowlcorp_2014.10.07_orig/files/75a65645-51c9-4fe9-9f71-443fde726c1a__v5.0.1__.rdfs#E41_>)",98,-1.0,-1.0,2845,0,-1.0,2822,0,-1.0,2812,0,-1.0,2797,0,0,-1.0,2823,0
ore_ont_15145.owl,"SubClassOf(<file:/media/owl/Seagate%20Expansion%20Drive/mowlcorp_rep/mowlcorp_2014.10.07_orig/files/75a65645-51c9-4fe9-9f71-443fde726c1a__v5.0.1__.rdfs#E36_> <file:/media/owl/Seagate%20Expansion%20Drive/mowlcorp_rep/mowlcorp_2014.10.07_orig/files/75a65645-51c9-4fe9-9f71-443fde726c1a__v5.0.1__.rdfs#E73_>)",98,-1.0,-1.0,2824,0,-1.0,2840,0,-1.0,2849,0,-1.0,2829,0,0,-1.0,2801,0
ore_ont_15145.owl,"SubClassOf(<file:/media/owl/Seagate%20Expansion%20Drive/mowlcorp_rep/mowlcorp_2014.10.07_orig/files/75a65645-51c9-4fe9-9f71-443fde726c1a__v5.0.1__.rdfs#E81_> <file:/media/owl/Seagate%20Expansion%20Drive/mowlcorp_rep/mowlcorp_2014.10.07_orig/files/75a65645-51c9-4fe9-9f71-443fde726c1a__v5.0.1__.rdfs#E64_>)",98,-1.0,-1.0,2824,0,-1.0,2823,0,-1.0,2799,0,-1.0,2811,0,0,-1.0,2807,0
ore_ont_15145.owl,"SubClassOf(<file:/media/owl/Seagate%20Expansion%20Drive/mowlcorp_rep/mowlcorp_2014.10.07_orig/files/75a65645-51c9-4fe9-9f71-443fde726c1a__v5.0.1__.rdfs#E13_> <file:/media/owl/Seagate%20Expansion%20Drive/mowlcorp_rep/mowlcorp_2014.10.07_orig/files/75a65645-51c9-4fe9-9f71-443fde726c1a__v5.0.1__.rdfs#E7_>)",98,-1.0,-1.0,2837,0,-1.0,2837,0,-1.0,2799,0,-1.0,2804,0,0,-1.0,2798,0
ore_ont_15576.owl,"SubClassOf(<http://purl.obolibrary.org/obo/APO_0000003> <http://purl.obolibrary.org/obo/APO_0000002>)",266,-1.0,-1.0,2864,0,-1.0,2829,0,-1.0,2826,0,-1.0,2819,0,0,-1.0,2824,0
ore_ont_15576.owl,"SubClassOf(<http://purl.obolibrary.org/obo/APO_0000009> <http://purl.obolibrary.org/obo/APO_0000006>)",266,-1.0,-1.0,2857,0,-1.0,2838,0,-1.0,2839,0,-1.0,2828,0,0,-1.0,2853,0
ore_ont_15576.owl,"SubClassOf(<http://purl.obolibrary.org/obo/APO_0000096> <http://purl.obolibrary.org/obo/APO_0000094>)",266,-1.0,-1.0,2875,0,-1.0,2807,0,-1.0,2838,0,-1.0,2832,0,0,-1.0,2846,0
ore_ont_15576.owl,"SubClassOf(<http://purl.obolibrary.org/obo/APO_0000102> <http://purl.obolibrary.org/obo/APO_0000096>)",266,37.60000000000001,23.4,5424,50,12.7,5262,52,23.4,5384,59,23.4,4976,54,1,23.4,5893,53
ore_ont_15576.owl,"SubClassOf(<http://purl.obolibrary.org/obo/APO_0000180> <http://purl.obolibrary.org/obo/APO_0000187>)",266,-1.0,-1.0,2829,0,-1.0,2812,0,-1.0,2820,0,-1.0,2859,0,0,-1.0,2812,0
ore_ont_15576.owl,"SubClassOf(<http://purl.obolibrary.org/obo/APO_0000082> <http://purl.obolibrary.org/obo/APO_0000087>)",266,-1.0,-1.0,2816,0,-1.0,2871,0,-1.0,2843,0,-1.0,2831,0,0,-1.0,2815,0
ore_ont_15576.owl,"SubClassOf(<http://purl.obolibrary.org/obo/APO_0000118> <http://purl.obolibrary.org/obo/APO_0000296>)",266,-1.0,-1.0,2880,0,-1.0,2835,0,-1.0,2856,0,-1.0,2845,0,0,-1.0,2830,0
ore_ont_15576.owl,"SubClassOf(<http://purl.obolibrary.org/obo/APO_0000087> <http://purl.obolibrary.org/obo/APO_0000080>)",266,-1.0,-1.0,2885,0,-1.0,2840,0,-1.0,2831,0,-1.0,2837,0,0,-1.0,2892,0
ore_ont_15576.owl,"SubClassOf(<http://purl.obolibrary.org/obo/APO_0000303> <http://purl.obolibrary.org/obo/APO_0000226>)",266,-1.0,-1.0,2926,0,-1.0,2923,0,-1.0,2845,0,-1.0,2839,0,0,-1.0,2846,0
ore_ont_15576.owl,"SubClassOf(<http://purl.obolibrary.org/obo/APO_0000171> <http://purl.obolibrary.org/obo/APO_0000186>)",266,-1.0,-1.0,2842,0,-1.0,2830,0,-1.0,2816,0,-1.0,2863,0,0,-1.0,2835,0
ore_ont_11522.owl,"SubClassOf(<http://www.opentox.org/api/1.1#Conformer> <http://www.opentox.org/api/1.1#Compound>)",271,-1.0,-1.0,2859,0,-1.0,2824,0,-1.0,2844,0,-1.0,2824,0,0,-1.0,2844,0
ore_ont_11522.owl,"SubClassOf(<http://www.absoluteiri.edu/RELAPPROXC100> <http://www.opentox.org/api/1.1#Dataset>)",271,-1.0,-1.0,2861,0,-1.0,2827,0,-1.0,2819,0,-1.0,2840,0,0,-1.0,2832,0
ore_ont_11522.owl,"SubClassOf(<http://www.opentox.org/api/1.1#ClassValueStatistics> <http://www.opentox.org/api/1.1#Validation>)",271,279.20000000000005,269.29999999999995,5980,67,258.2,5300,51,259.99999999999994,5794,57,258.2,4980,56,1,269.29999999999995,6879,55
ore_ont_11522.owl,"SubClassOf(<http://www.opentox.org/api/1.1#ClassValueStatistics> <http://www.opentox.org/api/1.1#OpentoxResource>)",271,284.6000000000001,265.1,5950,55,265.1,5365,66,274.7,5904,55,274.7,4947,56,1,265.1,6390,52
ore_ont_11522.owl,"SubClassOf(<http://www.opentox.org/api/1.1#NumericAlgorithm> <http://www.opentox.org/api/1.1#Algorithm>)",271,-1.0,-1.0,2838,0,-1.0,2840,0,-1.0,2828,0,-1.0,2856,0,0,-1.0,2830,0
ore_ont_11522.owl,"SubClassOf(<http://www.opentox.org/api/1.1#FeatureValue> <http://www.opentox.org/api/1.1#FeatureValuePair>)",271,-1.0,-1.0,2850,0,-1.0,2830,0,-1.0,2846,0,-1.0,2855,0,0,-1.0,2869,0
ore_ont_11522.owl,"SubClassOf(<http://www.opentox.org/api/1.1#NumericModel> <http://www.opentox.org/api/1.1#Model>)",271,-1.0,-1.0,2856,0,-1.0,2842,0,-1.0,2851,0,-1.0,2953,0,0,-1.0,2856,0
ore_ont_11522.owl,"SubClassOf(<http://www.opentox.org/api/1.1#Model> <http://www.opentox.org/api/1.1#OpentoxResource>)",271,-1.0,-1.0,2868,0,-1.0,2828,0,-1.0,2847,0,-1.0,2870,0,0,-1.0,2855,0
ore_ont_11522.owl,"SubClassOf(<http://www.opentox.org/api/1.1#Identifier> <http://www.opentox.org/api/1.1#Feature>)",271,517.1000000000001,517.1000000000001,5381,58,512.6,5303,62,517.1000000000001,5440,61,517.1000000000001,4954,55,2,517.1000000000001,5901,57
ore_ont_11522.owl,"SubClassOf(<http://www.opentox.org/api/1.1#DataEntryNumeric> <http://www.opentox.org/api/1.1#DataEntry>)",271,-1.0,-1.0,2905,0,-1.0,2872,0,-1.0,2865,0,-1.0,2833,0,0,-1.0,2907,0
ore_ont_8806.owl,"SubClassOf(<http://purl.obolibrary.org/obo/GO_0030533> <http://purl.obolibrary.org/obo/GO_0003723>)",274,-1.0,-1.0,2861,0,-1.0,2818,0,-1.0,2823,0,-1.0,2869,0,0,-1.0,2856,0
ore_ont_8806.owl,"SubClassOf(<http://purl.obolibrary.org/obo/GO_0012505> <http://purl.obolibrary.org/obo/GO_0005575>)",274,-1.0,-1.0,2896,0,-1.0,2864,0,-1.0,2871,0,-1.0,2861,0,0,-1.0,2877,0
ore_ont_8806.owl,"SubClassOf(<http://purl.obolibrary.org/obo/GO_0005739> <http://purl.obolibrary.org/obo/GO_0005575>)",274,-1.0,-1.0,2876,0,-1.0,2852,0,-1.0,2842,0,-1.0,2893,0,0,-1.0,2870,0
ore_ont_8806.owl,"SubClassOf(<http://purl.obolibrary.org/obo/GO_0005737> <http://purl.obolibrary.org/obo/GO_0005575>)",274,-1.0,-1.0,2847,0,-1.0,2868,0,-1.0,2875,0,-1.0,2863,0,0,-1.0,2875,0
ore_ont_8806.owl,"SubClassOf(<http://purl.obolibrary.org/obo/GO_0051169> <http://purl.obolibrary.org/obo/GO_0008150>)",274,-1.0,-1.0,2869,0,-1.0,2872,0,-1.0,2847,0,-1.0,2879,0,0,-1.0,2870,0
ore_ont_8806.owl,"SubClassOf(<http://purl.obolibrary.org/obo/GO_0000054> <http://purl.obolibrary.org/obo/GO_0051169>)",274,-1.0,-1.0,2884,0,-1.0,2848,0,-1.0,2882,0,-1.0,2955,0,0,-1.0,2942,0
ore_ont_8806.owl,"SubClassOf(<http://purl.obolibrary.org/obo/GO_0051603> <http://purl.obolibrary.org/obo/GO_0051604>)",274,-1.0,-1.0,2885,0,-1.0,2866,0,-1.0,2878,0,-1.0,2973,0,0,-1.0,2860,0
ore_ont_8806.owl,"SubClassOf(<http://purl.obolibrary.org/obo/GO_0003723> <http://purl.obolibrary.org/obo/GO_0003674>)",274,-1.0,-1.0,2904,0,-1.0,2864,0,-1.0,2916,0,-1.0,2901,0,0,-1.0,2882,0
ore_ont_8806.owl,"SubClassOf(<http://purl.obolibrary.org/obo/GO_0055086> <http://purl.obolibrary.org/obo/GO_0008150>)",274,-1.0,-1.0,2893,0,-1.0,2894,0,-1.0,2857,0,-1.0,2852,0,0,-1.0,2864,0
ore_ont_8806.owl,"SubClassOf(<http://purl.obolibrary.org/obo/GO_0055085> <http://purl.obolibrary.org/obo/GO_0008150>)",274,-1.0,-1.0,2877,0,-1.0,2871,0,-1.0,2877,0,-1.0,2857,0,0,-1.0,2925,0
ore_ont_5742.owl,"SubClassOf(<file:/media/owl/Seagate%20Expansion%20Drive/mowlcorp_rep/mowlcorp_2014.10.07_orig/files/c6907ef3-a626-4b34-a474-15a4563b7f29_ish_label.rdfs#E16.Measurement> <file:/media/owl/Seagate%20Expansion%20Drive/mowlcorp_rep/mowlcorp_2014.10.07_orig/files/c6907ef3-a626-4b34-a474-15a4563b7f29_ish_label.rdfs#E13.Attribute_Assignment>)",98,-1.0,-1.0,2878,0,-1.0,2851,0,-1.0,2824,0,-1.0,2844,0,0,-1.0,2854,0
ore_ont_5742.owl,"SubClassOf(<file:/media/owl/Seagate%20Expansion%20Drive/mowlcorp_rep/mowlcorp_2014.10.07_orig/files/c6907ef3-a626-4b34-a474-15a4563b7f29_ish_label.rdfs#E44.Place_Appellation> <file:/media/owl/Seagate%20Expansion%20Drive/mowlcorp_rep/mowlcorp_2014.10.07_orig/files/c6907ef3-a626-4b34-a474-15a4563b7f29_ish_label.rdfs#E41.Appellation>)",98,-1.0,-1.0,2854,0,-1.0,2835,0,-1.0,2839,0,-1.0,2867,0,0,-1.0,2854,0
ore_ont_5742.owl,"SubClassOf(<file:/media/owl/Seagate%20Expansion%20Drive/mowlcorp_rep/mowlcorp_2014.10.07_orig/files/c6907ef3-a626-4b34-a474-15a4563b7f29_ish_label.rdfs#E12.Production> <file:/media/owl/Seagate%20Expansion%20Drive/mowlcorp_rep/mowlcorp_2014.10.07_orig/files/c6907ef3-a626-4b34-a474-15a4563b7f29_ish_label.rdfs#E11.Modification>)",98,-1.0,-1.0,2842,0,-1.0,2855,0,-1.0,2856,0,-1.0,2818,0,0,-1.0,2822,0
ore_ont_5742.owl,"SubClassOf(<file:/media/owl/Seagate%20Expansion%20Drive/mowlcorp_rep/mowlcorp_2014.10.07_orig/files/c6907ef3-a626-4b34-a474-15a4563b7f29_ish_label.rdfs#E45.Address> <file:/media/owl/Seagate%20Expansion%20Drive/mowlcorp_rep/mowlcorp_2014.10.07_orig/files/c6907ef3-a626-4b34-a474-15a4563b7f29_ish_label.rdfs#E44.Place_Appellation>)",98,-1.0,-1.0,2861,0,-1.0,2844,0,-1.0,2846,0,-1.0,2822,0,0,-1.0,2830,0
ore_ont_5742.owl,"SubClassOf(<file:/media/owl/Seagate%20Expansion%20Drive/mowlcorp_rep/mowlcorp_2014.10.07_orig/files/c6907ef3-a626-4b34-a474-15a4563b7f29_ish_label.rdfs#E13.Attribute_Assignment> <file:/media/owl/Seagate%20Expansion%20Drive/mowlcorp_rep/mowlcorp_2014.10.07_orig/files/c6907ef3-a626-4b34-a474-15a4563b7f29_ish_label.rdfs#E7.Activity>)",98,-1.0,-1.0,2852,0,-1.0,2827,0,-1.0,2804,0,-1.0,2881,0,0,-1.0,2800,0
ore_ont_5742.owl,"SubClassOf(<file:/media/owl/Seagate%20Expansion%20Drive/mowlcorp_rep/mowlcorp_2014.10.07_orig/files/c6907ef3-a626-4b34-a474-15a4563b7f29_ish_label.rdfs#E22.Man-Made_Object> <file:/media/owl/Seagate%20Expansion%20Drive/mowlcorp_rep/mowlcorp_2014.10.07_orig/files/c6907ef3-a626-4b34-a474-15a4563b7f29_ish_label.rdfs#E24.Physical_Man-Made_Thing>)",98,-1.0,-1.0,2823,0,-1.0,2892,0,-1.0,2817,0,-1.0,2831,0,0,-1.0,2823,0
ore_ont_5742.owl,"SubClassOf(<file:/media/owl/Seagate%20Expansion%20Drive/mowlcorp_rep/mowlcorp_2014.10.07_orig/files/c6907ef3-a626-4b34-a474-15a4563b7f29_ish_label.rdfs#E81.Transformation> <file:/media/owl/Seagate%20Expansion%20Drive/mowlcorp_rep/mowlcorp_2014.10.07_orig/files/c6907ef3-a626-4b34-a474-15a4563b7f29_ish_label.rdfs#E64.End_of_Existence>)",98,-1.0,-1.0,2836,0,-1.0,2828,0,-1.0,2833,0,-1.0,2839,0,0,-1.0,2817,0
ore_ont_5742.owl,"SubClassOf(<file:/media/owl/Seagate%20Expansion%20Drive/mowlcorp_rep/mowlcorp_2014.10.07_orig/files/c6907ef3-a626-4b34-a474-15a4563b7f29_ish_label.rdfs#E7.Activity> <file:/media/owl/Seagate%20Expansion%20Drive/mowlcorp_rep/mowlcorp_2014.10.07_orig/files/c6907ef3-a626-4b34-a474-15a4563b7f29_ish_label.rdfs#E1.CRM_Entity>)",98,31.1,19.299999999999997,5697,53,15.5,5194,47,22.0,5458,56,17.0,4913,54,1,19.299999999999997,6422,52
ore_ont_5742.owl,"SubClassOf(<file:/media/owl/Seagate%20Expansion%20Drive/mowlcorp_rep/mowlcorp_2014.10.07_orig/files/c6907ef3-a626-4b34-a474-15a4563b7f29_ish_label.rdfs#E33.Linguistic_Object> <file:/media/owl/Seagate%20Expansion%20Drive/mowlcorp_rep/mowlcorp_2014.10.07_orig/files/c6907ef3-a626-4b34-a474-15a4563b7f29_ish_label.rdfs#E73.Information_Object>)",98,-1.0,-1.0,2831,0,-1.0,2802,0,-1.0,2806,0,-1.0,2803,0,0,-1.0,2786,0
ore_ont_5742.owl,"SubClassOf(<file:/media/owl/Seagate%20Expansion%20Drive/mowlcorp_rep/mowlcorp_2014.10.07_orig/files/c6907ef3-a626-4b34-a474-15a4563b7f29_ish_label.rdfs#E65.Creation> <file:/media/owl/Seagate%20Expansion%20Drive/mowlcorp_rep/mowlcorp_2014.10.07_orig/files/c6907ef3-a626-4b34-a474-15a4563b7f29_ish_label.rdfs#E63.Beginning_of_Existence>)",98,-1.0,-1.0,2809,0,-1.0,2781,0,-1.0,2803,0,-1.0,2796,0,0,-1.0,2800,0
ore_ont_6207.owl,"SubClassOf(<http://purl.obolibrary.org/obo/ID_0000071> <http://purl.obolibrary.org/obo/ID_0000064>)",281,-1.0,-1.0,2872,0,-1.0,2855,0,-1.0,2848,0,-1.0,2843,0,0,-1.0,2827,0
ore_ont_6207.owl,"SubClassOf(<http://purl.obolibrary.org/obo/ID_0000192> <http://purl.obolibrary.org/obo/ID_0000175>)",281,-1.0,-1.0,2853,0,-1.0,2825,0,-1.0,2861,0,-1.0,2849,0,0,-1.0,2837,0
ore_ont_6207.owl,"SubClassOf(<http://purl.obolibrary.org/obo/ID_0000024> <http://purl.obolibrary.org/obo/ID_0000015>)",281,-1.0,-1.0,2872,0,-1.0,2875,0,-1.0,2873,0,-1.0,2881,0,0,-1.0,2824,0
ore_ont_6207.owl,"SubClassOf(<http://purl.obolibrary.org/obo/ID_0000194> <http://purl.obolibrary.org/obo/ID_0000179>)",281,-1.0,-1.0,2866,0,-1.0,2827,0,-1.0,2831,0,-1.0,2844,0,0,-1.0,2872,0
ore_ont_6207.owl,"SubClassOf(<http://purl.obolibrary.org/obo/ID_0000107> <http://purl.obolibrary.org/obo/ID_0000094>)",281,-1.0,-1.0,2895,0,-1.0,2883,0,-1.0,2885,0,-1.0,2844,0,0,-1.0,2843,0
ore_ont_6207.owl,"SubClassOf(<http://purl.obolibrary.org/obo/ID_0000229> <http://purl.obolibrary.org/obo/ID_0000181>)",281,-1.0,-1.0,2862,0,-1.0,2838,0,-1.0,2829,0,-1.0,2817,0,0,-1.0,2854,0
ore_ont_6207.owl,"SubClassOf(<http://purl.obolibrary.org/obo/ID_0000179> <http://purl.obolibrary.org/obo/ID_0000136>)",281,-1.0,-1.0,2867,0,-1.0,2824,0,-1.0,2812,0,-1.0,2824,0,0,-1.0,2833,0
ore_ont_6207.owl,"SubClassOf(<http://purl.obolibrary.org/obo/ID_0000094> <http://purl.obolibrary.org/obo/ID_0000092>)",281,-1.0,-1.0,2861,0,-1.0,2845,0,-1.0,2814,0,-1.0,2824,0,0,-1.0,2857,0
ore_ont_6207.owl,"SubClassOf(<http://purl.obolibrary.org/obo/ID_0000029> <http://purl.obolibrary.org/obo/ID_0000013>)",281,-1.0,-1.0,2873,0,-1.0,2845,0,-1.0,2835,0,-1.0,2844,0,0,-1.0,2847,0
ore_ont_6207.owl,"SubClassOf(<http://purl.obolibrary.org/obo/ID_0000240> <http://purl.obolibrary.org/obo/ID_0000180>)",281,-1.0,-1.0,2857,0,-1.0,2845,0,-1.0,2856,0,-1.0,2840,0,0,-1.0,2842,0
ore_ont_5089.owl,"SubClassOf(<http://www.sensocomune.org/ontologies/SensoComune.owl#Continuant> <http://www.sensocomune.org/ontologies/SensoComune.owl#Entity>)",223,83.89999999999999,81.19999999999999,5613,65,81.19999999999999,5403,63,81.19999999999999,5616,58,83.89999999999999,4943,53,2,81.19999999999999,6072,57
ore_ont_5089.owl,"SubClassOf(<http://www.sensocomune.org/ontologies/SensoComune.owl#Action> <http://www.sensocomune.org/ontologies/SensoComune.owl#Process>)",223,-1.0,-1.0,2868,0,-1.0,2848,0,-1.0,2824,0,-1.0,2832,0,0,-1.0,2823,0
ore_ont_5089.owl,"SubClassOf(<http://www.absoluteiri.edu/RELAPPROXC113> <http://www.sensocomune.org/ontologies/SensoComune.owl#Action>)",223,301.00000000000006,285.29999999999995,6464,61,280.5,5308,62,285.29999999999995,5972,67,280.5,4948,62,1,285.29999999999995,7547,61
ore_ont_5089.owl,"SubClassOf(<http://www.sensocomune.org/ontologies/SensoComune.owl#Continuant> <http://www.sensocomune.org/ontologies/SensoComune.owl#ConcreteEntity>)",223,-1.0,-1.0,2931,0,-1.0,2869,0,-1.0,2836,0,-1.0,2822,0,0,-1.0,2829,0
ore_ont_5089.owl,"SubClassOf(<http://www.absoluteiri.edu/RELAPPROXC118> <http://www.sensocomune.org/ontologies/SensoComune.owl#Quale>)",223,183.39999999999998,176.70000000000002,5938,60,178.00000000000003,5278,54,176.70000000000002,5754,61,172.69999999999996,4955,62,2,176.70000000000002,6909,55
ore_ont_5089.owl,"SubClassOf(<http://www.sensocomune.org/ontologies/SensoComune.owl#Quale> <http://www.sensocomune.org/ontologies/SensoComune.owl#Continuant>)",223,-1.0,-1.0,2832,0,-1.0,2846,0,-1.0,2847,0,-1.0,2838,0,0,-1.0,2841,0
ore_ont_5089.owl,"SubClassOf(<http://www.sensocomune.org/ontologies/SensoComune.owl#Group> <http://www.sensocomune.org/ontologies/SensoComune.owl#Collection>)",223,-1.0,-1.0,2863,0,-1.0,2836,0,-1.0,2839,0,-1.0,2841,0,0,-1.0,2844,0
ore_ont_5089.owl,"SubClassOf(<http://www.sensocomune.org/ontologies/SensoComune.owl#Process> <http://www.sensocomune.org/ontologies/SensoComune.owl#Occurrent>)",223,209.09999999999997,196.19999999999996,6023,59,188.00000000000003,5681,54,196.69999999999996,5774,60,188.00000000000003,4943,62,1,196.19999999999996,7158,63
ore_ont_5089.owl,"SubClassOf(<http://www.sensocomune.org/ontologies/SensoComune.owl#Characterization> <http://www.sensocomune.org/ontologies/SensoComune.owl#AbstractEntity>)",223,-1.0,-1.0,2886,0,-1.0,2844,0,-1.0,2860,0,-1.0,2860,0,0,-1.0,2875,0
ore_ont_5089.owl,"SubClassOf(<http://www.sensocomune.org/ontologies/SensoComune.owl#Quality> <http://www.sensocomune.org/ontologies/SensoComune.owl#Characterization>)",223,-1.0,-1.0,2872,0,-1.0,2842,0,-1.0,2818,0,-1.0,2835,0,0,-1.0,2852,0
ore_ont_11497.owl,"SubClassOf(<http://purl.obolibrary.org/obo/XAO_1000002> <http://purl.obolibrary.org/obo/XAO_1000000>)",279,37.4,30.499999999999996,6268,73,27.500000000000004,5389,64,30.499999999999996,6048,62,27.500000000000004,4973,67,1,30.499999999999996,7320,70
ore_ont_11497.owl,"SubClassOf(<http://purl.obolibrary.org/obo/XAO_1000001> <http://purl.obolibrary.org/obo/XAO_1000000>)",279,140.89999999999998,140.89999999999998,5558,65,140.8,5454,66,140.8,5541,66,140.89999999999998,4946,68,2,140.8,6278,63
ore_ont_11497.owl,"SubClassOf(<http://purl.obolibrary.org/obo/XAO_1000001> <http://purl.obolibrary.org/obo/XAO_1000094>)",279,-1.0,-1.0,2881,0,-1.0,2833,0,-1.0,2867,0,-1.0,2912,0,0,-1.0,2896,0
ore_ont_11497.owl,"SubClassOf(<http://purl.obolibrary.org/obo/XAO_1000006> <http://purl.obolibrary.org/obo/XAO_1000000>)",279,22.2,17.299999999999997,5194,67,16.1,5416,63,17.299999999999997,5262,75,16.1,4947,68,2,17.299999999999997,5866,69
ore_ont_11497.owl,"SubClassOf(<http://purl.obolibrary.org/obo/XAO_1000089> <http://purl.obolibrary.org/obo/XAO_1000000>)",279,21.299999999999997,16.7,5786,66,15.2,5341,67,16.7,5794,71,15.2,4965,66,1,16.7,6611,68
ore_ont_11497.owl,"SubClassOf(<http://purl.obolibrary.org/obo/XAO_1000083> <http://purl.obolibrary.org/obo/XAO_1000082>)",279,-1.0,-1.0,2905,0,-1.0,2859,0,-1.0,2844,0,-1.0,2867,0,0,-1.0,2852,0
ore_ont_11497.owl,"SubClassOf(<http://purl.obolibrary.org/obo/XAO_1000005> <http://purl.obolibrary.org/obo/XAO_1000000>)",279,22.2,17.299999999999997,5193,72,16.1,5432,73,17.299999999999997,5326,67,17.299999999999997,4966,68,4,17.299999999999997,5790,75
ore_ont_11497.owl,"SubClassOf(<http://purl.obolibrary.org/obo/XAO_1000004> <http://purl.obolibrary.org/obo/XAO_1000000>)",279,22.2,17.299999999999997,5680,74,16.1,5375,63,17.299999999999997,5658,71,17.299999999999997,4948,68,2,17.299999999999997,6309,66
ore_ont_11497.owl,"SubClassOf(<http://purl.obolibrary.org/obo/XAO_1000080> <http://purl.obolibrary.org/obo/XAO_1000000>)",279,37.4,30.499999999999996,5282,68,27.500000000000004,5386,69,30.499999999999996,5256,72,27.500000000000004,4944,68,1,30.499999999999996,6110,63
ore_ont_11497.owl,"SubClassOf(<http://purl.obolibrary.org/obo/XAO_1000091> <http://purl.obolibrary.org/obo/XAO_1000000>)",279,35.6,25.1,5218,71,28.700000000000003,5346,72,25.1,5270,68,25.1,4935,70,1,25.1,6148,65
ore_ont_16626.owl,"SubClassOf(<http://purl.obolibrary.org/obo/PO_0007094> <http://purl.obolibrary.org/obo/PO_0007133>)",313,-1.0,-1.0,2837,0,-1.0,2820,0,-1.0,2834,0,-1.0,2869,0,0,-1.0,2844,0
ore_ont_16626.owl,"SubClassOf(<http://purl.obolibrary.org/obo/PO_0001018> <http://purl.obolibrary.org/obo/PO_0001004>)",313,-1.0,-1.0,2868,0,-1.0,2857,0,-1.0,2847,0,-1.0,2845,0,0,-1.0,2846,0
ore_ont_16626.owl,"SubClassOf(<http://purl.obolibrary.org/obo/PO_0007092> <http://purl.obolibrary.org/obo/PO_0007089>)",313,-1.0,-1.0,2864,0,-1.0,2841,0,-1.0,2917,0,-1.0,2838,0,0,-1.0,2827,0
ore_ont_16626.owl,"SubClassOf(<http://purl.obolibrary.org/obo/PO_0007122> <http://purl.obolibrary.org/obo/PO_0007073>)",313,-1.0,-1.0,2839,0,-1.0,2827,0,-1.0,2824,0,-1.0,2823,0,0,-1.0,2826,0
ore_ont_16626.owl,"SubClassOf(<http://purl.obolibrary.org/obo/PO_0001017> <http://purl.obolibrary.org/obo/PO_0001007>)",313,-1.0,-1.0,2844,0,-1.0,2835,0,-1.0,2838,0,-1.0,2877,0,0,-1.0,2847,0
ore_ont_16626.owl,"SubClassOf(<http://purl.obolibrary.org/obo/PO_0007525> <http://purl.obolibrary.org/obo/PO_0007520>)",313,-1.0,-1.0,2878,0,-1.0,2846,0,-1.0,2842,0,-1.0,2850,0,0,-1.0,2845,0
ore_ont_16626.owl,"SubClassOf(<http://purl.obolibrary.org/obo/PO_0007629> <http://purl.obolibrary.org/obo/PO_0007621>)",313,-1.0,-1.0,2898,0,-1.0,2830,0,-1.0,2811,0,-1.0,2893,0,0,-1.0,2854,0
ore_ont_16626.owl,"SubClassOf(<http://purl.obolibrary.org/obo/PO_0007013> <http://purl.obolibrary.org/obo/PO_0007014>)",313,-1.0,-1.0,2878,0,-1.0,2832,0,-1.0,2820,0,-1.0,2821,0,0,-1.0,2825,0
ore_ont_16626.owl,"SubClassOf(<http://purl.obolibrary.org/obo/PO_0025377> <http://purl.obolibrary.org/obo/PO_0007631>)",313,-1.0,-1.0,2852,0,-1.0,2864,0,-1.0,2891,0,-1.0,2837,0,0,-1.0,2860,0
ore_ont_16626.owl,"SubClassOf(<http://purl.obolibrary.org/obo/PO_0007600> <http://purl.obolibrary.org/obo/PO_0009012>)",313,94.3,58.6,13357,76,51.1,6288,81,71.5,7048,67,59.199999999999996,4947,70,2,58.6,15117,73
ore_ont_11639.owl,"SubClassOf(<http://cbmi.med.harvard.edu/asdphenotype#Class_386> <http://cbmi.med.harvard.edu/asdphenotype#Class_385>)",283,-1.0,-1.0,2890,0,-1.0,2843,0,-1.0,2832,0,-1.0,2829,0,0,-1.0,2835,0
ore_ont_11639.owl,"SubClassOf(<http://cbmi.med.harvard.edu/asdphenotype#Class_665> <http://cbmi.med.harvard.edu/asdphenotype#Class_406>)",283,-1.0,-1.0,2844,0,-1.0,2839,0,-1.0,2821,0,-1.0,2829,0,0,-1.0,2847,0
ore_ont_11639.owl,"SubClassOf(<http://cbmi.med.harvard.edu/asdphenotype#Class_517> <http://cbmi.med.harvard.edu/asdphenotype#Class_365>)",283,28.9,8.2,5355,78,8.2,5327,69,16.5,5470,73,16.5,4970,78,3,8.2,5828,65
ore_ont_11639.owl,"SubClassOf(<http://cbmi.med.harvard.edu/asdphenotype#Class_452> <http://cbmi.med.harvard.edu/asdphenotype#Class_455>)",283,-1.0,-1.0,2865,0,-1.0,2848,0,-1.0,2848,0,-1.0,2836,0,0,-1.0,2869,0
ore_ont_11639.owl,"SubClassOf(<http://cbmi.med.harvard.edu/asdphenotype#Class_156> <http://cbmi.med.harvard.edu/asdphenotype#Class_152>)",283,-1.0,-1.0,2880,0,-1.0,2837,0,-1.0,2833,0,-1.0,2821,0,0,-1.0,2872,0
ore_ont_11639.owl,"SubClassOf(<http://cbmi.med.harvard.edu/asdphenotype#Class_30> <http://cbmi.med.harvard.edu/asdphenotype#Class_155>)",283,-1.0,-1.0,2854,0,-1.0,2811,0,-1.0,2843,0,-1.0,2850,0,0,-1.0,2827,0
ore_ont_11639.owl,"SubClassOf(<http://cbmi.med.harvard.edu/asdphenotype#Class_365> <http://cbmi.med.harvard.edu/asdphenotype#Class_154>)",283,-1.0,-1.0,2880,0,-1.0,2847,0,-1.0,2846,0,-1.0,2856,0,0,-1.0,2811,0
ore_ont_11639.owl,"SubClassOf(<http://cbmi.med.harvard.edu/asdphenotype#Class_384> <http://cbmi.med.harvard.edu/asdphenotype#Class_148>)",283,-1.0,-1.0,2859,0,-1.0,2821,0,-1.0,2836,0,-1.0,2860,0,0,-1.0,2855,0
ore_ont_11639.owl,"SubClassOf(<http://cbmi.med.harvard.edu/asdphenotype#Class_176> <http://cbmi.med.harvard.edu/asdphenotype#Class_156>)",283,-1.0,-1.0,2859,0,-1.0,2861,0,-1.0,2864,0,-1.0,2857,0,0,-1.0,2895,0
ore_ont_11639.owl,"SubClassOf(<http://cbmi.med.harvard.edu/asdphenotype#Class_519> <http://cbmi.med.harvard.edu/asdphenotype#Class_517>)",283,-1.0,-1.0,2901,0,-1.0,2838,0,-1.0,2831,0,-1.0,2839,0,0,-1.0,2850,0
ore_ont_4767.owl,"SubClassOf(<http://purl.obolibrary.org/obo/UO_0000001> <http://purl.obolibrary.org/obo/UO_0000045>)",347,-1.0,-1.0,2874,0,-1.0,2879,0,-1.0,2853,0,-1.0,2879,0,0,-1.0,2881,0
ore_ont_4767.owl,"SubClassOf(<http://purl.obolibrary.org/obo/UO_0000023> <http://purl.obolibrary.org/obo/UO_0000002>)",347,-1.0,-1.0,2877,0,-1.0,2885,0,-1.0,2870,0,-1.0,2839,0,0,-1.0,2864,0
ore_ont_4767.owl,"SubClassOf(<http://purl.obolibrary.org/obo/UO_0000173> <http://purl.obolibrary.org/obo/UO_0000052>)",347,-1.0,-1.0,2919,0,-1.0,2869,0,-1.0,2873,0,-1.0,2882,0,0,-1.0,2828,0
ore_ont_4767.owl,"SubClassOf(<http://purl.obolibrary.org/obo/UO_0000166> <http://purl.obolibrary.org/obo/UO_0000051>)",347,-1.0,-1.0,2863,0,-1.0,2879,0,-1.0,2872,0,-1.0,2876,0,0,-1.0,2864,0
ore_ont_4767.owl,"SubClassOf(<http://purl.obolibrary.org/obo/UO_0000096> <http://purl.obolibrary.org/obo/UO_0000095>)",347,-1.0,-1.0,2917,0,-1.0,2885,0,-1.0,2867,0,-1.0,2899,0,0,-1.0,2849,0
ore_ont_4767.owl,"SubClassOf(<http://purl.obolibrary.org/obo/UO_0000250> <http://purl.obolibrary.org/obo/UO_0000217>)",347,-1.0,-1.0,2903,0,-1.0,2910,0,-1.0,2890,0,-1.0,2872,0,0,-1.0,2850,0
ore_ont_4767.owl,"SubClassOf(<http://purl.obolibrary.org/obo/UO_0000151> <http://purl.obolibrary.org/obo/UO_0000149>)",347,-1.0,-1.0,2881,0,-1.0,2842,0,-1.0,2836,0,-1.0,2834,0,0,-1.0,2831,0
ore_ont_4767.owl,"SubClassOf(<http://purl.obolibrary.org/obo/UO_0000133> <http://purl.obolibrary.org/obo/UO_0000128>)",347,-1.0,-1.0,2829,0,-1.0,2842,0,-1.0,2861,0,-1.0,2840,0,0,-1.0,2869,0
ore_ont_4767.owl,"SubClassOf(<http://purl.obolibrary.org/obo/UO_0000020> <http://purl.obolibrary.org/obo/UO_0000001>)",347,-1.0,-1.0,2904,0,-1.0,2864,0,-1.0,2850,0,-1.0,2853,0,0,-1.0,2846,0
ore_ont_4767.owl,"SubClassOf(<http://purl.obolibrary.org/obo/UO_0000051> <http://purl.obolibrary.org/obo/UO_0000046>)",347,-1.0,-1.0,2857,0,-1.0,2860,0,-1.0,2869,0,-1.0,2917,0,0,-1.0,2822,0
ore_ont_2753.owl,"SubClassOf(<http://purl.obolibrary.org/obo/AEO_0000125> <http://purl.obolibrary.org/obo/CARO_0000003>)",366,-1.0,-1.0,2869,0,-1.0,2832,0,-1.0,2879,0,-1.0,2880,0,0,-1.0,2869,0
ore_ont_2753.owl,"SubClassOf(<http://purl.obolibrary.org/obo/AEO_0001008> <http://purl.obolibrary.org/obo/CARO_0000066>)",366,153.4,143.3,5521,75,134.9,5368,72,143.3,5565,78,143.3,4946,74,3,143.3,6197,76
ore_ont_2753.owl,"SubClassOf(<http://purl.obolibrary.org/obo/CL_0000075> <http://purl.obolibrary.org/obo/CL_0002371>)",366,-1.0,-1.0,2857,0,-1.0,2864,0,-1.0,2901,0,-1.0,2867,0,0,-1.0,2865,0
ore_ont_2753.owl,"SubClassOf(<http://purl.obolibrary.org/obo/CL_0000071> <http://purl.obolibrary.org/obo/CL_0000066>)",366,96.6,69.30000000000001,5263,77,82.20000000000002,5359,73,69.30000000000001,5303,72,82.20000000000002,4946,73,2,69.30000000000001,5745,77
ore_ont_2753.owl,"SubClassOf(<http://purl.obolibrary.org/obo/AEO_0000168> <http://purl.obolibrary.org/obo/CARO_0000003>)",366,85.0,53.2,5810,77,70.19999999999999,5312,72,53.2,5705,74,58.5,5005,81,3,53.2,6794,74
ore_ont_2753.owl,"SubClassOf(<http://purl.obolibrary.org/obo/CARO_0000066> <http://purl.obolibrary.org/obo/CARO_0000043>)",366,-1.0,-1.0,2922,0,-1.0,2856,0,-1.0,2835,0,-1.0,2858,0,0,-1.0,2822,0
ore_ont_2753.owl,"SubClassOf(<http://purl.obolibrary.org/obo/CL_0000075> <http://purl.obolibrary.org/obo/CL_0000066>)",366,-1.0,-1.0,2873,0,-1.0,2832,0,-1.0,2853,0,-1.0,2824,0,0,-1.0,2825,0
ore_ont_2753.owl,"SubClassOf(<http://purl.obolibrary.org/obo/CL_0002371> <http://purl.obolibrary.org/obo/CL_0000144>)",366,-1.0,-1.0,2842,0,-1.0,2844,0,-1.0,2843,0,-1.0,2849,0,0,-1.0,2833,0
ore_ont_2753.owl,"SubClassOf(<http://purl.obolibrary.org/obo/AEO_0000083> <http://purl.obolibrary.org/obo/CARO_0000055>)",366,154.20000000000002,144.8,5426,85,133.0,5418,82,144.8,5456,84,133.0,4952,79,3,144.8,5949,77
ore_ont_2753.owl,"SubClassOf(<http://purl.obolibrary.org/obo/AEO_0000148> <http://purl.obolibrary.org/obo/AEO_0000125>)",366,198.70000000000002,198.70000000000002,5554,77,186.3,5378,85,198.70000000000002,5527,78,186.3,4942,79,1,198.70000000000002,6266,80
ore_ont_13053.owl,"SubClassOf(<http://purl.obolibrary.org/obo/VariO_0312> <http://purl.obolibrary.org/obo/VariO_0328>)",399,-1.0,-1.0,2881,0,-1.0,2834,0,-1.0,2846,0,-1.0,2844,0,0,-1.0,2849,0
ore_ont_13053.owl,"SubClassOf(<http://purl.obolibrary.org/obo/VariO_0257> <http://purl.obolibrary.org/obo/VariO_0238>)",399,-1.0,-1.0,2858,0,-1.0,2851,0,-1.0,2851,0,-1.0,2867,0,0,-1.0,2839,0
ore_ont_13053.owl,"SubClassOf(<http://purl.obolibrary.org/obo/VariO_0180> <http://purl.obolibrary.org/obo/VariO_0155>)",399,32.8,14.499999999999998,5495,74,21.6,5355,82,14.499999999999998,5516,79,21.6,4954,82,1,14.499999999999998,6076,78
ore_ont_13053.owl,"SubClassOf(<http://purl.obolibrary.org/obo/VariO_0102> <http://purl.obolibrary.org/obo/VariO_0089>)",399,-1.0,-1.0,2870,0,-1.0,2832,0,-1.0,2842,0,-1.0,2828,0,0,-1.0,2833,0
ore_ont_13053.owl,"SubClassOf(<http://purl.obolibrary.org/obo/VariO_0089> <http://purl.obolibrary.org/obo/VariO_0070>)",399,66.3,46.8,5394,77,46.8,5353,79,32.400000000000006,5550,84,46.8,4966,80,1,46.8,5905,79
ore_ont_13053.owl,"SubClassOf(<http://purl.obolibrary.org/obo/VariO_0183> <http://purl.obolibrary.org/obo/VariO_0180>)",399,-1.0,-1.0,2864,0,-1.0,2890,0,-1.0,2869,0,-1.0,2869,0,0,-1.0,2872,0
ore_ont_13053.owl,"SubClassOf(<http://purl.obolibrary.org/obo/VariO_0344> <http://purl.obolibrary.org/obo/VariO_0298>)",399,32.199999999999996,13.9,5409,79,21.6,5367,75,13.9,5406,86,13.9,5001,82,2,13.9,5989,90
ore_ont_13053.owl,"SubClassOf(<http://purl.obolibrary.org/obo/VariO_0218> <http://purl.obolibrary.org/obo/VariO_0215>)",399,-1.0,-1.0,2948,0,-1.0,2845,0,-1.0,2844,0,-1.0,2863,0,0,-1.0,2874,0
ore_ont_13053.owl,"SubClassOf(<http://purl.obolibrary.org/obo/VariO_0053> <http://purl.obolibrary.org/obo/VariO_0032>)",399,-1.0,-1.0,2866,0,-1.0,2867,0,-1.0,2854,0,-1.0,2843,0,0,-1.0,2865,0
ore_ont_13053.owl,"SubClassOf(<http://purl.obolibrary.org/obo/VariO_0005> <http://purl.obolibrary.org/obo/VariO_0003>)",399,-1.0,-1.0,2939,0,-1.0,2853,0,-1.0,2890,0,-1.0,2871,0,0,-1.0,2865,0
ore_ont_11010.owl,"SubClassOf(<http://purl.obolibrary.org/obo/AEO_0000125> <http://purl.obolibrary.org/obo/CARO_0000003>)",372,-1.0,-1.0,2876,0,-1.0,2870,0,-1.0,2855,0,-1.0,2856,0,0,-1.0,2861,0
ore_ont_11010.owl,"SubClassOf(<http://purl.obolibrary.org/obo/AEO_0001008> <http://purl.obolibrary.org/obo/CARO_0000066>)",372,161.49999999999997,151.39999999999998,5425,82,143.0,5416,85,151.39999999999998,5518,81,143.0,4965,82,2,151.39999999999998,6032,84
ore_ont_11010.owl,"SubClassOf(<http://purl.obolibrary.org/obo/CL_0000075> <http://purl.obolibrary.org/obo/CL_0002371>)",372,-1.0,-1.0,2920,0,-1.0,2864,0,-1.0,2872,0,-1.0,2897,0,0,-1.0,2844,0
ore_ont_11010.owl,"SubClassOf(<http://purl.obolibrary.org/obo/AEO_0000168> <http://purl.obolibrary.org/obo/CARO_0000003>)",372,89.49999999999999,57.7,5927,87,74.69999999999999,5406,82,57.7,5806,86,74.69999999999999,4986,86,1,57.7,6930,84
ore_ont_11010.owl,"SubClassOf(<http://purl.obolibrary.org/obo/CARO_0000066> <http://purl.obolibrary.org/obo/CARO_0000043>)",372,-1.0,-1.0,2885,0,-1.0,2852,0,-1.0,2857,0,-1.0,2853,0,0,-1.0,2934,0
ore_ont_11010.owl,"SubClassOf(<http://purl.obolibrary.org/obo/CL_0000075> <http://purl.obolibrary.org/obo/CL_0000066>)",372,-1.0,-1.0,2912,0,-1.0,2901,0,-1.0,2884,0,-1.0,2872,0,0,-1.0,2878,0
ore_ont_11010.owl,"SubClassOf(<http://purl.obolibrary.org/obo/CL_0000327> <http://purl.obolibrary.org/obo/CL_0002320>)",372,158.7,131.1,5426,84,150.3,5428,90,131.1,5472,93,150.3,4975,86,2,131.1,6080,86
ore_ont_11010.owl,"SubClassOf(<http://purl.obolibrary.org/obo/CL_0002371> <http://purl.obolibrary.org/obo/CL_0000144>)",372,-1.0,-1.0,2905,0,-1.0,2854,0,-1.0,2846,0,-1.0,2849,0,0,-1.0,2854,0
ore_ont_11010.owl,"SubClassOf(<http://purl.obolibrary.org/obo/AEO_0000083> <http://purl.obolibrary.org/obo/CARO_0000055>)",372,164.1,154.7,5348,83,142.89999999999998,5419,86,154.7,5384,90,154.7,4956,91,2,154.7,5989,82
ore_ont_11010.owl,"SubClassOf(<http://purl.obolibrary.org/obo/AEO_0000148> <http://purl.obolibrary.org/obo/AEO_0000125>)",372,209.5,209.5,5472,80,197.1,5362,88,209.5,5604,84,197.1,4945,81,1,209.5,6042,88
ore_ont_7576.owl,"SubClassOf(<http://purl.obolibrary.org/obo/SP_0000309> <http://purl.obolibrary.org/obo/SP_0000220>)",422,-1.0,-1.0,2870,0,-1.0,2843,0,-1.0,2839,0,-1.0,2821,0,0,-1.0,2839,0
ore_ont_7576.owl,"SubClassOf(<http://purl.obolibrary.org/obo/SP_0000385> <http://purl.obolibrary.org/obo/SP_0000019>)",422,-1.0,-1.0,2859,0,-1.0,2851,0,-1.0,2841,0,-1.0,2862,0,0,-1.0,2871,0
ore_ont_7576.owl,"SubClassOf(<http://purl.obolibrary.org/obo/SP_0000058> <http://purl.obolibrary.org/obo/SP_0000038>)",422,-1.0,-1.0,2881,0,-1.0,2871,0,-1.0,2900,0,-1.0,2891,0,0,-1.0,2879,0
ore_ont_7576.owl,"SubClassOf(<http://purl.obolibrary.org/obo/SP_0000019> <http://purl.obolibrary.org/obo/SP_0001000>)",422,-1.0,-1.0,2878,0,-1.0,2880,0,-1.0,2885,0,-1.0,2838,0,0,-1.0,2861,0
ore_ont_7576.owl,"SubClassOf(<http://purl.obolibrary.org/obo/SP_0000065> <http://purl.obolibrary.org/obo/SP_0000058>)",422,-1.0,-1.0,2897,0,-1.0,2872,0,-1.0,2864,0,-1.0,2882,0,0,-1.0,2858,0
ore_ont_7576.owl,"SubClassOf(<http://purl.obolibrary.org/obo/SP_0000282> <http://purl.obolibrary.org/obo/SP_0000185>)",422,-1.0,-1.0,2887,0,-1.0,2877,0,-1.0,2878,0,-1.0,2870,0,0,-1.0,2898,0
ore_ont_7576.owl,"SubClassOf(<http://purl.obolibrary.org/obo/SP_0000392> <http://purl.obolibrary.org/obo/SP_0000188>)",422,-1.0,-1.0,2913,0,-1.0,2831,0,-1.0,2833,0,-1.0,2838,0,0,-1.0,2873,0
ore_ont_7576.owl,"SubClassOf(<http://purl.obolibrary.org/obo/SP_0000353> <http://purl.obolibrary.org/obo/SP_0000012>)",422,31.299999999999997,21.7,5483,88,16.0,5399,85,21.7,5538,89,16.0,4966,93,2,21.7,6189,88
ore_ont_7576.owl,"SubClassOf(<http://purl.obolibrary.org/obo/SP_0000231> <http://purl.obolibrary.org/obo/SP_0000211>)",422,-1.0,-1.0,2902,0,-1.0,2894,0,-1.0,2891,0,-1.0,2864,0,0,-1.0,2859,0
ore_ont_7576.owl,"SubClassOf(<http://purl.obolibrary.org/obo/SP_0000361> <http://purl.obolibrary.org/obo/SP_0000353>)",422,-1.0,-1.0,2858,0,-1.0,2842,0,-1.0,2862,0,-1.0,2866,0,0,-1.0,2891,0
ore_ont_14518.owl,"SubClassOf(<http://purl.obolibrary.org/obo/DDANAT_0000016> <http://purl.obolibrary.org/obo/DDANAT_0010085>)",347,188.29999999999998,169.4,5580,94,178.8,5402,90,169.4,5537,100,169.4,4966,94,2,169.4,6091,91
ore_ont_14518.owl,"SubClassOf(<http://purl.obolibrary.org/obo/DDANAT_0000004> <http://purl.obolibrary.org/obo/DDANAT_0010082>)",347,-1.0,-1.0,2873,0,-1.0,2848,0,-1.0,2856,0,-1.0,2840,0,0,-1.0,2849,0
ore_ont_14518.owl,"SubClassOf(<http://purl.obolibrary.org/obo/DDANAT_0000036> <http://purl.obolibrary.org/obo/DDANAT_0000096>)",347,-1.0,-1.0,2875,0,-1.0,2827,0,-1.0,2847,0,-1.0,2872,0,0,-1.0,2907,0
ore_ont_14518.owl,"SubClassOf(<http://purl.obolibrary.org/obo/DDANAT_0000005> <http://purl.obolibrary.org/obo/DDANAT_0010082>)",347,-1.0,-1.0,2870,0,-1.0,2884,0,-1.0,2869,0,-1.0,2891,0,0,-1.0,2880,0
ore_ont_14518.owl,"SubClassOf(<http://purl.obolibrary.org/obo/DDANAT_0000016> <http://purl.obolibrary.org/obo/DDANAT_0000087>)",347,-1.0,-1.0,2909,0,-1.0,2931,0,-1.0,2862,0,-1.0,2868,0,0,-1.0,2863,0
ore_ont_14518.owl,"SubClassOf(<http://purl.obolibrary.org/obo/DDANAT_0000007> <http://purl.obolibrary.org/obo/DDANAT_0010082>)",347,-1.0,-1.0,2873,0,-1.0,2876,0,-1.0,2849,0,-1.0,2853,0,0,-1.0,2909,0
ore_ont_14518.owl,"SubClassOf(<http://purl.obolibrary.org/obo/DDANAT_0000405> <http://purl.obolibrary.org/obo/DDANAT_0000401>)",347,-1.0,-1.0,2877,0,-1.0,2871,0,-1.0,2864,0,-1.0,2871,0,0,-1.0,2894,0
ore_ont_14518.owl,"SubClassOf(<http://purl.obolibrary.org/obo/DDANAT_0000041> <http://purl.obolibrary.org/obo/DDANAT_0010085>)",347,188.29999999999998,169.1,5217,143,176.99999999999997,5581,94,169.1,5257,104,176.99999999999997,4987,86,1,169.1,5853,92
ore_ont_14518.owl,"SubClassOf(<http://purl.obolibrary.org/obo/DDANAT_0000004> <http://purl.obolibrary.org/obo/DDANAT_0010001>)",347,108.5,101.8,5169,90,103.1,5418,94,101.8,5246,88,103.1,4960,89,2,101.8,5826,138
ore_ont_14518.owl,"SubClassOf(<http://purl.obolibrary.org/obo/DDANAT_0000019> <http://purl.obolibrary.org/obo/DDANAT_0000087>)",347,-1.0,-1.0,2932,0,-1.0,2853,0,-1.0,2848,0,-1.0,2809,0,0,-1.0,2854,0
ore_ont_10516.owl,"SubClassOf(<http://purl.obolibrary.org/obo/OPL_0000038> <http://purl.obolibrary.org/obo/NCBITaxon_6183>)",462,-1.0,-1.0,2843,0,-1.0,2856,0,-1.0,2926,0,-1.0,2864,0,0,-1.0,2878,0
ore_ont_10516.owl,"SubClassOf(<http://purl.obolibrary.org/obo/OPL_0000027> <http://purl.obolibrary.org/obo/CARO_0000003>)",462,58.3,49.0,5473,87,42.4,5452,94,49.0,5508,88,49.0,4963,115,1,49.0,6123,87
ore_ont_10516.owl,"SubClassOf(<http://purl.obolibrary.org/obo/OPL_0000146> <http://purl.obolibrary.org/obo/NCBITaxon_5833>)",462,-1.0,-1.0,2850,0,-1.0,2864,0,-1.0,2841,0,-1.0,2891,0,0,-1.0,2838,0
ore_ont_10516.owl,"SubClassOf(<http://purl.obolibrary.org/obo/OPL_0000171> <http://purl.obolibrary.org/obo/snap#_Role>)",462,32.400000000000006,29.299999999999997,5510,95,28.7,5433,92,29.299999999999997,5542,91,29.299999999999997,4982,95,1,29.299999999999997,6158,95
ore_ont_10516.owl,"SubClassOf(<http://purl.obolibrary.org/obo/OPL_0000032> <http://purl.obolibrary.org/obo/UBERON_0001045>)",462,-1.0,-1.0,2899,0,-1.0,2840,0,-1.0,2859,0,-1.0,2861,0,0,-1.0,2870,0
ore_ont_10516.owl,"SubClassOf(<http://purl.obolibrary.org/obo/OPL_0000077> <http://purl.obolibrary.org/obo/NCBITaxon_6182>)",462,-1.0,-1.0,2880,0,-1.0,2852,0,-1.0,2911,0,-1.0,2858,0,0,-1.0,2863,0
ore_ont_10516.owl,"SubClassOf(<http://purl.obolibrary.org/obo/OPL_0000158> <http://purl.obolibrary.org/obo/OPL_0000165>)",462,-1.0,-1.0,2870,0,-1.0,2860,0,-1.0,2848,0,-1.0,2846,0,0,-1.0,2855,0
ore_ont_10516.owl,"SubClassOf(<http://purl.obolibrary.org/obo/OPL_0000165> <http://purl.obolibrary.org/obo/OPL_0000181>)",462,-1.0,-1.0,2869,0,-1.0,2860,0,-1.0,2862,0,-1.0,2857,0,0,-1.0,2846,0
ore_ont_10516.owl,"SubClassOf(<http://purl.obolibrary.org/obo/OPL_0000178> <http://purl.obolibrary.org/obo/NCBITaxon_6185>)",462,-1.0,-1.0,2885,0,-1.0,2837,0,-1.0,2830,0,-1.0,2855,0,0,-1.0,2829,0
ore_ont_10516.owl,"SubClassOf(<http://purl.obolibrary.org/obo/OPL_0000032> <http://purl.obolibrary.org/obo/CARO_0000003>)",462,59.199999999999996,43.3,5582,92,49.0,5414,91,43.3,5687,92,43.3,4977,94,1,43.3,6454,99
ore_ont_13301.owl,"SubClassOf(<http://purl.obolibrary.org/obo/NCBITaxon_435447> <http://purl.obolibrary.org/obo/NCBITaxon_435434>)",436,-1.0,-1.0,2877,0,-1.0,2861,0,-1.0,2842,0,-1.0,2839,0,0,-1.0,2845,0
ore_ont_13301.owl,"SubClassOf(<http://purl.obolibrary.org/obo/NCBITaxon_435434> <http://purl.obolibrary.org/obo/NCBITaxon_435433>)",436,-1.0,-1.0,2869,0,-1.0,2849,0,-1.0,2861,0,-1.0,2843,0,0,-1.0,2843,0
ore_ont_13301.owl,"SubClassOf(<http://purl.obolibrary.org/obo/NCBITaxon_318696> <http://purl.obolibrary.org/obo/NCBITaxon_7372>)",436,-1.0,-1.0,2878,0,-1.0,2844,0,-1.0,2837,0,-1.0,2885,0,0,-1.0,2881,0
ore_ont_13301.owl,"SubClassOf(<http://purl.obolibrary.org/obo/NCBITaxon_367292> <http://purl.obolibrary.org/obo/NCBITaxon_7374>)",436,-1.0,-1.0,2907,0,-1.0,2880,0,-1.0,2865,0,-1.0,2883,0,0,-1.0,2884,0
ore_ont_13301.owl,"SubClassOf(<http://purl.obolibrary.org/obo/NCBITaxon_143287> <http://purl.obolibrary.org/obo/NCBITaxon_10140>)",436,-1.0,-1.0,2935,0,-1.0,2886,0,-1.0,2898,0,-1.0,2919,0,0,-1.0,2901,0
ore_ont_13301.owl,"SubClassOf(<http://purl.obolibrary.org/obo/p11#_birnlex_189> <http://purl.obolibrary.org/obo/NCBITaxon_10090>)",436,-1.0,-1.0,2918,0,-1.0,2866,0,-1.0,2855,0,-1.0,2838,0,0,-1.0,2852,0
ore_ont_13301.owl,"SubClassOf(<http://purl.obolibrary.org/obo/NCBITaxon_7372> <http://purl.obolibrary.org/obo/NCBITaxon_43912>)",436,-1.0,-1.0,2893,0,-1.0,2852,0,-1.0,2854,0,-1.0,2882,0,0,-1.0,2963,0
ore_ont_13301.owl,"SubClassOf(<http://purl.obolibrary.org/obo/NCBITaxon_7372> <http://purl.obolibrary.org/obo/NCBITaxon_7371>)",436,2426.4,1963.1,5611,110,2188.7,5563,113,1963.1,5577,110,2188.7,4999,109,1,1963.1,6223,112
ore_ont_13301.owl,"SubClassOf(<http://purl.obolibrary.org/obo/NCBITaxon_435434> <http://purl.obolibrary.org/obo/NCBITaxon_10114>)",436,2699.7999999999997,2187.6999999999994,5559,112,2437.9,5424,107,2187.6999999999994,5513,118,2187.6999999999994,4970,111,2,2187.6999999999994,6276,106
ore_ont_13301.owl,"SubClassOf(<http://purl.obolibrary.org/obo/NCBITaxon_81419> <http://purl.obolibrary.org/obo/NCBITaxon_45449>)",436,-1.0,-1.0,2874,0,-1.0,2848,0,-1.0,2854,0,-1.0,2876,0,0,-1.0,2852,0
ore_ont_15068.owl,"SubClassOf(<http://biomanta.sourceforge.net/2007/10/ncbi_taxo.owl#ncbi_taxo_9825> <http://biomanta.sourceforge.net/2007/10/ncbi_taxo.owl#ncbi_taxo_9823>)",377,-1.0,-1.0,2860,0,-1.0,2831,0,-1.0,2833,0,-1.0,2864,0,0,-1.0,2841,0
ore_ont_15068.owl,"SubClassOf(<http://biomanta.sourceforge.net/2007/10/ncbi_taxo.owl#ncbi_taxo_400035> <http://biomanta.sourceforge.net/2007/10/ncbi_taxo.owl#ncbi_taxo_9031>)",377,-1.0,-1.0,2875,0,-1.0,2861,0,-1.0,2890,0,-1.0,2902,0,0,-1.0,2849,0
ore_ont_15068.owl,"SubClassOf(<http://biomanta.sourceforge.net/2007/10/ncbi_taxo.owl#ncbi_taxo_468558> <http://biomanta.sourceforge.net/2007/10/ncbi_taxo.owl#ncbi_taxo_4932>)",377,-1.0,-1.0,2867,0,-1.0,2839,0,-1.0,2846,0,-1.0,2849,0,0,-1.0,2876,0
ore_ont_15068.owl,"SubClassOf(<http://biomanta.sourceforge.net/2007/10/ncbi_taxo.owl#ncbi_taxo_93385> <http://biomanta.sourceforge.net/2007/10/ncbi_taxo.owl#ncbi_taxo_3711>)",377,-1.0,-1.0,2873,0,-1.0,2850,0,-1.0,2856,0,-1.0,2857,0,0,-1.0,2847,0
ore_ont_15068.owl,"SubClassOf(<http://biomanta.sourceforge.net/2007/10/ncbi_taxo.owl#ncbi_taxo_112250> <http://biomanta.sourceforge.net/2007/10/ncbi_taxo.owl#ncbi_taxo_4754>)",377,-1.0,-1.0,2879,0,-1.0,2883,0,-1.0,2855,0,-1.0,2844,0,0,-1.0,2854,0
ore_ont_15068.owl,"SubClassOf(<http://biomanta.sourceforge.net/2007/10/ncbi_taxo.owl#ncbi_taxo_452468> <http://biomanta.sourceforge.net/2007/10/ncbi_taxo.owl#ncbi_taxo_5911>)",377,-1.0,-1.0,2872,0,-1.0,2870,0,-1.0,2880,0,-1.0,2855,0,0,-1.0,2861,0
ore_ont_15068.owl,"SubClassOf(<http://biomanta.sourceforge.net/2007/10/ncbi_taxo.owl#ncbi_taxo_208196> <http://biomanta.sourceforge.net/2007/10/ncbi_taxo.owl#ncbi_taxo_208194>)",377,-1.0,-1.0,2859,0,-1.0,2831,0,-1.0,2866,0,-1.0,2824,0,0,-1.0,2845,0
ore_ont_15068.owl,"SubClassOf(<http://biomanta.sourceforge.net/2007/10/ncbi_taxo.owl#ncbi_taxo_41122> <http://biomanta.sourceforge.net/2007/10/ncbi_taxo.owl#ncbi_taxo_5085>)",377,-1.0,-1.0,2874,0,-1.0,2868,0,-1.0,2872,0,-1.0,2877,0,0,-1.0,2844,0
ore_ont_15068.owl,"SubClassOf(<http://biomanta.sourceforge.net/2007/10/ncbi_taxo.owl#ncbi_taxo_116058> <http://biomanta.sourceforge.net/2007/10/ncbi_taxo.owl#ncbi_taxo_10090>)",377,-1.0,-1.0,2884,0,-1.0,2867,0,-1.0,2849,0,-1.0,2857,0,0,-1.0,2864,0
ore_ont_15068.owl,"SubClassOf(<http://biomanta.sourceforge.net/2007/10/ncbi_taxo.owl#ncbi_taxo_10090> <http://biomanta.sourceforge.net/2007/10/ncbi_taxo.owl#ncbi_taxo_2759>)",377,33.0,17.3,5553,97,4.1,5398,101,17.3,5638,105,17.3,4977,94,2,17.3,6201,104
ore_ont_3418.owl,"SubClassOf(<http://purl.obolibrary.org/obo/PI_00371> <http://purl.obolibrary.org/obo/PI_00153>)",528,-1.0,-1.0,2885,0,-1.0,2897,0,-1.0,2877,0,-1.0,2866,0,0,-1.0,2898,0
ore_ont_3418.owl,"SubClassOf(<http://purl.obolibrary.org/obo/PI_00371> <http://purl.obolibrary.org/obo/PI_00143>)",528,-1.0,-1.0,2892,0,-1.0,2880,0,-1.0,2877,0,-1.0,2902,0,0,-1.0,2862,0
ore_ont_3418.owl,"SubClassOf(<http://purl.obolibrary.org/obo/PI_00272> <http://purl.obolibrary.org/obo/PI_00180>)",528,-1.0,-1.0,2894,0,-1.0,2911,0,-1.0,2872,0,-1.0,2875,0,0,-1.0,2854,0
ore_ont_3418.owl,"SubClassOf(<http://purl.obolibrary.org/obo/PI_00371> <http://purl.obolibrary.org/obo/PI_00116>)",528,-1.0,-1.0,2865,0,-1.0,2945,0,-1.0,2876,0,-1.0,2883,0,0,-1.0,2899,0
ore_ont_3418.owl,"SubClassOf(<http://purl.obolibrary.org/obo/PI_00050> <http://purl.obolibrary.org/obo/PI_00041>)",528,-1.0,-1.0,2879,0,-1.0,2878,0,-1.0,2863,0,-1.0,2877,0,0,-1.0,2868,0
ore_ont_3418.owl,"SubClassOf(<http://purl.obolibrary.org/obo/PI_00041> <http://purl.obolibrary.org/obo/PI_00302>)",528,98.2,66.9,5307,121,40.300000000000004,5505,106,66.9,5374,103,66.9,4989,113,1,66.9,5993,108
ore_ont_3418.owl,"SubClassOf(<http://purl.obolibrary.org/obo/PI_00260> <http://purl.obolibrary.org/obo/PI_00066>)",528,-1.0,-1.0,2896,0,-1.0,2859,0,-1.0,2888,0,-1.0,2853,0,0,-1.0,2860,0
ore_ont_3418.owl,"SubClassOf(<http://purl.obolibrary.org/obo/PI_00240> <http://purl.obolibrary.org/obo/PI_00221>)",528,-1.0,-1.0,2869,0,-1.0,2845,0,-1.0,2847,0,-1.0,2864,0,0,-1.0,2863,0
ore_ont_3418.owl,"SubClassOf(<http://purl.obolibrary.org/obo/PI_00284> <http://purl.obolibrary.org/obo/PI_00011>)",528,73.6,41.5,5170,111,54.0,5499,104,41.5,5308,106,54.0,5003,107,2,41.5,5841,101
ore_ont_3418.owl,"SubClassOf(<http://purl.obolibrary.org/obo/PI_00251> <http://purl.obolibrary.org/obo/PI_00045>)",528,-1.0,-1.0,2857,0,-1.0,2844,0,-1.0,2857,0,-1.0,2850,0,0,-1.0,2847,0
ore_ont_10056.owl,"SubClassOf(<http://purl.obolibrary.org/obo/PRIDE_0000239> <http://purl.obolibrary.org/obo/PRIDE_0000192>)",467,-1.0,-1.0,2877,0,-1.0,2853,0,-1.0,2870,0,-1.0,2865,0,0,-1.0,2857,0
ore_ont_10056.owl,"SubClassOf(<http://purl.obolibrary.org/obo/PRIDE_0000353> <http://purl.obolibrary.org/obo/PRIDE_0000004>)",467,-1.0,-1.0,2891,0,-1.0,2871,0,-1.0,2848,0,-1.0,2846,0,0,-1.0,2844,0
ore_ont_10056.owl,"SubClassOf(<http://purl.obolibrary.org/obo/PRIDE_0000353> <http://purl.obolibrary.org/obo/PRIDE_0000003>)",467,-1.0,-1.0,2867,0,-1.0,2873,0,-1.0,2859,0,-1.0,2853,0,0,-1.0,2850,0
ore_ont_10056.owl,"SubClassOf(<http://purl.obolibrary.org/obo/PRIDE_0000380> <http://purl.obolibrary.org/obo/PRIDE_0000353>)",467,-1.0,-1.0,2874,0,-1.0,2875,0,-1.0,2914,0,-1.0,2928,0,0,-1.0,2914,0
ore_ont_10056.owl,"SubClassOf(<http://purl.obolibrary.org/obo/PRIDE_0000255> <http://purl.obolibrary.org/obo/PRIDE_0000239>)",467,-1.0,-1.0,2897,0,-1.0,2858,0,-1.0,2855,0,-1.0,2918,0,0,-1.0,2875,0
ore_ont_10056.owl,"SubClassOf(<http://purl.obolibrary.org/obo/PRIDE_0000082> <http://purl.obolibrary.org/obo/PRIDE_0000071>)",467,-1.0,-1.0,2902,0,-1.0,2876,0,-1.0,2863,0,-1.0,2886,0,0,-1.0,2887,0
ore_ont_10056.owl,"SubClassOf(<http://purl.obolibrary.org/obo/PRIDE_0000071> <http://purl.obolibrary.org/obo/PRIDE_0000001>)",467,-1.0,-1.0,2907,0,-1.0,2875,0,-1.0,2870,0,-1.0,2873,0,0,-1.0,2872,0
ore_ont_10056.owl,"SubClassOf(<http://purl.obolibrary.org/obo/PRIDE_0000403> <http://purl.obolibrary.org/obo/PRIDE_0000006>)",467,-1.0,-1.0,2916,0,-1.0,2851,0,-1.0,2868,0,-1.0,2866,0,0,-1.0,2859,0
ore_ont_10056.owl,"SubClassOf(<http://purl.obolibrary.org/obo/PRIDE_0000035> <http://purl.obolibrary.org/obo/PRIDE_0000028>)",467,-1.0,-1.0,2864,0,-1.0,2841,0,-1.0,2857,0,-1.0,2832,0,0,-1.0,2866,0
ore_ont_10056.owl,"SubClassOf(<http://purl.obolibrary.org/obo/PRIDE_0000013> <http://purl.obolibrary.org/obo/PRIDE_0000049>)",467,-1.0,-1.0,2908,0,-1.0,2873,0,-1.0,2831,0,-1.0,2857,0,0,-1.0,2878,0
ore_ont_4382.owl,"SubClassOf(<http://purl.obolibrary.org/obo/phi_0000271> <http://purl.obolibrary.org/obo/phi_0000259>)",431,-1.0,-1.0,2865,0,-1.0,2840,0,-1.0,2859,0,-1.0,2857,0,0,-1.0,2867,0
ore_ont_4382.owl,"SubClassOf(<http://purl.obolibrary.org/obo/phi_0000263> <http://purl.obolibrary.org/obo/phi_0000191>)",431,89.0,86.60000000000001,5551,110,83.49999999999999,5435,111,86.60000000000001,5592,108,83.49999999999999,4985,103,1,86.60000000000001,6217,109
ore_ont_4382.owl,"SubClassOf(<http://purl.obolibrary.org/obo/phi_0000188> <http://purl.obolibrary.org/obo/phi_0000262>)",431,108.10000000000001,95.69999999999999,6257,117,80.8,5496,113,86.19999999999999,5963,105,80.8,5014,113,2,95.69999999999999,7373,108
ore_ont_4382.owl,"SubClassOf(<http://purl.obolibrary.org/obo/phi_0000081> <http://purl.obolibrary.org/obo/phi_0000187>)",431,-1.0,-1.0,2870,0,-1.0,2874,0,-1.0,2929,0,-1.0,2863,0,0,-1.0,2893,0
ore_ont_4382.owl,"SubClassOf(<http://purl.obolibrary.org/obo/phi_0000103> <http://purl.obolibrary.org/obo/phi_0000097>)",431,-1.0,-1.0,2870,0,-1.0,2869,0,-1.0,2872,0,-1.0,2887,0,0,-1.0,2854,0
ore_ont_4382.owl,"SubClassOf(<http://purl.obolibrary.org/obo/phi_0000072> <http://purl.obolibrary.org/obo/phi_0000064>)",431,-1.0,-1.0,2866,0,-1.0,2859,0,-1.0,2858,0,-1.0,2930,0,0,-1.0,2885,0
ore_ont_4382.owl,"SubClassOf(<http://purl.obolibrary.org/obo/phi_0000081> <http://purl.obolibrary.org/obo/phi_0000061>)",431,95.4,84.4,5569,115,77.69999999999999,5626,112,84.4,5597,123,84.4,5012,123,1,84.4,6318,112
ore_ont_4382.owl,"SubClassOf(<http://purl.obolibrary.org/obo/phi_0000235> <http://purl.obolibrary.org/obo/phi_0000172>)",431,46.2,39.5,5179,112,41.599999999999994,5504,103,39.5,5235,113,39.5,4969,114,1,39.5,5890,124
ore_ont_4382.owl,"SubClassOf(<http://purl.obolibrary.org/obo/phi_0000263> <http://purl.obolibrary.org/obo/phi_0000316>)",431,-1.0,-1.0,2906,0,-1.0,2856,0,-1.0,2839,0,-1.0,2840,0,0,-1.0,2868,0
ore_ont_4382.owl,"SubClassOf(<http://purl.obolibrary.org/obo/phi_0000087> <http://purl.obolibrary.org/obo/phi_0000081>)",431,-1.0,-1.0,2889,0,-1.0,2890,0,-1.0,2868,0,-1.0,2833,0,0,-1.0,2851,0
ore_ont_13234.owl,"SubClassOf(<http://purl.obolibrary.org/obo/EO_0007149> <http://purl.obolibrary.org/obo/EO_0007189>)",555,-1.0,-1.0,2918,0,-1.0,2867,0,-1.0,2850,0,-1.0,2858,0,0,-1.0,2870,0
ore_ont_13234.owl,"SubClassOf(<http://purl.obolibrary.org/obo/EO_0007252> <http://purl.obolibrary.org/obo/EO_0007116>)",555,-1.0,-1.0,2888,0,-1.0,2866,0,-1.0,2864,0,-1.0,2904,0,0,-1.0,2896,0
ore_ont_13234.owl,"SubClassOf(<http://purl.obolibrary.org/obo/EO_0001029> <http://purl.obolibrary.org/obo/EO_0007284>)",555,-1.0,-1.0,2970,0,-1.0,2880,0,-1.0,2880,0,-1.0,2877,0,0,-1.0,2870,0
ore_ont_13234.owl,"SubClassOf(<http://purl.obolibrary.org/obo/EO_0007532> <http://purl.obolibrary.org/obo/EO_0007149>)",555,-1.0,-1.0,2879,0,-1.0,2894,0,-1.0,2854,0,-1.0,2851,0,0,-1.0,2859,0
ore_ont_13234.owl,"SubClassOf(<http://purl.obolibrary.org/obo/EO_0007154> <http://purl.obolibrary.org/obo/EO_0007316>)",555,39.2,24.1,5593,111,13.9,5443,117,24.1,5620,112,24.1,4981,120,1,24.1,6330,115
ore_ont_13234.owl,"SubClassOf(<http://purl.obolibrary.org/obo/EO_0007221> <http://purl.obolibrary.org/obo/EO_0007154>)",555,86.7,36.0,5590,133,58.7,5526,131,36.0,5618,121,58.7,5013,119,2,36.0,6280,119
ore_ont_13234.owl,"SubClassOf(<http://purl.obolibrary.org/obo/EO_0007396> <http://purl.obolibrary.org/obo/EO_0007064>)",555,-1.0,-1.0,2905,0,-1.0,2863,0,-1.0,2851,0,-1.0,2891,0,0,-1.0,2907,0
ore_ont_13234.owl,"SubClassOf(<http://purl.obolibrary.org/obo/EO_0007115> <http://purl.obolibrary.org/obo/EO_0007114>)",555,-1.0,-1.0,2890,0,-1.0,2863,0,-1.0,2978,0,-1.0,2839,0,0,-1.0,2865,0
ore_ont_13234.owl,"SubClassOf(<http://purl.obolibrary.org/obo/EO_0007118> <http://purl.obolibrary.org/obo/EO_0007107>)",555,-1.0,-1.0,2899,0,-1.0,2889,0,-1.0,2860,0,-1.0,2835,0,0,-1.0,2875,0
ore_ont_13234.owl,"SubClassOf(<http://purl.obolibrary.org/obo/EO_0007141> <http://purl.obolibrary.org/obo/EO_0007022>)",555,-1.0,-1.0,2860,0,-1.0,2895,0,-1.0,2885,0,-1.0,2857,0,0,-1.0,2882,0
ore_ont_16730.owl,"SubClassOf(<http://purl.obolibrary.org/obo/MMO_0000037> <http://purl.obolibrary.org/obo/MMO_0000030>)",567,61.400000000000006,19.900000000000002,5577,114,37.900000000000006,5520,115,19.900000000000002,5532,110,37.900000000000006,4989,116,1,19.900000000000002,6379,123
ore_ont_16730.owl,"SubClassOf(<http://purl.obolibrary.org/obo/MMO_0000030> <http://purl.obolibrary.org/obo/MMO_0000027>)",567,24.700000000000003,5.2,5601,116,13.0,5496,121,5.2,5728,116,5.2,4973,127,4,5.2,6339,123
ore_ont_16730.owl,"SubClassOf(<http://purl.obolibrary.org/obo/MMO_0000151> <http://purl.obolibrary.org/obo/MMO_0000181>)",567,-1.0,-1.0,2903,0,-1.0,2865,0,-1.0,2884,0,-1.0,2860,0,0,-1.0,2840,0
ore_ont_16730.owl,"SubClassOf(<http://purl.obolibrary.org/obo/MMO_0000076> <http://purl.obolibrary.org/obo/MMO_0000026>)",567,-1.0,-1.0,2889,0,-1.0,2856,0,-1.0,2877,0,-1.0,2877,0,0,-1.0,2855,0
ore_ont_16730.owl,"SubClassOf(<http://purl.obolibrary.org/obo/MMO_0000138> <http://purl.obolibrary.org/obo/MMO_0000037>)",567,-1.0,-1.0,2887,0,-1.0,2862,0,-1.0,2888,0,-1.0,2903,0,0,-1.0,2874,0
ore_ont_16730.owl,"SubClassOf(<http://purl.obolibrary.org/obo/MMO_0000204> <http://purl.obolibrary.org/obo/MMO_0000112>)",567,-1.0,-1.0,2904,0,-1.0,2870,0,-1.0,2871,0,-1.0,2883,0,0,-1.0,2886,0
ore_ont_16730.owl,"SubClassOf(<http://purl.obolibrary.org/obo/MMO_0000436> <http://purl.obolibrary.org/obo/MMO_0000331>)",567,-1.0,-1.0,2956,0,-1.0,2851,0,-1.0,2871,0,-1.0,2858,0,0,-1.0,2864,0
ore_ont_16730.owl,"SubClassOf(<http://purl.obolibrary.org/obo/MMO_0000111> <http://purl.obolibrary.org/obo/MMO_0000109>)",567,-1.0,-1.0,2931,0,-1.0,2875,0,-1.0,2864,0,-1.0,2864,0,0,-1.0,2850,0
ore_ont_16730.owl,"SubClassOf(<http://purl.obolibrary.org/obo/MMO_0000185> <http://purl.obolibrary.org/obo/MMO_0000180>)",567,-1.0,-1.0,2881,0,-1.0,2900,0,-1.0,2880,0,-1.0,2888,0,0,-1.0,2853,0
ore_ont_16730.owl,"SubClassOf(<http://purl.obolibrary.org/obo/MMO_0000181> <http://purl.obolibrary.org/obo/MMO_0000147>)",567,78.7,59.1,5534,128,73.89999999999999,5556,123,59.1,5507,127,73.89999999999999,4999,139,1,59.1,6236,117
ore_ont_2066.owl,"SubClassOf(<http://purl.org/net/miCLIP#PercentageDistributionByRace> <http://purl.org/net/miCLIP#PercentageDistribution>)",471,-1.0,-1.0,2860,0,-1.0,2850,0,-1.0,2876,0,-1.0,2856,0,0,-1.0,2845,0
ore_ont_2066.owl,"SubClassOf(<http://ncicb.nci.nih.gov/xml/owl/EVS/Thesaurus.owl#Sample_Study_Population> <http://ncicb.nci.nih.gov/xml/owl/EVS/Thesaurus.owl#Population_Group>)",471,-1.0,-1.0,2893,0,-1.0,2872,0,-1.0,2905,0,-1.0,2875,0,0,-1.0,2945,0
ore_ont_2066.owl,"SubClassOf(<http://purl.org/net/miCLIP#belongingness> <http://ncicb.nci.nih.gov/xml/owl/EVS/Thesaurus.owl#Emotion>)",471,-1.0,-1.0,2883,0,-1.0,2876,0,-1.0,2852,0,-1.0,2859,0,0,-1.0,2857,0
ore_ont_2066.owl,"SubClassOf(<http://ncicb.nci.nih.gov/xml/owl/EVS/Thesaurus.owl#C849916> <http://ncicb.nci.nih.gov/xml/owl/EVS/Thesaurus.owl#Mental_and_Behavioral_Signs_and_Symptoms>)",471,-1.0,-1.0,2890,0,-1.0,2866,0,-1.0,2870,0,-1.0,2867,0,0,-1.0,2843,0
ore_ont_2066.owl,"SubClassOf(<http://purl.obolibrary.org/obo/IAO_0000225> <http://purl.obolibrary.org/obo/IAO_0000102>)",471,-1.0,-1.0,2877,0,-1.0,2850,0,-1.0,2860,0,-1.0,2855,0,0,-1.0,2877,0
ore_ont_2066.owl,"SubClassOf(<http://ncicb.nci.nih.gov/xml/owl/EVS/Thesaurus.owl#Never_Married_Status> <http://ncicb.nci.nih.gov/xml/owl/EVS/Thesaurus.owl#Marital_Status>)",471,-1.0,-1.0,2874,0,-1.0,2849,0,-1.0,2847,0,-1.0,2843,0,0,-1.0,2848,0
ore_ont_2066.owl,"SubClassOf(<http://www.ebi.ac.uk/efo/EFO_0004786> <http://ncicb.nci.nih.gov/xml/owl/EVS/Thesaurus.owl#Symptom_Specific_Assessment_Tool>)",471,-1.0,-1.0,2870,0,-1.0,2859,0,-1.0,2860,0,-1.0,2841,0,0,-1.0,2849,0
ore_ont_2066.owl,"SubClassOf(<http://www.absoluteiri.edu/RELAPPROXC654> <http://www.absoluteiri.edu/RELAPPROXC660>)",471,-1.0,-1.0,2881,0,-1.0,2866,0,-1.0,2878,0,-1.0,2889,0,0,-1.0,2896,0
ore_ont_2066.owl,"SubClassOf(<http://ncicb.nci.nih.gov/xml/owl/EVS/Thesaurus.owl#Anxiety_Disorder> <http://ncicb.nci.nih.gov/xml/owl/EVS/Thesaurus.owl#Psychiatric_Disorder>)",471,-1.0,-1.0,2913,0,-1.0,2885,0,-1.0,2879,0,-1.0,2874,0,0,-1.0,2859,0
ore_ont_2066.owl,"SubClassOf(<http://purl.org/net/miCLIP#OfficeOfTheSecretaryOfDefense> <http://ncicb.nci.nih.gov/xml/owl/EVS/Thesaurus.owl#Department_of_Defense>)",471,-1.0,-1.0,2896,0,-1.0,2861,0,-1.0,2870,0,-1.0,2849,0,0,-1.0,2851,0
ore_ont_5966.owl,"SubClassOf(<file:/media/owl/Seagate%20Expansion%20Drive/mowlcorp_rep/mowlcorp_2014.10.07_orig/files/ea19299c-ae9f-4f9a-a2de-3a52ee71e696_oldonto.rdf#SweetFruit> <file:/media/owl/Seagate%20Expansion%20Drive/mowlcorp_rep/mowlcorp_2014.10.07_orig/files/ea19299c-ae9f-4f9a-a2de-3a52ee71e696_oldonto.rdf#Fruit>)",369,-1.0,-1.0,2892,0,-1.0,2888,0,-1.0,2857,0,-1.0,2856,0,0,-1.0,2863,0
ore_ont_5966.owl,"SubClassOf(<file:/media/owl/Seagate%20Expansion%20Drive/mowlcorp_rep/mowlcorp_2014.10.07_orig/files/ea19299c-ae9f-4f9a-a2de-3a52ee71e696_oldonto.rdf#OtherTomatoBasedFoodCourse> <http://www.absoluteiri.edu/RELAPPROXC211>)",369,-1.0,-1.0,2888,0,-1.0,2858,0,-1.0,2836,0,-1.0,2856,0,0,-1.0,2843,0
ore_ont_5966.owl,"SubClassOf(<file:/media/owl/Seagate%20Expansion%20Drive/mowlcorp_rep/mowlcorp_2014.10.07_orig/files/ea19299c-ae9f-4f9a-a2de-3a52ee71e696_oldonto.rdf#Fish> <file:/media/owl/Seagate%20Expansion%20Drive/mowlcorp_rep/mowlcorp_2014.10.07_orig/files/ea19299c-ae9f-4f9a-a2de-3a52ee71e696_oldonto.rdf#Seafood>)",369,-1.0,-1.0,2855,0,-1.0,2853,0,-1.0,2851,0,-1.0,2836,0,0,-1.0,2870,0
ore_ont_5966.owl,"SubClassOf(<file:/media/owl/Seagate%20Expansion%20Drive/mowlcorp_rep/mowlcorp_2014.10.07_orig/files/ea19299c-ae9f-4f9a-a2de-3a52ee71e696_oldonto.rdf#OtherTomatoBasedFoodCourse> <file:/media/owl/Seagate%20Expansion%20Drive/mowlcorp_rep/mowlcorp_2014.10.07_orig/files/ea19299c-ae9f-4f9a-a2de-3a52ee71e696_oldonto.rdf#MealCourse>)",369,-1.0,-1.0,2896,0,-1.0,2908,0,-1.0,2879,0,-1.0,2883,0,0,-1.0,2860,0
ore_ont_5966.owl,"SubClassOf(<file:/media/owl/Seagate%20Expansion%20Drive/mowlcorp_rep/mowlcorp_2014.10.07_orig/files/ea19299c-ae9f-4f9a-a2de-3a52ee71e696_oldonto.rdf#CheeseNutsDessert> <file:/media/owl/Seagate%20Expansion%20Drive/mowlcorp_rep/mowlcorp_2014.10.07_orig/files/ea19299c-ae9f-4f9a-a2de-3a52ee71e696_oldonto.rdf#Dessert>)",369,-1.0,-1.0,2907,0,-1.0,2870,0,-1.0,2865,0,-1.0,2850,0,0,-1.0,2871,0
ore_ont_5966.owl,"SubClassOf(<file:/media/owl/Seagate%20Expansion%20Drive/mowlcorp_rep/mowlcorp_2014.10.07_orig/files/ea19299c-ae9f-4f9a-a2de-3a52ee71e696_oldonto.rdf#PastaWithRedSauce> <file:/media/owl/Seagate%20Expansion%20Drive/mowlcorp_rep/mowlcorp_2014.10.07_orig/files/ea19299c-ae9f-4f9a-a2de-3a52ee71e696_oldonto.rdf#Pasta>)",369,-1.0,-1.0,2883,0,-1.0,2864,0,-1.0,2853,0,-1.0,2878,0,0,-1.0,2869,0
ore_ont_5966.owl,"SubClassOf(<file:/media/owl/Seagate%20Expansion%20Drive/mowlcorp_rep/mowlcorp_2014.10.07_orig/files/ea19299c-ae9f-4f9a-a2de-3a52ee71e696_oldonto.rdf#RedMeat> <file:/media/owl/Seagate%20Expansion%20Drive/mowlcorp_rep/mowlcorp_2014.10.07_orig/files/ea19299c-ae9f-4f9a-a2de-3a52ee71e696_oldonto.rdf#Meat>)",369,-1.0,-1.0,2893,0,-1.0,2877,0,-1.0,2856,0,-1.0,2865,0,0,-1.0,2891,0
ore_ont_5966.owl,"SubClassOf(<file:/media/owl/Seagate%20Expansion%20Drive/mowlcorp_rep/mowlcorp_2014.10.07_orig/files/ea19299c-ae9f-4f9a-a2de-3a52ee71e696_oldonto.rdf#OtherTomatoBasedFoodCourse> <http://www.absoluteiri.edu/RELAPPROXC243>)",369,-1.0,-1.0,2882,0,-1.0,2873,0,-1.0,2867,0,-1.0,2886,0,0,-1.0,2889,0
ore_ont_5966.owl,"SubClassOf(<file:/media/owl/Seagate%20Expansion%20Drive/mowlcorp_rep/mowlcorp_2014.10.07_orig/files/ea19299c-ae9f-4f9a-a2de-3a52ee71e696_oldonto.rdf#DarkMeatFowl> <file:/media/owl/Seagate%20Expansion%20Drive/mowlcorp_rep/mowlcorp_2014.10.07_orig/files/ea19299c-ae9f-4f9a-a2de-3a52ee71e696_oldonto.rdf#Fowl>)",369,-1.0,-1.0,2908,0,-1.0,2888,0,-1.0,2887,0,-1.0,2904,0,0,-1.0,2867,0
ore_ont_5966.owl,"SubClassOf(<file:/media/owl/Seagate%20Expansion%20Drive/mowlcorp_rep/mowlcorp_2014.10.07_orig/files/ea19299c-ae9f-4f9a-a2de-3a52ee71e696_oldonto.rdf#Pasta> <file:/media/owl/Seagate%20Expansion%20Drive/mowlcorp_rep/mowlcorp_2014.10.07_orig/files/ea19299c-ae9f-4f9a-a2de-3a52ee71e696_oldonto.rdf#EdibleThing>)",369,-1.0,-1.0,2899,0,-1.0,2872,0,-1.0,2878,0,-1.0,2862,0,0,-1.0,2847,0
ore_ont_11504.owl,"SubClassOf(<http://www.semanticweb.org/vanessa/ontologies/2012/7/untitled-ontology-33#Job> <http://www.semanticweb.org/vanessa/ontologies/2012/7/untitled-ontology-33#Finances>)",401,-1.0,-1.0,2869,0,-1.0,2846,0,-1.0,2849,0,-1.0,2863,0,0,-1.0,2889,0
ore_ont_11504.owl,"SubClassOf(<http://www.semanticweb.org/vanessa/ontologies/2012/7/untitled-ontology-33#Impaired_Skin_Integrity> <http://www.semanticweb.org/vanessa/ontologies/2012/7/untitled-ontology-33#Physical_problems>)",401,-1.0,-1.0,2918,0,-1.0,2867,0,-1.0,2837,0,-1.0,2847,0,0,-1.0,2842,0
ore_ont_11504.owl,"SubClassOf(<http://www.semanticweb.org/vanessa/ontologies/2012/7/untitled-ontology-33#Family> <http://www.semanticweb.org/vanessa/ontologies/2012/7/untitled-ontology-33#People>)",401,-1.0,-1.0,2863,0,-1.0,2833,0,-1.0,2835,0,-1.0,2826,0,0,-1.0,2844,0
ore_ont_11504.owl,"SubClassOf(<http://www.semanticweb.org/vanessa/ontologies/2012/7/untitled-ontology-33#Conference> <http://www.semanticweb.org/vanessa/ontologies/2012/7/untitled-ontology-33#Communicate>)",401,-1.0,-1.0,2875,0,-1.0,2847,0,-1.0,2859,0,-1.0,2871,0,0,-1.0,2849,0
ore_ont_11504.owl,"SubClassOf(<http://www.semanticweb.org/vanessa/ontologies/2012/7/untitled-ontology-33#Adjust> <http://www.semanticweb.org/vanessa/ontologies/2012/7/untitled-ontology-33#Manage>)",401,-1.0,-1.0,2877,0,-1.0,2831,0,-1.0,2841,0,-1.0,2846,0,0,-1.0,2843,0
ore_ont_11504.owl,"SubClassOf(<http://www.semanticweb.org/vanessa/ontologies/2012/7/untitled-ontology-33#Physical_Care> <http://www.semanticweb.org/vanessa/ontologies/2012/7/untitled-ontology-33#Coordination_Focus>)",401,19.799999999999997,11.599999999999998,5490,135,9.499999999999998,5520,133,11.599999999999998,5493,133,9.499999999999998,5006,128,1,11.599999999999998,6163,129
ore_ont_11504.owl,"SubClassOf(<http://www.semanticweb.org/vanessa/ontologies/2012/7/untitled-ontology-33#Medical_Devices> <http://www.semanticweb.org/vanessa/ontologies/2012/7/untitled-ontology-33#Services>)",401,51.699999999999996,36.0,5911,120,24.4,5483,124,20.799999999999997,5764,127,24.4,5036,126,1,36.0,6825,125
ore_ont_11504.owl,"SubClassOf(<http://www.semanticweb.org/vanessa/ontologies/2012/7/untitled-ontology-33#Laboratory_Tests> <http://www.semanticweb.org/vanessa/ontologies/2012/7/untitled-ontology-33#Physical_Care>)",401,49.599999999999994,19.899999999999995,5287,128,32.699999999999996,5520,135,19.899999999999995,5313,119,32.699999999999996,4950,119,1,19.899999999999995,5944,127
ore_ont_11504.owl,"SubClassOf(<http://www.semanticweb.org/vanessa/ontologies/2012/7/untitled-ontology-33#list> <http://www.semanticweb.org/vanessa/ontologies/2012/7/untitled-ontology-33#Documentation>)",401,-1.0,-1.0,2856,0,-1.0,2829,0,-1.0,2826,0,-1.0,2858,0,0,-1.0,2841,0
ore_ont_11504.owl,"SubClassOf(<http://www.semanticweb.org/vanessa/ontologies/2012/7/untitled-ontology-33#Oral_medication> <http://www.semanticweb.org/vanessa/ontologies/2012/7/untitled-ontology-33#Medication>)",401,-1.0,-1.0,2855,0,-1.0,2842,0,-1.0,2888,0,-1.0,2831,0,0,-1.0,2862,0
ore_ont_637.owl,"SubClassOf(<http://purl.obolibrary.org/obo/GO_0005622> <http://purl.obolibrary.org/obo/GO_0044464>)",800,-1.0,-1.0,2895,0,-1.0,2883,0,-1.0,2877,0,-1.0,2874,0,0,-1.0,2871,0
ore_ont_637.owl,"SubClassOf(<http://purl.obolibrary.org/obo/GO_0009987> <http://purl.obolibrary.org/obo/GO_0008150>)",800,-1.0,-1.0,2906,0,-1.0,2881,0,-1.0,2888,0,-1.0,2882,0,0,-1.0,2880,0
ore_ont_637.owl,"SubClassOf(<http://purl.obolibrary.org/obo/GO_0070517> <http://purl.obolibrary.org/obo/GO_0043234>)",800,-1.0,-1.0,2895,0,-1.0,2882,0,-1.0,2889,0,-1.0,2877,0,0,-1.0,2875,0
ore_ont_637.owl,"SubClassOf(<http://purl.obolibrary.org/obo/GO_0005634> <http://purl.obolibrary.org/obo/GO_0044464>)",800,161.4,129.5,5467,155,108.8,6182,132,129.5,5607,149,162.9,5055,157,1,129.5,6771,139
ore_ont_637.owl,"SubClassOf(<http://purl.obolibrary.org/obo/GO_0016020> <http://purl.obolibrary.org/obo/GO_0005575>)",800,-1.0,-1.0,2899,0,-1.0,2894,0,-1.0,2922,0,-1.0,2926,0,0,-1.0,2906,0
ore_ont_637.owl,"SubClassOf(<http://purl.obolibrary.org/obo/GO_0006259> <http://purl.obolibrary.org/obo/GO_0044237>)",800,216.6,156.49999999999997,8468,156,201.8,5646,145,201.8,5989,147,201.8,5045,154,2,201.8,8150,152
ore_ont_637.owl,"SubClassOf(<http://purl.obolibrary.org/obo/GO_0005622> <http://purl.obolibrary.org/obo/GO_0005575>)",800,57.5,61.4,5448,136,24.1,5665,146,61.4,5511,146,24.1,5045,146,1,61.4,6303,158
ore_ont_637.owl,"SubClassOf(<http://purl.obolibrary.org/obo/GO_0044237> <http://purl.obolibrary.org/obo/GO_0009987>)",800,-1.0,-1.0,2903,0,-1.0,2903,0,-1.0,2890,0,-1.0,2896,0,0,-1.0,2879,0
ore_ont_637.owl,"SubClassOf(<http://purl.obolibrary.org/obo/GO_0006811> <http://purl.obolibrary.org/obo/GO_0006810>)",800,-1.0,-1.0,2902,0,-1.0,2902,0,-1.0,2889,0,-1.0,2883,0,0,-1.0,2897,0
ore_ont_637.owl,"SubClassOf(<http://purl.obolibrary.org/obo/GO_0031406> <http://purl.obolibrary.org/obo/GO_0005488>)",800,52.599999999999994,35.8,5684,159,21.7,5655,142,35.8,5684,138,35.8,5061,153,2,35.8,6527,158
ore_ont_2713.owl,"SubClassOf(<file:/media/owl/Seagate%20Expansion%20Drive/mowlcorp_rep/mowlcorp_2014.10.07_orig/files/87d0a399-d147-45f0-8680-92eb7f975195_ka.owl#AcademicStaff> <file:/media/owl/Seagate%20Expansion%20Drive/mowlcorp_rep/mowlcorp_2014.10.07_orig/files/87d0a399-d147-45f0-8680-92eb7f975195_ka.owl#Person>)",318,1508.8000000000004,1495.4000000000005,5532,170,1499.5000000000005,5622,156,1495.4000000000005,5582,157,1499.5000000000005,5004,167,2,1495.4000000000005,6443,159
ore_ont_2713.owl,"SubClassOf(<file:/media/owl/Seagate%20Expansion%20Drive/mowlcorp_rep/mowlcorp_2014.10.07_orig/files/87d0a399-d147-45f0-8680-92eb7f975195_ka.owl#ComputerSupport> <file:/media/owl/Seagate%20Expansion%20Drive/mowlcorp_rep/mowlcorp_2014.10.07_orig/files/87d0a399-d147-45f0-8680-92eb7f975195_ka.owl#Product>)",318,-1.0,-1.0,2888,0,-1.0,2868,0,-1.0,2868,0,-1.0,2869,0,0,-1.0,2875,0
ore_ont_2713.owl,"SubClassOf(<file:/media/owl/Seagate%20Expansion%20Drive/mowlcorp_rep/mowlcorp_2014.10.07_orig/files/87d0a399-d147-45f0-8680-92eb7f975195_ka.owl#Meeting> <file:/media/owl/Seagate%20Expansion%20Drive/mowlcorp_rep/mowlcorp_2014.10.07_orig/files/87d0a399-d147-45f0-8680-92eb7f975195_ka.owl#Event>)",318,-1.0,-1.0,2872,0,-1.0,2863,0,-1.0,2857,0,-1.0,2900,0,0,-1.0,2890,0
ore_ont_2713.owl,"SubClassOf(<http://www.absoluteiri.edu/RELAPPROXC396> <http://www.absoluteiri.edu/RELAPPROXC203>)",318,-1.0,-1.0,2898,0,-1.0,2870,0,-1.0,2919,0,-1.0,2879,0,0,-1.0,2872,0
ore_ont_2713.owl,"SubClassOf(<file:/media/owl/Seagate%20Expansion%20Drive/mowlcorp_rep/mowlcorp_2014.10.07_orig/files/87d0a399-d147-45f0-8680-92eb7f975195_ka.owl#CaseBaseReasoning> <file:/media/owl/Seagate%20Expansion%20Drive/mowlcorp_rep/mowlcorp_2014.10.07_orig/files/87d0a399-d147-45f0-8680-92eb7f975195_ka.owl#KAThroughMachineLearning>)",318,-1.0,-1.0,2888,0,-1.0,2864,0,-1.0,2905,0,-1.0,2875,0,0,-1.0,2858,0
ore_ont_2713.owl,"SubClassOf(<file:/media/owl/Seagate%20Expansion%20Drive/mowlcorp_rep/mowlcorp_2014.10.07_orig/files/87d0a399-d147-45f0-8680-92eb7f975195_ka.owl#ImplementationEnvironment> <file:/media/owl/Seagate%20Expansion%20Drive/mowlcorp_rep/mowlcorp_2014.10.07_orig/files/87d0a399-d147-45f0-8680-92eb7f975195_ka.owl#ComputerSupport>)",318,-1.0,-1.0,2878,0,-1.0,2883,0,-1.0,2864,0,-1.0,2871,0,0,-1.0,2888,0
ore_ont_2713.owl,"SubClassOf(<file:/media/owl/Seagate%20Expansion%20Drive/mowlcorp_rep/mowlcorp_2014.10.07_orig/files/87d0a399-d147-45f0-8680-92eb7f975195_ka.owl#ResearchGroup> <file:/media/owl/Seagate%20Expansion%20Drive/mowlcorp_rep/mowlcorp_2014.10.07_orig/files/87d0a399-d147-45f0-8680-92eb7f975195_ka.owl#Organization>)",318,-1.0,-1.0,2895,0,-1.0,2882,0,-1.0,2873,0,-1.0,2855,0,0,-1.0,2887,0
ore_ont_2713.owl,"SubClassOf(<file:/media/owl/Seagate%20Expansion%20Drive/mowlcorp_rep/mowlcorp_2014.10.07_orig/files/87d0a399-d147-45f0-8680-92eb7f975195_ka.owl#DevelopmentProject> <file:/media/owl/Seagate%20Expansion%20Drive/mowlcorp_rep/mowlcorp_2014.10.07_orig/files/87d0a399-d147-45f0-8680-92eb7f975195_ka.owl#Project>)",318,-1.0,-1.0,2910,0,-1.0,2924,0,-1.0,2987,0,-1.0,2898,0,0,-1.0,2929,0
ore_ont_2713.owl,"SubClassOf(<file:/media/owl/Seagate%20Expansion%20Drive/mowlcorp_rep/mowlcorp_2014.10.07_orig/files/87d0a399-d147-45f0-8680-92eb7f975195_ka.owl#Journal> <file:/media/owl/Seagate%20Expansion%20Drive/mowlcorp_rep/mowlcorp_2014.10.07_orig/files/87d0a399-d147-45f0-8680-92eb7f975195_ka.owl#Publication>)",318,-1.0,-1.0,2902,0,-1.0,2883,0,-1.0,2890,0,-1.0,2885,0,0,-1.0,2887,0
ore_ont_2713.owl,"SubClassOf(<file:/media/owl/Seagate%20Expansion%20Drive/mowlcorp_rep/mowlcorp_2014.10.07_orig/files/87d0a399-d147-45f0-8680-92eb7f975195_ka.owl#KAThroughMachineLearning> <file:/media/owl/Seagate%20Expansion%20Drive/mowlcorp_rep/mowlcorp_2014.10.07_orig/files/87d0a399-d147-45f0-8680-92eb7f975195_ka.owl#ResearchTopic>)",318,-1.0,-1.0,2903,0,-1.0,2901,0,-1.0,2872,0,-1.0,2973,0,0,-1.0,2881,0
ore_ont_14901.owl,"SubClassOf(<http://purl.obolibrary.org/obo/MPATH_215> <http://purl.obolibrary.org/obo/MPATH_212>)",941,-1.0,-1.0,2913,0,-1.0,2907,0,-1.0,2906,0,-1.0,2921,0,0,-1.0,2938,0
ore_ont_14901.owl,"SubClassOf(<http://purl.obolibrary.org/obo/MPATH_270> <http://purl.obolibrary.org/obo/MPATH_267>)",941,-1.0,-1.0,2950,0,-1.0,2892,0,-1.0,2897,0,-1.0,2922,0,0,-1.0,2967,0
ore_ont_14901.owl,"SubClassOf(<http://purl.obolibrary.org/obo/MPATH_474> <http://purl.obolibrary.org/obo/MPATH_56>)",941,55.7,35.199999999999996,5328,162,17.799999999999997,5723,164,35.199999999999996,5542,161,17.799999999999997,5111,163,1,35.199999999999996,6215,177
ore_ont_14901.owl,"SubClassOf(<http://purl.obolibrary.org/obo/MPATH_268> <http://purl.obolibrary.org/obo/MPATH_549>)",941,-1.0,-1.0,2986,0,-1.0,2943,0,-1.0,2887,0,-1.0,2903,0,0,-1.0,2884,0
ore_ont_14901.owl,"SubClassOf(<http://purl.obolibrary.org/obo/MPATH_276> <http://purl.obolibrary.org/obo/MPATH_268>)",941,-1.0,-1.0,2947,0,-1.0,2900,0,-1.0,2893,0,-1.0,2891,0,0,-1.0,2880,0
ore_ont_14901.owl,"SubClassOf(<http://purl.obolibrary.org/obo/MPATH_322> <http://purl.obolibrary.org/obo/MPATH_254>)",941,-1.0,-1.0,2901,0,-1.0,2906,0,-1.0,2896,0,-1.0,2887,0,0,-1.0,2911,0
ore_ont_14901.owl,"SubClassOf(<http://purl.obolibrary.org/obo/MPATH_575> <http://purl.obolibrary.org/obo/MPATH_219>)",941,-1.0,-1.0,2915,0,-1.0,2920,0,-1.0,2912,0,-1.0,2902,0,0,-1.0,2913,0
ore_ont_14901.owl,"SubClassOf(<http://purl.obolibrary.org/obo/MPATH_544> <http://purl.obolibrary.org/obo/MPATH_270>)",941,-1.0,-1.0,2918,0,-1.0,2908,0,-1.0,2904,0,-1.0,2905,0,0,-1.0,2918,0
ore_ont_14901.owl,"SubClassOf(<http://purl.obolibrary.org/obo/MPATH_270> <http://purl.obolibrary.org/obo/MPATH_218>)",941,58.50000000000001,19.5,6376,174,18.3,6762,158,19.5,6268,161,38.6,5046,156,3,31.2,8073,157
ore_ont_14901.owl,"SubClassOf(<http://purl.obolibrary.org/obo/MPATH_555> <http://purl.obolibrary.org/obo/MPATH_33>)",941,-1.0,-1.0,2934,0,-1.0,2903,0,-1.0,2894,0,-1.0,2904,0,0,-1.0,2920,0
ore_ont_3349.owl,"SubClassOf(<http://purl.obolibrary.org/obo/PORO_0000043> <http://purl.obolibrary.org/obo/PORO_0000905>)",970,-1.0,-1.0,2962,0,-1.0,2935,0,-1.0,2918,0,-1.0,2921,0,0,-1.0,2921,0
ore_ont_3349.owl,"SubClassOf(<http://purl.obolibrary.org/obo/PORO_0000261> <http://purl.obolibrary.org/obo/PORO_0000601>)",970,-1.0,-1.0,2994,0,-1.0,2943,0,-1.0,2935,0,-1.0,2933,0,0,-1.0,2926,0
ore_ont_3349.owl,"SubClassOf(<http://purl.obolibrary.org/obo/PORO_0000101> <http://purl.obolibrary.org/obo/PATO_0000051>)",970,-1.0,-1.0,2973,0,-1.0,2934,0,-1.0,2917,0,-1.0,2923,0,0,-1.0,2935,0
ore_ont_3349.owl,"SubClassOf(<http://purl.obolibrary.org/obo/PORO_0000017> <http://purl.obolibrary.org/obo/CARO_0000003>)",970,615.7,600.7,5371,186,589.5,5887,189,600.7,5546,189,589.5,5081,187,1,600.7,6608,197
ore_ont_3349.owl,"SubClassOf(<http://purl.obolibrary.org/obo/PORO_0000343> <http://purl.obolibrary.org/obo/PORO_0000097>)",970,-1.0,-1.0,2977,0,-1.0,2951,0,-1.0,2956,0,-1.0,2950,0,0,-1.0,2967,0
ore_ont_3349.owl,"SubClassOf(<http://purl.obolibrary.org/obo/PORO_0000601> <http://purl.obolibrary.org/obo/PORO_0000098>)",970,-1.0,-1.0,2996,0,-1.0,2929,0,-1.0,2927,0,-1.0,2981,0,0,-1.0,2955,0
ore_ont_3349.owl,"SubClassOf(<http://purl.obolibrary.org/obo/PORO_0000097> <http://purl.obolibrary.org/obo/PORO_0000017>)",970,-1.0,-1.0,2976,0,-1.0,2952,0,-1.0,2926,0,-1.0,2953,0,0,-1.0,2926,0
ore_ont_3349.owl,"SubClassOf(<http://purl.obolibrary.org/obo/PORO_0000914> <http://purl.obolibrary.org/obo/PORO_0000000>)",970,-1.0,-1.0,2966,0,-1.0,2897,0,-1.0,2924,0,-1.0,2915,0,0,-1.0,2919,0
ore_ont_3349.owl,"SubClassOf(<http://purl.obolibrary.org/obo/PORO_0000499> <http://purl.obolibrary.org/obo/PORO_0000532>)",970,-1.0,-1.0,3005,0,-1.0,2906,0,-1.0,2926,0,-1.0,2906,0,0,-1.0,2913,0
ore_ont_3349.owl,"SubClassOf(<http://purl.obolibrary.org/obo/PORO_0000017> <http://purl.obolibrary.org/obo/CARO_0000040>)",970,-1.0,-1.0,2969,0,-1.0,2912,0,-1.0,2901,0,-1.0,2931,0,0,-1.0,2930,0
ore_ont_4671.owl,"SubClassOf(<http://purl.obolibrary.org/obo/SPD_0000286> <http://purl.obolibrary.org/obo/SPD_0000359>)",843,-1.0,-1.0,2925,0,-1.0,2906,0,-1.0,2893,0,-1.0,2893,0,0,-1.0,2895,0
ore_ont_4671.owl,"SubClassOf(<http://purl.obolibrary.org/obo/SPD_0000020> <http://purl.obolibrary.org/obo/SPD_0000331>)",843,195.9,186.2,5665,167,179.7,5704,170,186.2,5742,164,186.2,5059,179,1,186.2,6791,180
ore_ont_4671.owl,"SubClassOf(<http://purl.obolibrary.org/obo/SPD_0000112> <http://purl.obolibrary.org/obo/SPD_0000379>)",843,-1.0,-1.0,2991,0,-1.0,2923,0,-1.0,2927,0,-1.0,2912,0,0,-1.0,2906,0
ore_ont_4671.owl,"SubClassOf(<http://purl.obolibrary.org/obo/SPD_0000277> <http://purl.obolibrary.org/obo/SPD_0000364>)",843,-1.0,-1.0,2908,0,-1.0,2933,0,-1.0,2926,0,-1.0,2911,0,0,-1.0,2911,0
ore_ont_4671.owl,"SubClassOf(<http://purl.obolibrary.org/obo/SPD_0000015> <http://purl.obolibrary.org/obo/SPD_0000650>)",843,-1.0,-1.0,2983,0,-1.0,2922,0,-1.0,2888,0,-1.0,2913,0,0,-1.0,2897,0
ore_ont_4671.owl,"SubClassOf(<http://purl.obolibrary.org/obo/SPD_0000208> <http://purl.obolibrary.org/obo/SPD_0000153>)",843,-1.0,-1.0,2936,0,-1.0,2922,0,-1.0,2885,0,-1.0,2943,0,0,-1.0,2883,0
ore_ont_4671.owl,"SubClassOf(<http://purl.obolibrary.org/obo/SPD_0000425> <http://purl.obolibrary.org/obo/SPD_0000055>)",843,-1.0,-1.0,2900,0,-1.0,2909,0,-1.0,2896,0,-1.0,2905,0,0,-1.0,2912,0
ore_ont_4671.owl,"SubClassOf(<http://purl.obolibrary.org/obo/SPD_0000209> <http://purl.obolibrary.org/obo/SPD_0000147>)",843,-1.0,-1.0,2926,0,-1.0,2899,0,-1.0,2903,0,-1.0,2928,0,0,-1.0,2939,0
ore_ont_4671.owl,"SubClassOf(<http://purl.obolibrary.org/obo/SPD_0000379> <http://purl.obolibrary.org/obo/SPD_0000451>)",843,-1.0,-1.0,2936,0,-1.0,2902,0,-1.0,2890,0,-1.0,2897,0,0,-1.0,2912,0
ore_ont_4671.owl,"SubClassOf(<http://purl.obolibrary.org/obo/SPD_0000022> <http://purl.obolibrary.org/obo/SPD_0000372>)",843,-1.0,-1.0,3013,0,-1.0,2921,0,-1.0,2908,0,-1.0,2890,0,0,-1.0,2916,0
ore_ont_12831.owl,"SubClassOf(<http://www.text2onto.org/ontology#support_cell> <http://www.text2onto.org/ontology#supportive_cell>)",1027,-1.0,-1.0,2896,0,-1.0,2883,0,-1.0,2890,0,-1.0,2884,0,0,-1.0,2893,0
ore_ont_12831.owl,"SubClassOf(<http://www.text2onto.org/ontology#peptide_hormone_secreting_cell> <http://www.text2onto.org/ontology#secretory_cell>)",1027,239.8,242.20000000000002,5664,180,208.90000000000003,5729,176,242.20000000000002,5752,171,242.20000000000002,5046,175,1,242.20000000000002,6671,172
ore_ont_12831.owl,"SubClassOf(<http://www.text2onto.org/ontology#somatostatin_secreting_cell> <http://www.text2onto.org/ontology#peptide_hormone_secreting_cell>)",1027,-1.0,-1.0,2919,0,-1.0,2898,0,-1.0,2889,0,-1.0,2898,0,0,-1.0,2910,0
ore_ont_12831.owl,"SubClassOf(<http://www.text2onto.org/ontology#secretory_cell> <http://www.text2onto.org/ontology#cell_by_function>)",1027,-1.0,-1.0,2941,0,-1.0,2902,0,-1.0,2923,0,-1.0,2899,0,0,-1.0,2961,0
ore_ont_12831.owl,"SubClassOf(<http://www.text2onto.org/ontology#columnar/cuboidal_epithelial_cell> <http://www.text2onto.org/ontology#epithelial_cell>)",1027,-1.0,-1.0,2956,0,-1.0,2897,0,-1.0,2888,0,-1.0,2886,0,0,-1.0,2935,0
ore_ont_12831.owl,"SubClassOf(<http://www.text2onto.org/ontology#macrophage> <http://www.text2onto.org/ontology#stuff_accumulating_cell>)",1027,810.4999999999999,797.0,6505,184,795.1999999999999,6361,187,797.0,6157,188,795.1999999999999,5044,181,1,797.0,8454,182
ore_ont_12831.owl,"SubClassOf(<http://www.text2onto.org/ontology#myeloid_progenitor_cell> <http://www.text2onto.org/ontology#non-terminally_differentiated_cell>)",1027,126.10000000000001,96.30000000000001,5656,165,109.5,5732,176,96.30000000000001,5735,169,109.5,5044,175,1,96.30000000000001,6680,174
ore_ont_12831.owl,"SubClassOf(<http://www.text2onto.org/ontology#vegetative_cell> <http://www.text2onto.org/ontology#plant_cell>)",1027,-1.0,-1.0,2915,0,-1.0,2885,0,-1.0,2949,0,-1.0,3004,0,0,-1.0,2963,0
ore_ont_12831.owl,"SubClassOf(<http://www.text2onto.org/ontology#cns_neuron> <http://www.text2onto.org/ontology#neuron>)",1027,-1.0,-1.0,2931,0,-1.0,2911,0,-1.0,2885,0,-1.0,2955,0,0,-1.0,2909,0
ore_ont_12831.owl,"SubClassOf(<http://www.text2onto.org/ontology#peptide_hormone_secreting_cell> <http://www.text2onto.org/ontology#animal_cell>)",1027,245.80000000000004,214.90000000000003,5801,193,214.90000000000003,5974,190,214.90000000000003,5808,189,245.80000000000004,5051,196,2,214.90000000000003,6889,194
ore_ont_7220.owl,"SubClassOf(<http://purl.obolibrary.org/obo/TO_0000454> <http://purl.obolibrary.org/obo/TO_0000261>)",1175,-1.0,-1.0,2923,0,-1.0,2916,0,-1.0,2944,0,-1.0,2931,0,0,-1.0,2967,0
ore_ont_7220.owl,"SubClassOf(<http://purl.obolibrary.org/obo/TO_0002633> <http://purl.obolibrary.org/obo/TO_0000349>)",1175,-1.0,-1.0,2931,0,-1.0,2903,0,-1.0,2912,0,-1.0,2887,0,0,-1.0,2902,0
ore_ont_7220.owl,"SubClassOf(<http://purl.obolibrary.org/obo/TO_0000084> <http://purl.obolibrary.org/obo/TO_0000043>)",1175,-1.0,-1.0,2935,0,-1.0,2909,0,-1.0,2923,0,-1.0,2904,0,0,-1.0,2906,0
ore_ont_7220.owl,"SubClassOf(<http://purl.obolibrary.org/obo/TO_0000654> <http://purl.obolibrary.org/obo/TO_0000357>)",1175,-1.0,-1.0,2963,0,-1.0,3058,0,-1.0,2922,0,-1.0,2940,0,0,-1.0,2925,0
ore_ont_7220.owl,"SubClassOf(<http://purl.obolibrary.org/obo/TO_0000327> <http://purl.obolibrary.org/obo/TO_0000371>)",1175,-1.0,-1.0,2944,0,-1.0,2927,0,-1.0,2923,0,-1.0,2934,0,0,-1.0,2924,0
ore_ont_7220.owl,"SubClassOf(<http://purl.obolibrary.org/obo/TO_0002625> <http://purl.obolibrary.org/obo/TO_0002728>)",1175,-1.0,-1.0,2955,0,-1.0,2956,0,-1.0,2950,0,-1.0,2924,0,0,-1.0,2929,0
ore_ont_7220.owl,"SubClassOf(<http://purl.obolibrary.org/obo/TO_0000667> <http://purl.obolibrary.org/obo/TO_0000162>)",1175,-1.0,-1.0,2922,0,-1.0,2944,0,-1.0,2919,0,-1.0,2941,0,0,-1.0,2957,0
ore_ont_7220.owl,"SubClassOf(<http://purl.obolibrary.org/obo/TO_0000657> <http://purl.obolibrary.org/obo/TO_0000373>)",1175,-1.0,-1.0,2945,0,-1.0,2915,0,-1.0,2913,0,-1.0,2918,0,0,-1.0,2945,0
ore_ont_7220.owl,"SubClassOf(<http://purl.obolibrary.org/obo/TO_0000247> <http://purl.obolibrary.org/obo/TO_0000168>)",1175,126.0,77.69999999999999,7326,197,61.199999999999996,5855,192,77.69999999999999,6418,219,55.199999999999996,5059,203,1,77.69999999999999,9659,187
ore_ont_7220.owl,"SubClassOf(<http://purl.obolibrary.org/obo/TO_0000664> <http://purl.obolibrary.org/obo/TO_0000439>)",1175,-1.0,-1.0,2916,0,-1.0,2896,0,-1.0,2911,0,-1.0,2981,0,0,-1.0,2937,0
ore_ont_16821.owl,"SubClassOf(<http://cbo.biocomplexity.indiana.edu/svn/cbo/trunk/CBO_1_0.owl#KineticProperty> <http://cbo.biocomplexity.indiana.edu/svn/cbo/trunk/CBO_1_0.owl#CBO_Object>)",1033,985.8999999999997,977.5999999999998,5734,197,975.4000000000003,5822,199,977.5999999999998,5802,222,977.5999999999998,5015,192,2,977.5999999999998,6825,204
ore_ont_16821.owl,"SubClassOf(<http://cbo.biocomplexity.indiana.edu/svn/cbo/trunk/CBO_1_0.owl#GeometricalProperty> <http://cbo.biocomplexity.indiana.edu/svn/cbo/trunk/CBO_1_0.owl#CBO_Object>)",1033,985.8999999999999,977.5999999999998,5880,207,975.4000000000003,5806,203,977.5999999999998,5822,196,975.4000000000003,5008,203,1,977.5999999999998,7117,197
ore_ont_16821.owl,"SubClassOf(<http://cbo.biocomplexity.indiana.edu/svn/cbo/trunk/CBO_1_0.owl#Texture> <http://cbo.biocomplexity.indiana.edu/svn/cbo/trunk/CBO_1_0.owl#GeometricalProperty>)",1033,-1.0,-1.0,2904,0,-1.0,2891,0,-1.0,2898,0,-1.0,2960,0,0,-1.0,2905,0
ore_ont_16821.owl,"SubClassOf(<http://cbo.biocomplexity.indiana.edu/svn/cbo/trunk/CBO_1_0.owl#Charge> <http://cbo.biocomplexity.indiana.edu/svn/cbo/trunk/CBO_1_0.owl#ElectricalProperty>)",1033,-1.0,-1.0,2911,0,-1.0,2878,0,-1.0,2884,0,-1.0,2904,0,0,-1.0,2873,0
ore_ont_16821.owl,"SubClassOf(<http://cbo.biocomplexity.indiana.edu/svn/cbo/trunk/CBO_1_0.owl#Energy> <http://cbo.biocomplexity.indiana.edu/svn/cbo/trunk/CBO_1_0.owl#CBO_Object>)",1033,985.8999999999999,977.5999999999998,5810,201,975.4000000000003,5710,183,977.5999999999998,5810,190,975.4000000000003,5037,193,2,977.5999999999998,6841,193
ore_ont_16821.owl,"SubClassOf(<http://cbo.biocomplexity.indiana.edu/svn/cbo/trunk/CBO_1_0.owl#GeometricalProperty> <http://cbo.biocomplexity.indiana.edu/svn/cbo/trunk/CBO_1_0.owl#PhysicalObjectQuality>)",1033,-1.0,-1.0,2901,0,-1.0,2911,0,-1.0,2864,0,-1.0,2875,0,0,-1.0,2881,0
ore_ont_16821.owl,"SubClassOf(<http://cbo.biocomplexity.indiana.edu/svn/cbo/trunk/CBO_1_0.owl#StiffnessMechanical> <http://cbo.biocomplexity.indiana.edu/svn/cbo/trunk/CBO_1_0.owl#MechanicalProperty>)",1033,-1.0,-1.0,2903,0,-1.0,2929,0,-1.0,2897,0,-1.0,2875,0,0,-1.0,2876,0
ore_ont_16821.owl,"SubClassOf(<http://cbo.biocomplexity.indiana.edu/svn/cbo/trunk/CBO_1_0.owl#ChemicalPattern> <http://cbo.biocomplexity.indiana.edu/svn/cbo/trunk/CBO_1_0.owl#ChemicalProperty>)",1033,-1.0,-1.0,2895,0,-1.0,2876,0,-1.0,2866,0,-1.0,2870,0,0,-1.0,2867,0
ore_ont_16821.owl,"SubClassOf(<http://cbo.biocomplexity.indiana.edu/svn/cbo/trunk/CBO_1_0.owl#GenerationalAge> <http://cbo.biocomplexity.indiana.edu/svn/cbo/trunk/CBO_1_0.owl#Age>)",1033,-1.0,-1.0,2933,0,-1.0,2857,0,-1.0,2886,0,-1.0,2878,0,0,-1.0,2860,0
ore_ont_16821.owl,"SubClassOf(<http://cbo.biocomplexity.indiana.edu/svn/cbo/trunk/CBO_1_0.owl#Random> <http://cbo.biocomplexity.indiana.edu/svn/cbo/trunk/CBO_1_0.owl#StatisticalProperty>)",1033,-1.0,-1.0,2920,0,-1.0,2868,0,-1.0,2886,0,-1.0,2865,0,0,-1.0,2873,0
ore_ont_4400.owl,"SubClassOf(<http://www.aiai.ed.ac.uk/resources/go/cell.owl#CL.0000510> <http://www.aiai.ed.ac.uk/resources/go/cell.owl#CL.0000075>)",1334,327.49999999999994,327.2,6212,196,305.90000000000003,6517,199,327.2,6144,193,305.90000000000003,5055,203,2,327.2,7955,209
ore_ont_4400.owl,"SubClassOf(<http://www.aiai.ed.ac.uk/resources/go/cell.owl#CL.0000154> <http://www.aiai.ed.ac.uk/resources/go/cell.owl#CL.0000152>)",1334,-1.0,-1.0,2939,0,-1.0,2887,0,-1.0,2909,0,-1.0,2872,0,0,-1.0,2895,0
ore_ont_4400.owl,"SubClassOf(<http://www.aiai.ed.ac.uk/resources/go/cell.owl#CL.0000056> <http://www.aiai.ed.ac.uk/resources/go/cell.owl#CL.0000055>)",1334,-1.0,-1.0,2930,0,-1.0,2950,0,-1.0,2952,0,-1.0,2946,0,0,-1.0,2916,0
ore_ont_4400.owl,"SubClassOf(<http://www.aiai.ed.ac.uk/resources/go/cell.owl#CL.0000167> <http://www.aiai.ed.ac.uk/resources/go/cell.owl#CL.0000163>)",1334,-1.0,-1.0,2936,0,-1.0,2887,0,-1.0,3013,0,-1.0,2906,0,0,-1.0,2899,0
ore_ont_4400.owl,"SubClassOf(<http://www.aiai.ed.ac.uk/resources/go/cell.owl#CL.0000152> <http://www.aiai.ed.ac.uk/resources/go/cell.owl#CL.0000548>)",1334,-1.0,-1.0,2975,0,-1.0,2913,0,-1.0,2885,0,-1.0,2903,0,0,-1.0,2908,0
ore_ont_4400.owl,"SubClassOf(<http://www.aiai.ed.ac.uk/resources/go/cell.owl#CL.0000117> <http://www.aiai.ed.ac.uk/resources/go/cell.owl#CL.0000540>)",1334,-1.0,-1.0,2925,0,-1.0,2902,0,-1.0,2883,0,-1.0,2892,0,0,-1.0,2942,0
ore_ont_4400.owl,"SubClassOf(<http://www.aiai.ed.ac.uk/resources/go/cell.owl#CL.0000392> <http://www.aiai.ed.ac.uk/resources/go/cell.owl#CL.0000009>)",1334,-1.0,-1.0,2954,0,-1.0,2918,0,-1.0,2930,0,-1.0,2893,0,0,-1.0,2910,0
ore_ont_4400.owl,"SubClassOf(<http://www.aiai.ed.ac.uk/resources/go/cell.owl#CL.0000172> <http://www.aiai.ed.ac.uk/resources/go/cell.owl#CL.0000167>)",1334,-1.0,-1.0,2937,0,-1.0,2922,0,-1.0,2916,0,-1.0,2942,0,0,-1.0,2951,0
ore_ont_4400.owl,"SubClassOf(<http://www.aiai.ed.ac.uk/resources/go/cell.owl#CL.0000075> <http://www.aiai.ed.ac.uk/resources/go/cell.owl#CL.0000066>)",1334,-1.0,-1.0,3013,0,-1.0,2947,0,-1.0,2914,0,-1.0,2981,0,0,-1.0,2944,0
ore_ont_4400.owl,"SubClassOf(<http://www.aiai.ed.ac.uk/resources/go/cell.owl#CL.0000152> <http://www.aiai.ed.ac.uk/resources/go/cell.owl#CL.0000144>)",1334,73.0,80.50000000000001,5999,202,66.0,6024,193,80.50000000000001,6076,195,80.50000000000001,5100,212,1,66.0,7106,199
ore_ont_15397.owl,"SubClassOf(<http://ccdb.ucsd.edu/NIF/NIF-Subcellular2.owl#sao1687101204> <http://ccdb.ucsd.edu/NIF/NIF-Subcellular2.owl#sao830981606>)",1392,-1.0,-1.0,2877,0,-1.0,2881,0,-1.0,2881,0,-1.0,2888,0,0,-1.0,2883,0
ore_ont_15397.owl,"SubClassOf(<http://ccdb.ucsd.edu/NIF/NIF-Subcellular2.owl#sao-343550527> <http://ccdb.ucsd.edu/NIF/NIF-Subcellular2.owl#sao1289190043>)",1392,-1.0,-1.0,2900,0,-1.0,2911,0,-1.0,2881,0,-1.0,2874,0,0,-1.0,2897,0
ore_ont_15397.owl,"SubClassOf(<http://ccdb.ucsd.edu/NIF/NIF-Subcellular2.owl#sao11978067> <http://www.absoluteiri.edu/RELAPPROXC235>)",1392,-1.0,-1.0,2905,0,-1.0,2898,0,-1.0,2881,0,-1.0,2906,0,0,-1.0,2883,0
ore_ont_15397.owl,"SubClassOf(<http://ccdb.ucsd.edu/NIF/NIF-Subcellular2.owl#sao1911631652> <http://ccdb.ucsd.edu/NIF/NIF-Subcellular2.owl#sao1784069613>)",1392,1679.5999999999995,1672.5999999999995,5842,252,1661.3999999999994,5866,207,1672.5999999999995,5872,218,1672.5999999999995,5083,223,1,1672.5999999999995,7145,201
ore_ont_15397.owl,"SubClassOf(<http://ccdb.ucsd.edu/NIF/NIF-Subcellular2.owl#sao1615953555> <http://ccdb.ucsd.edu/NIF/NIF-Subcellular2.owl#sao628508602>)",1392,2313.9,2298.8999999999987,5806,219,2301.3,5894,239,2298.8999999999987,5834,221,2298.8999999999987,5069,231,1,2298.8999999999987,7180,224
ore_ont_15397.owl,"SubClassOf(<http://ccdb.ucsd.edu/NIF/NIF-Subcellular2.owl#sao414196390> <http://ccdb.ucsd.edu/NIF/NIF-Subcellular2.owl#sao1539965131>)",1392,-1.0,-1.0,2915,0,-1.0,2927,0,-1.0,2924,0,-1.0,2907,0,0,-1.0,2893,0
ore_ont_15397.owl,"SubClassOf(<http://ccdb.ucsd.edu/NIF/NIF-Subcellular2.owl#sao730872736> <http://www.absoluteiri.edu/RELAPPROXC235>)",1392,-1.0,-1.0,2928,0,-1.0,2915,0,-1.0,2904,0,-1.0,2883,0,0,-1.0,2901,0
ore_ont_15397.owl,"SubClassOf(<http://ccdb.ucsd.edu/NIF/NIF-Subcellular2.owl#sao4933778419> <http://ccdb.ucsd.edu/NIF/NIF-Subcellular2.owl#sao120573470>)",1392,-1.0,-1.0,2928,0,-1.0,2890,0,-1.0,2924,0,-1.0,2889,0,0,-1.0,2925,0
ore_ont_15397.owl,"SubClassOf(<http://ccdb.ucsd.edu/NIF/NIF-Subcellular2.owl#sao1362520468> <http://ccdb.ucsd.edu/NIF/NIF-Subcellular2.owl#sao221389602>)",1392,1995.3999999999994,1983.6999999999994,5830,237,1981.599999999999,5915,244,1983.6999999999994,5900,220,1981.599999999999,5036,223,1,1983.6999999999994,7093,258
ore_ont_15397.owl,"SubClassOf(<http://ccdb.ucsd.edu/NIF/NIF-Subcellular2.owl#sao1846835077> <http://ccdb.ucsd.edu/NIF/NIF-Subcellular2.owl#sao1635329413>)",1392,-1.0,-1.0,2911,0,-1.0,2890,0,-1.0,2895,0,-1.0,2890,0,0,-1.0,2876,0
ore_ont_15985.owl,"SubClassOf(<http://purl.obolibrary.org/obo/TO_0000454> <http://purl.obolibrary.org/obo/TO_0000261>)",1374,-1.0,-1.0,2918,0,-1.0,2900,0,-1.0,2927,0,-1.0,2913,0,0,-1.0,2926,0
ore_ont_15985.owl,"SubClassOf(<http://purl.obolibrary.org/obo/TO_0000654> <http://purl.obolibrary.org/obo/TO_0000357>)",1374,-1.0,-1.0,2950,0,-1.0,2963,0,-1.0,2886,0,-1.0,2916,0,0,-1.0,2947,0
ore_ont_15985.owl,"SubClassOf(<http://purl.obolibrary.org/obo/TO_0012006> <http://purl.obolibrary.org/obo/TO_0000349>)",1374,-1.0,-1.0,2953,0,-1.0,2931,0,-1.0,2916,0,-1.0,2958,0,0,-1.0,2925,0
ore_ont_15985.owl,"SubClassOf(<http://purl.obolibrary.org/obo/TO_0000327> <http://purl.obolibrary.org/obo/TO_0000371>)",1374,-1.0,-1.0,2935,0,-1.0,2902,0,-1.0,2907,0,-1.0,2939,0,0,-1.0,2917,0
ore_ont_15985.owl,"SubClassOf(<http://purl.obolibrary.org/obo/TO_0002625> <http://purl.obolibrary.org/obo/TO_0002728>)",1374,-1.0,-1.0,2933,0,-1.0,2908,0,-1.0,2903,0,-1.0,2951,0,0,-1.0,2915,0
ore_ont_15985.owl,"SubClassOf(<http://purl.obolibrary.org/obo/TO_0000084> <http://purl.obolibrary.org/obo/TO_0000168>)",1374,-1.0,-1.0,2960,0,-1.0,2943,0,-1.0,2921,0,-1.0,2956,0,0,-1.0,2914,0
ore_ont_15985.owl,"SubClassOf(<http://purl.obolibrary.org/obo/TO_0000667> <http://purl.obolibrary.org/obo/TO_0000162>)",1374,-1.0,-1.0,2956,0,-1.0,2930,0,-1.0,2923,0,-1.0,2932,0,0,-1.0,2940,0
ore_ont_15985.owl,"SubClassOf(<http://purl.obolibrary.org/obo/TO_0000657> <http://purl.obolibrary.org/obo/TO_0000373>)",1374,-1.0,-1.0,2940,0,-1.0,2945,0,-1.0,2916,0,-1.0,2923,0,0,-1.0,2921,0
ore_ont_15985.owl,"SubClassOf(<http://purl.obolibrary.org/obo/TO_0001024> <http://purl.obolibrary.org/obo/TO_0000465>)",1374,-1.0,-1.0,2943,0,-1.0,2916,0,-1.0,2906,0,-1.0,2931,0,0,-1.0,2954,0
ore_ont_15985.owl,"SubClassOf(<http://purl.obolibrary.org/obo/TO_0000664> <http://purl.obolibrary.org/obo/TO_0000439>)",1374,-1.0,-1.0,2984,0,-1.0,2917,0,-1.0,2907,0,-1.0,2913,0,0,-1.0,2934,0
ore_ont_10283.owl,"SubClassOf(<http://www.lornet.org/ACM-CSS.owl#G.3.0> <http://www.lornet.org/ACM-CSS.owl#G.3>)",1459,-1.0,-1.0,2948,0,-1.0,2923,0,-1.0,2922,0,-1.0,2929,0,0,-1.0,2921,0
ore_ont_10283.owl,"SubClassOf(<http://www.lornet.org/ACM-CSS.owl#D.2.2> <http://www.lornet.org/ACM-CSS.owl#D.2>)",1459,-1.0,-1.0,2956,0,-1.0,2948,0,-1.0,2938,0,-1.0,2924,0,0,-1.0,2935,0
ore_ont_10283.owl,"SubClassOf(<http://www.lornet.org/ACM-CSS.owl#D.3.3.15> <http://www.lornet.org/ACM-CSS.owl#D.3.3>)",1459,-1.0,-1.0,2964,0,-1.0,2942,0,-1.0,2930,0,-1.0,2922,0,0,-1.0,2947,0
ore_ont_10283.owl,"SubClassOf(<http://www.lornet.org/ACM-CSS.owl#D.3.4.8> <http://www.lornet.org/ACM-CSS.owl#D.3.4>)",1459,-1.0,-1.0,2960,0,-1.0,2943,0,-1.0,2917,0,-1.0,2915,0,0,-1.0,2923,0
ore_ont_10283.owl,"SubClassOf(<http://www.lornet.org/ACM-CSS.owl#I.2.10> <http://www.lornet.org/ACM-CSS.owl#I.2>)",1459,-1.0,-1.0,2941,0,-1.0,2921,0,-1.0,2939,0,-1.0,2950,0,0,-1.0,2930,0
ore_ont_10283.owl,"SubClassOf(<http://www.lornet.org/ACM-CSS.owl#D.2.2.0> <http://www.lornet.org/ACM-CSS.owl#D.2.2>)",1459,-1.0,-1.0,2971,0,-1.0,2918,0,-1.0,2916,0,-1.0,2914,0,0,-1.0,2919,0
ore_ont_10283.owl,"SubClassOf(<http://www.lornet.org/ACM-CSS.owl#I.4.8.9> <http://www.lornet.org/ACM-CSS.owl#I.4.8>)",1459,-1.0,-1.0,2965,0,-1.0,2975,0,-1.0,2940,0,-1.0,2921,0,0,-1.0,2922,0
ore_ont_10283.owl,"SubClassOf(<http://www.lornet.org/ACM-CSS.owl#H.5.2.1> <http://www.lornet.org/ACM-CSS.owl#H.5.2>)",1459,-1.0,-1.0,2951,0,-1.0,2944,0,-1.0,2894,0,-1.0,2912,0,0,-1.0,2929,0
ore_ont_10283.owl,"SubClassOf(<http://www.lornet.org/ACM-CSS.owl#D.3.2.13> <http://www.lornet.org/ACM-CSS.owl#D.3.2>)",1459,-1.0,-1.0,2953,0,-1.0,2922,0,-1.0,2912,0,-1.0,2985,0,0,-1.0,3033,0
ore_ont_10283.owl,"SubClassOf(<http://www.lornet.org/ACM-CSS.owl#G.1.2> <http://www.lornet.org/ACM-CSS.owl#G.1>)",1459,-1.0,-1.0,2979,0,-1.0,2956,0,-1.0,2913,0,-1.0,2971,0,0,-1.0,2916,0
ore_ont_1473.owl,"SubClassOf(<http://purl.obolibrary.org/obo/DIS_2322> <http://purl.obolibrary.org/obo/DIS_0298>)",1676,227.49999999999994,181.89999999999998,6363,234,153.29999999999998,6018,232,181.89999999999998,6292,241,181.89999999999998,5114,244,2,181.89999999999998,8556,461
ore_ont_1473.owl,"SubClassOf(<http://purl.obolibrary.org/obo/DIS_1613> <http://purl.obolibrary.org/obo/DIS_1246>)",1676,110.4,76.39999999999999,5679,239,33.6,5991,241,76.39999999999999,5912,248,50.099999999999994,5148,248,1,50.099999999999994,7549,262
ore_ont_1473.owl,"SubClassOf(<http://purl.obolibrary.org/obo/DIS_1242> <http://purl.obolibrary.org/obo/DIS_1613>)",1676,-1.0,-1.0,2943,0,-1.0,2919,0,-1.0,2931,0,-1.0,2925,0,0,-1.0,2915,0
ore_ont_1473.owl,"SubClassOf(<http://purl.obolibrary.org/obo/DIS_0952> <http://purl.obolibrary.org/obo/DIS_0155>)",1676,-1.0,-1.0,2949,0,-1.0,2936,0,-1.0,2929,0,-1.0,2920,0,0,-1.0,2914,0
ore_ont_1473.owl,"SubClassOf(<http://purl.obolibrary.org/obo/DIS_0455> <http://purl.obolibrary.org/obo/DIS_1947>)",1676,-1.0,-1.0,2997,0,-1.0,2978,0,-1.0,2948,0,-1.0,2912,0,0,-1.0,2931,0
ore_ont_1473.owl,"SubClassOf(<http://purl.obolibrary.org/obo/DIS_0793> <http://purl.obolibrary.org/obo/DIS_0455>)",1676,-1.0,-1.0,2974,0,-1.0,2958,0,-1.0,2950,0,-1.0,2940,0,0,-1.0,2952,0
ore_ont_1473.owl,"SubClassOf(<http://purl.obolibrary.org/obo/DIS_0428> <http://purl.obolibrary.org/obo/DIS_0067>)",1676,-1.0,-1.0,2958,0,-1.0,2937,0,-1.0,2931,0,-1.0,2942,0,0,-1.0,2953,0
ore_ont_1473.owl,"SubClassOf(<http://purl.obolibrary.org/obo/DIS_1140> <http://purl.obolibrary.org/obo/DIS_0361>)",1676,-1.0,-1.0,2982,0,-1.0,2935,0,-1.0,2943,0,-1.0,2946,0,0,-1.0,2935,0
ore_ont_1473.owl,"SubClassOf(<http://purl.obolibrary.org/obo/DIS_0106> <http://purl.obolibrary.org/obo/DIS_0255>)",1676,-1.0,-1.0,2954,0,-1.0,2949,0,-1.0,2945,0,-1.0,2946,0,0,-1.0,2932,0
ore_ont_1473.owl,"SubClassOf(<http://purl.obolibrary.org/obo/DIS_0574> <http://purl.obolibrary.org/obo/DIS_0428>)",1676,-1.0,-1.0,2964,0,-1.0,2940,0,-1.0,2930,0,-1.0,2929,0,0,-1.0,2916,0
ore_ont_12009.owl,"SubClassOf(<http://doe-generated-ontology.com/OntoPneumo#Cystectomie> <http://doe-generated-ontology.com/OntoPneumo#InterventionChirurgicale>)",1165,-1.0,-1.0,2941,0,-1.0,2898,0,-1.0,2930,0,-1.0,2900,0,0,-1.0,2912,0
ore_ont_12009.owl,"SubClassOf(<http://doe-generated-ontology.com/OntoPneumo#PseudomonasAeruginosa> <http://doe-generated-ontology.com/OntoPneumo#Bacterie>)",1165,-1.0,-1.0,2958,0,-1.0,2913,0,-1.0,2917,0,-1.0,2929,0,0,-1.0,2973,0
ore_ont_12009.owl,"SubClassOf(<http://doe-generated-ontology.com/OntoPneumo#Tete> <http://doe-generated-ontology.com/OntoPneumo#RegionAnatomique>)",1165,-1.0,-1.0,2940,0,-1.0,2903,0,-1.0,2908,0,-1.0,2919,0,0,-1.0,2908,0
ore_ont_12009.owl,"SubClassOf(<http://doe-generated-ontology.com/OntoPneumo#Poumon> <http://doe-generated-ontology.com/OntoPneumo#Organe>)",1165,-1.0,-1.0,2933,0,-1.0,2922,0,-1.0,2990,0,-1.0,2920,0,0,-1.0,2927,0
ore_ont_12009.owl,"SubClassOf(<http://doe-generated-ontology.com/OntoPneumo#Bisolvon> <http://doe-generated-ontology.com/OntoPneumo#Fluidifiant>)",1165,-1.0,-1.0,2920,0,-1.0,2933,0,-1.0,2915,0,-1.0,2912,0,0,-1.0,2899,0
ore_ont_12009.owl,"SubClassOf(<http://doe-generated-ontology.com/OntoPneumo#Vertebre> <http://doe-generated-ontology.com/OntoPneumo#Os>)",1165,-1.0,-1.0,2953,0,-1.0,2947,0,-1.0,2948,0,-1.0,2910,0,0,-1.0,2925,0
ore_ont_12009.owl,"SubClassOf(<http://doe-generated-ontology.com/OntoPneumo#PathologieRespiratoireTumoraleBenigne> <http://doe-generated-ontology.com/OntoPneumo#PathologieRespiratoire>)",1165,-1.0,-1.0,2943,0,-1.0,2927,0,-1.0,2897,0,-1.0,2894,0,0,-1.0,2908,0
ore_ont_12009.owl,"SubClassOf(<http://doe-generated-ontology.com/OntoPneumo#ArtereBronchique> <http://doe-generated-ontology.com/OntoPneumo#Artere>)",1165,-1.0,-1.0,2979,0,-1.0,2911,0,-1.0,2956,0,-1.0,2920,0,0,-1.0,2932,0
ore_ont_12009.owl,"SubClassOf(<http://doe-generated-ontology.com/OntoPneumo#ComposantDeLExplorationDeLHemostase> <http://doe-generated-ontology.com/OntoPneumo#PrelevementSanguin>)",1165,-1.0,-1.0,2950,0,-1.0,2895,0,-1.0,2909,0,-1.0,2915,0,0,-1.0,2884,0
ore_ont_12009.owl,"SubClassOf(<http://doe-generated-ontology.com/OntoPneumo#PseudoLymphomePulmonaire> <http://doe-generated-ontology.com/OntoPneumo#PathologieRespiratoireTumoraleBenigne>)",1165,-1.0,-1.0,2938,0,-1.0,2908,0,-1.0,2926,0,-1.0,2907,0,0,-1.0,2921,0
ore_ont_8135.owl,"SubClassOf(<http://www.ebi.ac.uk/efo/swo/SWO_0000595> <http://purl.obolibrary.org/obo/IAO_0000064>)",1627,-1.0,-1.0,2914,0,-1.0,2948,0,-1.0,2907,0,-1.0,2914,0,0,-1.0,2903,0
ore_ont_8135.owl,"SubClassOf(<http://www.ebi.ac.uk/efo/swo/SWO_0000084> <http://purl.obolibrary.org/obo/IAO_0000098>)",1627,-1.0,-1.0,2960,0,-1.0,2899,0,-1.0,2955,0,-1.0,2902,0,0,-1.0,2912,0
ore_ont_8135.owl,"SubClassOf(<http://www.ebi.ac.uk/efo/swo/SWO_0000182> <http://purl.obolibrary.org/obo/IAO_0000010>)",1627,393.09999999999997,153.39999999999998,5428,323,270.7,6113,301,153.39999999999998,5617,310,270.7,5107,318,2,153.39999999999998,6696,290
ore_ont_8135.owl,"SubClassOf(<http://www.ebi.ac.uk/efo/swo/SWO_0000554> <http://purl.obolibrary.org/obo/IAO_0000027>)",1627,-1.0,-1.0,2895,0,-1.0,2928,0,-1.0,2908,0,-1.0,2960,0,0,-1.0,2920,0
ore_ont_8135.owl,"SubClassOf(<http://www.ebi.ac.uk/efo/swo/SWO_0000409> <http://purl.obolibrary.org/obo/IAO_0000098>)",1627,-1.0,-1.0,2926,0,-1.0,2909,0,-1.0,2958,0,-1.0,2960,0,0,-1.0,2898,0
ore_ont_8135.owl,"SubClassOf(<http://purl.obolibrary.org/obo/OBI_0200031> <http://purl.obolibrary.org/obo/IAO_0000005>)",1627,-1.0,-1.0,2908,0,-1.0,2930,0,-1.0,2905,0,-1.0,2927,0,0,-1.0,2922,0
ore_ont_8135.owl,"SubClassOf(<http://www.ebi.ac.uk/efo/swo/SWO_0000624> <http://purl.obolibrary.org/obo/IAO_0000027>)",1627,-1.0,-1.0,2932,0,-1.0,2909,0,-1.0,2890,0,-1.0,2939,0,0,-1.0,2895,0
ore_ont_8135.owl,"SubClassOf(<http://www.ebi.ac.uk/efo/swo/SWO_0000116> <http://purl.obolibrary.org/obo/IAO_0000027>)",1627,-1.0,-1.0,2973,0,-1.0,2946,0,-1.0,2914,0,-1.0,2980,0,0,-1.0,2928,0
ore_ont_8135.owl,"SubClassOf(<http://www.ebi.ac.uk/efo/swo/SWO_0000661> <http://purl.obolibrary.org/obo/IAO_0000027>)",1627,-1.0,-1.0,2929,0,-1.0,2917,0,-1.0,2938,0,-1.0,2940,0,0,-1.0,2916,0
ore_ont_8135.owl,"SubClassOf(<http://www.ebi.ac.uk/efo/swo/SWO_0000415> <http://purl.obolibrary.org/obo/IAO_0000030>)",1627,108.30000000000001,102.19999999999999,5381,298,103.69999999999999,6074,293,102.19999999999999,5551,291,103.69999999999999,5097,293,1,102.19999999999999,6643,292
ore_ont_11014.owl,"SubClassOf(<http://purl.obolibrary.org/obo/MS_1001371> <http://purl.obolibrary.org/obo/MS_1001143>)",1816,-1.0,-1.0,2934,0,-1.0,2930,0,-1.0,2971,0,-1.0,2956,0,0,-1.0,2904,0
ore_ont_11014.owl,"SubClassOf(<http://purl.obolibrary.org/obo/MS_1001371> <http://purl.obolibrary.org/obo/MS_1001153>)",1816,-1.0,-1.0,2968,0,-1.0,2960,0,-1.0,2937,0,-1.0,2943,0,0,-1.0,2938,0
ore_ont_11014.owl,"SubClassOf(<http://purl.obolibrary.org/obo/MS_1000752> <http://purl.obolibrary.org/obo/MS_1001457>)",1816,-1.0,-1.0,2956,0,-1.0,2922,0,-1.0,2952,0,-1.0,2959,0,0,-1.0,2951,0
ore_ont_11014.owl,"SubClassOf(<http://purl.obolibrary.org/obo/MS_1000719> <http://purl.obolibrary.org/obo/MS_1000692>)",1816,-1.0,-1.0,2963,0,-1.0,2953,0,-1.0,2932,0,-1.0,2941,0,0,-1.0,2922,0
ore_ont_11014.owl,"SubClassOf(<http://purl.obolibrary.org/obo/MS_1000752> <http://purl.obolibrary.org/obo/MS_1001456>)",1816,-1.0,-1.0,2930,0,-1.0,2939,0,-1.0,2937,0,-1.0,2940,0,0,-1.0,2918,0
ore_ont_11014.owl,"SubClassOf(<http://purl.obolibrary.org/obo/MS_1000242> <http://purl.obolibrary.org/obo/MS_1000437>)",1816,-1.0,-1.0,2955,0,-1.0,2924,0,-1.0,2947,0,-1.0,2960,0,0,-1.0,2947,0
ore_ont_11014.owl,"SubClassOf(<http://purl.obolibrary.org/obo/MS_1000247> <http://purl.obolibrary.org/obo/MS_1000008>)",1816,-1.0,-1.0,2936,0,-1.0,2941,0,-1.0,2948,0,-1.0,2949,0,0,-1.0,2941,0
ore_ont_11014.owl,"SubClassOf(<http://purl.obolibrary.org/obo/MS_1000293> <http://purl.obolibrary.org/obo/MS_1000479>)",1816,-1.0,-1.0,2935,0,-1.0,2940,0,-1.0,2921,0,-1.0,2954,0,0,-1.0,2960,0
ore_ont_11014.owl,"SubClassOf(<http://purl.obolibrary.org/obo/MS_1001227> <http://purl.obolibrary.org/obo/MS_1001221>)",1816,-1.0,-1.0,2959,0,-1.0,2932,0,-1.0,2920,0,-1.0,2927,0,0,-1.0,2933,0
ore_ont_11014.owl,"SubClassOf(<http://purl.obolibrary.org/obo/MS_1001041> <http://purl.obolibrary.org/obo/MS_1001302>)",1816,200.29999999999998,163.0,5447,279,130.6,6071,249,163.0,5689,285,163.0,5133,289,3,163.0,7020,265
ore_ont_13578.owl,"SubClassOf(<http://purl.obolibrary.org/obo/VHOG_0000319> <http://purl.obolibrary.org/obo/VHOG_0001245>)",1692,-1.0,-1.0,2966,0,-1.0,2964,0,-1.0,2972,0,-1.0,3018,0,0,-1.0,2962,0
ore_ont_13578.owl,"SubClassOf(<http://purl.obolibrary.org/obo/VHOG_0000334> <http://purl.obolibrary.org/obo/VHOG_0001190>)",1692,-1.0,-1.0,3056,0,-1.0,2969,0,-1.0,2969,0,-1.0,3049,0,0,-1.0,2986,0
ore_ont_13578.owl,"SubClassOf(<http://purl.obolibrary.org/obo/VHOG_0000726> <http://purl.obolibrary.org/obo/VHOG_0001725>)",1692,88.1,69.5,5524,283,73.39999999999999,6353,273,69.5,5728,299,73.39999999999999,5199,306,3,69.5,7121,298
ore_ont_13578.owl,"SubClassOf(<http://purl.obolibrary.org/obo/VHOG_0000725> <http://purl.obolibrary.org/obo/VHOG_0001725>)",1692,88.1,69.5,5566,280,73.39999999999999,6333,309,69.5,5793,286,69.5,5214,287,2,69.5,7150,299
ore_ont_13578.owl,"SubClassOf(<http://purl.obolibrary.org/obo/VHOG_0000319> <http://purl.obolibrary.org/obo/VHOG_0001757>)",1692,65.39999999999999,65.39999999999999,5579,279,48.6,6386,292,65.39999999999999,5769,285,65.39999999999999,5189,290,3,65.39999999999999,7169,284
ore_ont_13578.owl,"SubClassOf(<http://purl.obolibrary.org/obo/VHOG_0000713> <http://purl.obolibrary.org/obo/VHOG_0000319>)",1692,-1.0,-1.0,2991,0,-1.0,2971,0,-1.0,2943,0,-1.0,2981,0,0,-1.0,2999,0
ore_ont_13578.owl,"SubClassOf(<http://purl.obolibrary.org/obo/VHOG_0000288> <http://purl.obolibrary.org/obo/VHOG_0001737>)",1692,-1.0,-1.0,3084,0,-1.0,2958,0,-1.0,2995,0,-1.0,3110,0,0,-1.0,3025,0
ore_ont_13578.owl,"SubClassOf(<http://purl.obolibrary.org/obo/VHOG_0000276> <http://purl.obolibrary.org/obo/VHOG_0001730>)",1692,-1.0,-1.0,3004,0,-1.0,2967,0,-1.0,3007,0,-1.0,2974,0,0,-1.0,3020,0
ore_ont_13578.owl,"SubClassOf(<http://purl.obolibrary.org/obo/VHOG_0001535> <http://purl.obolibrary.org/obo/VHOG_0001533>)",1692,-1.0,-1.0,3013,0,-1.0,2968,0,-1.0,2980,0,-1.0,2968,0,0,-1.0,2946,0
ore_ont_13578.owl,"SubClassOf(<http://purl.obolibrary.org/obo/VHOG_0000275> <http://purl.obolibrary.org/obo/VHOG_0001730>)",1692,-1.0,-1.0,2988,0,-1.0,2966,0,-1.0,2986,0,-1.0,2977,0,0,-1.0,3008,0
ore_ont_3635.owl,"SubClassOf(<http://purl.obolibrary.org/obo/HAO_0000461> <http://purl.obolibrary.org/obo/HAO_0000397>)",2002,-1.0,-1.0,2951,0,-1.0,2963,0,-1.0,2967,0,-1.0,2970,0,0,-1.0,2959,0
ore_ont_3635.owl,"SubClassOf(<http://purl.obolibrary.org/obo/HAO_0000864> <http://purl.obolibrary.org/obo/HAO_0000188>)",2002,-1.0,-1.0,3006,0,-1.0,2949,0,-1.0,2953,0,-1.0,2927,0,0,-1.0,2943,0
ore_ont_3635.owl,"SubClassOf(<http://purl.obolibrary.org/obo/HAO_0000234> <http://purl.obolibrary.org/obo/HAO_0000003>)",2002,108.79999999999998,78.99999999999999,5739,297,99.39999999999999,6268,267,78.99999999999999,5875,268,87.39999999999999,5150,322,2,78.99999999999999,8215,279
ore_ont_3635.owl,"SubClassOf(<http://purl.obolibrary.org/obo/HAO_0000505> <http://purl.obolibrary.org/obo/HAO_0000003>)",2002,91.69999999999999,40.39999999999999,7339,294,73.7,6339,293,40.39999999999999,6611,284,73.7,5183,284,1,40.39999999999999,10591,297
ore_ont_3635.owl,"SubClassOf(<http://purl.obolibrary.org/obo/HAO_0000853> <http://purl.obolibrary.org/obo/HAO_0000003>)",2002,235.2,218.1,7769,300,177.9,6341,301,218.1,6755,301,177.9,5146,295,1,218.1,11755,281
ore_ont_3635.owl,"SubClassOf(<http://purl.obolibrary.org/obo/HAO_0000822> <http://purl.obolibrary.org/obo/HAO_0000146>)",2002,-1.0,-1.0,2959,0,-1.0,2952,0,-1.0,2948,0,-1.0,2948,0,0,-1.0,2940,0
ore_ont_3635.owl,"SubClassOf(<http://purl.obolibrary.org/obo/HAO_0000234> <http://purl.obolibrary.org/obo/HAO_0000909>)",2002,-1.0,-1.0,2956,0,-1.0,2961,0,-1.0,2948,0,-1.0,2946,0,0,-1.0,2944,0
ore_ont_3635.owl,"SubClassOf(<http://purl.obolibrary.org/obo/HAO_0000244> <http://purl.obolibrary.org/obo/HAO_0000978>)",2002,-1.0,-1.0,2987,0,-1.0,2983,0,-1.0,2939,0,-1.0,2954,0,0,-1.0,2968,0
ore_ont_3635.owl,"SubClassOf(<http://purl.obolibrary.org/obo/HAO_0000853> <http://purl.obolibrary.org/obo/HAO_0000041>)",2002,224.7,207.6,7380,308,167.4,6291,307,207.6,6929,298,207.6,5188,302,1,207.6,10147,396
ore_ont_3635.owl,"SubClassOf(<http://purl.obolibrary.org/obo/HAO_0000925> <http://purl.obolibrary.org/obo/HAO_0000641>)",2002,-1.0,-1.0,3020,0,-1.0,2959,0,-1.0,2946,0,-1.0,3031,0,0,-1.0,2961,0
ore_ont_725.owl,"SubClassOf(<http://purl.obolibrary.org/obo/MOD_00707> <http://purl.obolibrary.org/obo/MOD_00919>)",2437,-1.0,-1.0,2999,0,-1.0,2976,0,-1.0,2996,0,-1.0,2960,0,0,-1.0,2953,0
ore_ont_725.owl,"SubClassOf(<http://purl.obolibrary.org/obo/MOD_00134> <http://purl.obolibrary.org/obo/MOD_00912>)",2437,-1.0,-1.0,2992,0,-1.0,2974,0,-1.0,2975,0,-1.0,2964,0,0,-1.0,2993,0
ore_ont_725.owl,"SubClassOf(<http://purl.obolibrary.org/obo/MOD_00002> <http://purl.obolibrary.org/obo/MOD_00916>)",2437,-1.0,-1.0,3010,0,-1.0,2968,0,-1.0,2972,0,-1.0,2977,0,0,-1.0,2988,0
ore_ont_725.owl,"SubClassOf(<http://purl.obolibrary.org/obo/MI_0612> <http://purl.obolibrary.org/obo/MI_0664>)",2437,-1.0,-1.0,2973,0,-1.0,2977,0,-1.0,2978,0,-1.0,2976,0,0,-1.0,2993,0
ore_ont_725.owl,"SubClassOf(<http://purl.obolibrary.org/obo/MI_0212> <http://purl.obolibrary.org/obo/MI_0414>)",2437,190.2,124.49999999999999,6366,319,155.0,6275,306,124.49999999999999,6320,311,155.0,5203,314,1,124.49999999999999,8255,323
ore_ont_725.owl,"SubClassOf(<http://purl.obolibrary.org/obo/MOD_00687> <http://purl.obolibrary.org/obo/MOD_00905>)",2437,-1.0,-1.0,2988,0,-1.0,3003,0,-1.0,2982,0,-1.0,2980,0,0,-1.0,3026,0
ore_ont_725.owl,"SubClassOf(<http://purl.obolibrary.org/obo/MOD_00298> <http://purl.obolibrary.org/obo/MOD_00909>)",2437,-1.0,-1.0,3012,0,-1.0,3061,0,-1.0,2977,0,-1.0,2973,0,0,-1.0,2973,0
ore_ont_725.owl,"SubClassOf(<http://purl.obolibrary.org/obo/MI_2064> <http://purl.obolibrary.org/obo/MI_0640>)",2437,-1.0,-1.0,2984,0,-1.0,2969,0,-1.0,2964,0,-1.0,2951,0,0,-1.0,2969,0
ore_ont_725.owl,"SubClassOf(<http://purl.obolibrary.org/obo/MI_0434> <http://purl.obolibrary.org/obo/MI_0415>)",2437,-1.0,-1.0,3009,0,-1.0,2962,0,-1.0,2971,0,-1.0,2997,0,0,-1.0,3008,0
ore_ont_725.owl,"SubClassOf(<http://purl.obolibrary.org/obo/MOD_00134> <http://purl.obolibrary.org/obo/MOD_00908>)",2437,-1.0,-1.0,2991,0,-1.0,2975,0,-1.0,2987,0,-1.0,2973,0,0,-1.0,3057,0
ore_ont_15950.owl,"SubClassOf(<http://purl.obolibrary.org/obo/WBPhenotype_0000717> <http://purl.obolibrary.org/obo/WBPhenotype_0000027>)",2111,-1.0,-1.0,3025,0,-1.0,2998,0,-1.0,2994,0,-1.0,3002,0,0,-1.0,2987,0
ore_ont_15950.owl,"SubClassOf(<http://purl.obolibrary.org/obo/WBPhenotype_0001344> <http://purl.obolibrary.org/obo/WBPhenotype_0000533>)",2111,71.5,44.199999999999996,6098,313,55.499999999999986,6393,332,44.199999999999996,6159,328,55.499999999999986,5191,323,2,44.199999999999996,8112,343
ore_ont_15950.owl,"SubClassOf(<http://purl.obolibrary.org/obo/WBPhenotype_0000011> <http://purl.obolibrary.org/obo/WBPhenotype_0000631>)",2111,-1.0,-1.0,2998,0,-1.0,2998,0,-1.0,3029,0,-1.0,2969,0,0,-1.0,2974,0
ore_ont_15950.owl,"SubClassOf(<http://purl.obolibrary.org/obo/WBPhenotype_0001438> <http://purl.obolibrary.org/obo/WBPhenotype_0000525>)",2111,490.2,361.50000000000006,170017,363,482.09999999999997,7314,329,482.09999999999997,7550,328,298.69999999999993,5255,350,1,482.09999999999997,143119,371
ore_ont_15950.owl,"SubClassOf(<http://purl.obolibrary.org/obo/WBPhenotype_0001102> <http://purl.obolibrary.org/obo/WBPhenotype_0001100>)",2111,310.79999999999995,293.1,5913,344,280.7,6300,340,293.1,5956,347,280.7,5224,370,2,293.1,7594,364
ore_ont_15950.owl,"SubClassOf(<http://purl.obolibrary.org/obo/WBPhenotype_0000024> <http://purl.obolibrary.org/obo/WBPhenotype_0000011>)",2111,-1.0,-1.0,3001,0,-1.0,3009,0,-1.0,2998,0,-1.0,2978,0,0,-1.0,3005,0
ore_ont_15950.owl,"SubClassOf(<http://purl.obolibrary.org/obo/WBPhenotype_0001100> <http://purl.obolibrary.org/obo/WBPhenotype_0000749>)",2111,108.1,90.89999999999998,6208,342,90.89999999999998,6360,349,90.89999999999998,6255,348,108.1,5277,368,2,108.1,8037,332
ore_ont_15950.owl,"SubClassOf(<http://purl.obolibrary.org/obo/WBPhenotype_0000146> <http://purl.obolibrary.org/obo/WBPhenotype_0000067>)",2111,-1.0,-1.0,2977,0,-1.0,2973,0,-1.0,2979,0,-1.0,2997,0,0,-1.0,2984,0
ore_ont_15950.owl,"SubClassOf(<http://purl.obolibrary.org/obo/WBPhenotype_0000825> <http://purl.obolibrary.org/obo/WBPhenotype_0000529>)",2111,69.1,54.599999999999994,6211,361,43.599999999999994,6474,331,54.599999999999994,6279,338,43.599999999999994,5186,352,3,54.599999999999994,7721,362
ore_ont_15950.owl,"SubClassOf(<http://purl.obolibrary.org/obo/WBPhenotype_0000746> <http://purl.obolibrary.org/obo/WBPhenotype_0000536>)",2111,-1.0,-1.0,2963,0,-1.0,2931,0,-1.0,2938,0,-1.0,2930,0,0,-1.0,2955,0
ore_ont_12397.owl,"SubClassOf(<http://purl.obolibrary.org/obo/CMO_0000119> <http://purl.obolibrary.org/obo/CMO_0000028>)",2676,-1.0,-1.0,3000,0,-1.0,2998,0,-1.0,2980,0,-1.0,2990,0,0,-1.0,2985,0
ore_ont_12397.owl,"SubClassOf(<http://purl.obolibrary.org/obo/CMO_0000230> <http://purl.obolibrary.org/obo/CMO_0000000>)",2676,53.3,17.8,11675,391,38.300000000000004,6486,371,38.300000000000004,6932,368,38.300000000000004,5239,365,3,38.300000000000004,11887,371
ore_ont_12397.owl,"SubClassOf(<http://purl.obolibrary.org/obo/CMO_0000758> <http://purl.obolibrary.org/obo/CMO_0000256>)",2676,75.9,22.5,7673,368,38.7,8004,342,22.5,7547,353,38.7,5241,374,2,22.5,11881,391
ore_ont_12397.owl,"SubClassOf(<http://purl.obolibrary.org/obo/CMO_0000927> <http://purl.obolibrary.org/obo/CMO_0000926>)",2676,131.8,116.2,6692,383,116.2,7052,354,116.2,6316,369,131.8,5224,395,1,116.2,8383,380
ore_ont_12397.owl,"SubClassOf(<http://purl.obolibrary.org/obo/CMO_0000276> <http://purl.obolibrary.org/obo/CMO_0000230>)",2676,-1.0,-1.0,2986,0,-1.0,3007,0,-1.0,3011,0,-1.0,3058,0,0,-1.0,2983,0
ore_ont_12397.owl,"SubClassOf(<http://purl.obolibrary.org/obo/CMO_0000518> <http://purl.obolibrary.org/obo/CMO_0000119>)",2676,-1.0,-1.0,3065,0,-1.0,3002,0,-1.0,2994,0,-1.0,2955,0,0,-1.0,2971,0
ore_ont_12397.owl,"SubClassOf(<http://purl.obolibrary.org/obo/CMO_0000110> <http://purl.obolibrary.org/obo/CMO_0000227>)",2676,249.2,248.7,104459,402,217.0,6458,364,188.20000000000002,8249,358,188.20000000000002,5204,378,1,188.20000000000002,88894,412
ore_ont_12397.owl,"SubClassOf(<http://purl.obolibrary.org/obo/CMO_0000951> <http://purl.obolibrary.org/obo/CMO_0000068>)",2676,134.2,113.50000000000001,7904,363,80.39999999999999,6550,385,113.50000000000001,7350,402,113.50000000000001,5226,375,1,113.50000000000001,11443,359
ore_ont_12397.owl,"SubClassOf(<http://purl.obolibrary.org/obo/CMO_0000068> <http://purl.obolibrary.org/obo/CMO_0000021>)",2676,-1.0,-1.0,2967,0,-1.0,2980,0,-1.0,2959,0,-1.0,2953,0,0,-1.0,2955,0
ore_ont_12397.owl,"SubClassOf(<http://purl.obolibrary.org/obo/CMO_0000230> <http://purl.obolibrary.org/obo/CMO_0000669>)",2676,44.2,29.200000000000003,6187,407,29.200000000000003,6791,357,29.200000000000003,6263,394,44.2,5236,364,1,29.200000000000003,8121,381
ore_ont_412.owl,"SubClassOf(<http://purl.org/biotop/biotop.owl#Population> <http://www.absoluteiri.edu/RELAPPROXC443>)",2498,9652.199999999999,9642.199999999999,52053,630,9612.599999999997,10393,578,9638.099999999999,9085,543,9652.199999999999,5318,566,1,9638.099999999999,58431,552
ore_ont_412.owl,"SubClassOf(<http://purl.org/biotop/biotop.owl#Population> <http://purl.org/biotop/biotop.owl#MaterialEntity>)",2498,9645.199999999999,9635.199999999999,27187,543,9605.599999999997,10083,562,9605.599999999997,7913,590,9645.199999999999,5214,557,2,9605.599999999997,30376,560
ore_ont_412.owl,"SubClassOf(<http://purl.org/biotop/biotop.owl#TaxonQuality> <http://www.absoluteiri.edu/RELAPPROXC409>)",2498,4372.2,4349.799999999999,7040,573,4354.5,7987,536,4349.799999999999,6951,525,4349.799999999999,5266,569,1,4349.799999999999,11623,643
ore_ont_412.owl,"SubClassOf(<http://purl.org/biotop/biotop.owl#AnimalPopulation> <http://purl.org/biotop/biotop.owl#Population>)",2498,-1.0,-1.0,2994,0,-1.0,2975,0,-1.0,2999,0,-1.0,3048,0,0,-1.0,2988,0
ore_ont_412.owl,"SubClassOf(<http://purl.org/biotop/biotop.owl#Action> <http://purl.org/biotop/biotop.owl#ProcessualEntity>)",2498,-1.0,-1.0,2998,0,-1.0,2983,0,-1.0,3034,0,-1.0,2976,0,0,-1.0,3044,0
ore_ont_412.owl,"SubClassOf(<http://purl.org/biotop/biotop.owl#BacterialCell> <http://purl.org/biotop/biotop.owl#Cell>)",2498,14903.400000000001,14903.400000000001,6371,607,14867.29999999999,10699,555,14903.400000000001,6491,579,14867.29999999999,5268,609,2,14903.400000000001,10683,568
ore_ont_412.owl,"SubClassOf(<http://www.absoluteiri.edu/RELAPPROXC1149> <http://purl.org/biotop/biotop.owl#TaxonQuality>)",2498,-1.0,-1.0,3003,0,-1.0,2978,0,-1.0,2971,0,-1.0,2978,0,0,-1.0,2979,0
ore_ont_412.owl,"SubClassOf(<http://purl.org/biotop/biotop.owl#SubmolecularGroup> <http://purl.org/biotop/biotop.owl#MonoMolecularEntity>)",2498,7771.9000000000015,7704.100000000003,6716,592,7732.300000000001,8705,572,7704.100000000003,6787,598,7704.100000000003,5312,600,1,7704.100000000003,10914,600
ore_ont_412.owl,"SubClassOf(<http://purl.org/biotop/biotop.owl#AnimalIncludingHuman> <http://purl.org/biotop/biotop.owl#Organism>)",2498,10790.500000000002,10633.799999999992,8599,633,10732.500000000002,8280,605,10633.799999999992,7820,589,10671.300000000003,5276,589,1,10633.799999999992,15454,630
ore_ont_412.owl,"SubClassOf(<http://purl.org/biotop/biotop.owl#Organism> <http://purl.org/biotop/biotop.owl#StructuredBiologicalEntity>)",2498,8391.1,8342.5,7085,661,8342.2,10087,588,8342.5,6831,595,8342.2,5275,638,1,8342.5,11105,599
ore_ont_670.owl,"SubClassOf(<http://purl.obolibrary.org/obo/WBPhenotype_0001441> <http://purl.obolibrary.org/obo/WBPhenotype_0000525>)",2326,368.4,277.7999999999999,54831,446,360.3,7737,445,360.3,6425,429,368.4,5184,487,2,360.3,49475,444
ore_ont_670.owl,"SubClassOf(<http://purl.obolibrary.org/obo/WBPhenotype_0000631> <http://purl.obolibrary.org/obo/WBPhenotype_0000577>)",2326,84.1,56.2,7393,441,28.300000000000004,6554,408,56.2,6713,450,56.2,5206,427,1,56.2,10455,447
ore_ont_670.owl,"SubClassOf(<http://purl.obolibrary.org/obo/WBPhenotype_0000717> <http://purl.obolibrary.org/obo/WBPhenotype_0000027>)",2326,-1.0,-1.0,2971,0,-1.0,3019,0,-1.0,2934,0,-1.0,3011,0,0,-1.0,2967,0
ore_ont_670.owl,"SubClassOf(<http://purl.obolibrary.org/obo/WBPhenotype_0000011> <http://purl.obolibrary.org/obo/WBPhenotype_0000631>)",2326,-1.0,-1.0,3009,0,-1.0,2975,0,-1.0,2964,0,-1.0,2959,0,0,-1.0,2977,0
ore_ont_670.owl,"SubClassOf(<http://purl.obolibrary.org/obo/WBPhenotype_0001260> <http://purl.obolibrary.org/obo/WBPhenotype_0000533>)",2326,35.199999999999996,9.1,6157,430,19.8,6505,473,9.1,6263,449,19.8,5196,424,1,9.1,8232,451
ore_ont_670.owl,"SubClassOf(<http://purl.obolibrary.org/obo/WBPhenotype_0001102> <http://purl.obolibrary.org/obo/WBPhenotype_0001100>)",2326,176.7000000000001,162.00000000000006,6183,487,146.89999999999995,6701,523,162.00000000000006,6246,477,146.89999999999995,5210,485,1,162.00000000000006,8113,541
ore_ont_670.owl,"SubClassOf(<http://purl.obolibrary.org/obo/WBPhenotype_0000024> <http://purl.obolibrary.org/obo/WBPhenotype_0000011>)",2326,-1.0,-1.0,2990,0,-1.0,3013,0,-1.0,2968,0,-1.0,2983,0,0,-1.0,2977,0
ore_ont_670.owl,"SubClassOf(<http://purl.obolibrary.org/obo/WBPhenotype_0001100> <http://purl.obolibrary.org/obo/WBPhenotype_0000749>)",2326,54.4,54.4,6291,472,37.50000000000001,6902,485,54.4,6312,475,54.4,5255,533,2,54.4,8380,491
ore_ont_670.owl,"SubClassOf(<http://purl.obolibrary.org/obo/WBPhenotype_0000825> <http://purl.obolibrary.org/obo/WBPhenotype_0000529>)",2326,33.4,19.200000000000003,6300,423,8.5,6582,494,19.200000000000003,6458,486,8.5,5214,482,2,19.200000000000003,8315,527
ore_ont_670.owl,"SubClassOf(<http://purl.obolibrary.org/obo/WBPhenotype_0000746> <http://purl.obolibrary.org/obo/WBPhenotype_0000536>)",2326,-1.0,-1.0,2971,0,-1.0,2937,0,-1.0,2974,0,-1.0,2956,0,0,-1.0,2955,0
ore_ont_15292.owl,"SubClassOf(<http://purl.obolibrary.org/obo/MOD_00964> <http://purl.obolibrary.org/obo/MOD_00947>)",3458,-1.0,-1.0,2967,0,-1.0,2978,0,-1.0,2999,0,-1.0,2964,0,0,-1.0,3003,0
ore_ont_15292.owl,"SubClassOf(<http://purl.obolibrary.org/obo/MOD_01426> <http://purl.obolibrary.org/obo/MOD_00848>)",3458,-1.0,-1.0,2984,0,-1.0,2990,0,-1.0,3072,0,-1.0,3034,0,0,-1.0,2999,0
ore_ont_15292.owl,"SubClassOf(<http://purl.obolibrary.org/obo/MOD_00134> <http://purl.obolibrary.org/obo/MOD_01875>)",3458,-1.0,-1.0,2998,0,-1.0,2967,0,-1.0,3052,0,-1.0,3007,0,0,-1.0,3029,0
ore_ont_15292.owl,"SubClassOf(<http://purl.obolibrary.org/obo/MOD_00002> <http://purl.obolibrary.org/obo/MOD_00916>)",3458,-1.0,-1.0,3006,0,-1.0,3010,0,-1.0,2991,0,-1.0,3005,0,0,-1.0,2973,0
ore_ont_15292.owl,"SubClassOf(<http://purl.obolibrary.org/obo/MOD_01875> <http://purl.obolibrary.org/obo/MOD_00912>)",3458,-1.0,-1.0,2996,0,-1.0,3002,0,-1.0,2991,0,-1.0,3006,0,0,-1.0,2998,0
ore_ont_15292.owl,"SubClassOf(<http://purl.obolibrary.org/obo/MOD_00985> <http://purl.obolibrary.org/obo/MOD_00919>)",3458,-1.0,-1.0,3021,0,-1.0,3087,0,-1.0,3033,0,-1.0,3015,0,0,-1.0,3041,0
ore_ont_15292.owl,"SubClassOf(<http://purl.obolibrary.org/obo/MOD_00005> <http://purl.obolibrary.org/obo/MOD_00917>)",3458,-1.0,-1.0,3004,0,-1.0,3016,0,-1.0,3019,0,-1.0,3016,0,0,-1.0,3066,0
ore_ont_15292.owl,"SubClassOf(<http://purl.obolibrary.org/obo/MOD_00687> <http://purl.obolibrary.org/obo/MOD_00905>)",3458,-1.0,-1.0,3039,0,-1.0,2990,0,-1.0,3012,0,-1.0,3049,0,0,-1.0,3061,0
ore_ont_15292.owl,"SubClassOf(<http://purl.obolibrary.org/obo/MOD_00298> <http://purl.obolibrary.org/obo/MOD_00909>)",3458,-1.0,-1.0,3026,0,-1.0,2991,0,-1.0,3002,0,-1.0,3016,0,0,-1.0,3015,0
ore_ont_15292.owl,"SubClassOf(<http://purl.obolibrary.org/obo/MOD_01453> <http://purl.obolibrary.org/obo/MOD_00906>)",3458,365.49999999999994,365.49999999999994,6039,552,365.49999999999994,7188,530,365.49999999999994,6370,505,365.49999999999994,5252,525,2,365.49999999999994,8378,543
ore_ont_5080.owl,"SubClassOf(<http://purl.obolibrary.org/obo/PO_0025018> <http://purl.obolibrary.org/obo/PO_0025001>)",2825,1300.7999999999997,1278.1999999999998,6749,526,1246.9999999999998,7117,564,1278.1999999999998,6798,571,1278.1999999999998,5306,539,2,1278.1999999999998,9622,560
ore_ont_5080.owl,"SubClassOf(<http://purl.obolibrary.org/obo/PO_0000010> <http://purl.obolibrary.org/obo/PO_0009009>)",2825,-1.0,-1.0,3022,0,-1.0,2997,0,-1.0,3016,0,-1.0,3006,0,0,-1.0,3013,0
ore_ont_5080.owl,"SubClassOf(<http://purl.obolibrary.org/obo/PO_0025030> <http://purl.obolibrary.org/obo/PO_0009002>)",2825,-1.0,-1.0,3052,0,-1.0,3044,0,-1.0,3061,0,-1.0,3018,0,0,-1.0,3012,0
ore_ont_5080.owl,"SubClassOf(<http://purl.obolibrary.org/obo/PO_0006016> <http://purl.obolibrary.org/obo/PO_0005679>)",2825,1733.7999999999997,1698.1,10201,564,1668.6999999999998,8894,547,1718.0,8443,609,1698.1,5308,602,2,1698.1,15277,565
ore_ont_5080.owl,"SubClassOf(<http://purl.obolibrary.org/obo/PO_0005679> <http://purl.obolibrary.org/obo/PO_0009007>)",2825,-1.0,-1.0,3015,0,-1.0,3000,0,-1.0,3011,0,-1.0,3013,0,0,-1.0,3000,0
ore_ont_5080.owl,"SubClassOf(<http://purl.obolibrary.org/obo/PO_0020030> <http://purl.obolibrary.org/obo/PO_0009025>)",2825,-1.0,-1.0,3007,0,-1.0,3047,0,-1.0,3012,0,-1.0,3017,0,0,-1.0,3013,0
ore_ont_5080.owl,"SubClassOf(<http://purl.obolibrary.org/obo/PO_0025128> <http://purl.obolibrary.org/obo/PO_0009013>)",2825,1564.4999999999998,1525.1000000000001,6226,586,1554.8999999999999,7138,557,1525.1000000000001,6627,570,1525.1000000000001,5296,572,1,1525.1000000000001,8880,573
ore_ont_5080.owl,"SubClassOf(<http://purl.obolibrary.org/obo/PO_0020121> <http://purl.obolibrary.org/obo/PO_0009005>)",2825,-1.0,-1.0,3013,0,-1.0,3021,0,-1.0,3011,0,-1.0,3050,0,0,-1.0,3032,0
ore_ont_5080.owl,"SubClassOf(<http://purl.obolibrary.org/obo/PO_0009081> <http://purl.obolibrary.org/obo/PO_0025029>)",2825,1188.9999999999998,1148.2,7799,603,1148.2,9308,546,1148.2,7322,582,1166.2,5246,604,4,1148.2,12559,570
ore_ont_5080.owl,"SubClassOf(<http://purl.obolibrary.org/obo/PO_0005421> <http://purl.obolibrary.org/obo/PO_0025059>)",2825,-1.0,-1.0,2993,0,-1.0,2995,0,-1.0,3000,0,-1.0,2980,0,0,-1.0,3000,0
ore_ont_9598.owl,"SubClassOf(<http://purl.obolibrary.org/obo/AAO_0000137> <http://purl.obolibrary.org/obo/AAO_0000138>)",2673,520.4,490.29999999999995,6201,853,465.69999999999993,7433,805,465.69999999999993,6186,857,465.69999999999993,5215,806,3,490.29999999999995,8843,827
ore_ont_9598.owl,"SubClassOf(<http://purl.obolibrary.org/obo/AAO_0010603> <http://purl.obolibrary.org/obo/AAO_0000977>)",2673,-1.0,-1.0,3005,0,-1.0,3053,0,-1.0,2998,0,-1.0,3052,0,0,-1.0,2996,0
ore_ont_9598.owl,"SubClassOf(<http://purl.obolibrary.org/obo/AAO_0010714> <http://purl.obolibrary.org/obo/AAO_0010687>)",2673,-1.0,-1.0,3006,0,-1.0,3004,0,-1.0,3001,0,-1.0,2992,0,0,-1.0,2996,0
ore_ont_9598.owl,"SubClassOf(<http://purl.obolibrary.org/obo/AAO_0000320> <http://purl.obolibrary.org/obo/AAO_0010841>)",2673,473.69999999999993,473.69999999999993,5656,838,465.9,7395,801,473.69999999999993,5962,825,465.9,5235,814,2,473.69999999999993,8279,848
ore_ont_9598.owl,"SubClassOf(<http://purl.obolibrary.org/obo/AAO_0000192> <http://purl.obolibrary.org/obo/AAO_0000051>)",2673,-1.0,-1.0,2986,0,-1.0,2975,0,-1.0,3287,0,-1.0,3038,0,0,-1.0,2998,0
ore_ont_9598.owl,"SubClassOf(<http://purl.obolibrary.org/obo/AAO_0010517> <http://purl.obolibrary.org/obo/AAO_0010212>)",2673,-1.0,-1.0,3026,0,-1.0,3003,0,-1.0,2987,0,-1.0,2984,0,0,-1.0,2993,0
ore_ont_9598.owl,"SubClassOf(<http://purl.obolibrary.org/obo/AAO_0010758> <http://purl.obolibrary.org/obo/AAO_0000218>)",2673,-1.0,-1.0,2970,0,-1.0,2992,0,-1.0,3014,0,-1.0,3030,0,0,-1.0,3018,0
ore_ont_9598.owl,"SubClassOf(<http://purl.obolibrary.org/obo/AAO_0000052> <http://purl.obolibrary.org/obo/AAO_0010009>)",2673,885.4000000000001,854.5000000000001,5633,839,862.8999999999999,7456,827,854.5000000000001,5904,867,862.8999999999999,5293,794,1,854.5000000000001,8297,893
ore_ont_9598.owl,"SubClassOf(<http://purl.obolibrary.org/obo/AAO_0010324> <http://purl.obolibrary.org/obo/AAO_0010012>)",2673,-1.0,-1.0,2999,0,-1.0,2967,0,-1.0,3069,0,-1.0,3042,0,0,-1.0,3038,0
ore_ont_9598.owl,"SubClassOf(<http://purl.obolibrary.org/obo/AAO_0010146> <http://purl.obolibrary.org/obo/AAO_0000320>)",2673,-1.0,-1.0,2975,0,-1.0,2991,0,-1.0,2986,0,-1.0,2989,0,0,-1.0,2977,0
ore_ont_380.owl,"SubClassOf(<http://rhizomik.net/ontologies/2006/01/NewsCodes-SubjectsOnto.owl#04005003> <http://rhizomik.net/ontologies/2006/01/NewsCodes-SubjectsOnto.owl#SubjectDetail>)",2407,-1.0,-1.0,2893,0,-1.0,2933,0,-1.0,2911,0,-1.0,2948,0,0,-1.0,2914,0
ore_ont_380.owl,"SubClassOf(<http://rhizomik.net/ontologies/2006/01/NewsCodes-SubjectsOnto.owl#15005000> <http://rhizomik.net/ontologies/2006/01/NewsCodes-SubjectsOnto.owl#15000000>)",2407,-1.0,-1.0,2951,0,-1.0,2959,0,-1.0,2909,0,-1.0,2931,0,0,-1.0,2947,0
ore_ont_380.owl,"SubClassOf(<http://rhizomik.net/ontologies/2006/01/NewsCodes-SubjectsOnto.owl#04008018> <http://rhizomik.net/ontologies/2006/01/NewsCodes-SubjectsOnto.owl#04008000>)",2407,-1.0,-1.0,2940,0,-1.0,2906,0,-1.0,2914,0,-1.0,2908,0,0,-1.0,2920,0
ore_ont_380.owl,"SubClassOf(<http://rhizomik.net/ontologies/2006/01/NewsCodes-SubjectsOnto.owl#04016019> <http://rhizomik.net/ontologies/2006/01/NewsCodes-SubjectsOnto.owl#04016000>)",2407,-1.0,-1.0,2951,0,-1.0,2952,0,-1.0,2939,0,-1.0,2944,0,0,-1.0,2939,0
ore_ont_380.owl,"SubClassOf(<http://rhizomik.net/ontologies/2006/01/NewsCodes-SubjectsOnto.owl#15005013> <http://rhizomik.net/ontologies/2006/01/NewsCodes-SubjectsOnto.owl#15005000>)",2407,-1.0,-1.0,2921,0,-1.0,2949,0,-1.0,2926,0,-1.0,2912,0,0,-1.0,2935,0
ore_ont_380.owl,"SubClassOf(<http://rhizomik.net/ontologies/2006/01/NewsCodes-SubjectsOnto.owl#15062009> <http://rhizomik.net/ontologies/2006/01/NewsCodes-SubjectsOnto.owl#15062000>)",2407,-1.0,-1.0,2935,0,-1.0,2942,0,-1.0,2914,0,-1.0,2911,0,0,-1.0,2926,0
ore_ont_380.owl,"SubClassOf(<http://rhizomik.net/ontologies/2006/01/NewsCodes-SubjectsOnto.owl#14006000> <http://rhizomik.net/ontologies/2006/01/NewsCodes-SubjectsOnto.owl#14000000>)",2407,-1.0,-1.0,2960,0,-1.0,2946,0,-1.0,2944,0,-1.0,2974,0,0,-1.0,2935,0
ore_ont_380.owl,"SubClassOf(<http://rhizomik.net/ontologies/2006/01/NewsCodes-SubjectsOnto.owl#SubjectDetail> <http://rhizomik.net/ontologies/2006/01/NewsCodes-SubjectsOnto.owl#SubjectMatter>)",2407,-1.0,-1.0,2999,0,-1.0,2908,0,-1.0,2905,0,-1.0,2931,0,0,-1.0,2962,0
ore_ont_380.owl,"SubClassOf(<http://rhizomik.net/ontologies/2006/01/NewsCodes-SubjectsOnto.owl#01011000> <http://rhizomik.net/ontologies/2006/01/NewsCodes-SubjectsOnto.owl#01000000>)",2407,-1.0,-1.0,2903,0,-1.0,2921,0,-1.0,2907,0,-1.0,3005,0,0,-1.0,2925,0
ore_ont_380.owl,"SubClassOf(<http://rhizomik.net/ontologies/2006/01/NewsCodes-SubjectsOnto.owl#15073003> <http://rhizomik.net/ontologies/2006/01/NewsCodes-SubjectsOnto.owl#15073000>)",2407,-1.0,-1.0,2908,0,-1.0,2948,0,-1.0,2969,0,-1.0,2917,0,0,-1.0,2920,0
ore_ont_566.owl,"SubClassOf(<http://rhizomik.net/ontologies/2006/01/NewsCodes-SubjectsOnto.owl#04005003> <http://rhizomik.net/ontologies/2006/01/NewsCodes-SubjectsOnto.owl#SubjectDetail>)",2411,-1.0,-1.0,2921,0,-1.0,2913,0,-1.0,2963,0,-1.0,2944,0,0,-1.0,2941,0
ore_ont_566.owl,"SubClassOf(<http://rhizomik.net/ontologies/2006/01/NewsCodes-SubjectsOnto.owl#15005000> <http://rhizomik.net/ontologies/2006/01/NewsCodes-SubjectsOnto.owl#15000000>)",2411,-1.0,-1.0,2935,0,-1.0,2953,0,-1.0,2995,0,-1.0,2952,0,0,-1.0,3008,0
ore_ont_566.owl,"SubClassOf(<http://rhizomik.net/ontologies/2006/01/NewsCodes-SubjectsOnto.owl#04008018> <http://rhizomik.net/ontologies/2006/01/NewsCodes-SubjectsOnto.owl#04008000>)",2411,-1.0,-1.0,2942,0,-1.0,2935,0,-1.0,2939,0,-1.0,2931,0,0,-1.0,2932,0
ore_ont_566.owl,"SubClassOf(<http://rhizomik.net/ontologies/2006/01/NewsCodes-SubjectsOnto.owl#04016019> <http://rhizomik.net/ontologies/2006/01/NewsCodes-SubjectsOnto.owl#04016000>)",2411,-1.0,-1.0,2926,0,-1.0,2959,0,-1.0,2968,0,-1.0,2921,0,0,-1.0,2964,0
ore_ont_566.owl,"SubClassOf(<http://rhizomik.net/ontologies/2006/01/NewsCodes-SubjectsOnto.owl#15005013> <http://rhizomik.net/ontologies/2006/01/NewsCodes-SubjectsOnto.owl#15005000>)",2411,-1.0,-1.0,2923,0,-1.0,2924,0,-1.0,2935,0,-1.0,2914,0,0,-1.0,2922,0
ore_ont_566.owl,"SubClassOf(<http://rhizomik.net/ontologies/2006/01/NewsCodes-SubjectsOnto.owl#15062009> <http://rhizomik.net/ontologies/2006/01/NewsCodes-SubjectsOnto.owl#15062000>)",2411,-1.0,-1.0,2927,0,-1.0,2916,0,-1.0,2921,0,-1.0,2942,0,0,-1.0,2917,0
ore_ont_566.owl,"SubClassOf(<http://rhizomik.net/ontologies/2006/01/NewsCodes-SubjectsOnto.owl#14006000> <http://rhizomik.net/ontologies/2006/01/NewsCodes-SubjectsOnto.owl#14000000>)",2411,-1.0,-1.0,2930,0,-1.0,2936,0,-1.0,2947,0,-1.0,2916,0,0,-1.0,2908,0
ore_ont_566.owl,"SubClassOf(<http://rhizomik.net/ontologies/2006/01/NewsCodes-SubjectsOnto.owl#15073025> <http://rhizomik.net/ontologies/2006/01/NewsCodes-SubjectsOnto.owl#15073000>)",2411,-1.0,-1.0,2918,0,-1.0,2905,0,-1.0,2885,0,-1.0,2932,0,0,-1.0,2907,0
ore_ont_566.owl,"SubClassOf(<http://rhizomik.net/ontologies/2006/01/NewsCodes-SubjectsOnto.owl#SubjectDetail> <http://rhizomik.net/ontologies/2006/01/NewsCodes-SubjectsOnto.owl#SubjectMatter>)",2411,-1.0,-1.0,2921,0,-1.0,2938,0,-1.0,2895,0,-1.0,2916,0,0,-1.0,2919,0
ore_ont_566.owl,"SubClassOf(<http://rhizomik.net/ontologies/2006/01/NewsCodes-SubjectsOnto.owl#01011000> <http://rhizomik.net/ontologies/2006/01/NewsCodes-SubjectsOnto.owl#01000000>)",2411,-1.0,-1.0,2933,0,-1.0,2895,0,-1.0,2919,0,-1.0,2922,0,0,-1.0,2938,0
ore_ont_7120.owl,"SubClassOf(<http://purl.obolibrary.org/obo/UniProtKB_Q9Y169> <http://purl.obolibrary.org/obo/PR_000000001>)",3038,-1.0,-1.0,2976,0,-1.0,2982,0,-1.0,2980,0,-1.0,2980,0,0,-1.0,2969,0
ore_ont_7120.owl,"SubClassOf(<http://purl.obolibrary.org/obo/UniProtKB_Q9VVI3> <http://purl.obolibrary.org/obo/PR_000000001>)",3038,-1.0,-1.0,2966,0,-1.0,2993,0,-1.0,2957,0,-1.0,2987,0,0,-1.0,3062,0
ore_ont_7120.owl,"SubClassOf(<http://purl.obolibrary.org/obo/UniProtKB_Q9VEG9> <http://purl.obolibrary.org/obo/PR_000000001>)",3038,-1.0,-1.0,3048,0,-1.0,3027,0,-1.0,3030,0,-1.0,2975,0,0,-1.0,2996,0
ore_ont_7120.owl,"SubClassOf(<http://purl.obolibrary.org/obo/UniProtKB_P28465> <http://purl.obolibrary.org/obo/PR_000000001>)",3038,-1.0,-1.0,3025,0,-1.0,3026,0,-1.0,2989,0,-1.0,2993,0,0,-1.0,3000,0
ore_ont_7120.owl,"SubClassOf(<http://purl.obolibrary.org/obo/UniProtKB_Q9VEG6> <http://purl.obolibrary.org/obo/PR_000000001>)",3038,-1.0,-1.0,2981,0,-1.0,3016,0,-1.0,3002,0,-1.0,2993,0,0,-1.0,2983,0
ore_ont_7120.owl,"SubClassOf(<http://purl.obolibrary.org/obo/UniProtKB_Q05192> <http://purl.obolibrary.org/obo/PR_000000001>)",3038,-1.0,-1.0,2980,0,-1.0,2970,0,-1.0,2995,0,-1.0,3054,0,0,-1.0,3027,0
ore_ont_7120.owl,"SubClassOf(<http://purl.obolibrary.org/obo/UniProtKB_Q95RC0> <http://purl.obolibrary.org/obo/PR_000000001>)",3038,-1.0,-1.0,3001,0,-1.0,3011,0,-1.0,3061,0,-1.0,3108,0,0,-1.0,3059,0
ore_ont_7120.owl,"SubClassOf(<http://purl.obolibrary.org/obo/UniProtKB_Q9VVI2> <http://purl.obolibrary.org/obo/PR_000000001>)",3038,-1.0,-1.0,2981,0,-1.0,2989,0,-1.0,2988,0,-1.0,2980,0,0,-1.0,2989,0
ore_ont_7120.owl,"SubClassOf(<http://purl.obolibrary.org/obo/UniProtKB_P17336> <http://purl.obolibrary.org/obo/PR_000000001>)",3038,-1.0,-1.0,2993,0,-1.0,2995,0,-1.0,3041,0,-1.0,2991,0,0,-1.0,2998,0
ore_ont_7120.owl,"SubClassOf(<http://purl.obolibrary.org/obo/UniProtKB_Q9VJ07> <http://purl.obolibrary.org/obo/PR_000000001>)",3038,-1.0,-1.0,3084,0,-1.0,3030,0,-1.0,3005,0,-1.0,3016,0,0,-1.0,3006,0
ore_ont_2440.owl,"SubClassOf(<http://purl.obolibrary.org/obo/TGMA_0000527> <http://purl.obolibrary.org/obo/TGMA_0001835>)",2733,-1.0,-1.0,3000,0,-1.0,3044,0,-1.0,3139,0,-1.0,3018,0,0,-1.0,3035,0
ore_ont_2440.owl,"SubClassOf(<http://purl.obolibrary.org/obo/TGMA_0000883> <http://purl.obolibrary.org/obo/TGMA_0001842>)",2733,-1.0,-1.0,2997,0,-1.0,3029,0,-1.0,3003,0,-1.0,3014,0,0,-1.0,2999,0
ore_ont_2440.owl,"SubClassOf(<http://purl.obolibrary.org/obo/TGMA_0000527> <http://purl.obolibrary.org/obo/TGMA_0001823>)",2733,158.10000000000002,186.6,7129,593,186.6,8911,631,181.2,7072,617,158.10000000000002,5317,618,1,186.6,11279,602
ore_ont_2440.owl,"SubClassOf(<http://purl.obolibrary.org/obo/TGMA_0001044> <http://purl.obolibrary.org/obo/TGMA_0001013>)",2733,-1.0,-1.0,3058,0,-1.0,3035,0,-1.0,3006,0,-1.0,2991,0,0,-1.0,3015,0
ore_ont_2440.owl,"SubClassOf(<http://purl.obolibrary.org/obo/TGMA_0000470> <http://purl.obolibrary.org/obo/TGMA_0001825>)",2733,-1.0,-1.0,3020,0,-1.0,2982,0,-1.0,3016,0,-1.0,3029,0,0,-1.0,3029,0
ore_ont_2440.owl,"SubClassOf(<http://purl.obolibrary.org/obo/TGMA_0000878> <http://purl.obolibrary.org/obo/TGMA_0001828>)",2733,-1.0,-1.0,3013,0,-1.0,3025,0,-1.0,3028,0,-1.0,3006,0,0,-1.0,3040,0
ore_ont_2440.owl,"SubClassOf(<http://purl.obolibrary.org/obo/TGMA_0000003> <http://purl.obolibrary.org/obo/TGMA_0001842>)",2733,-1.0,-1.0,3036,0,-1.0,3003,0,-1.0,3015,0,-1.0,3049,0,0,-1.0,3002,0
ore_ont_2440.owl,"SubClassOf(<http://purl.obolibrary.org/obo/TGMA_0001587> <http://purl.obolibrary.org/obo/TGMA_0000809>)",2733,292.1,244.69999999999996,5673,617,192.39999999999998,7097,588,244.69999999999996,5929,641,244.69999999999996,5317,632,2,244.69999999999996,8079,598
ore_ont_2440.owl,"SubClassOf(<http://purl.obolibrary.org/obo/TGMA_0000829> <http://purl.obolibrary.org/obo/TGMA_0001363>)",2733,192.70000000000002,110.10000000000001,8432,605,79.6,7045,598,110.10000000000001,7845,618,79.6,5317,619,2,110.10000000000001,13748,591
ore_ont_2440.owl,"SubClassOf(<http://purl.obolibrary.org/obo/TGMA_0000720> <http://purl.obolibrary.org/obo/TGMA_0001830>)",2733,-1.0,-1.0,3005,0,-1.0,2981,0,-1.0,3014,0,-1.0,3031,0,0,-1.0,3023,0
ore_ont_8298.owl,"SubClassOf(<http://purl.obolibrary.org/obo/CHEBI_25708> <http://purl.obolibrary.org/obo/MIRO_10000169>)",3065,-1.0,-1.0,3025,0,-1.0,3022,0,-1.0,3092,0,-1.0,3084,0,0,-1.0,3024,0
ore_ont_8298.owl,"SubClassOf(<http://purl.obolibrary.org/obo/CHEBI_4042> <http://purl.obolibrary.org/obo/CHEBI_26413>)",3065,-1.0,-1.0,3031,0,-1.0,3027,0,-1.0,3083,0,-1.0,3050,0,0,-1.0,3018,0
ore_ont_8298.owl,"SubClassOf(<http://purl.obolibrary.org/obo/MIRO_40003478> <http://purl.obolibrary.org/obo/MIRO_40002217>)",3065,-1.0,-1.0,3034,0,-1.0,3025,0,-1.0,3021,0,-1.0,3021,0,0,-1.0,3025,0
ore_ont_8298.owl,"SubClassOf(<http://purl.obolibrary.org/obo/IDOMAL_0000380> <http://purl.obolibrary.org/obo/IDOMAL_0000340>)",3065,-1.0,-1.0,3074,0,-1.0,3019,0,-1.0,3034,0,-1.0,3028,0,0,-1.0,3025,0
ore_ont_8298.owl,"SubClassOf(<http://purl.obolibrary.org/obo/IDOMAL_0001061> <http://purl.obolibrary.org/obo/IDOMAL_0000001>)",3065,-1.0,-1.0,3049,0,-1.0,3010,0,-1.0,3010,0,-1.0,3002,0,0,-1.0,3024,0
ore_ont_8298.owl,"SubClassOf(<http://purl.obolibrary.org/obo/CHEBI_6651> <http://purl.obolibrary.org/obo/CHEBI_25708>)",3065,-1.0,-1.0,3054,0,-1.0,3008,0,-1.0,3036,0,-1.0,3012,0,0,-1.0,3036,0
ore_ont_8298.owl,"SubClassOf(<http://purl.obolibrary.org/obo/MIRO_40000121> <http://purl.obolibrary.org/obo/MIRO_40000016>)",3065,-1.0,-1.0,3022,0,-1.0,3052,0,-1.0,3015,0,-1.0,3020,0,0,-1.0,3014,0
ore_ont_8298.owl,"SubClassOf(<http://purl.obolibrary.org/obo/IDOMAL_0000503> <http://purl.obolibrary.org/obo/IDOMAL_0001242>)",3065,-1.0,-1.0,3070,0,-1.0,3041,0,-1.0,3041,0,-1.0,3033,0,0,-1.0,3014,0
ore_ont_8298.owl,"SubClassOf(<http://purl.obolibrary.org/obo/IDOMAL_0001134> <http://purl.obolibrary.org/obo/IDOMAL_0001069>)",3065,-1.0,-1.0,3042,0,-1.0,3015,0,-1.0,3046,0,-1.0,3033,0,0,-1.0,3039,0
ore_ont_8298.owl,"SubClassOf(<http://purl.obolibrary.org/obo/IDOMAL_0000258> <http://purl.obolibrary.org/obo/IDOMAL_0000001>)",3065,349.9,334.7,6152,668,311.5,7149,659,334.7,6142,654,311.5,5295,673,1,334.7,10388,671
ore_ont_2377.owl,"SubClassOf(<http://purl.obolibrary.org/obo/FYPO_0000949> <http://purl.obolibrary.org/obo/FYPO_0000287>)",2414,-1.0,-1.0,3003,0,-1.0,2980,0,-1.0,3017,0,-1.0,2990,0,0,-1.0,2997,0
ore_ont_2377.owl,"SubClassOf(<http://purl.obolibrary.org/obo/FYPO_0000953> <http://purl.obolibrary.org/obo/FYPO_0000627>)",2414,-1.0,-1.0,3025,0,-1.0,3002,0,-1.0,2994,0,-1.0,3008,0,0,-1.0,2989,0
ore_ont_2377.owl,"SubClassOf(<http://purl.obolibrary.org/obo/FYPO_0000287> <http://purl.obolibrary.org/obo/FYPO_0000136>)",2414,-1.0,-1.0,3018,0,-1.0,3022,0,-1.0,2997,0,-1.0,2999,0,0,-1.0,3004,0
ore_ont_2377.owl,"SubClassOf(<http://purl.obolibrary.org/obo/FYPO_0000663> <http://purl.obolibrary.org/obo/FYPO_0000661>)",2414,-1.0,-1.0,3015,0,-1.0,2998,0,-1.0,2987,0,-1.0,3004,0,0,-1.0,2971,0
ore_ont_2377.owl,"SubClassOf(<http://purl.obolibrary.org/obo/FYPO_0000540> <http://purl.obolibrary.org/obo/FYPO_0000443>)",2414,-1.0,-1.0,3063,0,-1.0,3029,0,-1.0,3005,0,-1.0,3001,0,0,-1.0,3023,0
ore_ont_2377.owl,"SubClassOf(<http://purl.obolibrary.org/obo/FYPO_0000127> <http://purl.obolibrary.org/obo/FYPO_0000002>)",2414,-1.0,-1.0,3030,0,-1.0,3019,0,-1.0,3034,0,-1.0,3047,0,0,-1.0,3016,0
ore_ont_2377.owl,"SubClassOf(<http://purl.obolibrary.org/obo/FYPO_0000841> <http://purl.obolibrary.org/obo/FYPO_0000127>)",2414,-1.0,-1.0,3018,0,-1.0,2995,0,-1.0,3006,0,-1.0,3008,0,0,-1.0,3010,0
ore_ont_2377.owl,"SubClassOf(<http://purl.obolibrary.org/obo/FYPO_0000924> <http://purl.obolibrary.org/obo/FYPO_0000126>)",2414,-1.0,-1.0,3024,0,-1.0,2993,0,-1.0,3006,0,-1.0,3034,0,0,-1.0,3002,0
ore_ont_2377.owl,"SubClassOf(<http://purl.obolibrary.org/obo/FYPO_0001113> <http://purl.obolibrary.org/obo/FYPO_0000953>)",2414,-1.0,-1.0,3035,0,-1.0,3001,0,-1.0,3006,0,-1.0,3037,0,0,-1.0,2997,0
ore_ont_2377.owl,"SubClassOf(<http://purl.obolibrary.org/obo/FYPO_0000443> <http://purl.obolibrary.org/obo/FYPO_0000628>)",2414,1301.6999999999998,1301.6999999999998,16718,762,1291.4999999999998,10718,744,1301.6999999999998,9910,715,1291.4999999999998,5330,790,1,1301.6999999999998,26259,725
ore_ont_3313.owl,"SubClassOf(<http://biomanta.sourceforge.net/celltype_instance_edit.owl#lymphoblast_CL_0000229> <http://www.geneontology.org/formats/oboInOwl#ObsoleteClass>)",3353,-1.0,-1.0,3022,0,-1.0,3029,0,-1.0,3044,0,-1.0,3045,0,0,-1.0,3012,0
ore_ont_3313.owl,"SubClassOf(<http://biomanta.sourceforge.net/celltype_instance_edit.owl#epidermal_initial_CL_0000538> <http://biomanta.sourceforge.net/celltype_instance_edit.owl#plant_cell_CL_0000610>)",3353,438.10000000000014,438.10000000000014,6349,590,414.4000000000001,7035,557,438.10000000000014,6510,598,414.4000000000001,5300,590,3,438.10000000000014,9270,592
ore_ont_3313.owl,"SubClassOf(<http://biomanta.sourceforge.net/celltype_instance_edit.owl#CNS_neuron__sensu_Vertebrata__CL_0000117> <http://biomanta.sourceforge.net/celltype_instance_edit.owl#neuron_CL_0000540>)",3353,-1.0,-1.0,3029,0,-1.0,3023,0,-1.0,3006,0,-1.0,3013,0,0,-1.0,3059,0
ore_ont_3313.owl,"SubClassOf(<http://biomanta.sourceforge.net/celltype_instance_edit.owl#peptide_hormone_secreting_cell_CL_0000167> <http://biomanta.sourceforge.net/celltype_instance_edit.owl#secretory_cell_CL_0000151>)",3353,336.5,305.0,6569,600,305.0,6896,605,340.1,6938,602,340.1,5334,633,4,305.0,9221,616
ore_ont_3313.owl,"SubClassOf(<http://biomanta.sourceforge.net/celltype_instance_edit.owl#columnar_cuboidal_epithelial_cell_CL_0000075> <http://biomanta.sourceforge.net/celltype_instance_edit.owl#epithelial_cell_CL_0000066>)",3353,-1.0,-1.0,3063,0,-1.0,3038,0,-1.0,3053,0,-1.0,3068,0,0,-1.0,3050,0
ore_ont_3313.owl,"SubClassOf(<http://biomanta.sourceforge.net/celltype_instance_edit.owl#myeloid_progenitor_cell_CL_0000839> <http://biomanta.sourceforge.net/celltype_instance_edit.owl#non_terminally_differentiated_cell_CL_0000055>)",3353,199.89999999999998,172.0,6621,646,183.3,7011,600,172.0,6607,620,172.0,5355,606,1,172.0,9111,593
ore_ont_3313.owl,"SubClassOf(<http://biomanta.sourceforge.net/celltype_instance_edit.owl#neuron_CL_0000540> <http://biomanta.sourceforge.net/celltype_instance_edit.owl#animal_cell_CL_0000548>)",3353,451.79999999999995,385.2,13576,667,398.20000000000005,7076,601,398.20000000000005,6911,627,398.20000000000005,5300,623,2,398.20000000000005,12892,611
ore_ont_3313.owl,"SubClassOf(<http://biomanta.sourceforge.net/celltype_instance_edit.owl#enterochromaffin_cell_CL_0000504> <http://biomanta.sourceforge.net/celltype_instance_edit.owl#peptide_hormone_secreting_cell_CL_0000167>)",3353,678.7,619.0000000000001,8633,569,536.1,9930,578,619.0000000000001,7654,570,578.7,5314,619,1,619.0000000000001,15015,666
ore_ont_3313.owl,"SubClassOf(<http://biomanta.sourceforge.net/celltype_instance_edit.owl#secretory_cell_CL_0000151> <http://biomanta.sourceforge.net/celltype_instance_edit.owl#cell_by_function_CL_0000144>)",3353,-1.0,-1.0,3052,0,-1.0,3039,0,-1.0,3047,0,-1.0,3140,0,0,-1.0,3055,0
ore_ont_3313.owl,"SubClassOf(<http://biomanta.sourceforge.net/celltype_instance_edit.owl#support_cell__sensu_Nematoda_and_Protostomia__CL_0000378> <http://biomanta.sourceforge.net/celltype_instance_edit.owl#supportive_cell_CL_0000630>)",3353,-1.0,-1.0,3054,0,-1.0,3098,0,-1.0,3037,0,-1.0,3049,0,0,-1.0,3054,0
ore_ont_9435.owl,"SubClassOf(<http://purl.obolibrary.org/obo/MA_0001472> <http://purl.obolibrary.org/obo/MA_0001478>)",3776,-1.0,-1.0,3078,0,-1.0,3056,0,-1.0,3079,0,-1.0,3065,0,0,-1.0,3063,0
ore_ont_9435.owl,"SubClassOf(<http://purl.obolibrary.org/obo/MA_0001407> <http://purl.obolibrary.org/obo/MA_0000315>)",3776,-1.0,-1.0,3070,0,-1.0,3052,0,-1.0,3083,0,-1.0,3034,0,0,-1.0,3073,0
ore_ont_9435.owl,"SubClassOf(<http://purl.obolibrary.org/obo/MA_0002949> <http://purl.obolibrary.org/obo/MA_0000261>)",3776,-1.0,-1.0,3075,0,-1.0,3061,0,-1.0,3075,0,-1.0,3075,0,0,-1.0,3127,0
ore_ont_9435.owl,"SubClassOf(<http://purl.obolibrary.org/obo/MA_0001953> <http://purl.obolibrary.org/obo/MA_0000064>)",3776,-1.0,-1.0,3106,0,-1.0,3067,0,-1.0,3091,0,-1.0,3067,0,0,-1.0,3093,0
ore_ont_9435.owl,"SubClassOf(<http://purl.obolibrary.org/obo/MA_0001040> <http://purl.obolibrary.org/obo/MA_0000821>)",3776,-1.0,-1.0,3085,0,-1.0,3054,0,-1.0,3065,0,-1.0,3121,0,0,-1.0,3065,0
ore_ont_9435.owl,"SubClassOf(<http://purl.obolibrary.org/obo/MA_0000736> <http://purl.obolibrary.org/obo/MA_0000139>)",3776,-1.0,-1.0,3077,0,-1.0,3122,0,-1.0,3064,0,-1.0,3104,0,0,-1.0,3080,0
ore_ont_9435.owl,"SubClassOf(<http://purl.obolibrary.org/obo/MA_0000168> <http://purl.obolibrary.org/obo/MA_0000581>)",3776,-1.0,-1.0,3078,0,-1.0,3065,0,-1.0,3080,0,-1.0,3137,0,0,-1.0,3090,0
ore_ont_9435.owl,"SubClassOf(<http://purl.obolibrary.org/obo/MA_0002120> <http://purl.obolibrary.org/obo/MA_0000067>)",3776,-1.0,-1.0,3091,0,-1.0,3059,0,-1.0,3097,0,-1.0,3071,0,0,-1.0,3085,0
ore_ont_9435.owl,"SubClassOf(<http://purl.obolibrary.org/obo/MA_0002324> <http://purl.obolibrary.org/obo/MA_0000015>)",3776,-1.0,-1.0,3110,0,-1.0,3102,0,-1.0,3063,0,-1.0,3096,0,0,-1.0,3065,0
ore_ont_9435.owl,"SubClassOf(<http://purl.obolibrary.org/obo/MA_0002512> <http://purl.obolibrary.org/obo/MA_0002450>)",3776,-1.0,-1.0,3056,0,-1.0,3054,0,-1.0,3105,0,-1.0,3101,0,0,-1.0,3106,0
ore_ont_11619.owl,"SubClassOf(<http://purl.obolibrary.org/obo/RS_0000285> <http://purl.obolibrary.org/obo/RS_0000459>)",5100,-1.0,-1.0,3089,0,-1.0,3064,0,-1.0,3085,0,-1.0,3159,0,0,-1.0,3065,0
ore_ont_11619.owl,"SubClassOf(<http://purl.obolibrary.org/obo/RS_0000121> <http://purl.obolibrary.org/obo/RS_0000765>)",5100,-1.0,-1.0,3096,0,-1.0,3075,0,-1.0,3074,0,-1.0,3077,0,0,-1.0,3076,0
ore_ont_11619.owl,"SubClassOf(<http://purl.obolibrary.org/obo/RS_0003515> <http://purl.obolibrary.org/obo/RS_0001229>)",5100,-1.0,-1.0,3064,0,-1.0,3068,0,-1.0,3091,0,-1.0,3084,0,0,-1.0,3071,0
ore_ont_11619.owl,"SubClassOf(<http://purl.obolibrary.org/obo/RS_0003146> <http://purl.obolibrary.org/obo/RS_0003396>)",5100,-1.0,-1.0,3078,0,-1.0,3085,0,-1.0,3089,0,-1.0,3056,0,0,-1.0,3059,0
ore_ont_11619.owl,"SubClassOf(<http://purl.obolibrary.org/obo/RS_0003147> <http://purl.obolibrary.org/obo/RS_0003397>)",5100,-1.0,-1.0,3075,0,-1.0,3083,0,-1.0,3101,0,-1.0,3088,0,0,-1.0,3099,0
ore_ont_11619.owl,"SubClassOf(<http://purl.obolibrary.org/obo/RS_0000878> <http://purl.obolibrary.org/obo/RS_0000818>)",5100,-1.0,-1.0,3103,0,-1.0,3107,0,-1.0,3093,0,-1.0,3099,0,0,-1.0,3083,0
ore_ont_11619.owl,"SubClassOf(<http://purl.obolibrary.org/obo/RS_0002576> <http://purl.obolibrary.org/obo/RS_0000461>)",5100,102.69999999999997,43.0,6628,760,69.89999999999999,7700,740,43.0,6980,811,43.0,5414,771,2,43.0,11880,755
ore_ont_11619.owl,"SubClassOf(<http://purl.obolibrary.org/obo/RS_0001734> <http://purl.obolibrary.org/obo/RS_0000285>)",5100,-1.0,-1.0,3097,0,-1.0,3079,0,-1.0,3076,0,-1.0,3072,0,0,-1.0,3094,0
ore_ont_11619.owl,"SubClassOf(<http://purl.obolibrary.org/obo/RS_0002437> <http://purl.obolibrary.org/obo/RS_0002576>)",5100,-1.0,-1.0,3081,0,-1.0,3070,0,-1.0,3102,0,-1.0,3079,0,0,-1.0,3080,0
ore_ont_11619.owl,"SubClassOf(<http://purl.obolibrary.org/obo/RS_0001609> <http://purl.obolibrary.org/obo/RS_0001231>)",5100,-1.0,-1.0,3084,0,-1.0,3105,0,-1.0,3053,0,-1.0,3080,0,0,-1.0,3072,0
ore_ont_4798.owl,"SubClassOf(<http://purl.obolibrary.org/obo/MIRO_40002652> <http://purl.obolibrary.org/obo/MIRO_40002482>)",4413,-1.0,-1.0,3108,0,-1.0,3095,0,-1.0,3149,0,-1.0,3087,0,0,-1.0,3080,0
ore_ont_4798.owl,"SubClassOf(<http://purl.obolibrary.org/obo/MIRO_40003478> <http://purl.obolibrary.org/obo/MIRO_40002217>)",4413,-1.0,-1.0,3075,0,-1.0,3102,0,-1.0,3115,0,-1.0,3127,0,0,-1.0,3058,0
ore_ont_4798.owl,"SubClassOf(<http://purl.obolibrary.org/obo/MIRO_40000800> <http://purl.obolibrary.org/obo/MIRO_40000648>)",4413,-1.0,-1.0,3105,0,-1.0,3079,0,-1.0,3134,0,-1.0,3094,0,0,-1.0,3137,0
ore_ont_4798.owl,"SubClassOf(<http://purl.obolibrary.org/obo/MIRO_40002010> <http://purl.obolibrary.org/obo/MIRO_40001928>)",4413,-1.0,-1.0,3075,0,-1.0,3087,0,-1.0,3092,0,-1.0,3077,0,0,-1.0,3113,0
ore_ont_4798.owl,"SubClassOf(<http://purl.obolibrary.org/obo/MIRO_40000590> <http://purl.obolibrary.org/obo/MIRO_40000517>)",4413,-1.0,-1.0,3073,0,-1.0,3087,0,-1.0,3092,0,-1.0,3074,0,0,-1.0,3092,0
ore_ont_4798.owl,"SubClassOf(<http://purl.obolibrary.org/obo/MIRO_40002090> <http://purl.obolibrary.org/obo/MIRO_40002031>)",4413,-1.0,-1.0,3129,0,-1.0,3080,0,-1.0,3074,0,-1.0,3127,0,0,-1.0,3105,0
ore_ont_4798.owl,"SubClassOf(<http://purl.obolibrary.org/obo/MIRO_40002890> <http://purl.obolibrary.org/obo/MIRO_40002860>)",4413,-1.0,-1.0,3098,0,-1.0,3108,0,-1.0,3129,0,-1.0,3104,0,0,-1.0,3136,0
ore_ont_4798.owl,"SubClassOf(<http://purl.obolibrary.org/obo/MIRO_40003737> <http://purl.obolibrary.org/obo/MIRO_40000960>)",4413,-1.0,-1.0,3076,0,-1.0,3062,0,-1.0,3173,0,-1.0,3100,0,0,-1.0,3099,0
ore_ont_4798.owl,"SubClassOf(<http://purl.obolibrary.org/obo/MIRO_40000110> <http://purl.obolibrary.org/obo/MIRO_40000016>)",4413,-1.0,-1.0,3078,0,-1.0,3059,0,-1.0,3076,0,-1.0,3075,0,0,-1.0,3076,0
ore_ont_4798.owl,"SubClassOf(<http://purl.obolibrary.org/obo/MIRO_40003062> <http://purl.obolibrary.org/obo/MIRO_40002995>)",4413,-1.0,-1.0,3085,0,-1.0,3096,0,-1.0,3086,0,-1.0,3091,0,0,-1.0,3087,0
ore_ont_15222.owl,"SubClassOf(<http://purl.obolibrary.org/obo/MIRO_40002531> <http://purl.obolibrary.org/obo/MIRO_40002482>)",4413,-1.0,-1.0,3113,0,-1.0,3094,0,-1.0,3100,0,-1.0,3083,0,0,-1.0,3083,0
ore_ont_15222.owl,"SubClassOf(<http://purl.obolibrary.org/obo/MIRO_40003478> <http://purl.obolibrary.org/obo/MIRO_40002217>)",4413,-1.0,-1.0,3099,0,-1.0,3079,0,-1.0,3188,0,-1.0,3094,0,0,-1.0,3114,0
ore_ont_15222.owl,"SubClassOf(<http://purl.obolibrary.org/obo/MIRO_40000800> <http://purl.obolibrary.org/obo/MIRO_40000648>)",4413,-1.0,-1.0,3115,0,-1.0,3058,0,-1.0,3070,0,-1.0,3082,0,0,-1.0,3093,0
ore_ont_15222.owl,"SubClassOf(<http://purl.obolibrary.org/obo/MIRO_40002010> <http://purl.obolibrary.org/obo/MIRO_40001928>)",4413,-1.0,-1.0,3083,0,-1.0,3129,0,-1.0,3120,0,-1.0,3112,0,0,-1.0,3091,0
ore_ont_15222.owl,"SubClassOf(<http://purl.obolibrary.org/obo/MIRO_40000590> <http://purl.obolibrary.org/obo/MIRO_40000517>)",4413,-1.0,-1.0,3134,0,-1.0,3105,0,-1.0,3084,0,-1.0,3052,0,0,-1.0,3178,0
ore_ont_15222.owl,"SubClassOf(<http://purl.obolibrary.org/obo/MIRO_40002090> <http://purl.obolibrary.org/obo/MIRO_40002031>)",4413,-1.0,-1.0,3114,0,-1.0,3146,0,-1.0,3072,0,-1.0,3076,0,0,-1.0,3073,0
ore_ont_15222.owl,"SubClassOf(<http://purl.obolibrary.org/obo/MIRO_40002890> <http://purl.obolibrary.org/obo/MIRO_40002860>)",4413,-1.0,-1.0,3082,0,-1.0,3092,0,-1.0,3083,0,-1.0,3097,0,0,-1.0,3085,0
ore_ont_15222.owl,"SubClassOf(<http://purl.obolibrary.org/obo/MIRO_40003737> <http://purl.obolibrary.org/obo/MIRO_40000960>)",4413,-1.0,-1.0,3070,0,-1.0,3072,0,-1.0,3075,0,-1.0,3084,0,0,-1.0,3081,0
ore_ont_15222.owl,"SubClassOf(<http://purl.obolibrary.org/obo/MIRO_40000110> <http://purl.obolibrary.org/obo/MIRO_40000016>)",4413,-1.0,-1.0,3111,0,-1.0,3118,0,-1.0,3143,0,-1.0,3111,0,0,-1.0,3091,0
ore_ont_15222.owl,"SubClassOf(<http://purl.obolibrary.org/obo/MIRO_40003062> <http://purl.obolibrary.org/obo/MIRO_40002995>)",4413,-1.0,-1.0,3129,0,-1.0,3104,0,-1.0,3125,0,-1.0,3102,0,0,-1.0,3128,0
ore_ont_9646.owl,"SubClassOf(<http://purl.obolibrary.org/obo/MA_0001472> <http://purl.obolibrary.org/obo/MA_0001478>)",4079,-1.0,-1.0,3098,0,-1.0,3131,0,-1.0,3126,0,-1.0,3109,0,0,-1.0,3088,0
ore_ont_9646.owl,"SubClassOf(<http://purl.obolibrary.org/obo/MA_0001407> <http://purl.obolibrary.org/obo/MA_0000315>)",4079,-1.0,-1.0,3121,0,-1.0,3101,0,-1.0,3107,0,-1.0,3124,0,0,-1.0,3118,0
ore_ont_9646.owl,"SubClassOf(<http://purl.obolibrary.org/obo/MA_0002949> <http://purl.obolibrary.org/obo/MA_0000261>)",4079,-1.0,-1.0,3118,0,-1.0,3081,0,-1.0,3100,0,-1.0,3151,0,0,-1.0,3114,0
ore_ont_9646.owl,"SubClassOf(<http://purl.obolibrary.org/obo/MA_0001953> <http://purl.obolibrary.org/obo/MA_0000064>)",4079,-1.0,-1.0,3116,0,-1.0,3127,0,-1.0,3100,0,-1.0,3089,0,0,-1.0,3099,0
ore_ont_9646.owl,"SubClassOf(<http://purl.obolibrary.org/obo/MA_0001040> <http://purl.obolibrary.org/obo/MA_0000821>)",4079,-1.0,-1.0,3151,0,-1.0,3082,0,-1.0,3077,0,-1.0,3079,0,0,-1.0,3139,0
ore_ont_9646.owl,"SubClassOf(<http://purl.obolibrary.org/obo/MA_0000736> <http://purl.obolibrary.org/obo/MA_0000139>)",4079,-1.0,-1.0,3093,0,-1.0,3052,0,-1.0,3087,0,-1.0,3090,0,0,-1.0,3129,0
ore_ont_9646.owl,"SubClassOf(<http://purl.obolibrary.org/obo/MA_0000168> <http://purl.obolibrary.org/obo/MA_0000581>)",4079,-1.0,-1.0,3148,0,-1.0,3075,0,-1.0,3065,0,-1.0,3067,0,0,-1.0,3098,0
ore_ont_9646.owl,"SubClassOf(<http://purl.obolibrary.org/obo/MA_0002120> <http://purl.obolibrary.org/obo/MA_0000067>)",4079,-1.0,-1.0,3066,0,-1.0,3064,0,-1.0,3116,0,-1.0,3148,0,0,-1.0,3109,0
ore_ont_9646.owl,"SubClassOf(<http://purl.obolibrary.org/obo/MA_0003024> <http://purl.obolibrary.org/obo/MA_0003148>)",4079,-1.0,-1.0,3068,0,-1.0,3098,0,-1.0,3093,0,-1.0,3115,0,0,-1.0,3111,0
ore_ont_9646.owl,"SubClassOf(<http://purl.obolibrary.org/obo/MA_0002512> <http://purl.obolibrary.org/obo/MA_0002450>)",4079,-1.0,-1.0,3083,0,-1.0,3118,0,-1.0,3134,0,-1.0,3115,0,0,-1.0,3079,0
ore_ont_10742.owl,"SubClassOf(<http://purl.obolibrary.org/obo/XAO_0000437> <http://purl.obolibrary.org/obo/XAO_1000000>)",5157,-1.0,-1.0,3082,0,-1.0,3247,0,-1.0,3129,0,-1.0,3127,0,0,-1.0,3089,0
ore_ont_10742.owl,"SubClassOf(<http://purl.obolibrary.org/obo/XAO_1000020> <http://purl.obolibrary.org/obo/XAO_1000094>)",5157,-1.0,-1.0,3042,0,-1.0,3073,0,-1.0,3061,0,-1.0,3085,0,0,-1.0,3142,0
ore_ont_10742.owl,"SubClassOf(<http://purl.obolibrary.org/obo/XAO_0000001> <http://purl.obolibrary.org/obo/XAO_0003040>)",5157,704.0,672.1999999999999,7998,681,614.7,7547,694,672.1999999999999,7630,687,672.1999999999999,5440,680,1,672.1999999999999,11565,685
ore_ont_10742.owl,"SubClassOf(<http://purl.obolibrary.org/obo/XAO_1000078> <http://purl.obolibrary.org/obo/XAO_1000094>)",5157,-1.0,-1.0,3105,0,-1.0,3093,0,-1.0,3094,0,-1.0,3088,0,0,-1.0,3074,0
ore_ont_10742.owl,"SubClassOf(<http://purl.obolibrary.org/obo/XAO_0000115> <http://purl.obolibrary.org/obo/XAO_0003037>)",5157,724.1999999999999,701.4999999999999,6920,698,701.4999999999999,7962,677,701.4999999999999,6795,682,724.4999999999999,5316,696,2,701.4999999999999,10553,693
ore_ont_10742.owl,"SubClassOf(<http://purl.obolibrary.org/obo/XAO_1000052> <http://purl.obolibrary.org/obo/XAO_1000094>)",5157,-1.0,-1.0,3112,0,-1.0,3069,0,-1.0,3064,0,-1.0,3064,0,0,-1.0,3090,0
ore_ont_10742.owl,"SubClassOf(<http://purl.obolibrary.org/obo/XAO_1000059> <http://purl.obolibrary.org/obo/XAO_1000094>)",5157,-1.0,-1.0,3075,0,-1.0,3079,0,-1.0,3113,0,-1.0,3079,0,0,-1.0,3084,0
ore_ont_10742.owl,"SubClassOf(<http://purl.obolibrary.org/obo/XAO_1000057> <http://purl.obolibrary.org/obo/XAO_1000094>)",5157,-1.0,-1.0,3100,0,-1.0,3078,0,-1.0,3076,0,-1.0,3106,0,0,-1.0,3074,0
ore_ont_10742.owl,"SubClassOf(<http://purl.obolibrary.org/obo/XAO_1000038> <http://purl.obolibrary.org/obo/XAO_1000094>)",5157,-1.0,-1.0,3076,0,-1.0,3037,0,-1.0,3065,0,-1.0,3057,0,0,-1.0,3065,0
ore_ont_10742.owl,"SubClassOf(<http://purl.obolibrary.org/obo/XAO_1000049> <http://purl.obolibrary.org/obo/XAO_1000094>)",5157,-1.0,-1.0,3110,0,-1.0,3112,0,-1.0,3069,0,-1.0,3067,0,0,-1.0,3061,0
ore_ont_10968.owl,"SubClassOf(<http://purl.obolibrary.org/obo/BTO_0001912> <http://purl.obolibrary.org/obo/BTO_0000356>)",4830,-1.0,-1.0,3114,0,-1.0,3134,0,-1.0,3104,0,-1.0,3098,0,0,-1.0,3121,0
ore_ont_10968.owl,"SubClassOf(<http://purl.obolibrary.org/obo/BTO_0000379> <http://purl.obolibrary.org/obo/BTO_0000284>)",4830,1080.2,1059.7,7691,1007,1057.9,8181,937,1059.7,7702,910,1059.7,5533,966,3,1059.7,12079,972
ore_ont_10968.owl,"SubClassOf(<http://purl.obolibrary.org/obo/BTO_0000300> <http://purl.obolibrary.org/obo/BTO_0000713>)",4830,-1.0,-1.0,3131,0,-1.0,3123,0,-1.0,3151,0,-1.0,3152,0,0,-1.0,3132,0
ore_ont_10968.owl,"SubClassOf(<http://purl.obolibrary.org/obo/BTO_0002559> <http://purl.obolibrary.org/obo/BTO_0002553>)",4830,-1.0,-1.0,3143,0,-1.0,3107,0,-1.0,3125,0,-1.0,3148,0,0,-1.0,3118,0
ore_ont_10968.owl,"SubClassOf(<http://purl.obolibrary.org/obo/BTO_0001080> <http://purl.obolibrary.org/obo/BTO_0000578>)",4830,-1.0,-1.0,3169,0,-1.0,3114,0,-1.0,3116,0,-1.0,3151,0,0,-1.0,3136,0
ore_ont_10968.owl,"SubClassOf(<http://purl.obolibrary.org/obo/BTO_0003825> <http://purl.obolibrary.org/obo/BTO_0001479>)",4830,-1.0,-1.0,3140,0,-1.0,3114,0,-1.0,3147,0,-1.0,3172,0,0,-1.0,3129,0
ore_ont_10968.owl,"SubClassOf(<http://purl.obolibrary.org/obo/BTO_0000720> <http://purl.obolibrary.org/obo/BTO_0001461>)",4830,-1.0,-1.0,3191,0,-1.0,3154,0,-1.0,3138,0,-1.0,3169,0,0,-1.0,3138,0
ore_ont_10968.owl,"SubClassOf(<http://purl.obolibrary.org/obo/BTO_0002130> <http://purl.obolibrary.org/obo/BTO_0000849>)",4830,-1.0,-1.0,3165,0,-1.0,3124,0,-1.0,3191,0,-1.0,3144,0,0,-1.0,3163,0
ore_ont_10968.owl,"SubClassOf(<http://purl.obolibrary.org/obo/BTO_0001521> <http://purl.obolibrary.org/obo/BTO_0000794>)",4830,-1.0,-1.0,3123,0,-1.0,3135,0,-1.0,3123,0,-1.0,3156,0,0,-1.0,3164,0
ore_ont_10968.owl,"SubClassOf(<http://purl.obolibrary.org/obo/BTO_0000419> <http://purl.obolibrary.org/obo/BTO_0000416>)",4830,-1.0,-1.0,3201,0,-1.0,3179,0,-1.0,3133,0,-1.0,3116,0,0,-1.0,3127,0
ore_ont_9790.owl,"SubClassOf(<http://purl.obolibrary.org/obo/DOID_11104> <http://purl.obolibrary.org/obo/DOID_0050338>)",6710,-1.0,-1.0,3181,0,-1.0,3185,0,-1.0,3188,0,-1.0,3261,0,0,-1.0,3180,0
ore_ont_9790.owl,"SubClassOf(<http://purl.obolibrary.org/obo/DOID_2723> <http://purl.obolibrary.org/obo/DOID_37>)",6710,-1.0,-1.0,3232,0,-1.0,3198,0,-1.0,3210,0,-1.0,3214,0,0,-1.0,3187,0
ore_ont_9790.owl,"SubClassOf(<http://purl.obolibrary.org/obo/DOID_5353> <http://purl.obolibrary.org/obo/DOID_5295>)",6710,-1.0,-1.0,3210,0,-1.0,3181,0,-1.0,3202,0,-1.0,3165,0,0,-1.0,3181,0
ore_ont_9790.owl,"SubClassOf(<http://purl.obolibrary.org/obo/DOID_4953> <http://purl.obolibrary.org/obo/DOID_934>)",6710,-1.0,-1.0,3164,0,-1.0,3172,0,-1.0,3226,0,-1.0,3175,0,0,-1.0,3158,0
ore_ont_9790.owl,"SubClassOf(<http://purl.obolibrary.org/obo/DOID_2921> <http://purl.obolibrary.org/obo/DOID_557>)",6710,67.39999999999999,18.700000000000003,7844,833,41.2,8003,883,18.700000000000003,7788,888,41.2,5650,864,2,18.700000000000003,12239,890
ore_ont_9790.owl,"SubClassOf(<http://purl.obolibrary.org/obo/DOID_0080014> <http://purl.obolibrary.org/obo/DOID_0050177>)",6710,-1.0,-1.0,3161,0,-1.0,3202,0,-1.0,3166,0,-1.0,3175,0,0,-1.0,3187,0
ore_ont_9790.owl,"SubClassOf(<http://purl.obolibrary.org/obo/DOID_6713> <http://purl.obolibrary.org/obo/DOID_936>)",6710,-1.0,-1.0,3173,0,-1.0,3176,0,-1.0,3235,0,-1.0,3157,0,0,-1.0,3148,0
ore_ont_9790.owl,"SubClassOf(<http://purl.obolibrary.org/obo/DOID_1080> <http://purl.obolibrary.org/obo/DOID_883>)",6710,-1.0,-1.0,3195,0,-1.0,3198,0,-1.0,3181,0,-1.0,3188,0,0,-1.0,3218,0
ore_ont_9790.owl,"SubClassOf(<http://purl.obolibrary.org/obo/DOID_6686> <http://purl.obolibrary.org/obo/DOID_225>)",6710,-1.0,-1.0,3166,0,-1.0,3225,0,-1.0,3165,0,-1.0,3217,0,0,-1.0,3151,0
ore_ont_9790.owl,"SubClassOf(<http://purl.obolibrary.org/obo/DOID_1682> <http://purl.obolibrary.org/obo/DOID_0080015>)",6710,-1.0,-1.0,3166,0,-1.0,3195,0,-1.0,3157,0,-1.0,3166,0,0,-1.0,3204,0
ore_ont_1493.owl,"SubClassOf(<http://purl.obolibrary.org/obo/FBsp_00001388> <http://purl.obolibrary.org/obo/FBsp_30000076>)",6585,-1.0,-1.0,3167,0,-1.0,3163,0,-1.0,3175,0,-1.0,3165,0,0,-1.0,3172,0
ore_ont_1493.owl,"SubClassOf(<http://purl.obolibrary.org/obo/FBsp_00002350> <http://purl.obolibrary.org/obo/FBsp_00002343>)",6585,-1.0,-1.0,3166,0,-1.0,3204,0,-1.0,3168,0,-1.0,3167,0,0,-1.0,3165,0
ore_ont_1493.owl,"SubClassOf(<http://purl.obolibrary.org/obo/FBsp_00001815> <http://purl.obolibrary.org/obo/FBsp_20000031>)",6585,-1.0,-1.0,3146,0,-1.0,3165,0,-1.0,3148,0,-1.0,3179,0,0,-1.0,3223,0
ore_ont_1493.owl,"SubClassOf(<http://purl.obolibrary.org/obo/FBsp_00001222> <http://purl.obolibrary.org/obo/FBsp_30000101>)",6585,3296.4999999999995,2614.0,7443,993,2948.9999999999995,8428,999,2614.0,7426,972,2614.0,5633,1002,1,2948.9999999999995,12074,1014
ore_ont_1493.owl,"SubClassOf(<http://purl.obolibrary.org/obo/FBsp_30003589> <http://purl.obolibrary.org/obo/FBsp_30000146>)",6585,-1.0,-1.0,3162,0,-1.0,3181,0,-1.0,3165,0,-1.0,3195,0,0,-1.0,3185,0
ore_ont_1493.owl,"SubClassOf(<http://purl.obolibrary.org/obo/FBsp_00001180> <http://purl.obolibrary.org/obo/FBsp_30000093>)",6585,-1.0,-1.0,3175,0,-1.0,3182,0,-1.0,3174,0,-1.0,3165,0,0,-1.0,3174,0
ore_ont_1493.owl,"SubClassOf(<http://purl.obolibrary.org/obo/FBsp_10000100> <http://purl.obolibrary.org/obo/FBsp_30000112>)",6585,-1.0,-1.0,3195,0,-1.0,3209,0,-1.0,3181,0,-1.0,3176,0,0,-1.0,3180,0
ore_ont_1493.owl,"SubClassOf(<http://purl.obolibrary.org/obo/FBsp_30000101> <http://purl.obolibrary.org/obo/FBsp_00000751>)",6585,-1.0,-1.0,3205,0,-1.0,3207,0,-1.0,3192,0,-1.0,3201,0,0,-1.0,3184,0
ore_ont_1493.owl,"SubClassOf(<http://purl.obolibrary.org/obo/FBsp_00001340> <http://purl.obolibrary.org/obo/FBsp_00001337>)",6585,-1.0,-1.0,3193,0,-1.0,3205,0,-1.0,3167,0,-1.0,3191,0,0,-1.0,3168,0
ore_ont_1493.owl,"SubClassOf(<http://purl.obolibrary.org/obo/FBsp_10000075> <http://purl.obolibrary.org/obo/FBsp_30000013>)",6585,-1.0,-1.0,3206,0,-1.0,3227,0,-1.0,3239,0,-1.0,3199,0,0,-1.0,3192,0
ore_ont_8641.owl,"SubClassOf(<http://purl.org/obo/owl/IEV#IEV_0000027> <http://purl.org/obo/owl/IEV#IEV_0001842>)",8257,-1.0,-1.0,3191,0,-1.0,3173,0,-1.0,3181,0,-1.0,3195,0,0,-1.0,3248,0
ore_ont_8641.owl,"SubClassOf(<http://purl.org/obo/owl/IEV#IEV_0000345> <http://purl.org/obo/owl/IEV#IEV_0000293>)",8257,-1.0,-1.0,3211,0,-1.0,3203,0,-1.0,3200,0,-1.0,3202,0,0,-1.0,3202,0
ore_ont_8641.owl,"SubClassOf(<http://purl.org/obo/owl/IEV#IEV_0000583> <http://purl.org/obo/owl/IEV#IEV_0000013>)",8257,-1.0,-1.0,3230,0,-1.0,3213,0,-1.0,3230,0,-1.0,3253,0,0,-1.0,3215,0
ore_ont_8641.owl,"SubClassOf(<http://purl.org/obo/owl/IEV#IEV_0002269> <http://purl.org/obo/owl/IEV#IEV_0000027>)",8257,-1.0,-1.0,3190,0,-1.0,3256,0,-1.0,3213,0,-1.0,3283,0,0,-1.0,3325,0
ore_ont_8641.owl,"SubClassOf(<http://purl.org/obo/owl/IEV#IEV_0000867> <http://purl.org/obo/owl/IEV#IEV_0000044>)",8257,-1.0,-1.0,3222,0,-1.0,3205,0,-1.0,3203,0,-1.0,3199,0,0,-1.0,3227,0
ore_ont_8641.owl,"SubClassOf(<http://purl.org/obo/owl/IEV#IEV_0001676> <http://purl.org/obo/owl/IEV#IEV_0001670>)",8257,-1.0,-1.0,3180,0,-1.0,3188,0,-1.0,3192,0,-1.0,3259,0,0,-1.0,3215,0
ore_ont_8641.owl,"SubClassOf(<http://purl.org/obo/owl/IEV#IEV_0001669> <http://purl.org/obo/owl/IEV#IEV_0000145>)",8257,-1.0,-1.0,3211,0,-1.0,3236,0,-1.0,3221,0,-1.0,3254,0,0,-1.0,3206,0
ore_ont_8641.owl,"SubClassOf(<http://purl.org/obo/owl/IEV#IEV_0000053> <http://purl.org/obo/owl/IEV#IEV_0000025>)",8257,-1.0,-1.0,3311,0,-1.0,3268,0,-1.0,3285,0,-1.0,3236,0,0,-1.0,3258,0
ore_ont_8641.owl,"SubClassOf(<http://purl.org/obo/owl/IEV#IEV_0000045> <http://purl.org/obo/owl/IEV#IEV_0000016>)",8257,-1.0,-1.0,3232,0,-1.0,3202,0,-1.0,3225,0,-1.0,3249,0,0,-1.0,3216,0
ore_ont_8641.owl,"SubClassOf(<http://purl.org/obo/owl/IEV#IEV_0001479> <http://purl.org/obo/owl/IEV#IEV_0001669>)",8257,895.9999999999999,895.0999999999999,12211,932,894.7999999999998,17170,937,895.9999999999999,7585,1030,873.0000000000001,5816,969,1,895.0999999999999,24208,975
ore_ont_4655.owl,"SubClassOf(<http://purl.obolibrary.org/obo/MFO_0000030> <http://purl.obolibrary.org/obo/MFO_0000010>)",4402,-1.0,-1.0,3185,0,-1.0,3180,0,-1.0,3174,0,-1.0,3179,0,0,-1.0,3181,0
ore_ont_4655.owl,"SubClassOf(<http://purl.obolibrary.org/obo/MFO_0002980> <http://purl.obolibrary.org/obo/MFO_0002880>)",4402,-1.0,-1.0,3153,0,-1.0,3161,0,-1.0,3147,0,-1.0,3172,0,0,-1.0,3168,0
ore_ont_4655.owl,"SubClassOf(<http://purl.obolibrary.org/obo/MFO_0002880> <http://purl.obolibrary.org/obo/MFO_0001620>)",4402,-1.0,-1.0,3157,0,-1.0,3194,0,-1.0,3182,0,-1.0,3166,0,0,-1.0,3144,0
ore_ont_4655.owl,"SubClassOf(<http://purl.obolibrary.org/obo/MFO_0005020> <http://purl.obolibrary.org/obo/MFO_0005000>)",4402,-1.0,-1.0,3267,0,-1.0,3157,0,-1.0,3143,0,-1.0,3149,0,0,-1.0,3137,0
ore_ont_4655.owl,"SubClassOf(<http://purl.obolibrary.org/obo/MFO_0002660> <http://purl.obolibrary.org/obo/MFO_0002520>)",4402,-1.0,-1.0,3194,0,-1.0,3174,0,-1.0,3167,0,-1.0,3173,0,0,-1.0,3168,0
ore_ont_4655.owl,"SubClassOf(<http://purl.obolibrary.org/obo/MFO_0002980> <http://purl.obolibrary.org/obo/MFO_0001620>)",4402,1837.6,1819.3000000000002,6358,1853,1824.9,10146,1819,1819.3000000000002,6744,1801,1824.9,5575,1814,1,1819.3000000000002,11806,1792
ore_ont_4655.owl,"SubClassOf(<http://purl.obolibrary.org/obo/MFO_0001340> <http://purl.obolibrary.org/obo/MFO_0001020>)",4402,-1.0,-1.0,3148,0,-1.0,3164,0,-1.0,3146,0,-1.0,3146,0,0,-1.0,3175,0
ore_ont_4655.owl,"SubClassOf(<http://purl.obolibrary.org/obo/MFO_0002000> <http://purl.obolibrary.org/obo/MFO_0001860>)",4402,-1.0,-1.0,3147,0,-1.0,3165,0,-1.0,3158,0,-1.0,3169,0,0,-1.0,3241,0
ore_ont_4655.owl,"SubClassOf(<http://purl.obolibrary.org/obo/MFO_0001780> <http://purl.obolibrary.org/obo/MFO_0001740>)",4402,-1.0,-1.0,3166,0,-1.0,3151,0,-1.0,3175,0,-1.0,3151,0,0,-1.0,3157,0
ore_ont_4655.owl,"SubClassOf(<http://purl.obolibrary.org/obo/MFO_0002220> <http://purl.obolibrary.org/obo/MFO_0001620>)",4402,-1.0,-1.0,3143,0,-1.0,3176,0,-1.0,3163,0,-1.0,3156,0,0,-1.0,3171,0
ore_ont_5792.owl,"SubClassOf(<http://purl.obolibrary.org/obo/MP_0005118> <http://purl.obolibrary.org/obo/MP_0005418>)",8927,176.0,140.6,6887,1015,140.6,9553,1040,140.6,7296,999,176.0,5799,1027,1,140.6,11271,1010
ore_ont_5792.owl,"SubClassOf(<http://purl.obolibrary.org/obo/MP_0002206> <http://purl.obolibrary.org/obo/MP_0003633>)",8927,64.6,18.1,7939,978,38.400000000000006,8789,1035,18.1,8448,1021,38.400000000000006,5702,1012,2,18.1,13599,1024
ore_ont_5792.owl,"SubClassOf(<http://purl.obolibrary.org/obo/MP_0000965> <http://purl.obolibrary.org/obo/MP_0002882>)",8927,-1.0,-1.0,3206,0,-1.0,3224,0,-1.0,3186,0,-1.0,3336,0,0,-1.0,3255,0
ore_ont_5792.owl,"SubClassOf(<http://purl.obolibrary.org/obo/MP_0004896> <http://purl.obolibrary.org/obo/MP_0001120>)",8927,-1.0,-1.0,3274,0,-1.0,3270,0,-1.0,3278,0,-1.0,3207,0,0,-1.0,3254,0
ore_ont_5792.owl,"SubClassOf(<http://purl.obolibrary.org/obo/MP_0002191> <http://purl.obolibrary.org/obo/MP_0001614>)",8927,-1.0,-1.0,3206,0,-1.0,3252,0,-1.0,3234,0,-1.0,3257,0,0,-1.0,3270,0
ore_ont_5792.owl,"SubClassOf(<http://purl.obolibrary.org/obo/MP_0004175> <http://purl.obolibrary.org/obo/MP_0002106>)",8927,153.00000000000003,120.9,11736,1025,92.70000000000002,9108,1050,120.9,10797,1086,120.9,5714,1096,1,120.9,21172,1079
ore_ont_5792.owl,"SubClassOf(<http://purl.obolibrary.org/obo/MP_0005418> <http://purl.obolibrary.org/obo/MP_0001764>)",8927,88.5,21.6,13221,1041,21.6,12360,1081,45.599999999999994,11612,1087,62.0,5734,1078,2,21.6,25839,1138
ore_ont_5792.owl,"SubClassOf(<http://purl.obolibrary.org/obo/MP_0001846> <http://purl.obolibrary.org/obo/MP_0000001>)",8927,69.8,24.4,15954,1155,29.0,8776,1000,24.4,11548,1047,29.0,5758,1061,1,24.4,27703,1124
ore_ont_5792.owl,"SubClassOf(<http://purl.obolibrary.org/obo/MP_0001851> <http://purl.obolibrary.org/obo/MP_0001846>)",8927,-1.0,-1.0,3232,0,-1.0,3259,0,-1.0,3243,0,-1.0,3248,0,0,-1.0,3229,0
ore_ont_5792.owl,"SubClassOf(<http://purl.obolibrary.org/obo/MP_0002703> <http://purl.obolibrary.org/obo/MP_0002135>)",8927,85.1,56.199999999999996,8688,1057,31.0,8872,1051,56.199999999999996,8557,1078,56.199999999999996,5728,1081,2,56.199999999999996,14390,1074
ore_ont_3106.owl,"SubClassOf(<http://purl.obolibrary.org/obo/GO_0004672> <http://purl.obolibrary.org/obo/GO_0016773>)",10257,-1.0,-1.0,3243,0,-1.0,3287,0,-1.0,3347,0,-1.0,3283,0,0,-1.0,3342,0
ore_ont_3106.owl,"SubClassOf(<http://purl.obolibrary.org/obo/GO_0004672> <http://purl.obolibrary.org/obo/GO_0016301>)",10257,-1.0,-1.0,3298,0,-1.0,3253,0,-1.0,3272,0,-1.0,3320,0,0,-1.0,3273,0
ore_ont_3106.owl,"SubClassOf(<http://purl.obolibrary.org/obo/GO_0019113> <http://purl.obolibrary.org/obo/GO_0016709>)",10257,-1.0,-1.0,3351,0,-1.0,3381,0,-1.0,3302,0,-1.0,3347,0,0,-1.0,3277,0
ore_ont_3106.owl,"SubClassOf(<http://purl.obolibrary.org/obo/GO_0004407> <http://purl.obolibrary.org/obo/GO_0016811>)",10257,-1.0,-1.0,3239,0,-1.0,3307,0,-1.0,3330,0,-1.0,3319,0,0,-1.0,3323,0
ore_ont_3106.owl,"SubClassOf(<http://purl.obolibrary.org/obo/GO_0016274> <http://purl.obolibrary.org/obo/GO_0008757>)",10257,291.0,280.4,9287,1360,280.4,10271,1305,280.4,8892,1315,280.4,5849,1373,2,280.4,15478,1352
ore_ont_3106.owl,"SubClassOf(<http://purl.obolibrary.org/obo/GO_0019171> <http://purl.obolibrary.org/obo/GO_0016836>)",10257,-1.0,-1.0,3232,0,-1.0,3254,0,-1.0,3293,0,-1.0,3262,0,0,-1.0,3299,0
ore_ont_3106.owl,"SubClassOf(<http://purl.obolibrary.org/obo/GO_0033764> <http://purl.obolibrary.org/obo/GO_0016616>)",10257,-1.0,-1.0,3280,0,-1.0,3271,0,-1.0,3240,0,-1.0,3312,0,0,-1.0,3319,0
ore_ont_3106.owl,"SubClassOf(<http://purl.obolibrary.org/obo/GO_0004611> <http://purl.obolibrary.org/obo/GO_0016831>)",10257,-1.0,-1.0,3269,0,-1.0,3268,0,-1.0,3316,0,-1.0,3322,0,0,-1.0,3264,0
ore_ont_3106.owl,"SubClassOf(<http://purl.obolibrary.org/obo/GO_0001664> <http://purl.obolibrary.org/obo/GO_0005515>)",10257,143.5,71.7,6572,1357,34.599999999999994,9923,1380,71.7,7578,1306,34.599999999999994,5859,1312,4,71.7,11978,1338
ore_ont_3106.owl,"SubClassOf(<http://purl.obolibrary.org/obo/GO_0016709> <http://purl.obolibrary.org/obo/GO_0016705>)",10257,-1.0,-1.0,3283,0,-1.0,3335,0,-1.0,3265,0,-1.0,3247,0,0,-1.0,3294,0
ore_ont_10389.owl,"SubClassOf(<http://purl.obolibrary.org/obo/MP_0002962> <http://purl.obolibrary.org/obo/MP_0009643>)",10769,125.60000000000001,88.3,8562,1273,54.10000000000001,9697,1215,88.3,9293,1214,54.10000000000001,5969,1230,2,88.3,15024,1188
ore_ont_10389.owl,"SubClassOf(<http://purl.obolibrary.org/obo/MP_0005118> <http://purl.obolibrary.org/obo/MP_0005418>)",10769,217.40000000000003,217.40000000000003,7754,1310,217.40000000000003,10451,1311,217.40000000000003,8444,1255,217.40000000000003,5970,1266,1,217.40000000000003,13464,1282
ore_ont_10389.owl,"SubClassOf(<http://purl.obolibrary.org/obo/MP_0009643> <http://purl.obolibrary.org/obo/MP_0000001>)",10769,71.60000000000001,22.599999999999994,35363,1298,36.1,12777,1276,22.599999999999994,18155,1327,46.7,5891,1278,1,22.599999999999994,60603,1293
ore_ont_10389.owl,"SubClassOf(<http://purl.obolibrary.org/obo/MP_0002206> <http://purl.obolibrary.org/obo/MP_0003633>)",10769,63.099999999999994,17.200000000000003,9532,1298,37.2,9505,1263,17.200000000000003,9821,1336,17.200000000000003,5868,1331,1,17.200000000000003,16029,1358
ore_ont_10389.owl,"SubClassOf(<http://purl.obolibrary.org/obo/MP_0005563> <http://purl.obolibrary.org/obo/MP_0002447>)",10769,173.49999999999997,91.2,7813,1315,130.2,9594,1397,91.2,8258,1328,130.2,5858,1354,1,91.2,13496,1306
ore_ont_10389.owl,"SubClassOf(<http://purl.obolibrary.org/obo/MP_0000965> <http://purl.obolibrary.org/obo/MP_0002882>)",10769,-1.0,-1.0,3288,0,-1.0,3269,0,-1.0,3324,0,-1.0,3318,0,0,-1.0,3238,0
ore_ont_10389.owl,"SubClassOf(<http://purl.obolibrary.org/obo/MP_0009643> <http://purl.obolibrary.org/obo/MP_0001764>)",10769,-1.0,-1.0,3270,0,-1.0,3261,0,-1.0,3327,0,-1.0,3289,0,0,-1.0,3250,0
ore_ont_10389.owl,"SubClassOf(<http://purl.obolibrary.org/obo/MP_0005325> <http://purl.obolibrary.org/obo/MP_0002135>)",10769,158.79999999999998,68.8,29997,1355,121.3,9687,1312,121.3,10730,1371,121.3,5863,1494,1,121.3,30366,1312
ore_ont_10389.owl,"SubClassOf(<http://purl.obolibrary.org/obo/MP_0006042> <http://purl.obolibrary.org/obo/MP_0001648>)",10769,-1.0,-1.0,3256,0,-1.0,3304,0,-1.0,3268,0,-1.0,3249,0,0,-1.0,3264,0
ore_ont_10389.owl,"SubClassOf(<http://purl.obolibrary.org/obo/MP_0001851> <http://purl.obolibrary.org/obo/MP_0001846>)",10769,-1.0,-1.0,3285,0,-1.0,3270,0,-1.0,3321,0,-1.0,3286,0,0,-1.0,3245,0
ore_ont_8329.owl,"SubClassOf(<http://purl.obolibrary.org/obo/ZFS_0000027> <http://purl.obolibrary.org/obo/ZFS_0100000>)",10044,-1.0,-1.0,3144,0,-1.0,3176,0,-1.0,3203,0,-1.0,3164,0,0,-1.0,3164,0
ore_ont_8329.owl,"SubClassOf(<http://purl.obolibrary.org/obo/ZFA_0000005> <http://purl.obolibrary.org/obo/ZFA_0001488>)",10044,1169.2,1106.5,8543,1196,1071.4999999999998,9187,1229,1106.5,8582,1185,1071.4999999999998,5609,1181,3,1106.5,14322,1139
ore_ont_8329.owl,"SubClassOf(<http://purl.obolibrary.org/obo/ZFS_0000024> <http://purl.obolibrary.org/obo/ZFS_0100000>)",10044,-1.0,-1.0,3145,0,-1.0,3182,0,-1.0,3203,0,-1.0,3164,0,0,-1.0,3145,0
ore_ont_8329.owl,"SubClassOf(<http://purl.obolibrary.org/obo/ZFS_0000025> <http://purl.obolibrary.org/obo/ZFS_0100000>)",10044,-1.0,-1.0,3170,0,-1.0,3140,0,-1.0,3174,0,-1.0,3166,0,0,-1.0,3159,0
ore_ont_8329.owl,"SubClassOf(<http://purl.obolibrary.org/obo/ZFS_0000034> <http://purl.obolibrary.org/obo/ZFS_0100000>)",10044,-1.0,-1.0,3161,0,-1.0,3189,0,-1.0,3180,0,-1.0,3127,0,0,-1.0,3178,0
ore_ont_8329.owl,"SubClassOf(<http://purl.obolibrary.org/obo/ZFS_0000044> <http://purl.obolibrary.org/obo/ZFS_0100000>)",10044,-1.0,-1.0,3179,0,-1.0,3171,0,-1.0,3175,0,-1.0,3167,0,0,-1.0,3209,0
ore_ont_8329.owl,"SubClassOf(<http://purl.obolibrary.org/obo/ZFS_0000000> <http://purl.obolibrary.org/obo/ZFS_0100000>)",10044,-1.0,-1.0,3159,0,-1.0,3174,0,-1.0,3198,0,-1.0,3241,0,0,-1.0,3245,0
ore_ont_8329.owl,"SubClassOf(<http://purl.obolibrary.org/obo/ZFA_0001591> <http://purl.obolibrary.org/obo/ZFA_0001477>)",10044,1345.0999999999995,1279.6999999999998,20319,1321,1118.3,9714,1224,1279.6999999999998,11724,1262,1085.3999999999999,5621,1290,2,1279.6999999999998,37575,1277
ore_ont_8329.owl,"SubClassOf(<http://purl.obolibrary.org/obo/ZFS_0000028> <http://purl.obolibrary.org/obo/ZFS_0100000>)",10044,-1.0,-1.0,3197,0,-1.0,3212,0,-1.0,3227,0,-1.0,3215,0,0,-1.0,3211,0
ore_ont_8329.owl,"SubClassOf(<http://purl.obolibrary.org/obo/ZFS_0000029> <http://purl.obolibrary.org/obo/ZFS_0100000>)",10044,-1.0,-1.0,3150,0,-1.0,3200,0,-1.0,3294,0,-1.0,3188,0,0,-1.0,3206,0
ore_ont_13141.owl,"SubClassOf(<http://www.ontologydesignpatterns.org/ont/fao/asfa.owl#Rifting> <http://www.ontologydesignpatterns.org/ont/own/own16.owl#PHENOMENON_1>)",6429,-1.0,-1.0,3211,0,-1.0,3250,0,-1.0,3189,0,-1.0,3218,0,0,-1.0,3212,0
ore_ont_13141.owl,"SubClassOf(<http://www.ontologydesignpatterns.org/ont/fao/asfa.owl#Environmental_assessment> <http://www.ontologydesignpatterns.org/ont/own/own16.owl#ACT%24HUMAN_ACTION%24HUMAN_ACTIVITY>)",6429,-1.0,-1.0,3196,0,-1.0,3226,0,-1.0,3209,0,-1.0,3238,0,0,-1.0,3228,0
ore_ont_13141.owl,"SubClassOf(<http://www.ontologydesignpatterns.org/ont/fao/asfa.owl#Organic_compounds> <http://www.ontologydesignpatterns.org/ont/fao/asfa.owl#Chemical_compounds>)",6429,-1.0,-1.0,3190,0,-1.0,3208,0,-1.0,3197,0,-1.0,3203,0,0,-1.0,3167,0
ore_ont_13141.owl,"SubClassOf(<http://www.ontologydesignpatterns.org/ont/fao/asfa.owl#Uranium-234%2Furanium-238_ratio> <http://www.ontologydesignpatterns.org/ont/own/own16.owl#MEASURE%24QUANTITY%24AMOUNT%24QUANTUM>)",6429,-1.0,-1.0,3203,0,-1.0,3208,0,-1.0,3173,0,-1.0,3150,0,0,-1.0,3196,0
ore_ont_13141.owl,"SubClassOf(<http://www.ontologydesignpatterns.org/ont/fao/asfa.owl#Navigational_aids> <http://www.ontologydesignpatterns.org/ont/own/own16.owl#INSTRUMENTALITY%24INSTRUMENTATION>)",6429,-1.0,-1.0,3200,0,-1.0,3205,0,-1.0,3220,0,-1.0,3186,0,0,-1.0,3179,0
ore_ont_13141.owl,"SubClassOf(<http://www.ontologydesignpatterns.org/ont/fao/asfa.owl#Nickel> <http://www.ontologydesignpatterns.org/ont/fao/asfa.owl#Heavy_metals>)",6429,-1.0,-1.0,3211,0,-1.0,3209,0,-1.0,3249,0,-1.0,3211,0,0,-1.0,3200,0
ore_ont_13141.owl,"SubClassOf(<http://www.ontologydesignpatterns.org/ont/fao/asfa.owl#Measuring_devices> <http://www.ontologydesignpatterns.org/ont/fao/asfa.owl#Equipment>)",6429,-1.0,-1.0,3202,0,-1.0,3199,0,-1.0,3219,0,-1.0,3227,0,0,-1.0,3237,0
ore_ont_13141.owl,"SubClassOf(<http://www.ontologydesignpatterns.org/ont/fao/asfa.owl#Carbon_isotopes> <http://www.ontologydesignpatterns.org/ont/fao/asfa.owl#Isotopes>)",6429,-1.0,-1.0,3222,0,-1.0,3240,0,-1.0,3224,0,-1.0,3228,0,0,-1.0,3214,0
ore_ont_13141.owl,"SubClassOf(<http://www.ontologydesignpatterns.org/ont/fao/asfa.owl#Separation_processes> <http://www.ontologydesignpatterns.org/ont/own/own16.owl#NATURAL_PROCESS%24NATURAL_ACTION%24ACTION%24ACTIVITY>)",6429,-1.0,-1.0,3218,0,-1.0,3205,0,-1.0,3199,0,-1.0,3205,0,0,-1.0,3181,0
ore_ont_13141.owl,"SubClassOf(<http://www.ontologydesignpatterns.org/ont/fao/asfa.owl#Light_measuring_instruments> <http://www.ontologydesignpatterns.org/ont/fao/asfa.owl#Measuring_devices>)",6429,-1.0,-1.0,3226,0,-1.0,3229,0,-1.0,3187,0,-1.0,3210,0,0,-1.0,3182,0
ore_ont_10280.owl,"SubClassOf(<http://purl.obolibrary.org/obo/FB_FBgn0039805> <http://purl.obolibrary.org/obo/PANTHER_PTHR10380>)",8572,-1.0,-1.0,3297,0,-1.0,3323,0,-1.0,3328,0,-1.0,3299,0,0,-1.0,3305,0
ore_ont_10280.owl,"SubClassOf(<http://purl.obolibrary.org/obo/FB_FBgn0028517> <http://purl.obolibrary.org/obo/PANTHER_PTHR24268>)",8572,-1.0,-1.0,3312,0,-1.0,3299,0,-1.0,3355,0,-1.0,3368,0,0,-1.0,3402,0
ore_ont_10280.owl,"SubClassOf(<http://purl.obolibrary.org/obo/FB_FBgn0043550> <http://purl.obolibrary.org/obo/PANTHER_PTHR19282>)",8572,-1.0,-1.0,3284,0,-1.0,3358,0,-1.0,3450,0,-1.0,3323,0,0,-1.0,3294,0
ore_ont_10280.owl,"SubClassOf(<http://purl.obolibrary.org/obo/FB_FBgn0029928> <http://purl.obolibrary.org/obo/PANTHER_PTHR11389>)",8572,-1.0,-1.0,3377,0,-1.0,3355,0,-1.0,3335,0,-1.0,3337,0,0,-1.0,3330,0
ore_ont_10280.owl,"SubClassOf(<http://purl.obolibrary.org/obo/FB_FBgn0040383> <http://purl.obolibrary.org/obo/PANTHER_PTHR24089>)",8572,-1.0,-1.0,3315,0,-1.0,3308,0,-1.0,3349,0,-1.0,3344,0,0,-1.0,3478,0
ore_ont_10280.owl,"SubClassOf(<http://purl.obolibrary.org/obo/FB_FBgn0051876> <http://purl.obolibrary.org/obo/PANTHER_PTHR12236>)",8572,-1.0,-1.0,3302,0,-1.0,3341,0,-1.0,3348,0,-1.0,3310,0,0,-1.0,3383,0
ore_ont_10280.owl,"SubClassOf(<http://purl.obolibrary.org/obo/FB_FBgn0038020> <http://purl.obolibrary.org/obo/PANTHER_PTHR11260>)",8572,-1.0,-1.0,3326,0,-1.0,3363,0,-1.0,3364,0,-1.0,3342,0,0,-1.0,3351,0
ore_ont_10280.owl,"SubClassOf(<http://purl.obolibrary.org/obo/FB_FBgn0037591> <http://purl.obolibrary.org/obo/PANTHER_PTHR21137>)",8572,-1.0,-1.0,3286,0,-1.0,3287,0,-1.0,3296,0,-1.0,3280,0,0,-1.0,3273,0
ore_ont_10280.owl,"SubClassOf(<http://purl.obolibrary.org/obo/FB_FBgn0051975> <http://purl.obolibrary.org/obo/PANTHER_PTHR11012>)",8572,-1.0,-1.0,3291,0,-1.0,3341,0,-1.0,3322,0,-1.0,3308,0,0,-1.0,3295,0
ore_ont_10280.owl,"SubClassOf(<http://purl.obolibrary.org/obo/FB_FBgn0038481> <http://purl.obolibrary.org/obo/PANTHER_PTHR24260>)",8572,-1.0,-1.0,3326,0,-1.0,3338,0,-1.0,3322,0,-1.0,3338,0,0,-1.0,3354,0
ore_ont_12161.owl,"SubClassOf(<http://purl.obolibrary.org/obo/MP_0002962> <http://purl.obolibrary.org/obo/MP_0009643>)",11878,127.4,89.2,9083,1385,54.10000000000001,9954,1423,89.2,9157,1389,89.2,5927,1382,2,89.2,15290,1356
ore_ont_12161.owl,"SubClassOf(<http://purl.obolibrary.org/obo/MP_0002151> <http://purl.obolibrary.org/obo/MP_0002085>)",11878,-1.0,-1.0,3300,0,-1.0,3326,0,-1.0,3345,0,-1.0,3308,0,0,-1.0,3320,0
ore_ont_12161.owl,"SubClassOf(<http://purl.obolibrary.org/obo/MP_0009643> <http://purl.obolibrary.org/obo/MP_0000001>)",11878,71.3,22.299999999999997,31721,1479,35.8,13513,1264,22.299999999999997,16627,1367,39.1,5961,1381,3,22.299999999999997,55390,1489
ore_ont_12161.owl,"SubClassOf(<http://purl.obolibrary.org/obo/MP_0002206> <http://purl.obolibrary.org/obo/MP_0003633>)",11878,67.3,17.200000000000003,8352,1389,39.300000000000004,9869,1382,17.200000000000003,8612,1523,39.300000000000004,6023,1413,2,17.200000000000003,15011,1422
ore_ont_12161.owl,"SubClassOf(<http://purl.obolibrary.org/obo/MP_0005563> <http://purl.obolibrary.org/obo/MP_0002447>)",11878,175.9,91.2,9490,1396,131.1,9926,1560,91.2,9217,1456,91.2,6009,1520,1,91.2,16594,1487
ore_ont_12161.owl,"SubClassOf(<http://purl.obolibrary.org/obo/MP_0008987> <http://purl.obolibrary.org/obo/MP_0000598>)",11878,82.1,53.8,8476,1502,29.2,10143,1544,53.8,8629,1554,53.8,5941,1512,2,53.8,15397,1493
ore_ont_12161.owl,"SubClassOf(<http://purl.obolibrary.org/obo/MP_0000965> <http://purl.obolibrary.org/obo/MP_0002882>)",11878,-1.0,-1.0,3283,0,-1.0,3358,0,-1.0,3372,0,-1.0,3322,0,0,-1.0,3417,0
ore_ont_12161.owl,"SubClassOf(<http://purl.obolibrary.org/obo/MP_0000352> <http://purl.obolibrary.org/obo/MP_0000350>)",11878,-1.0,-1.0,3291,0,-1.0,3327,0,-1.0,3374,0,-1.0,3291,0,0,-1.0,3354,0
ore_ont_12161.owl,"SubClassOf(<http://purl.obolibrary.org/obo/MP_0005325> <http://purl.obolibrary.org/obo/MP_0002135>)",11878,160.0,69.1,30894,1560,122.19999999999999,9915,1477,122.19999999999999,10819,1592,122.19999999999999,5932,1525,1,122.19999999999999,29558,1501
ore_ont_12161.owl,"SubClassOf(<http://purl.obolibrary.org/obo/MP_0001851> <http://purl.obolibrary.org/obo/MP_0001846>)",11878,-1.0,-1.0,3331,0,-1.0,3298,0,-1.0,3341,0,-1.0,3282,0,0,-1.0,3346,0
ore_ont_6751.owl,"SubClassOf(<http://purl.obolibrary.org/obo/MP_0002962> <http://purl.obolibrary.org/obo/MP_0009643>)",11880,133.70000000000002,95.5,9131,1467,60.400000000000006,10196,1498,95.5,9376,1537,60.400000000000006,6130,1618,1,95.5,16446,1528
ore_ont_6751.owl,"SubClassOf(<http://purl.obolibrary.org/obo/MP_0002151> <http://purl.obolibrary.org/obo/MP_0002085>)",11880,-1.0,-1.0,3331,0,-1.0,3303,0,-1.0,3387,0,-1.0,3346,0,0,-1.0,3344,0
ore_ont_6751.owl,"SubClassOf(<http://purl.obolibrary.org/obo/MP_0009643> <http://purl.obolibrary.org/obo/MP_0000001>)",11880,75.8,26.8,53898,1664,40.3,14007,1580,26.8,23121,1627,40.3,5923,1633,2,26.8,86926,1575
ore_ont_6751.owl,"SubClassOf(<http://purl.obolibrary.org/obo/MP_0002206> <http://purl.obolibrary.org/obo/MP_0003633>)",11880,70.9,20.8,10042,1583,42.9,10373,1591,20.8,9801,1661,20.8,5930,1658,1,20.8,17407,1675
ore_ont_6751.owl,"SubClassOf(<http://purl.obolibrary.org/obo/MP_0005563> <http://purl.obolibrary.org/obo/MP_0002447>)",11880,183.1,98.4,7832,1706,138.3,10571,1648,98.4,8364,1836,98.4,6016,1703,3,98.4,14827,1696
ore_ont_6751.owl,"SubClassOf(<http://purl.obolibrary.org/obo/MP_0008987> <http://purl.obolibrary.org/obo/MP_0000598>)",11880,86.6,58.300000000000004,8516,1700,33.7,10681,1656,58.300000000000004,8919,1695,58.300000000000004,6046,1704,1,58.300000000000004,15554,1744
ore_ont_6751.owl,"SubClassOf(<http://purl.obolibrary.org/obo/MP_0000965> <http://purl.obolibrary.org/obo/MP_0002882>)",11880,-1.0,-1.0,3349,0,-1.0,3318,0,-1.0,3337,0,-1.0,3344,0,0,-1.0,3359,0
ore_ont_6751.owl,"SubClassOf(<http://purl.obolibrary.org/obo/MP_0000352> <http://purl.obolibrary.org/obo/MP_0000350>)",11880,-1.0,-1.0,3351,0,-1.0,3371,0,-1.0,3394,0,-1.0,3389,0,0,-1.0,3414,0
ore_ont_6751.owl,"SubClassOf(<http://purl.obolibrary.org/obo/MP_0005325> <http://purl.obolibrary.org/obo/MP_0002135>)",11880,166.3,75.4,35028,1723,128.5,10393,1545,128.5,10427,1716,128.5,5973,1642,3,128.5,31144,1648
ore_ont_6751.owl,"SubClassOf(<http://purl.obolibrary.org/obo/MP_0001851> <http://purl.obolibrary.org/obo/MP_0001846>)",11880,-1.0,-1.0,3353,0,-1.0,3322,0,-1.0,3396,0,-1.0,3331,0,0,-1.0,3357,0
ore_ont_11452.owl,"SubClassOf(<http://purl.obolibrary.org/obo/MP_0002962> <http://purl.obolibrary.org/obo/MP_0009643>)",11937,127.4,89.2,9280,1661,54.10000000000001,10237,1592,89.2,9425,1676,89.2,5894,1679,2,89.2,17360,2019
ore_ont_11452.owl,"SubClassOf(<http://purl.obolibrary.org/obo/MP_0002151> <http://purl.obolibrary.org/obo/MP_0002085>)",11937,-1.0,-1.0,3288,0,-1.0,3365,0,-1.0,3353,0,-1.0,3477,0,0,-1.0,3449,0
ore_ont_11452.owl,"SubClassOf(<http://purl.obolibrary.org/obo/MP_0009643> <http://purl.obolibrary.org/obo/MP_0000001>)",11937,71.3,22.299999999999997,58905,1918,35.8,15044,1835,22.299999999999997,23911,1706,50.3,5958,1688,3,22.299999999999997,81836,1645
ore_ont_11452.owl,"SubClassOf(<http://purl.obolibrary.org/obo/MP_0002206> <http://purl.obolibrary.org/obo/MP_0003633>)",11937,68.5,17.200000000000003,9398,1633,39.900000000000006,10877,1732,17.200000000000003,9574,1886,17.200000000000003,6001,1812,1,17.200000000000003,17519,1799
ore_ont_11452.owl,"SubClassOf(<http://purl.obolibrary.org/obo/MP_0005563> <http://purl.obolibrary.org/obo/MP_0002447>)",11937,175.9,91.2,8015,1862,131.1,11112,1935,91.2,8456,1806,131.1,6001,1993,1,91.2,18915,1877
ore_ont_11452.owl,"SubClassOf(<http://purl.obolibrary.org/obo/MP_0008987> <http://purl.obolibrary.org/obo/MP_0000598>)",11937,82.1,53.8,8930,1822,29.2,10886,2074,53.8,9740,1882,29.2,5979,1835,1,53.8,16467,1831
ore_ont_11452.owl,"SubClassOf(<http://purl.obolibrary.org/obo/MP_0000965> <http://purl.obolibrary.org/obo/MP_0002882>)",11937,-1.0,-1.0,3360,0,-1.0,3350,0,-1.0,3434,0,-1.0,3405,0,0,-1.0,3506,0
ore_ont_11452.owl,"SubClassOf(<http://purl.obolibrary.org/obo/MP_0000352> <http://purl.obolibrary.org/obo/MP_0000350>)",11937,-1.0,-1.0,3401,0,-1.0,3378,0,-1.0,3338,0,-1.0,3366,0,0,-1.0,3413,0
ore_ont_11452.owl,"SubClassOf(<http://purl.obolibrary.org/obo/MP_0005325> <http://purl.obolibrary.org/obo/MP_0002135>)",11937,160.0,69.1,30773,1999,122.19999999999999,11127,1878,122.19999999999999,10961,1926,122.19999999999999,6033,1953,3,122.19999999999999,30877,1877
ore_ont_11452.owl,"SubClassOf(<http://purl.obolibrary.org/obo/MP_0001851> <http://purl.obolibrary.org/obo/MP_0001846>)",11937,-1.0,-1.0,3424,0,-1.0,3424,0,-1.0,3382,0,-1.0,3360,0,0,-1.0,3396,0
ore_ont_6869.owl,"SubClassOf(<http://purl.obolibrary.org/obo/HP_0003907> <http://purl.obolibrary.org/obo/HP_0003063>)",13003,-1.0,-1.0,3333,0,-1.0,3384,0,-1.0,3391,0,-1.0,3339,0,0,-1.0,3368,0
ore_ont_6869.owl,"SubClassOf(<http://purl.obolibrary.org/obo/HP_0000107> <http://purl.obolibrary.org/obo/HP_0000077>)",13003,-1.0,-1.0,3322,0,-1.0,3408,0,-1.0,3422,0,-1.0,3327,0,0,-1.0,3415,0
ore_ont_6869.owl,"SubClassOf(<http://purl.obolibrary.org/obo/HP_0001167> <http://purl.obolibrary.org/obo/HP_0001155>)",13003,-1.0,-1.0,3350,0,-1.0,3379,0,-1.0,3447,0,-1.0,3454,0,0,-1.0,3377,0
ore_ont_6869.owl,"SubClassOf(<http://purl.obolibrary.org/obo/HP_0000926> <http://purl.obolibrary.org/obo/HP_0003312>)",13003,-1.0,-1.0,3341,0,-1.0,3567,0,-1.0,3358,0,-1.0,3338,0,0,-1.0,3402,0
ore_ont_6869.owl,"SubClassOf(<http://purl.obolibrary.org/obo/HP_0010161> <http://purl.obolibrary.org/obo/HP_0001780>)",13003,-1.0,-1.0,3356,0,-1.0,3401,0,-1.0,3415,0,-1.0,3382,0,0,-1.0,3349,0
ore_ont_6869.owl,"SubClassOf(<http://purl.obolibrary.org/obo/HP_0001780> <http://purl.obolibrary.org/obo/HP_0001760>)",13003,-1.0,-1.0,3329,0,-1.0,3345,0,-1.0,3328,0,-1.0,3358,0,0,-1.0,3375,0
ore_ont_6869.owl,"SubClassOf(<http://purl.obolibrary.org/obo/HP_0003355> <http://purl.obolibrary.org/obo/HP_0003110>)",13003,-1.0,-1.0,3399,0,-1.0,3319,0,-1.0,3442,0,-1.0,3338,0,0,-1.0,3359,0
ore_ont_6869.owl,"SubClassOf(<http://purl.obolibrary.org/obo/HP_0002093> <http://purl.obolibrary.org/obo/HP_0002088>)",13003,-1.0,-1.0,3346,0,-1.0,3466,0,-1.0,3329,0,-1.0,3305,0,0,-1.0,3369,0
ore_ont_6869.owl,"SubClassOf(<http://purl.obolibrary.org/obo/HP_0001103> <http://purl.obolibrary.org/obo/HP_0000479>)",13003,-1.0,-1.0,3393,0,-1.0,3436,0,-1.0,3404,0,-1.0,3492,0,0,-1.0,3383,0
ore_ont_6869.owl,"SubClassOf(<http://purl.obolibrary.org/obo/HP_0003110> <http://purl.obolibrary.org/obo/HP_0001939>)",13003,-1.0,-1.0,3368,0,-1.0,3326,0,-1.0,3449,0,-1.0,3411,0,0,-1.0,3362,0
ore_ont_3712.owl,"SubClassOf(<http://purl.obolibrary.org/obo/HP_0003907> <http://purl.obolibrary.org/obo/HP_0003063>)",13189,-1.0,-1.0,3365,0,-1.0,3350,0,-1.0,3473,0,-1.0,3438,0,0,-1.0,3436,0
ore_ont_3712.owl,"SubClassOf(<http://purl.obolibrary.org/obo/HP_0000107> <http://purl.obolibrary.org/obo/HP_0000077>)",13189,-1.0,-1.0,3378,0,-1.0,3396,0,-1.0,3376,0,-1.0,3417,0,0,-1.0,3434,0
ore_ont_3712.owl,"SubClassOf(<http://purl.obolibrary.org/obo/HP_0000926> <http://purl.obolibrary.org/obo/HP_0003312>)",13189,-1.0,-1.0,3334,0,-1.0,3369,0,-1.0,3466,0,-1.0,3529,0,0,-1.0,3391,0
ore_ont_3712.owl,"SubClassOf(<http://purl.obolibrary.org/obo/HP_0001780> <http://purl.obolibrary.org/obo/HP_0001760>)",13189,-1.0,-1.0,3381,0,-1.0,3426,0,-1.0,3466,0,-1.0,3455,0,0,-1.0,3527,0
ore_ont_3712.owl,"SubClassOf(<http://purl.obolibrary.org/obo/HP_0003355> <http://purl.obolibrary.org/obo/HP_0003110>)",13189,-1.0,-1.0,3367,0,-1.0,3382,0,-1.0,3404,0,-1.0,3545,0,0,-1.0,3473,0
ore_ont_3712.owl,"SubClassOf(<http://purl.obolibrary.org/obo/HP_0002514> <http://purl.obolibrary.org/obo/HP_0010766>)",13189,-1.0,-1.0,3385,0,-1.0,3462,0,-1.0,3479,0,-1.0,3428,0,0,-1.0,3522,0
ore_ont_3712.owl,"SubClassOf(<http://purl.obolibrary.org/obo/HP_0002093> <http://purl.obolibrary.org/obo/HP_0002088>)",13189,-1.0,-1.0,3355,0,-1.0,3531,0,-1.0,3439,0,-1.0,3448,0,0,-1.0,3488,0
ore_ont_3712.owl,"SubClassOf(<http://purl.obolibrary.org/obo/HP_0001103> <http://purl.obolibrary.org/obo/HP_0000479>)",13189,-1.0,-1.0,3383,0,-1.0,3396,0,-1.0,3369,0,-1.0,3396,0,0,-1.0,3390,0
ore_ont_3712.owl,"SubClassOf(<http://purl.obolibrary.org/obo/HP_0003110> <http://purl.obolibrary.org/obo/HP_0001939>)",13189,-1.0,-1.0,3390,0,-1.0,3464,0,-1.0,3483,0,-1.0,3409,0,0,-1.0,3411,0
ore_ont_3712.owl,"SubClassOf(<http://purl.obolibrary.org/obo/HP_0011001> <http://purl.obolibrary.org/obo/HP_0004348>)",13189,-1.0,-1.0,3422,0,-1.0,3385,0,-1.0,3304,0,-1.0,3326,0,0,-1.0,3342,0
ore_ont_4732.owl,"SubClassOf(<http://purl.obolibrary.org/obo/MP_0002962> <http://purl.obolibrary.org/obo/MP_0009643>)",13077,130.10000000000002,90.7,8233,1987,55.0,11076,1817,90.7,8897,1836,55.0,6005,1879,2,90.7,16402,1937
ore_ont_4732.owl,"SubClassOf(<http://purl.obolibrary.org/obo/MP_0002151> <http://purl.obolibrary.org/obo/MP_0002085>)",13077,-1.0,-1.0,3346,0,-1.0,3568,0,-1.0,3400,0,-1.0,3434,0,0,-1.0,3425,0
ore_ont_4732.owl,"SubClassOf(<http://purl.obolibrary.org/obo/MP_0009643> <http://purl.obolibrary.org/obo/MP_0000001>)",13077,72.80000000000001,23.799999999999997,41880,1981,36.1,16282,1959,23.799999999999997,20139,2000,36.1,6077,2001,2,23.799999999999997,76250,2055
ore_ont_4732.owl,"SubClassOf(<http://purl.obolibrary.org/obo/MP_0012579> <http://purl.obolibrary.org/obo/MP_0005584>)",13077,-1.0,-1.0,3383,0,-1.0,3364,0,-1.0,3450,0,-1.0,3344,0,0,-1.0,3360,0
ore_ont_4732.owl,"SubClassOf(<http://purl.obolibrary.org/obo/MP_0002206> <http://purl.obolibrary.org/obo/MP_0003633>)",13077,67.89999999999999,17.200000000000003,8460,1812,39.6,10725,1879,17.200000000000003,8984,1837,39.6,5913,1826,1,17.200000000000003,16032,1854
ore_ont_4732.owl,"SubClassOf(<http://purl.obolibrary.org/obo/MP_0005563> <http://purl.obolibrary.org/obo/MP_0002447>)",13077,176.5,91.8,7591,1847,131.7,10988,1965,91.8,8137,1920,131.7,6042,2144,3,91.8,15791,1971
ore_ont_4732.owl,"SubClassOf(<http://purl.obolibrary.org/obo/MP_0000965> <http://purl.obolibrary.org/obo/MP_0002882>)",13077,-1.0,-1.0,3411,0,-1.0,3457,0,-1.0,3485,0,-1.0,3400,0,0,-1.0,3400,0
ore_ont_4732.owl,"SubClassOf(<http://purl.obolibrary.org/obo/MP_0011368> <http://purl.obolibrary.org/obo/MP_0006042>)",13077,-1.0,-1.0,3369,0,-1.0,3384,0,-1.0,3385,0,-1.0,3394,0,0,-1.0,3516,0
ore_ont_4732.owl,"SubClassOf(<http://purl.obolibrary.org/obo/MP_0005325> <http://purl.obolibrary.org/obo/MP_0002135>)",13077,160.0,69.1,24120,2020,122.19999999999999,11114,1927,122.19999999999999,9711,1957,122.19999999999999,6000,1968,3,122.19999999999999,27434,2107
ore_ont_4732.owl,"SubClassOf(<http://purl.obolibrary.org/obo/MP_0001851> <http://purl.obolibrary.org/obo/MP_0001846>)",13077,-1.0,-1.0,3349,0,-1.0,3361,0,-1.0,3316,0,-1.0,3376,0,0,-1.0,3335,0
ore_ont_9612.owl,"SubClassOf(<http://purl.obolibrary.org/obo/IMR_0000299> <http://purl.obolibrary.org/obo/IMR_0010044>)",9569,1640.2,1733.2,7929,2370,1733.2,18077,2403,1733.2,8982,2318,1779.9,6235,2433,2,1733.2,21311,2271
ore_ont_9612.owl,"SubClassOf(<http://purl.obolibrary.org/obo/IMR_0000397> <http://purl.obolibrary.org/obo/IMR_0000369>)",9569,-1.0,-1.0,3408,0,-1.0,3373,0,-1.0,3534,0,-1.0,3543,0,0,-1.0,3426,0
ore_ont_9612.owl,"SubClassOf(<http://purl.obolibrary.org/obo/IMR_0010047> <http://purl.obolibrary.org/obo/IMR_0000952>)",9569,-1.0,-1.0,3398,0,-1.0,3444,0,-1.0,3537,0,-1.0,3475,0,0,-1.0,3554,0
ore_ont_9612.owl,"SubClassOf(<http://purl.obolibrary.org/obo/IMR_0002102> <http://purl.obolibrary.org/obo/IMR_0002096>)",9569,-1.0,-1.0,3395,0,-1.0,3511,0,-1.0,3523,0,-1.0,3517,0,0,-1.0,3540,0
ore_ont_9612.owl,"SubClassOf(<http://purl.obolibrary.org/obo/IMR_0010489> <http://purl.obolibrary.org/obo/IMR_0000897>)",9569,-1.0,-1.0,3420,0,-1.0,3494,0,-1.0,3610,0,-1.0,3489,0,0,-1.0,3474,0
ore_ont_9612.owl,"SubClassOf(<http://purl.obolibrary.org/obo/IMR_0000191> <http://purl.obolibrary.org/obo/IMR_0000949>)",9569,1400.2,1377.6,81362,2347,1351.5,12626,2156,1342.0,13446,2223,1342.0,6249,2239,2,1342.0,80354,2332
ore_ont_9612.owl,"SubClassOf(<http://purl.obolibrary.org/obo/IMR_0002103> <http://purl.obolibrary.org/obo/IMR_0002096>)",9569,-1.0,-1.0,3369,0,-1.0,3393,0,-1.0,3368,0,-1.0,3368,0,0,-1.0,3421,0
ore_ont_9612.owl,"SubClassOf(<http://purl.obolibrary.org/obo/IMR_0002818> <http://purl.obolibrary.org/obo/IMR_0001998>)",9569,-1.0,-1.0,3416,0,-1.0,3385,0,-1.0,3547,0,-1.0,3417,0,0,-1.0,3473,0
ore_ont_9612.owl,"SubClassOf(<http://purl.obolibrary.org/obo/IMR_0001577> <http://purl.obolibrary.org/obo/IMR_0000299>)",9569,-1.0,-1.0,3355,0,-1.0,3404,0,-1.0,3397,0,-1.0,3422,0,0,-1.0,3398,0
ore_ont_9612.owl,"SubClassOf(<http://purl.obolibrary.org/obo/IMR_0010046> <http://purl.obolibrary.org/obo/IMR_0010053>)",9569,-1.0,-1.0,3384,0,-1.0,3412,0,-1.0,3384,0,-1.0,3428,0,0,-1.0,3472,0
ore_ont_6358.owl,"SubClassOf(<http://purl.obolibrary.org/obo/HP_0005920> <http://purl.obolibrary.org/obo/HP_0001155>)",13679,498.5999999999999,421.40000000000003,17510,1936,449.3999999999999,17126,1946,421.40000000000003,14364,2043,452.99999999999994,6169,2077,3,421.40000000000003,40249,1964
ore_ont_6358.owl,"SubClassOf(<http://purl.obolibrary.org/obo/HP_0003907> <http://purl.obolibrary.org/obo/HP_0003063>)",13679,-1.0,-1.0,3317,0,-1.0,3375,0,-1.0,3403,0,-1.0,3482,0,0,-1.0,3355,0
ore_ont_6358.owl,"SubClassOf(<http://purl.obolibrary.org/obo/HP_0010161> <http://purl.obolibrary.org/obo/HP_0001780>)",13679,-1.0,-1.0,3333,0,-1.0,3358,0,-1.0,3375,0,-1.0,3327,0,0,-1.0,3371,0
ore_ont_6358.owl,"SubClassOf(<http://purl.obolibrary.org/obo/HP_0000926> <http://purl.obolibrary.org/obo/HP_0003312>)",13679,-1.0,-1.0,3350,0,-1.0,3383,0,-1.0,3406,0,-1.0,3337,0,0,-1.0,3333,0
ore_ont_6358.owl,"SubClassOf(<http://purl.obolibrary.org/obo/HP_0001780> <http://purl.obolibrary.org/obo/HP_0001760>)",13679,-1.0,-1.0,3415,0,-1.0,3332,0,-1.0,3348,0,-1.0,3378,0,0,-1.0,3358,0
ore_ont_6358.owl,"SubClassOf(<http://purl.obolibrary.org/obo/HP_0003355> <http://purl.obolibrary.org/obo/HP_0003110>)",13679,171.79999999999995,166.69999999999996,6970,1956,137.6,11365,1912,166.69999999999996,7830,1917,137.6,6017,2012,1,166.69999999999996,14636,2077
ore_ont_6358.owl,"SubClassOf(<http://purl.obolibrary.org/obo/HP_0002360> <http://purl.obolibrary.org/obo/HP_0000708>)",13679,-1.0,-1.0,3423,0,-1.0,3453,0,-1.0,3368,0,-1.0,3370,0,0,-1.0,3440,0
ore_ont_6358.owl,"SubClassOf(<http://purl.obolibrary.org/obo/HP_0002093> <http://purl.obolibrary.org/obo/HP_0002088>)",13679,-1.0,-1.0,3324,0,-1.0,3384,0,-1.0,3378,0,-1.0,3379,0,0,-1.0,3425,0
ore_ont_6358.owl,"SubClassOf(<http://purl.obolibrary.org/obo/HP_0001103> <http://purl.obolibrary.org/obo/HP_0000479>)",13679,-1.0,-1.0,3349,0,-1.0,3398,0,-1.0,3412,0,-1.0,3477,0,0,-1.0,3456,0
ore_ont_6358.owl,"SubClassOf(<http://purl.obolibrary.org/obo/HP_0003110> <http://purl.obolibrary.org/obo/HP_0001939>)",13679,-1.0,-1.0,3455,0,-1.0,3429,0,-1.0,3513,0,-1.0,3419,0,0,-1.0,3390,0
ore_ont_7218.owl,"SubClassOf(<http://purl.obolibrary.org/obo/ZFS_0000027> <http://purl.obolibrary.org/obo/ZFS_0100000>)",10044,-1.0,-1.0,3212,0,-1.0,3217,0,-1.0,3255,0,-1.0,3276,0,0,-1.0,3273,0
ore_ont_7218.owl,"SubClassOf(<http://purl.obolibrary.org/obo/ZFA_0000005> <http://purl.obolibrary.org/obo/ZFA_0001488>)",10044,1740.5,1682.8999999999999,8224,1874,1642.8,10572,1831,1682.8999999999999,8328,1780,1642.8,5637,1800,1,1682.8999999999999,14530,1767
ore_ont_7218.owl,"SubClassOf(<http://purl.obolibrary.org/obo/ZFS_0000024> <http://purl.obolibrary.org/obo/ZFS_0100000>)",10044,-1.0,-1.0,3210,0,-1.0,3169,0,-1.0,3152,0,-1.0,3179,0,0,-1.0,3195,0
ore_ont_7218.owl,"SubClassOf(<http://purl.obolibrary.org/obo/ZFS_0000025> <http://purl.obolibrary.org/obo/ZFS_0100000>)",10044,-1.0,-1.0,3193,0,-1.0,3199,0,-1.0,3194,0,-1.0,3214,0,0,-1.0,3222,0
ore_ont_7218.owl,"SubClassOf(<http://purl.obolibrary.org/obo/ZFS_0000034> <http://purl.obolibrary.org/obo/ZFS_0100000>)",10044,-1.0,-1.0,3218,0,-1.0,3141,0,-1.0,3173,0,-1.0,3200,0,0,-1.0,3221,0
ore_ont_7218.owl,"SubClassOf(<http://purl.obolibrary.org/obo/ZFS_0000044> <http://purl.obolibrary.org/obo/ZFS_0100000>)",10044,-1.0,-1.0,3158,0,-1.0,3171,0,-1.0,3219,0,-1.0,3210,0,0,-1.0,3186,0
ore_ont_7218.owl,"SubClassOf(<http://purl.obolibrary.org/obo/ZFS_0000000> <http://purl.obolibrary.org/obo/ZFS_0100000>)",10044,-1.0,-1.0,3183,0,-1.0,3176,0,-1.0,3216,0,-1.0,3184,0,0,-1.0,3178,0
ore_ont_7218.owl,"SubClassOf(<http://purl.obolibrary.org/obo/ZFA_0001591> <http://purl.obolibrary.org/obo/ZFA_0001477>)",10044,2193.2,2174.0000000000005,10420,1825,1966.4,10479,1946,2174.0000000000005,8889,1836,1933.5000000000002,5716,1786,1,2174.0000000000005,29129,1832
ore_ont_7218.owl,"SubClassOf(<http://purl.obolibrary.org/obo/ZFS_0000028> <http://purl.obolibrary.org/obo/ZFS_0100000>)",10044,-1.0,-1.0,3155,0,-1.0,3198,0,-1.0,3207,0,-1.0,3199,0,0,-1.0,3249,0
ore_ont_7218.owl,"SubClassOf(<http://purl.obolibrary.org/obo/ZFS_0000029> <http://purl.obolibrary.org/obo/ZFS_0100000>)",10044,-1.0,-1.0,3195,0,-1.0,3515,0,-1.0,3445,0,-1.0,3324,0,0,-1.0,3308,0
ore_ont_4460.owl,"SubClassOf(<http://purl.obolibrary.org/obo/HP_0003907> <http://purl.obolibrary.org/obo/HP_0003063>)",13832,-1.0,-1.0,3454,0,-1.0,3484,0,-1.0,3469,0,-1.0,3563,0,0,-1.0,3517,0
ore_ont_4460.owl,"SubClassOf(<http://purl.obolibrary.org/obo/HP_0010161> <http://purl.obolibrary.org/obo/HP_0001780>)",13832,-1.0,-1.0,3400,0,-1.0,3542,0,-1.0,3494,0,-1.0,3434,0,0,-1.0,3430,0
ore_ont_4460.owl,"SubClassOf(<http://purl.obolibrary.org/obo/HP_0000926> <http://purl.obolibrary.org/obo/HP_0003312>)",13832,-1.0,-1.0,3392,0,-1.0,3444,0,-1.0,3372,0,-1.0,3364,0,0,-1.0,3309,0
ore_ont_4460.owl,"SubClassOf(<http://purl.obolibrary.org/obo/HP_0001780> <http://purl.obolibrary.org/obo/HP_0001760>)",13832,-1.0,-1.0,3401,0,-1.0,3370,0,-1.0,3426,0,-1.0,3426,0,0,-1.0,3428,0
ore_ont_4460.owl,"SubClassOf(<http://purl.obolibrary.org/obo/HP_0003355> <http://purl.obolibrary.org/obo/HP_0003110>)",13832,174.79999999999995,169.39999999999998,9260,1959,139.7,10821,1776,169.39999999999998,9436,1853,139.7,6142,1956,2,169.39999999999998,18250,2003
ore_ont_4460.owl,"SubClassOf(<http://purl.obolibrary.org/obo/HP_0002360> <http://purl.obolibrary.org/obo/HP_0000708>)",13832,-1.0,-1.0,3386,0,-1.0,3449,0,-1.0,3397,0,-1.0,3332,0,0,-1.0,3369,0
ore_ont_4460.owl,"SubClassOf(<http://purl.obolibrary.org/obo/HP_0002093> <http://purl.obolibrary.org/obo/HP_0002088>)",13832,-1.0,-1.0,3360,0,-1.0,3379,0,-1.0,3378,0,-1.0,3458,0,0,-1.0,3365,0
ore_ont_4460.owl,"SubClassOf(<http://purl.obolibrary.org/obo/HP_0001103> <http://purl.obolibrary.org/obo/HP_0000479>)",13832,-1.0,-1.0,3399,0,-1.0,3435,0,-1.0,3422,0,-1.0,3460,0,0,-1.0,3455,0
ore_ont_4460.owl,"SubClassOf(<http://purl.obolibrary.org/obo/HP_0003110> <http://purl.obolibrary.org/obo/HP_0001939>)",13832,-1.0,-1.0,3418,0,-1.0,3385,0,-1.0,3345,0,-1.0,3423,0,0,-1.0,3376,0
ore_ont_4460.owl,"SubClassOf(<http://purl.obolibrary.org/obo/HP_0005918> <http://purl.obolibrary.org/obo/HP_0001155>)",13832,248.2,188.8,8103,1908,217.7,11071,1976,188.8,8823,1834,217.7,6148,1870,2,188.8,16057,1967
ore_ont_8492.owl,"SubClassOf(<http://purl.obolibrary.org/obo/WBbt_0004400> <http://purl.obolibrary.org/obo/WBbt_0008069>)",12112,-1.0,-1.0,3593,0,-1.0,3559,0,-1.0,3489,0,-1.0,3523,0,0,-1.0,3496,0
ore_ont_8492.owl,"SubClassOf(<http://purl.obolibrary.org/obo/WBbt_0008070> <http://purl.obolibrary.org/obo/WBbt_0005757>)",12112,-1.0,-1.0,3555,0,-1.0,3606,0,-1.0,3513,0,-1.0,3519,0,0,-1.0,3533,0
ore_ont_8492.owl,"SubClassOf(<http://purl.obolibrary.org/obo/WBbt_0004047> <http://purl.obolibrary.org/obo/WBbt_0005154>)",12112,-1.0,-1.0,3556,0,-1.0,3673,0,-1.0,3533,0,-1.0,3501,0,0,-1.0,3481,0
ore_ont_8492.owl,"SubClassOf(<http://purl.obolibrary.org/obo/WBbt_0005045> <http://purl.obolibrary.org/obo/WBbt_0005113>)",12112,-1.0,-1.0,3431,0,-1.0,3520,0,-1.0,3502,0,-1.0,3458,0,0,-1.0,3445,0
ore_ont_8492.owl,"SubClassOf(<http://purl.obolibrary.org/obo/WBbt_0003928> <http://purl.obolibrary.org/obo/WBbt_0007028>)",12112,-1.0,-1.0,3441,0,-1.0,3438,0,-1.0,3463,0,-1.0,3464,0,0,-1.0,3480,0
ore_ont_8492.owl,"SubClassOf(<http://purl.obolibrary.org/obo/WBbt_0004708> <http://purl.obolibrary.org/obo/WBbt_0007030>)",12112,23794.2,23310.599999999995,10146,12239,23571.0,32467,11827,23310.599999999995,11010,13263,23571.0,6609,13207,1,23310.599999999995,42660,13119
ore_ont_8492.owl,"SubClassOf(<http://purl.obolibrary.org/obo/WBbt_0007064> <http://purl.obolibrary.org/obo/WBbt_0006925>)",12112,-1.0,-1.0,3543,0,-1.0,3575,0,-1.0,3574,0,-1.0,3596,0,0,-1.0,3572,0
ore_ont_8492.owl,"SubClassOf(<http://purl.obolibrary.org/obo/WBbt_0005246> <http://purl.obolibrary.org/obo/WBbt_0006751>)",12112,-1.0,-1.0,3519,0,-1.0,3624,0,-1.0,3824,0,-1.0,3727,0,0,-1.0,3512,0
ore_ont_8492.owl,"SubClassOf(<http://purl.obolibrary.org/obo/WBbt_0008071> <http://purl.obolibrary.org/obo/WBbt_0008074>)",12112,15021.099999999999,15008.8,7594,12971,15008.8,34040,12470,15008.8,8497,12085,15008.8,6452,12153,1,15008.8,35169,13002
ore_ont_8492.owl,"SubClassOf(<http://purl.obolibrary.org/obo/WBbt_0005371> <http://purl.obolibrary.org/obo/WBbt_0005135>)",12112,6806.099999999999,6789.3,7710,13741,6796.099999999999,33013,12741,6789.3,8515,12329,6796.099999999999,6635,12476,1,6789.3,37561,12369
ore_ont_13000.owl,"SubClassOf(<http://purl.obolibrary.org/obo/WBbt_0004400> <http://purl.obolibrary.org/obo/WBbt_0008069>)",12365,-1.0,-1.0,3485,0,-1.0,3451,0,-1.0,3499,0,-1.0,3441,0,0,-1.0,3422,0
ore_ont_13000.owl,"SubClassOf(<http://purl.obolibrary.org/obo/WBbt_0008070> <http://purl.obolibrary.org/obo/WBbt_0005757>)",12365,-1.0,-1.0,3424,0,-1.0,3426,0,-1.0,3482,0,-1.0,3560,0,0,-1.0,3511,0
ore_ont_13000.owl,"SubClassOf(<http://purl.obolibrary.org/obo/WBbt_0007834> <http://purl.obolibrary.org/obo/WBbt_0005113>)",12365,-1.0,-1.0,3453,0,-1.0,3482,0,-1.0,3444,0,-1.0,3488,0,0,-1.0,3429,0
ore_ont_13000.owl,"SubClassOf(<http://purl.obolibrary.org/obo/WBbt_0003928> <http://purl.obolibrary.org/obo/WBbt_0007028>)",12365,-1.0,-1.0,3462,0,-1.0,3482,0,-1.0,3522,0,-1.0,3513,0,0,-1.0,3505,0
ore_ont_13000.owl,"SubClassOf(<http://purl.obolibrary.org/obo/WBbt_0007064> <http://purl.obolibrary.org/obo/WBbt_0006925>)",12365,-1.0,-1.0,3477,0,-1.0,3516,0,-1.0,3469,0,-1.0,3529,0,0,-1.0,3507,0
ore_ont_13000.owl,"SubClassOf(<http://purl.obolibrary.org/obo/WBbt_0005310> <http://purl.obolibrary.org/obo/WBbt_0005300>)",12365,-1.0,-1.0,3498,0,-1.0,3486,0,-1.0,3520,0,-1.0,3533,0,0,-1.0,3465,0
ore_ont_13000.owl,"SubClassOf(<http://purl.obolibrary.org/obo/WBbt_0004003> <http://purl.obolibrary.org/obo/WBbt_0006751>)",12365,-1.0,-1.0,3500,0,-1.0,3486,0,-1.0,3458,0,-1.0,3552,0,0,-1.0,3552,0
ore_ont_13000.owl,"SubClassOf(<http://purl.obolibrary.org/obo/WBbt_0008071> <http://purl.obolibrary.org/obo/WBbt_0008074>)",12365,15107.8,15093.699999999999,7429,12620,15093.699999999999,33490,12680,15093.699999999999,8584,12560,15107.8,6453,12424,1,15093.699999999999,35781,12185
ore_ont_13000.owl,"SubClassOf(<http://purl.obolibrary.org/obo/WBbt_0005371> <http://purl.obolibrary.org/obo/WBbt_0005135>)",12365,6842.4,6825.6,7407,12142,6832.400000000001,31685,12094,6825.6,8344,12075,6825.6,6362,12277,2,6825.6,35432,12264
ore_ont_13000.owl,"SubClassOf(<http://purl.obolibrary.org/obo/WBbt_0007688> <http://purl.obolibrary.org/obo/WBbt_0007030>)",12365,6040.9,5462.200000000001,10724,12306,5461.2,56474,12073,5462.200000000001,11168,12372,5461.2,6349,12291,4,5462.200000000001,40945,12147
ore_ont_13852.owl,"SubClassOf(<http://purl.org/obo/owl/EHDAA#EHDAA_524> <http://purl.org/obo/owl/UBERON#UBERON_0000925>)",12343,-1.0,-1.0,3456,0,-1.0,3513,0,-1.0,3467,0,-1.0,3495,0,0,-1.0,3465,0
ore_ont_13852.owl,"SubClassOf(<http://purl.org/obo/owl/MAT#MAT_0000453> <http://purl.org/obo/owl/UBERON#UBERON_0002349>)",12343,-1.0,-1.0,3421,0,-1.0,3656,0,-1.0,3449,0,-1.0,3392,0,0,-1.0,3411,0
ore_ont_13852.owl,"SubClassOf(<http://purl.org/obo/owl/EHDAA#EHDAA_703> <http://purl.org/obo/owl/UBERON#UBERON_0003089>)",12343,-1.0,-1.0,3514,0,-1.0,3470,0,-1.0,3495,0,-1.0,3672,0,0,-1.0,3541,0
ore_ont_13852.owl,"SubClassOf(<http://purl.org/obo/owl/EHDAA#EHDAA_205> <http://purl.org/obo/owl/UBERON#UBERON_0003104>)",12343,-1.0,-1.0,3511,0,-1.0,3540,0,-1.0,3583,0,-1.0,3604,0,0,-1.0,3504,0
ore_ont_13852.owl,"SubClassOf(<http://purl.org/obo/owl/EMAPA#EMAPA_27131> <http://purl.org/obo/owl/UBERON#UBERON_0003350>)",12343,-1.0,-1.0,3494,0,-1.0,3548,0,-1.0,3526,0,-1.0,3533,0,0,-1.0,3541,0
ore_ont_13852.owl,"SubClassOf(<http://purl.org/obo/owl/EHDAA#EHDAA_138> <http://purl.org/obo/owl/UBERON#UBERON_0000924>)",12343,-1.0,-1.0,3511,0,-1.0,3556,0,-1.0,3550,0,-1.0,3565,0,0,-1.0,3628,0
ore_ont_13852.owl,"SubClassOf(<http://purl.org/obo/owl/EHDAA#EHDAA_8027> <http://purl.org/obo/owl/UBERON#UBERON_0000483>)",12343,-1.0,-1.0,3461,0,-1.0,3540,0,-1.0,3670,0,-1.0,3509,0,0,-1.0,3643,0
ore_ont_13852.owl,"SubClassOf(<http://purl.org/obo/owl/FMA#FMA_86666> <http://purl.org/obo/owl/UBERON#UBERON_0002342>)",12343,-1.0,-1.0,3503,0,-1.0,3451,0,-1.0,3445,0,-1.0,3526,0,0,-1.0,3432,0
ore_ont_13852.owl,"SubClassOf(<http://purl.org/obo/owl/EHDAA#EHDAA_3698> <http://purl.org/obo/owl/UBERON#UBERON_0003079>)",12343,-1.0,-1.0,3477,0,-1.0,3445,0,-1.0,3520,0,-1.0,3473,0,0,-1.0,3455,0
ore_ont_13852.owl,"SubClassOf(<http://purl.org/obo/owl/EHDAA#EHDAA_3494> <http://purl.org/obo/owl/UBERON#UBERON_0003054>)",12343,-1.0,-1.0,3401,0,-1.0,3542,0,-1.0,3609,0,-1.0,3518,0,0,-1.0,3466,0
ore_ont_6198.owl,"SubClassOf(<http://purl.obolibrary.org/obo/TO_0000454> <http://purl.obolibrary.org/obo/TO_0000261>)",8472,-1.0,-1.0,3253,0,-1.0,3239,0,-1.0,3251,0,-1.0,3293,0,0,-1.0,3256,0
ore_ont_6198.owl,"SubClassOf(<http://purl.obolibrary.org/obo/VT_0010323> <http://purl.obolibrary.org/obo/VT_0010374>)",8472,-1.0,-1.0,3281,0,-1.0,3259,0,-1.0,3354,0,-1.0,3452,0,0,-1.0,3274,0
ore_ont_6198.owl,"SubClassOf(<http://purl.obolibrary.org/obo/TO_0000327> <http://purl.obolibrary.org/obo/TO_0000371>)",8472,-1.0,-1.0,3277,0,-1.0,3301,0,-1.0,3269,0,-1.0,3407,0,0,-1.0,3263,0
ore_ont_6198.owl,"SubClassOf(<http://purl.obolibrary.org/obo/TO_0000419> <http://purl.obolibrary.org/obo/TO_0000748>)",8472,-1.0,-1.0,3287,0,-1.0,3250,0,-1.0,3337,0,-1.0,3288,0,0,-1.0,3297,0
ore_ont_6198.owl,"SubClassOf(<http://purl.obolibrary.org/obo/TO_0000084> <http://purl.obolibrary.org/obo/TO_0000168>)",8472,-1.0,-1.0,3299,0,-1.0,3289,0,-1.0,3293,0,-1.0,3286,0,0,-1.0,3324,0
ore_ont_6198.owl,"SubClassOf(<http://purl.obolibrary.org/obo/TO_0000667> <http://purl.obolibrary.org/obo/TO_0000162>)",8472,-1.0,-1.0,3303,0,-1.0,3261,0,-1.0,3309,0,-1.0,3292,0,0,-1.0,3272,0
ore_ont_6198.owl,"SubClassOf(<http://purl.obolibrary.org/obo/TO_0000439> <http://purl.obolibrary.org/obo/OBA_0000001>)",8472,4524.6,4340.1,87412,3882,4347.0,14908,3427,4340.1,23485,3514,4434.3,6077,3492,1,4340.1,138204,3590
ore_ont_6198.owl,"SubClassOf(<http://purl.obolibrary.org/obo/VT_0000104> <http://purl.obolibrary.org/obo/OBA_1000067>)",8472,-1.0,-1.0,3246,0,-1.0,3263,0,-1.0,3335,0,-1.0,3346,0,0,-1.0,3307,0
ore_ont_6198.owl,"SubClassOf(<http://purl.obolibrary.org/obo/TO_0001024> <http://purl.obolibrary.org/obo/TO_0000465>)",8472,-1.0,-1.0,3355,0,-1.0,3328,0,-1.0,3316,0,-1.0,3340,0,0,-1.0,3489,0
ore_ont_6198.owl,"SubClassOf(<http://purl.obolibrary.org/obo/TO_0000664> <http://purl.obolibrary.org/obo/TO_0000439>)",8472,-1.0,-1.0,3335,0,-1.0,3356,0,-1.0,3369,0,-1.0,3312,0,0,-1.0,3350,0
ore_ont_4226.owl,"SubClassOf(<http://purl.obolibrary.org/obo/WBbt_0004400> <http://purl.obolibrary.org/obo/WBbt_0008069>)",12347,-1.0,-1.0,3518,0,-1.0,3533,0,-1.0,3535,0,-1.0,3557,0,0,-1.0,3552,0
ore_ont_4226.owl,"SubClassOf(<http://purl.obolibrary.org/obo/WBbt_0007834> <http://purl.obolibrary.org/obo/WBbt_0005113>)",12347,-1.0,-1.0,3471,0,-1.0,3713,0,-1.0,3706,0,-1.0,3716,0,0,-1.0,3656,0
ore_ont_4226.owl,"SubClassOf(<http://purl.obolibrary.org/obo/WBbt_0003928> <http://purl.obolibrary.org/obo/WBbt_0007028>)",12347,-1.0,-1.0,3524,0,-1.0,3459,0,-1.0,3604,0,-1.0,3478,0,0,-1.0,3482,0
ore_ont_4226.owl,"SubClassOf(<http://purl.obolibrary.org/obo/WBbt_0007064> <http://purl.obolibrary.org/obo/WBbt_0006925>)",12347,-1.0,-1.0,3470,0,-1.0,3480,0,-1.0,3496,0,-1.0,3498,0,0,-1.0,3448,0
ore_ont_4226.owl,"SubClassOf(<http://purl.obolibrary.org/obo/WBbt_0005310> <http://purl.obolibrary.org/obo/WBbt_0005300>)",12347,-1.0,-1.0,3472,0,-1.0,3484,0,-1.0,3464,0,-1.0,3481,0,0,-1.0,3514,0
ore_ont_4226.owl,"SubClassOf(<http://purl.obolibrary.org/obo/WBbt_0004003> <http://purl.obolibrary.org/obo/WBbt_0006751>)",12347,-1.0,-1.0,3497,0,-1.0,3465,0,-1.0,3459,0,-1.0,3468,0,0,-1.0,3514,0
ore_ont_4226.owl,"SubClassOf(<http://purl.obolibrary.org/obo/WBbt_0008070> <http://purl.obolibrary.org/obo/WBbt_0008074>)",12347,15107.8,15107.8,7377,12250,15102.4,31937,12491,15107.8,8519,12303,15107.8,6384,12204,3,15107.8,35344,12197
ore_ont_4226.owl,"SubClassOf(<http://purl.obolibrary.org/obo/WBbt_0008071> <http://purl.obolibrary.org/obo/WBbt_0008074>)",12347,15107.8,15093.699999999999,10730,12312,15093.699999999999,32727,12380,15093.699999999999,10867,12443,15107.8,6364,12115,2,15093.699999999999,40192,12644
ore_ont_4226.owl,"SubClassOf(<http://purl.obolibrary.org/obo/WBbt_0005371> <http://purl.obolibrary.org/obo/WBbt_0005135>)",12347,6842.4,6825.6,7410,12079,6832.4,31380,11941,6825.6,8314,12145,6825.6,6402,12071,2,6825.6,35173,12156
ore_ont_4226.owl,"SubClassOf(<http://purl.obolibrary.org/obo/WBbt_0007686> <http://purl.obolibrary.org/obo/WBbt_0007030>)",12347,-1.0,-1.0,3475,0,-1.0,3527,0,-1.0,3511,0,-1.0,3489,0,0,-1.0,3472,0
ore_ont_8864.owl,"SubClassOf(<http://purl.obolibrary.org/obo/__spinal_cord_and_meninges> <http://purl.obolibrary.org/obo/MA_0002405>)",5804,1598.8999999999999,1598.8999999999999,7124,6145,1598.8999999999999,7714,5814,1598.8999999999999,7357,5865,1598.8999999999999,6303,5733,1,1598.8999999999999,9035,5811
ore_ont_8864.owl,"SubClassOf(<http://purl.obolibrary.org/obo/__spinal_cord_and_meninges> <http://purl.obolibrary.org/obo/__temp_term_holder>)",5804,-1.0,-1.0,3286,0,-1.0,3318,0,-1.0,3403,0,-1.0,3454,0,0,-1.0,3332,0
ore_ont_11502.owl,"SubClassOf(<http://purl.org/obo/owl/IEV#IEV_0001451> <http://purl.org/obo/owl/IEV#IEV_0000818>)",19560,493.20000000000005,467.0,8998,2007,446.09999999999997,11789,1967,467.0,10565,1925,446.09999999999997,6571,1958,1,467.0,24637,1971
ore_ont_11502.owl,"SubClassOf(<http://purl.org/obo/owl/IEV#IEV_0000583> <http://purl.org/obo/owl/IEV#IEV_0000013>)",19560,-1.0,-1.0,3558,0,-1.0,3538,0,-1.0,3578,0,-1.0,3549,0,0,-1.0,3527,0
ore_ont_11502.owl,"SubClassOf(<http://purl.org/obo/owl/IEV#IEV_0000022> <http://purl.org/obo/owl/IEV#IEV_0000184>)",19560,750.5999999999999,630.3,31012,2064,580.5,11786,2081,688.1999999999999,22412,1963,580.5,6548,2013,2,688.1999999999999,57562,2023
ore_ont_11502.owl,"SubClassOf(<http://purl.org/obo/owl/IEV#IEV_0002734> <http://purl.org/obo/owl/IEV#IEV_0000914>)",19560,-1.0,-1.0,3537,0,-1.0,3634,0,-1.0,3566,0,-1.0,3566,0,0,-1.0,3529,0
ore_ont_11502.owl,"SubClassOf(<http://purl.org/obo/owl/IEV#IEV_0001928> <http://www.geneontology.org/formats/oboInOwl#ObsoleteClass>)",19560,-1.0,-1.0,3548,0,-1.0,3548,0,-1.0,3578,0,-1.0,3582,0,0,-1.0,3579,0
ore_ont_11502.owl,"SubClassOf(<http://purl.org/obo/owl/IEV#IEV_0001257> <http://purl.org/obo/owl/IEV#IEV_0001842>)",19560,2020.4000000000003,2012.6000000000001,7502,1988,1995.6999999999998,12180,2050,2012.6000000000001,8989,1992,1995.6999999999998,6454,2012,3,2012.6000000000001,16559,1991
ore_ont_11502.owl,"SubClassOf(<http://purl.org/obo/owl/IEV#IEV_0001432> <http://purl.org/obo/owl/IEV#IEV_0001450>)",19560,-1.0,-1.0,3532,0,-1.0,3550,0,-1.0,3556,0,-1.0,3512,0,0,-1.0,3498,0
ore_ont_11502.owl,"SubClassOf(<http://purl.org/obo/owl/IEV#IEV_0000025> <http://purl.org/obo/owl/IEV#IEV_0000913>)",19560,769.4999999999999,616.5,26530,1978,625.1999999999999,12364,1992,616.5,19639,1911,625.1999999999999,6508,1988,2,616.5,50370,2243
ore_ont_11502.owl,"SubClassOf(<http://purl.org/obo/owl/IEV#IEV_0000053> <http://purl.org/obo/owl/IEV#IEV_0000025>)",19560,-1.0,-1.0,3531,0,-1.0,3579,0,-1.0,3551,0,-1.0,3590,0,0,-1.0,3524,0
ore_ont_11502.owl,"SubClassOf(<http://purl.org/obo/owl/IEV#IEV_0000025> <http://purl.org/obo/owl/IEV#IEV_0000005>)",19560,744.4999999999999,669.4999999999999,12532,2056,600.2,12528,2036,669.4999999999999,12595,2083,600.2,6594,2014,1,669.4999999999999,24325,1944
ore_ont_14027.owl,"SubClassOf(<http://purl.obolibrary.org/obo/WB_WBGene00021708> <http://purl.obolibrary.org/obo/PANTHER_PTHR10664>)",12591,-1.0,-1.0,3475,0,-1.0,3541,0,-1.0,3476,0,-1.0,3432,0,0,-1.0,3402,0
ore_ont_14027.owl,"SubClassOf(<http://purl.obolibrary.org/obo/WB_WBGene00005500> <http://purl.obolibrary.org/obo/PANTHER_PTHR22941>)",12591,-1.0,-1.0,3471,0,-1.0,3508,0,-1.0,3436,0,-1.0,3517,0,0,-1.0,3511,0
ore_ont_14027.owl,"SubClassOf(<http://purl.obolibrary.org/obo/WB_WBGene00007483> <http://purl.obolibrary.org/obo/PANTHER_PTHR22751>)",12591,-1.0,-1.0,3467,0,-1.0,3473,0,-1.0,3509,0,-1.0,3482,0,0,-1.0,3436,0
ore_ont_14027.owl,"SubClassOf(<http://purl.obolibrary.org/obo/WB_WBGene00017208> <http://purl.obolibrary.org/obo/PANTHER_PTHR22899>)",12591,-1.0,-1.0,3396,0,-1.0,3564,0,-1.0,3485,0,-1.0,3433,0,0,-1.0,3499,0
ore_ont_14027.owl,"SubClassOf(<http://purl.obolibrary.org/obo/WB_WBGene00010410> <http://purl.obolibrary.org/obo/PANTHER_PTHR24082>)",12591,-1.0,-1.0,3434,0,-1.0,3444,0,-1.0,3482,0,-1.0,3543,0,0,-1.0,3518,0
ore_ont_14027.owl,"SubClassOf(<http://purl.obolibrary.org/obo/WB_WBGene00016515> <http://purl.obolibrary.org/obo/PANTHER_PTHR23015>)",12591,-1.0,-1.0,3510,0,-1.0,3479,0,-1.0,3448,0,-1.0,3432,0,0,-1.0,3501,0
ore_ont_14027.owl,"SubClassOf(<http://purl.obolibrary.org/obo/WB_WBGene00006271> <http://purl.obolibrary.org/obo/PANTHER_PTHR22943>)",12591,-1.0,-1.0,3508,0,-1.0,3644,0,-1.0,3486,0,-1.0,3511,0,0,-1.0,3485,0
ore_ont_14027.owl,"SubClassOf(<http://purl.obolibrary.org/obo/WB_WBGene00013125> <http://purl.obolibrary.org/obo/PANTHER_PTHR23124>)",12591,-1.0,-1.0,3480,0,-1.0,3518,0,-1.0,3423,0,-1.0,3432,0,0,-1.0,3477,0
ore_ont_14027.owl,"SubClassOf(<http://purl.obolibrary.org/obo/WB_WBGene00000050> <http://purl.obolibrary.org/obo/PANTHER_PTHR18945>)",12591,-1.0,-1.0,3488,0,-1.0,3543,0,-1.0,3503,0,-1.0,3508,0,0,-1.0,3428,0
ore_ont_14027.owl,"SubClassOf(<http://purl.obolibrary.org/obo/WB_WBGene00013489> <http://purl.obolibrary.org/obo/PANTHER_PTHR24023>)",12591,-1.0,-1.0,3485,0,-1.0,3486,0,-1.0,3620,0,-1.0,3450,0,0,-1.0,3518,0
ore_ont_16114.owl,"SubClassOf(<http://purl.obolibrary.org/obo/NCBIGene_776667> <http://purl.obolibrary.org/obo/PANTHER_PTHR11738>)",13885,-1.0,-1.0,3596,0,-1.0,3590,0,-1.0,3563,0,-1.0,3520,0,0,-1.0,3560,0
ore_ont_16114.owl,"SubClassOf(<http://purl.obolibrary.org/obo/NCBIGene_396206> <http://purl.obolibrary.org/obo/PANTHER_PTHR23239>)",13885,-1.0,-1.0,3514,0,-1.0,3556,0,-1.0,3492,0,-1.0,3587,0,0,-1.0,3645,0
ore_ont_16114.owl,"SubClassOf(<http://purl.obolibrary.org/obo/NCBIGene_770043> <http://purl.obolibrary.org/obo/PANTHER_PTHR24023>)",13885,-1.0,-1.0,3519,0,-1.0,3551,0,-1.0,3517,0,-1.0,3632,0,0,-1.0,3573,0
ore_ont_16114.owl,"SubClassOf(<http://purl.obolibrary.org/obo/NCBIGene_772243> <http://purl.obolibrary.org/obo/PANTHER_PTHR19422>)",13885,-1.0,-1.0,3505,0,-1.0,3531,0,-1.0,3538,0,-1.0,3564,0,0,-1.0,3541,0
ore_ont_16114.owl,"SubClassOf(<http://purl.obolibrary.org/obo/NCBIGene_425531> <http://purl.obolibrary.org/obo/PANTHER_PTHR24073>)",13885,-1.0,-1.0,3545,0,-1.0,3533,0,-1.0,3634,0,-1.0,3561,0,0,-1.0,3647,0
ore_ont_16114.owl,"SubClassOf(<http://purl.obolibrary.org/obo/NCBIGene_396406> <http://purl.obolibrary.org/obo/PANTHER_PTHR24416>)",13885,-1.0,-1.0,3572,0,-1.0,3617,0,-1.0,3606,0,-1.0,3593,0,0,-1.0,3529,0
ore_ont_16114.owl,"SubClassOf(<http://purl.obolibrary.org/obo/NCBIGene_777238> <http://purl.obolibrary.org/obo/PANTHER_PTHR19331>)",13885,-1.0,-1.0,3542,0,-1.0,3560,0,-1.0,3606,0,-1.0,3565,0,0,-1.0,3526,0
ore_ont_16114.owl,"SubClassOf(<http://purl.obolibrary.org/obo/NCBIGene_497221> <http://purl.obolibrary.org/obo/PANTHER_PTHR24028>)",13885,-1.0,-1.0,3473,0,-1.0,3492,0,-1.0,3557,0,-1.0,3520,0,0,-1.0,3585,0
ore_ont_16114.owl,"SubClassOf(<http://purl.obolibrary.org/obo/NCBIGene_421171> <http://purl.obolibrary.org/obo/PANTHER_PTHR24412>)",13885,-1.0,-1.0,3509,0,-1.0,3498,0,-1.0,3569,0,-1.0,3578,0,0,-1.0,3531,0
ore_ont_16114.owl,"SubClassOf(<http://purl.obolibrary.org/obo/NCBIGene_776301> <http://purl.obolibrary.org/obo/PANTHER_PTHR13140>)",13885,-1.0,-1.0,3538,0,-1.0,3535,0,-1.0,3511,0,-1.0,3520,0,0,-1.0,3550,0
ore_ont_9590.owl,"SubClassOf(<http://purl.obolibrary.org/obo/UniProtKB_P17879> <http://purl.obolibrary.org/obo/PR_000025338>)",11864,-1.0,-1.0,3649,0,-1.0,3664,0,-1.0,3664,0,-1.0,3680,0,0,-1.0,3698,0
ore_ont_9590.owl,"SubClassOf(<http://purl.obolibrary.org/obo/UniProtKB_Q61699> <http://purl.obolibrary.org/obo/PR_000003410>)",11864,-1.0,-1.0,3709,0,-1.0,3711,0,-1.0,3679,0,-1.0,3659,0,0,-1.0,3583,0
ore_ont_9590.owl,"SubClassOf(<http://purl.obolibrary.org/obo/UniProtKB_Q9JKR6> <http://purl.obolibrary.org/obo/PR_000008853>)",11864,-1.0,-1.0,3650,0,-1.0,3708,0,-1.0,3643,0,-1.0,3639,0,0,-1.0,3692,0
ore_ont_9590.owl,"SubClassOf(<http://purl.obolibrary.org/obo/UniProtKB_Q61387> <http://purl.obolibrary.org/obo/PR_000025379>)",11864,-1.0,-1.0,3600,0,-1.0,3644,0,-1.0,3681,0,-1.0,3637,0,0,-1.0,3768,0
ore_ont_9590.owl,"SubClassOf(<http://purl.obolibrary.org/obo/UniProtKB_Q8K4B2> <http://purl.obolibrary.org/obo/PR_000001784>)",11864,-1.0,-1.0,3646,0,-1.0,3585,0,-1.0,3572,0,-1.0,3675,0,0,-1.0,3630,0
ore_ont_9590.owl,"SubClassOf(<http://purl.obolibrary.org/obo/UniProtKB_Q61696> <http://purl.obolibrary.org/obo/PR_000008871>)",11864,-1.0,-1.0,3609,0,-1.0,3686,0,-1.0,3588,0,-1.0,3598,0,0,-1.0,3712,0
ore_ont_9590.owl,"SubClassOf(<http://purl.obolibrary.org/obo/UniProtKB_P16627> <http://purl.obolibrary.org/obo/PR_000025289>)",11864,-1.0,-1.0,3615,0,-1.0,3718,0,-1.0,3622,0,-1.0,3708,0,0,-1.0,3668,0
ore_ont_9590.owl,"SubClassOf(<http://purl.obolibrary.org/obo/UniProtKB_Q9WV04> <http://purl.obolibrary.org/obo/PR_000026969>)",11864,-1.0,-1.0,3629,0,-1.0,3719,0,-1.0,3746,0,-1.0,3700,0,0,-1.0,3760,0
ore_ont_9590.owl,"SubClassOf(<http://purl.obolibrary.org/obo/UniProtKB_A6H666> <http://purl.obolibrary.org/obo/PR_000005793>)",11864,-1.0,-1.0,3675,0,-1.0,3628,0,-1.0,3657,0,-1.0,3657,0,0,-1.0,3684,0
ore_ont_9590.owl,"SubClassOf(<http://purl.obolibrary.org/obo/UniProtKB_P12023> <http://purl.obolibrary.org/obo/PR_000025533>)",11864,-1.0,-1.0,3695,0,-1.0,3707,0,-1.0,3708,0,-1.0,3692,0,0,-1.0,3662,0
ore_ont_3406.owl,"SubClassOf(<http://purl.obolibrary.org/obo/CHEBI_28868> <http://purl.obolibrary.org/obo/CHEBI_35757>)",16467,-1.0,-1.0,3440,0,-1.0,3472,0,-1.0,3443,0,-1.0,3450,0,0,-1.0,3461,0
ore_ont_3406.owl,"SubClassOf(<http://purl.obolibrary.org/obo/CHEBI_58945> <http://purl.obolibrary.org/obo/CHEBI_24431>)",16467,750.0,0.0,-1,-1,0.0,-1,-1,0.0,-1,-1,0.0,-1,-1,0,0.0,-1,-1
ore_ont_964.owl,"SubClassOf(<http://purl.obolibrary.org/obo/ENSEMBL_ENSGALG00000016255> <http://purl.obolibrary.org/obo/SO_0001217>)",17934,-1.0,-1.0,3602,0,-1.0,3631,0,-1.0,3584,0,-1.0,3614,0,0,-1.0,3541,0
ore_ont_964.owl,"SubClassOf(<http://purl.obolibrary.org/obo/ENSEMBL_ENSGALG00000016256> <http://purl.obolibrary.org/obo/SO_0001217>)",17934,-1.0,-1.0,3634,0,-1.0,3675,0,-1.0,3679,0,-1.0,3611,0,0,-1.0,3674,0
ore_ont_964.owl,"SubClassOf(<http://purl.obolibrary.org/obo/ENSEMBL_ENSGALG00000000188> <http://purl.obolibrary.org/obo/SO_0000336>)",17934,-1.0,-1.0,3647,0,-1.0,3620,0,-1.0,3666,0,-1.0,3657,0,0,-1.0,3650,0
ore_ont_964.owl,"SubClassOf(<http://purl.obolibrary.org/obo/ENSEMBL_ENSGALG00000025656> <http://purl.obolibrary.org/obo/SO_0000252>)",17934,-1.0,-1.0,3626,0,-1.0,3718,0,-1.0,3627,0,-1.0,3627,0,0,-1.0,3647,0
ore_ont_964.owl,"SubClassOf(<http://purl.obolibrary.org/obo/ENSEMBL_ENSGALG00000025527> <http://purl.obolibrary.org/obo/SO_0000275>)",17934,-1.0,-1.0,3628,0,-1.0,3717,0,-1.0,3662,0,-1.0,3618,0,0,-1.0,3695,0
ore_ont_964.owl,"SubClassOf(<http://purl.obolibrary.org/obo/ENSEMBL_ENSGALG00000025644> <http://purl.obolibrary.org/obo/SO_0000274>)",17934,-1.0,-1.0,3592,0,-1.0,3628,0,-1.0,3617,0,-1.0,3596,0,0,-1.0,3629,0
ore_ont_964.owl,"SubClassOf(<http://purl.obolibrary.org/obo/ENSEMBL_ENSGALG00000025688> <http://purl.obolibrary.org/obo/SO_0000655>)",17934,-1.0,-1.0,3595,0,-1.0,3624,0,-1.0,3607,0,-1.0,3682,0,0,-1.0,3517,0
ore_ont_964.owl,"SubClassOf(<http://purl.obolibrary.org/obo/ENSEMBL_ENSGALG00000022930> <http://purl.obolibrary.org/obo/SO_0000253>)",17934,-1.0,-1.0,3665,0,-1.0,3664,0,-1.0,3623,0,-1.0,3634,0,0,-1.0,3805,0
ore_ont_964.owl,"SubClassOf(<http://purl.obolibrary.org/obo/ENSEMBL_ENSGALG00000004269> <http://purl.obolibrary.org/obo/SO_0001217>)",17934,-1.0,-1.0,3665,0,-1.0,3668,0,-1.0,3685,0,-1.0,3738,0,0,-1.0,3664,0
ore_ont_964.owl,"SubClassOf(<http://purl.obolibrary.org/obo/ENSEMBL_ENSGALG00000021721> <http://purl.obolibrary.org/obo/SO_0000276>)",17934,-1.0,-1.0,3695,0,-1.0,3678,0,-1.0,3680,0,-1.0,3733,0,0,-1.0,3623,0
ore_ont_9792.owl,"SubClassOf(<http://doe-generated-ontology.com/OntoAD#C0012634> <http://doe-generated-ontology.com/OntoAD#DiseaseOrSyndrome>)",19279,-1.0,-1.0,3440,0,-1.0,3538,0,-1.0,3515,0,-1.0,3492,0,0,-1.0,3426,0
ore_ont_9792.owl,"SubClassOf(<http://doe-generated-ontology.com/OntoAD#C0025260> <http://doe-generated-ontology.com/OntoAD#MentalProcess>)",19279,223.1,176.0,19836,1026,172.4,9550,810,176.0,16058,747,172.4,6361,695,2,176.0,36076,683
ore_ont_9792.owl,"SubClassOf(<http://doe-generated-ontology.com/OntoAD#C0002395> <http://doe-generated-ontology.com/OntoAD#C0012634>)",19279,-1.0,-1.0,-1,0,-1.0,-1,0,-1.0,-1,0,-1.0,-1,0,1,-1.0,-1,0
ore_ont_9792.owl,"SubClassOf(<http://doe-generated-ontology.com/OntoAD#C1254351> <http://doe-generated-ontology.com/OntoAD#C2093625>)",19279,910.7999999999998,830.3,19456,706,746.9999999999999,11983,649,830.3,15805,727,746.9999999999999,6205,680,2,830.3,36011,709
ore_ont_9792.owl,"SubClassOf(<http://doe-generated-ontology.com/OntoAD#C1457887> <http://doe-generated-ontology.com/OntoAD#Finding>)",19279,60.1,32.1,12114,601,12.399999999999999,9251,607,32.1,11856,644,12.399999999999999,6210,607,1,32.1,20935,583
ore_ont_9792.owl,"SubClassOf(<http://doe-generated-ontology.com/OntoAD#C0018524> <http://doe-generated-ontology.com/OntoAD#C1457887>)",19279,638.3999999999999,582.5999999999998,175149,678,579.7999999999998,11954,645,582.5999999999998,47140,676,500.09999999999997,6307,670,2,582.5999999999998,226953,813
ore_ont_9792.owl,"SubClassOf(<http://doe-generated-ontology.com/OntoAD#C0031809> <http://doe-generated-ontology.com/OntoAD#IntellectualProduct>)",19279,1682.1999999999998,1682.1999999999998,18389,737,1677.6999999999998,12674,752,1682.1999999999998,14944,777,1682.1999999999998,6314,773,1,1682.1999999999998,31995,794
ore_ont_9792.owl,"SubClassOf(<http://doe-generated-ontology.com/OntoAD#AD000246> <http://doe-generated-ontology.com/OntoAD#ConceptsToAdd>)",19279,-1.0,-1.0,3491,0,-1.0,3414,0,-1.0,3429,0,-1.0,3432,0,0,-1.0,3369,0
ore_ont_9792.owl,"SubClassOf(<http://doe-generated-ontology.com/OntoAD#C2093625> <http://doe-generated-ontology.com/OntoAD#C0087111>)",19279,-1.0,-1.0,3463,0,-1.0,3405,0,-1.0,3430,0,-1.0,3418,0,0,-1.0,3407,0
ore_ont_9792.owl,"SubClassOf(<http://doe-generated-ontology.com/OntoAD#C2093625> <http://doe-generated-ontology.com/OntoAD#C0013227>)",19279,-1.0,-1.0,3437,0,-1.0,3446,0,-1.0,3420,0,-1.0,3422,0,0,-1.0,3418,0
ore_ont_935.owl,"SubClassOf(<http://purl.obolibrary.org/obo/FYPO_0001362> <http://purl.obolibrary.org/obo/FYPO_0000002>)",21585,-1.0,-1.0,-1,0,-1.0,-1,0,-1.0,-1,0,-1.0,-1,0,1,-1.0,-1,0
ore_ont_935.owl,"SubClassOf(<http://purl.obolibrary.org/obo/FYPO_0001330> <http://purl.obolibrary.org/obo/PATO_0001159>)",21585,12630.199999999997,-1.0,-1,0,12628.699999999997,246407,2600,12635.899999999998,146044,2228,12634.6,123657,2528,3,-1.0,-1,0
ore_ont_935.owl,"SubClassOf(<http://purl.obolibrary.org/obo/FYPO_0001362> <http://purl.obolibrary.org/obo/PATO_0000001>)",21585,12259.3,12259.3,71007,2466,12259.3,41095,2293,12255.4,19554,2224,12259.3,6651,2106,4,12259.3,104104,2359
ore_ont_935.owl,"SubClassOf(<http://purl.obolibrary.org/obo/CL_0000334> <http://purl.obolibrary.org/obo/CL_0000000>)",21585,1873.1,1862.0,31140,2634,1866.1,15993,2274,1862.0,20288,2366,1862.0,6796,2424,1,1862.0,71026,2095
ore_ont_935.owl,"SubClassOf(<http://purl.obolibrary.org/obo/FYPO_0000663> <http://purl.obolibrary.org/obo/PATO_0002052>)",21585,-1.0,-1.0,3529,0,-1.0,3549,0,-1.0,3607,0,-1.0,3562,0,0,-1.0,3577,0
ore_ont_935.owl,"SubClassOf(<http://purl.obolibrary.org/obo/FYPO_0000662> <http://purl.obolibrary.org/obo/PATO_0002051>)",21585,-1.0,-1.0,3601,0,-1.0,3604,0,-1.0,3544,0,-1.0,3567,0,0,-1.0,3529,0
ore_ont_935.owl,"SubClassOf(<http://purl.obolibrary.org/obo/FYPO_0001330> <http://purl.obolibrary.org/obo/PATO_0001162>)",21585,12630.199999999997,12632.599999999997,11835,2217,12632.599999999997,18519,2232,12632.599999999997,12141,2292,12630.199999999997,6727,2448,1,12632.599999999997,28432,2376
ore_ont_935.owl,"SubClassOf(<http://purl.obolibrary.org/obo/GO_0072690> <http://purl.obolibrary.org/obo/GO_0044763>)",21585,-1.0,-1.0,3660,0,-1.0,3632,0,-1.0,3759,0,-1.0,3738,0,0,-1.0,3705,0
ore_ont_935.owl,"SubClassOf(<http://purl.obolibrary.org/obo/GO_0071850> <http://purl.obolibrary.org/obo/GO_0065007>)",21585,12755.500000000002,-1.0,-1,0,12729.899999999996,20286,2328,12775.700000000003,17585,2540,12775.700000000003,10972,2454,1,-1.0,-1,0
ore_ont_935.owl,"SubClassOf(<http://purl.obolibrary.org/obo/FYPO_0000664> <http://purl.obolibrary.org/obo/PATO_0001558>)",21585,-1.0,-1.0,3686,0,-1.0,3698,0,-1.0,3846,0,-1.0,3781,0,0,-1.0,3666,0
ore_ont_2317.owl,"SubClassOf(<http://purl.obolibrary.org/obo/GO_0045289> <http://purl.obolibrary.org/obo/GO_0004497>)",18324,-1.0,-1.0,3984,0,-1.0,3873,0,-1.0,4103,0,-1.0,3856,0,0,-1.0,3877,0
ore_ont_2317.owl,"SubClassOf(<http://purl.obolibrary.org/obo/GO_0004601> <http://purl.obolibrary.org/obo/GO_0003824>)",18324,-1.0,-1.0,3886,0,-1.0,3951,0,-1.0,3916,0,-1.0,3760,0,0,-1.0,3756,0
ore_ont_2317.owl,"SubClassOf(<http://purl.obolibrary.org/obo/GO_0008233> <http://purl.obolibrary.org/obo/GO_0016787>)",18324,-1.0,-1.0,3738,0,-1.0,3701,0,-1.0,3855,0,-1.0,3755,0,0,-1.0,3695,0
ore_ont_2317.owl,"SubClassOf(<http://purl.obolibrary.org/obo/GO_0015075> <http://purl.obolibrary.org/obo/GO_0022857>)",18324,-1.0,-1.0,3686,0,-1.0,3692,0,-1.0,3695,0,-1.0,3709,0,0,-1.0,3647,0
ore_ont_2317.owl,"SubClassOf(<http://purl.obolibrary.org/obo/GO_0016502> <http://purl.obolibrary.org/obo/GO_0004872>)",18324,-1.0,-1.0,3715,0,-1.0,3677,0,-1.0,3692,0,-1.0,3725,0,0,-1.0,3693,0
ore_ont_2317.owl,"SubClassOf(<http://purl.obolibrary.org/obo/GO_0018611> <http://purl.obolibrary.org/obo/GO_0051213>)",18324,-1.0,-1.0,3719,0,-1.0,3757,0,-1.0,3756,0,-1.0,3681,0,0,-1.0,3727,0
ore_ont_2317.owl,"SubClassOf(<http://purl.obolibrary.org/obo/GO_0015197> <http://purl.obolibrary.org/obo/GO_0005215>)",18324,-1.0,-1.0,3656,0,-1.0,3641,0,-1.0,3682,0,-1.0,3686,0,0,-1.0,3752,0
ore_ont_2317.owl,"SubClassOf(<http://purl.obolibrary.org/obo/GO_0043167> <http://purl.obolibrary.org/obo/GO_0005488>)",18324,-1.0,-1.0,3755,0,-1.0,3874,0,-1.0,3759,0,-1.0,3702,0,0,-1.0,3622,0
ore_ont_2317.owl,"SubClassOf(<http://purl.obolibrary.org/obo/GO_0051427> <http://purl.obolibrary.org/obo/GO_0005102>)",18324,-1.0,-1.0,3697,0,-1.0,3699,0,-1.0,3678,0,-1.0,3649,0,0,-1.0,3774,0
ore_ont_2317.owl,"SubClassOf(<http://purl.obolibrary.org/obo/GO_0008976> <http://purl.obolibrary.org/obo/GO_0016301>)",18324,-1.0,-1.0,3748,0,-1.0,3843,0,-1.0,3842,0,-1.0,3838,0,0,-1.0,3656,0
ore_ont_5487.owl,"SubClassOf(<http://purl.obolibrary.org/obo/ENSEMBL_ENSXETG00000008493> <http://purl.obolibrary.org/obo/SO_0000336>)",19884,-1.0,-1.0,3699,0,-1.0,3761,0,-1.0,3805,0,-1.0,3893,0,0,-1.0,3824,0
ore_ont_5487.owl,"SubClassOf(<http://purl.obolibrary.org/obo/ENSEMBL_ENSXETG00000032084> <http://purl.obolibrary.org/obo/SO_0000274>)",19884,-1.0,-1.0,3721,0,-1.0,3722,0,-1.0,3803,0,-1.0,3769,0,0,-1.0,3896,0
ore_ont_5487.owl,"SubClassOf(<http://purl.obolibrary.org/obo/ENSEMBL_ENSXETG00000033179> <http://purl.obolibrary.org/obo/SO_0000276>)",19884,-1.0,-1.0,3892,0,-1.0,3904,0,-1.0,4065,0,-1.0,3793,0,0,-1.0,3759,0
ore_ont_5487.owl,"SubClassOf(<http://purl.obolibrary.org/obo/ENSEMBL_ENSXETG00000017801> <http://purl.obolibrary.org/obo/SO_0001217>)",19884,-1.0,-1.0,3883,0,-1.0,3903,0,-1.0,3729,0,-1.0,4061,0,0,-1.0,3742,0
ore_ont_5487.owl,"SubClassOf(<http://purl.obolibrary.org/obo/ENSEMBL_ENSXETG00000017800> <http://purl.obolibrary.org/obo/SO_0001217>)",19884,-1.0,-1.0,3840,0,-1.0,3824,0,-1.0,3767,0,-1.0,3739,0,0,-1.0,3916,0
ore_ont_5487.owl,"SubClassOf(<http://purl.obolibrary.org/obo/ENSEMBL_ENSXETG00000033293> <http://purl.obolibrary.org/obo/SO_0000180>)",19884,-1.0,-1.0,3759,0,-1.0,3998,0,-1.0,3922,0,-1.0,3937,0,0,-1.0,3734,0
ore_ont_5487.owl,"SubClassOf(<http://purl.obolibrary.org/obo/ENSEMBL_ENSXETG00000032760> <http://purl.obolibrary.org/obo/SO_0000252>)",19884,-1.0,-1.0,3909,0,-1.0,3968,0,-1.0,3840,0,-1.0,3768,0,0,-1.0,3726,0
ore_ont_5487.owl,"SubClassOf(<http://purl.obolibrary.org/obo/ENSEMBL_ENSXETG00000029473> <http://purl.obolibrary.org/obo/SO_0000275>)",19884,-1.0,-1.0,3678,0,-1.0,3700,0,-1.0,3671,0,-1.0,3631,0,0,-1.0,3686,0
ore_ont_5487.owl,"SubClassOf(<http://purl.obolibrary.org/obo/ENSEMBL_ENSXETG00000033032> <http://purl.obolibrary.org/obo/SO_0000655>)",19884,-1.0,-1.0,3717,0,-1.0,3741,0,-1.0,3677,0,-1.0,3751,0,0,-1.0,3684,0
ore_ont_5487.owl,"SubClassOf(<http://purl.obolibrary.org/obo/ENSEMBL_ENSXETG00000017809> <http://purl.obolibrary.org/obo/SO_0001217>)",19884,-1.0,-1.0,3650,0,-1.0,3685,0,-1.0,3690,0,-1.0,3615,0,0,-1.0,3688,0
ore_ont_9513.owl,"SubClassOf(<http://purl.obolibrary.org/obo/MGI_MGI%3A3643093> <http://purl.obolibrary.org/obo/PANTHER_PTHR24061>)",19680,-1.0,-1.0,3864,0,-1.0,3966,0,-1.0,3855,0,-1.0,3922,0,0,-1.0,3860,0
ore_ont_9513.owl,"SubClassOf(<http://purl.obolibrary.org/obo/MGI_MGI%3A1935227> <http://purl.obolibrary.org/obo/PANTHER_PTHR24028>)",19680,-1.0,-1.0,3875,0,-1.0,3934,0,-1.0,3925,0,-1.0,3858,0,0,-1.0,3960,0
ore_ont_9513.owl,"SubClassOf(<http://purl.obolibrary.org/obo/MGI_MGI%3A3710610> <http://purl.obolibrary.org/obo/PANTHER_PTHR21558>)",19680,-1.0,-1.0,3849,0,-1.0,4002,0,-1.0,3853,0,-1.0,3974,0,0,-1.0,3961,0
ore_ont_9513.owl,"SubClassOf(<http://purl.obolibrary.org/obo/MGI_MGI%3A1277212> <http://purl.obolibrary.org/obo/PANTHER_PTHR24402>)",19680,-1.0,-1.0,3912,0,-1.0,3911,0,-1.0,4011,0,-1.0,4031,0,0,-1.0,3968,0
ore_ont_9513.owl,"SubClassOf(<http://purl.obolibrary.org/obo/MGI_MGI%3A2684869> <http://purl.obolibrary.org/obo/PANTHER_PTHR24103>)",19680,-1.0,-1.0,3961,0,-1.0,3987,0,-1.0,3880,0,-1.0,4006,0,0,-1.0,3914,0
ore_ont_9513.owl,"SubClassOf(<http://purl.obolibrary.org/obo/MGI_MGI%3A3648662> <http://purl.obolibrary.org/obo/PANTHER_PTHR24062>)",19680,-1.0,-1.0,3806,0,-1.0,3868,0,-1.0,3868,0,-1.0,3856,0,0,-1.0,4002,0
ore_ont_9513.owl,"SubClassOf(<http://purl.obolibrary.org/obo/MGI_MGI%3A2444913> <http://purl.obolibrary.org/obo/PANTHER_PTHR23239>)",19680,-1.0,-1.0,4042,0,-1.0,3957,0,-1.0,3905,0,-1.0,3907,0,0,-1.0,3932,0
ore_ont_9513.owl,"SubClassOf(<http://purl.obolibrary.org/obo/MGI_MGI%3A2681831> <http://purl.obolibrary.org/obo/PANTHER_PTHR24329>)",19680,-1.0,-1.0,4005,0,-1.0,3833,0,-1.0,3826,0,-1.0,4078,0,0,-1.0,3956,0
ore_ont_9513.owl,"SubClassOf(<http://purl.obolibrary.org/obo/MGI_MGI%3A3704250> <http://purl.obolibrary.org/obo/PANTHER_PTHR14224>)",19680,-1.0,-1.0,3954,0,-1.0,3917,0,-1.0,4027,0,-1.0,4079,0,0,-1.0,3935,0
ore_ont_9513.owl,"SubClassOf(<http://purl.obolibrary.org/obo/MGI_MGI%3A894696> <http://purl.obolibrary.org/obo/PANTHER_PTHR11461>)",19680,-1.0,-1.0,3996,0,-1.0,3902,0,-1.0,3981,0,-1.0,4116,0,0,-1.0,4032,0
ore_ont_6433.owl,"SubClassOf(<http://www.ontologydesignpatterns.org/ont/fao/agrovoc.owl#Chlorsulfuron> <http://www.ontologydesignpatterns.org/ont/fao/agrovoc.owl#Agricultural_Chemicals>)",16382,-1.0,-1.0,3759,0,-1.0,3805,0,-1.0,3996,0,-1.0,3901,0,0,-1.0,3864,0
ore_ont_6433.owl,"SubClassOf(<http://www.ontologydesignpatterns.org/ont/fao/agrovoc.owl#Measuring_Instruments> <http://www.ontologydesignpatterns.org/ont/fao/agrovoc.owl#Equipment>)",16382,-1.0,-1.0,3827,0,-1.0,3918,0,-1.0,3706,0,-1.0,3688,0,0,-1.0,3672,0
ore_ont_6433.owl,"SubClassOf(<http://www.ontologydesignpatterns.org/ont/fao/agrovoc.owl#Paspalum> <http://www.ontologydesignpatterns.org/ont/fao/agrovoc.owl#Poaceae>)",16382,-1.0,-1.0,3686,0,-1.0,3615,0,-1.0,3561,0,-1.0,3629,0,0,-1.0,3697,0
ore_ont_6433.owl,"SubClassOf(<http://www.ontologydesignpatterns.org/ont/fao/agrovoc.owl#Flatfish> <http://www.ontologydesignpatterns.org/ont/fao/agrovoc.owl#Saltwater_Fishes>)",16382,-1.0,-1.0,3685,0,-1.0,3679,0,-1.0,3567,0,-1.0,3661,0,0,-1.0,3582,0
ore_ont_6433.owl,"SubClassOf(<http://www.ontologydesignpatterns.org/ont/fao/agrovoc.owl#Vigna> <http://www.ontologydesignpatterns.org/ont/fao/agrovoc.owl#Papilionoideae>)",16382,-1.0,-1.0,3682,0,-1.0,3637,0,-1.0,3614,0,-1.0,3630,0,0,-1.0,3672,0
ore_ont_6433.owl,"SubClassOf(<http://www.ontologydesignpatterns.org/ont/fao/agrovoc.owl#Squashes> <http://www.ontologydesignpatterns.org/ont/fao/agrovoc.owl#Vegetables>)",16382,-1.0,-1.0,3675,0,-1.0,3592,0,-1.0,3573,0,-1.0,3587,0,0,-1.0,3593,0
ore_ont_6433.owl,"SubClassOf(<http://www.ontologydesignpatterns.org/ont/fao/agrovoc.owl#Penicillium> <http://www.ontologydesignpatterns.org/ont/fao/agrovoc.owl#Deuteromycotina>)",16382,-1.0,-1.0,3660,0,-1.0,3718,0,-1.0,3612,0,-1.0,3595,0,0,-1.0,3627,0
ore_ont_6433.owl,"SubClassOf(<http://www.ontologydesignpatterns.org/ont/fao/agrovoc.owl#Agricultural_Chemicals> <http://www.ontologydesignpatterns.org/ont/fao/agrovoc.owl#AGTOP>)",16382,-1.0,-1.0,3651,0,-1.0,3694,0,-1.0,3791,0,-1.0,3698,0,0,-1.0,3794,0
ore_ont_6433.owl,"SubClassOf(<http://www.ontologydesignpatterns.org/ont/fao/agrovoc.owl#Drying> <http://www.ontologydesignpatterns.org/ont/fao/agrovoc.owl#Processing>)",16382,-1.0,-1.0,3660,0,-1.0,3743,0,-1.0,3782,0,-1.0,3669,0,0,-1.0,3734,0
ore_ont_6433.owl,"SubClassOf(<http://www.ontologydesignpatterns.org/ont/fao/agrovoc.owl#Oreochromis> <http://www.ontologydesignpatterns.org/ont/fao/agrovoc.owl#Percoidei>)",16382,-1.0,-1.0,3707,0,-1.0,3701,0,-1.0,3718,0,-1.0,3805,0,0,-1.0,3690,0
ore_ont_4235.owl,"SubClassOf(<http://purl.obolibrary.org/obo/UniProtKB#_F4JHB3> <http://purl.obolibrary.org/obo/PR_000000001>)",24422,-1.0,-1.0,3949,0,-1.0,4146,0,-1.0,3976,0,-1.0,3958,0,0,-1.0,3884,0
ore_ont_4235.owl,"SubClassOf(<http://purl.obolibrary.org/obo/UniProtKB#_Q9FPT1> <http://purl.obolibrary.org/obo/PR_000000001>)",24422,-1.0,-1.0,3948,0,-1.0,3837,0,-1.0,3861,0,-1.0,3935,0,0,-1.0,4087,0
ore_ont_4235.owl,"SubClassOf(<http://purl.obolibrary.org/obo/UniProtKB#_Q9SVY4> <http://purl.obolibrary.org/obo/PR_000000001>)",24422,-1.0,-1.0,3903,0,-1.0,4236,0,-1.0,4003,0,-1.0,3986,0,0,-1.0,3984,0
ore_ont_4235.owl,"SubClassOf(<http://purl.obolibrary.org/obo/UniProtKB#_Q9SVY1> <http://purl.obolibrary.org/obo/PR_000000001>)",24422,-1.0,-1.0,4186,0,-1.0,4253,0,-1.0,4309,0,-1.0,4078,0,0,-1.0,4407,0
ore_ont_4235.owl,"SubClassOf(<http://purl.obolibrary.org/obo/UniProtKB#_Q9FPS2> <http://purl.obolibrary.org/obo/PR_000000001>)",24422,-1.0,-1.0,3986,0,-1.0,4323,0,-1.0,4275,0,-1.0,4269,0,0,-1.0,4060,0
ore_ont_4235.owl,"SubClassOf(<http://purl.obolibrary.org/obo/UniProtKB#_Q9FPS3> <http://purl.obolibrary.org/obo/PR_000000001>)",24422,-1.0,-1.0,4080,0,-1.0,4146,0,-1.0,4061,0,-1.0,4249,0,0,-1.0,3971,0
ore_ont_4235.owl,"SubClassOf(<http://purl.obolibrary.org/obo/UniProtKB#_Q9FPS4> <http://purl.obolibrary.org/obo/PR_000000001>)",24422,-1.0,-1.0,3914,0,-1.0,3802,0,-1.0,3906,0,-1.0,3905,0,0,-1.0,3918,0
ore_ont_4235.owl,"SubClassOf(<http://purl.obolibrary.org/obo/UniProtKB#_Q9SVY0> <http://purl.obolibrary.org/obo/PR_000000001>)",24422,-1.0,-1.0,3862,0,-1.0,3836,0,-1.0,3822,0,-1.0,3870,0,0,-1.0,3889,0
ore_ont_4235.owl,"SubClassOf(<http://purl.obolibrary.org/obo/UniProtKB#_Q9SVY8> <http://purl.obolibrary.org/obo/PR_000000001>)",24422,-1.0,-1.0,3873,0,-1.0,3865,0,-1.0,3905,0,-1.0,3885,0,0,-1.0,3907,0
ore_ont_4235.owl,"SubClassOf(<http://purl.obolibrary.org/obo/UniProtKB#_Q9SVY5> <http://purl.obolibrary.org/obo/PR_000000001>)",24422,-1.0,-1.0,3734,0,-1.0,3785,0,-1.0,3849,0,-1.0,3873,0,0,-1.0,3940,0
ore_ont_11081.owl,"SubClassOf(<http://purl.obolibrary.org/obo/FYPO_0001362> <http://purl.obolibrary.org/obo/FYPO_0000002>)",27205,-1.0,-1.0,-1,0,-1.0,-1,0,-1.0,-1,0,-1.0,-1,0,1,-1.0,-1,0
ore_ont_11081.owl,"SubClassOf(<http://purl.obolibrary.org/obo/PATO_0002052> <http://purl.obolibrary.org/obo/PATO_0000001>)",27205,6371.700000000001,-1.0,-1,0,6333.299999999999,160851,3073,6374.1,71391,3081,6324.900000000001,15258,2967,2,-1.0,-1,0
ore_ont_11081.owl,"SubClassOf(<http://purl.obolibrary.org/obo/CL_0000334> <http://purl.obolibrary.org/obo/CL_0000000>)",27205,2307.4999999999995,2296.4,45424,2760,2300.5,16881,2991,2296.4,27563,2930,2300.5,7060,2917,1,2296.4,106408,3070
ore_ont_11081.owl,"SubClassOf(<http://purl.obolibrary.org/obo/GO_0072690> <http://purl.obolibrary.org/obo/GO_0008150>)",27205,1158.2999999999997,1151.0,13936,3322,1146.8000000000002,16824,2790,1151.0,12697,2807,1151.0,7139,2791,2,1151.0,30308,2778
ore_ont_11081.owl,"SubClassOf(<http://purl.obolibrary.org/obo/FYPO_0000663> <http://purl.obolibrary.org/obo/PATO_0002052>)",27205,-1.0,-1.0,3731,0,-1.0,3724,0,-1.0,3677,0,-1.0,3676,0,0,-1.0,3737,0
ore_ont_11081.owl,"SubClassOf(<http://purl.obolibrary.org/obo/PATO_0000461> <http://purl.obolibrary.org/obo/PATO_0000001>)",27205,1733.6000000000001,1723.7000000000003,26216,2810,1726.1,17270,3007,1723.7000000000003,22473,2977,1726.1,7599,2997,2,1723.7000000000003,70551,3223
ore_ont_11081.owl,"SubClassOf(<http://purl.obolibrary.org/obo/FYPO_0000662> <http://purl.obolibrary.org/obo/PATO_0002051>)",27205,-1.0,-1.0,3861,0,-1.0,4144,0,-1.0,3962,0,-1.0,3992,0,0,-1.0,4039,0
ore_ont_11081.owl,"SubClassOf(<http://purl.obolibrary.org/obo/PATO_0000460> <http://purl.obolibrary.org/obo/PATO_0000001>)",27205,1733.6000000000001,1723.7000000000003,23922,2948,1726.1,17432,2965,1723.7000000000003,18510,3023,1726.1,6913,2919,1,1723.7000000000003,56245,3224
ore_ont_11081.owl,"SubClassOf(<http://purl.obolibrary.org/obo/FYPO_0000127> <http://purl.obolibrary.org/obo/PATO_0001551>)",27205,-1.0,-1.0,3708,0,-1.0,3773,0,-1.0,3814,0,-1.0,3700,0,0,-1.0,3840,0
ore_ont_11081.owl,"SubClassOf(<http://purl.obolibrary.org/obo/FYPO_0000664> <http://purl.obolibrary.org/obo/PATO_0001558>)",27205,-1.0,-1.0,3876,0,-1.0,3784,0,-1.0,3848,0,-1.0,3821,0,0,-1.0,3767,0
ore_ont_7716.owl,"SubClassOf(<http://purl.obolibrary.org/obo/FMA_20328> <http://purl.obolibrary.org/obo/FMA_9653>)",25634,-1.0,-1.0,4132,0,-1.0,3948,0,-1.0,4108,0,-1.0,3993,0,0,-1.0,4280,0
ore_ont_7716.owl,"SubClassOf(<http://purl.obolibrary.org/obo/FMA_10681> <http://purl.obolibrary.org/obo/FMA_10663>)",25634,-1.0,-1.0,4090,0,-1.0,4192,0,-1.0,4296,0,-1.0,4218,0,0,-1.0,4163,0
ore_ont_7716.owl,"SubClassOf(<http://purl.obolibrary.org/obo/FMA_10698> <http://purl.obolibrary.org/obo/FMA_70353>)",25634,14172.899999999998,14175.599999999999,12492,19574,14175.599999999999,49879,17230,14175.599999999999,12993,17299,14175.599999999999,7396,17324,1,14175.599999999999,55831,18601
ore_ont_7716.owl,"SubClassOf(<http://purl.obolibrary.org/obo/FMA_14151> <http://purl.obolibrary.org/obo/FMA_9337>)",25634,-1.0,-1.0,3941,0,-1.0,4049,0,-1.0,4098,0,-1.0,3922,0,0,-1.0,4283,0
ore_ont_7716.owl,"SubClassOf(<http://purl.obolibrary.org/obo/FMA_223915> <http://purl.obolibrary.org/obo/FMA_62865>)",25634,-1.0,-1.0,4095,0,-1.0,4049,0,-1.0,3995,0,-1.0,4222,0,0,-1.0,4047,0
ore_ont_7716.owl,"SubClassOf(<http://purl.obolibrary.org/obo/FMA_224106> <http://purl.obolibrary.org/obo/FMA_224058>)",25634,-1.0,-1.0,3925,0,-1.0,4195,0,-1.0,4065,0,-1.0,4157,0,0,-1.0,4009,0
ore_ont_7716.owl,"SubClassOf(<http://purl.obolibrary.org/obo/FMA_232916> <http://purl.obolibrary.org/obo/FMA_63815>)",25634,-1.0,-1.0,4099,0,-1.0,4175,0,-1.0,4110,0,-1.0,4291,0,0,-1.0,4268,0
ore_ont_7716.owl,"SubClassOf(<http://purl.obolibrary.org/obo/FMA_18332> <http://purl.obolibrary.org/obo/FMA_86103>)",25634,-1.0,-1.0,3960,0,-1.0,4233,0,-1.0,4159,0,-1.0,4087,0,0,-1.0,4132,0
ore_ont_7716.owl,"SubClassOf(<http://purl.obolibrary.org/obo/FMA_10698> <http://purl.obolibrary.org/obo/FMA_10663>)",25634,-1.0,-1.0,4123,0,-1.0,4093,0,-1.0,4157,0,-1.0,4301,0,0,-1.0,4056,0
ore_ont_7716.owl,"SubClassOf(<http://purl.obolibrary.org/obo/FMA_20347> <http://purl.obolibrary.org/obo/FMA_20346>)",25634,-1.0,-1.0,3958,0,-1.0,3865,0,-1.0,3944,0,-1.0,3872,0,0,-1.0,4006,0
ore_ont_2661.owl,"SubClassOf(<http://purl.obolibrary.org/obo/ENSEMBL_K08F4.8> <http://purl.obolibrary.org/obo/ENSEMBL_ENSFM00250000001200>)",20389,-1.0,-1.0,4024,0,-1.0,3933,0,-1.0,4009,0,-1.0,3930,0,0,-1.0,4010,0
ore_ont_2661.owl,"SubClassOf(<http://purl.obolibrary.org/obo/ENSEMBL_F54B8.16> <http://purl.obolibrary.org/obo/ENSEMBL_ENSFM00500000270898>)",20389,-1.0,-1.0,3938,0,-1.0,3910,0,-1.0,3999,0,-1.0,3942,0,0,-1.0,3934,0
ore_ont_2661.owl,"SubClassOf(<http://purl.obolibrary.org/obo/ENSEMBL_T23F1.4> <http://purl.obolibrary.org/obo/ENSEMBL_ENSFM00500000270900>)",20389,-1.0,-1.0,3967,0,-1.0,4033,0,-1.0,4017,0,-1.0,3987,0,0,-1.0,3961,0
ore_ont_2661.owl,"SubClassOf(<http://purl.obolibrary.org/obo/ENSEMBL_Y49C4A.8> <http://purl.obolibrary.org/obo/ENSEMBL_ENSFM00250000000580>)",20389,-1.0,-1.0,3983,0,-1.0,3955,0,-1.0,4187,0,-1.0,4037,0,0,-1.0,4013,0
ore_ont_2661.owl,"SubClassOf(<http://purl.obolibrary.org/obo/ENSEMBL_Y119D3B.8> <http://purl.obolibrary.org/obo/ENSEMBL_ENSFM00500000271108>)",20389,-1.0,-1.0,3951,0,-1.0,4178,0,-1.0,4200,0,-1.0,4031,0,0,-1.0,4135,0
ore_ont_2661.owl,"SubClassOf(<http://purl.obolibrary.org/obo/ENSEMBL_T10H9.6> <http://purl.obolibrary.org/obo/ENSEMBL_ENSFM00500000271667>)",20389,-1.0,-1.0,3962,0,-1.0,4076,0,-1.0,4119,0,-1.0,4105,0,0,-1.0,4146,0
ore_ont_2661.owl,"SubClassOf(<http://purl.obolibrary.org/obo/ENSEMBL_ZK354.9> <http://purl.obolibrary.org/obo/ENSEMBL_ENSFM00420000140518>)",20389,-1.0,-1.0,3866,0,-1.0,4295,0,-1.0,4216,0,-1.0,4151,0,0,-1.0,4126,0
ore_ont_2661.owl,"SubClassOf(<http://purl.obolibrary.org/obo/ENSEMBL_C53B4.5> <http://purl.obolibrary.org/obo/ENSEMBL_ENSFM00600000921403>)",20389,-1.0,-1.0,4080,0,-1.0,4178,0,-1.0,4079,0,-1.0,4046,0,0,-1.0,4680,0
ore_ont_2661.owl,"SubClassOf(<http://purl.obolibrary.org/obo/ENSEMBL_F44C8.8> <http://purl.obolibrary.org/obo/ENSEMBL_ENSFM00500000270071>)",20389,-1.0,-1.0,4125,0,-1.0,4201,0,-1.0,4316,0,-1.0,4209,0,0,-1.0,4166,0
ore_ont_2661.owl,"SubClassOf(<http://purl.obolibrary.org/obo/ENSEMBL_F41D3.5> <http://purl.obolibrary.org/obo/ENSEMBL_ENSFM00250000000481>)",20389,-1.0,-1.0,4376,0,-1.0,4121,0,-1.0,4220,0,-1.0,4257,0,0,-1.0,4247,0
ore_ont_12194.owl,"SubClassOf(<http://www.loria.fr/~coulet/ontology/sopharm/version2.0/disease_ontology.owl#DOID_15977> <http://www.loria.fr/~coulet/ontology/sopharm/version2.0/disease_ontology.owl#DOID_19120>)",19382,-1.0,-1.0,3944,0,-1.0,3801,0,-1.0,4089,0,-1.0,4488,0,0,-1.0,4149,0
ore_ont_12194.owl,"SubClassOf(<http://www.loria.fr/~coulet/ontology/sopharm/version2.0/disease_ontology.owl#DOID_2405> <http://www.loria.fr/~coulet/ontology/sopharm/version2.0/disease_ontology.owl#DOID_19132>)",19382,-1.0,-1.0,4356,0,-1.0,3983,0,-1.0,4019,0,-1.0,3954,0,0,-1.0,3754,0
ore_ont_12194.owl,"SubClassOf(<http://www.loria.fr/~coulet/ontology/sopharm/version2.0/disease_ontology.owl#DOID_1097> <http://www.loria.fr/~coulet/ontology/sopharm/version2.0/disease_ontology.owl#DOID_21>)",19382,-1.0,-1.0,3682,0,-1.0,3816,0,-1.0,3781,0,-1.0,3748,0,0,-1.0,3727,0
ore_ont_12194.owl,"SubClassOf(<http://www.loria.fr/~coulet/ontology/sopharm/version2.0/disease_ontology.owl#DOID_11245> <http://www.loria.fr/~coulet/ontology/sopharm/version2.0/disease_ontology.owl#DOID_19119>)",19382,-1.0,-1.0,3713,0,-1.0,3685,0,-1.0,3737,0,-1.0,3677,0,0,-1.0,3766,0
ore_ont_12194.owl,"SubClassOf(<http://www.loria.fr/~coulet/ontology/sopharm/version2.0/disease_ontology.owl#DOID_2037> <http://www.loria.fr/~coulet/ontology/sopharm/version2.0/disease_ontology.owl#DOID_1228>)",19382,-1.0,-1.0,3722,0,-1.0,3808,0,-1.0,3778,0,-1.0,3726,0,0,-1.0,3643,0
ore_ont_12194.owl,"SubClassOf(<http://www.loria.fr/~coulet/ontology/sopharm/version2.0/disease_ontology.owl#DOID_225> <http://www.loria.fr/~coulet/ontology/sopharm/version2.0/disease_ontology.owl#DOID_1150>)",19382,-1.0,-1.0,3733,0,-1.0,3722,0,-1.0,3703,0,-1.0,3730,0,0,-1.0,3780,0
ore_ont_12194.owl,"SubClassOf(<http://www.loria.fr/~coulet/ontology/sopharm/version2.0/disease_ontology.owl#DOID_1150> <http://www.loria.fr/~coulet/ontology/sopharm/version2.0/disease_ontology.owl#DOID_1493>)",19382,-1.0,-1.0,3784,0,-1.0,3722,0,-1.0,3746,0,-1.0,3718,0,0,-1.0,3746,0
ore_ont_12194.owl,"SubClassOf(<http://www.loria.fr/~coulet/ontology/sopharm/version2.0/disease_ontology.owl#DOID_19119> <http://www.loria.fr/~coulet/ontology/sopharm/version2.0/disease_ontology.owl#DOID_19129>)",19382,-1.0,-1.0,3711,0,-1.0,3771,0,-1.0,3764,0,-1.0,3772,0,0,-1.0,3705,0
ore_ont_12194.owl,"SubClassOf(<http://www.loria.fr/~coulet/ontology/sopharm/version2.0/disease_ontology.owl#DOID_2315> <http://www.loria.fr/~coulet/ontology/sopharm/version2.0/disease_ontology.owl#DOID_7345>)",19382,-1.0,-1.0,3727,0,-1.0,3867,0,-1.0,3875,0,-1.0,4126,0,0,-1.0,3849,0
ore_ont_12194.owl,"SubClassOf(<http://www.loria.fr/~coulet/ontology/sopharm/version2.0/disease_ontology.owl#DOID_5375> <http://www.loria.fr/~coulet/ontology/sopharm/version2.0/disease_ontology.owl#DOID_1234>)",19382,-1.0,-1.0,3708,0,-1.0,3731,0,-1.0,3897,0,-1.0,3829,0,0,-1.0,3922,0
ore_ont_16687.owl,"SubClassOf(<http://purl.obolibrary.org/obo/ENSEMBL_ENSDARG00000091091> <http://purl.obolibrary.org/obo/SO_0000655>)",32313,-1.0,-1.0,4035,0,-1.0,4229,0,-1.0,4316,0,-1.0,4015,0,0,-1.0,4357,0
ore_ont_16687.owl,"SubClassOf(<http://purl.obolibrary.org/obo/ENSEMBL_ENSDARG00000083706> <http://purl.obolibrary.org/obo/SO_0000276>)",32313,-1.0,-1.0,4498,0,-1.0,4076,0,-1.0,4168,0,-1.0,4426,0,0,-1.0,4273,0
ore_ont_16687.owl,"SubClassOf(<http://purl.obolibrary.org/obo/ENSEMBL_ENSDARG00000082618> <http://purl.obolibrary.org/obo/SO_0000252>)",32313,-1.0,-1.0,4210,0,-1.0,4275,0,-1.0,4121,0,-1.0,4055,0,0,-1.0,4256,0
ore_ont_16687.owl,"SubClassOf(<http://purl.obolibrary.org/obo/ENSEMBL_ENSDARG00000082739> <http://purl.obolibrary.org/obo/SO_0000275>)",32313,-1.0,-1.0,3954,0,-1.0,4354,0,-1.0,4204,0,-1.0,4214,0,0,-1.0,4370,0
ore_ont_16687.owl,"SubClassOf(<http://purl.obolibrary.org/obo/ENSEMBL_ENSDARG00000095931> <http://purl.obolibrary.org/obo/SO_0001503>)",32313,-1.0,-1.0,4596,0,-1.0,4151,0,-1.0,4790,0,-1.0,4360,0,0,-1.0,4456,0
ore_ont_16687.owl,"SubClassOf(<http://purl.obolibrary.org/obo/ENSEMBL_ENSDARG00000094481> <http://purl.obolibrary.org/obo/SO_0000704>)",32313,-1.0,-1.0,4437,0,-1.0,4220,0,-1.0,4130,0,-1.0,3977,0,0,-1.0,4068,0
ore_ont_16687.owl,"SubClassOf(<http://purl.obolibrary.org/obo/ENSEMBL_ENSDARG00000015807> <http://purl.obolibrary.org/obo/SO_0001217>)",32313,-1.0,-1.0,4118,0,-1.0,4043,0,-1.0,4135,0,-1.0,4030,0,0,-1.0,4036,0
ore_ont_16687.owl,"SubClassOf(<http://purl.obolibrary.org/obo/ENSEMBL_ENSDARG00000082614> <http://purl.obolibrary.org/obo/SO_0000274>)",32313,-1.0,-1.0,4074,0,-1.0,3964,0,-1.0,4079,0,-1.0,4024,0,0,-1.0,4031,0
ore_ont_16687.owl,"SubClassOf(<http://purl.obolibrary.org/obo/ENSEMBL_ENSDARG00000031703> <http://purl.obolibrary.org/obo/SO_0000336>)",32313,-1.0,-1.0,3923,0,-1.0,4061,0,-1.0,3899,0,-1.0,3936,0,0,-1.0,3999,0
ore_ont_16687.owl,"SubClassOf(<http://purl.obolibrary.org/obo/ENSEMBL_ENSDARG00000080329> <http://purl.obolibrary.org/obo/SO_0000253>)",32313,-1.0,-1.0,4034,0,-1.0,4089,0,-1.0,3977,0,-1.0,3919,0,0,-1.0,4022,0
ore_ont_12149.owl,"SubClassOf(<http://purl.obolibrary.org/obo/TTO_107911> <http://purl.obolibrary.org/obo/TTO_14030>)",38589,-1.0,-1.0,4177,0,-1.0,4155,0,-1.0,4172,0,-1.0,4233,0,0,-1.0,4379,0
ore_ont_12149.owl,"SubClassOf(<http://purl.obolibrary.org/obo/TTO_100867> <http://purl.obolibrary.org/obo/TTO_10760>)",38589,-1.0,-1.0,4050,0,-1.0,4219,0,-1.0,4322,0,-1.0,4256,0,0,-1.0,4395,0
ore_ont_12149.owl,"SubClassOf(<http://purl.obolibrary.org/obo/TTO_1068919> <http://purl.obolibrary.org/obo/TTO_101503>)",38589,-1.0,-1.0,4169,0,-1.0,4373,0,-1.0,4505,0,-1.0,4312,0,0,-1.0,4380,0
ore_ont_12149.owl,"SubClassOf(<http://purl.obolibrary.org/obo/TTO_1001818> <http://purl.obolibrary.org/obo/TTO_100867>)",38589,-1.0,-1.0,4361,0,-1.0,4563,0,-1.0,4456,0,-1.0,4470,0,0,-1.0,4347,0
ore_ont_12149.owl,"SubClassOf(<http://purl.obolibrary.org/obo/TTO_1068514> <http://purl.obolibrary.org/obo/TTO_100490>)",38589,-1.0,-1.0,4449,0,-1.0,4574,0,-1.0,4564,0,-1.0,4510,0,0,-1.0,4307,0
ore_ont_12149.owl,"SubClassOf(<http://purl.obolibrary.org/obo/TTO_1004808> <http://purl.obolibrary.org/obo/TTO_100552>)",38589,-1.0,-1.0,4277,0,-1.0,4283,0,-1.0,4334,0,-1.0,4558,0,0,-1.0,4657,0
ore_ont_12149.owl,"SubClassOf(<http://purl.obolibrary.org/obo/TTO_104345> <http://purl.obolibrary.org/obo/TTO_13440>)",38589,-1.0,-1.0,4521,0,-1.0,4700,0,-1.0,4637,0,-1.0,4471,0,0,-1.0,4700,0
ore_ont_12149.owl,"SubClassOf(<http://purl.obolibrary.org/obo/TTO_1069967> <http://purl.obolibrary.org/obo/TTO_104345>)",38589,-1.0,-1.0,4277,0,-1.0,4618,0,-1.0,4440,0,-1.0,4999,0,0,-1.0,4256,0
ore_ont_12149.owl,"SubClassOf(<http://purl.obolibrary.org/obo/TTO_14030> <http://purl.obolibrary.org/obo/TTO_1630>)",38589,-1.0,-1.0,4056,0,-1.0,4089,0,-1.0,4215,0,-1.0,4103,0,0,-1.0,4165,0
ore_ont_12149.owl,"SubClassOf(<http://purl.obolibrary.org/obo/TTO_102171> <http://purl.obolibrary.org/obo/TTO_10910>)",38589,-1.0,-1.0,4312,0,-1.0,4331,0,-1.0,4200,0,-1.0,4241,0,0,-1.0,4137,0
ore_ont_7493.owl,"SubClassOf(<http://purl.obolibrary.org/obo/TTO_107911> <http://purl.obolibrary.org/obo/TTO_14030>)",38639,-1.0,-1.0,4127,0,-1.0,4260,0,-1.0,4206,0,-1.0,4255,0,0,-1.0,4295,0
ore_ont_7493.owl,"SubClassOf(<http://purl.obolibrary.org/obo/TTO_100867> <http://purl.obolibrary.org/obo/TTO_10760>)",38639,-1.0,-1.0,4174,0,-1.0,4097,0,-1.0,4178,0,-1.0,4131,0,0,-1.0,4310,0
ore_ont_7493.owl,"SubClassOf(<http://purl.obolibrary.org/obo/TTO_1068919> <http://purl.obolibrary.org/obo/TTO_101503>)",38639,-1.0,-1.0,4260,0,-1.0,4524,0,-1.0,4341,0,-1.0,4181,0,0,-1.0,4366,0
ore_ont_7493.owl,"SubClassOf(<http://purl.obolibrary.org/obo/TTO_1001818> <http://purl.obolibrary.org/obo/TTO_100867>)",38639,-1.0,-1.0,4278,0,-1.0,4144,0,-1.0,4473,0,-1.0,4329,0,0,-1.0,4378,0
ore_ont_7493.owl,"SubClassOf(<http://purl.obolibrary.org/obo/TTO_1068514> <http://purl.obolibrary.org/obo/TTO_100490>)",38639,-1.0,-1.0,4419,0,-1.0,4507,0,-1.0,4438,0,-1.0,4532,0,0,-1.0,4377,0
ore_ont_7493.owl,"SubClassOf(<http://purl.obolibrary.org/obo/TTO_1004808> <http://purl.obolibrary.org/obo/TTO_100552>)",38639,-1.0,-1.0,4348,0,-1.0,4901,0,-1.0,4543,0,-1.0,4558,0,0,-1.0,4592,0
ore_ont_7493.owl,"SubClassOf(<http://purl.obolibrary.org/obo/TTO_104345> <http://purl.obolibrary.org/obo/TTO_13440>)",38639,-1.0,-1.0,4411,0,-1.0,4546,0,-1.0,4388,0,-1.0,4316,0,0,-1.0,4825,0
ore_ont_7493.owl,"SubClassOf(<http://purl.obolibrary.org/obo/TTO_1069967> <http://purl.obolibrary.org/obo/TTO_104345>)",38639,-1.0,-1.0,4283,0,-1.0,4512,0,-1.0,4486,0,-1.0,4713,0,0,-1.0,4238,0
ore_ont_7493.owl,"SubClassOf(<http://purl.obolibrary.org/obo/TTO_14030> <http://purl.obolibrary.org/obo/TTO_1630>)",38639,-1.0,-1.0,4267,0,-1.0,4421,0,-1.0,4441,0,-1.0,4567,0,0,-1.0,4651,0
ore_ont_7493.owl,"SubClassOf(<http://purl.obolibrary.org/obo/TTO_102171> <http://purl.obolibrary.org/obo/TTO_10910>)",38639,-1.0,-1.0,4386,0,-1.0,4636,0,-1.0,4551,0,-1.0,4663,0,0,-1.0,4781,0
ore_ont_6310.owl,"SubClassOf(<http://ncicb.nci.nih.gov/xml/owl/EVS/Hugo.owl#HGNC_4149> <http://ncicb.nci.nih.gov/xml/owl/EVS/Hugo.owl#pseudogene>)",32917,-1.0,-1.0,3949,0,-1.0,3973,0,-1.0,4080,0,-1.0,4030,0,0,-1.0,4140,0
ore_ont_6310.owl,"SubClassOf(<http://ncicb.nci.nih.gov/xml/owl/EVS/Hugo.owl#HGNC_8509> <http://ncicb.nci.nih.gov/xml/owl/EVS/Hugo.owl#withdrawn>)",32917,-1.0,-1.0,4026,0,-1.0,3945,0,-1.0,4024,0,-1.0,3921,0,0,-1.0,4076,0
ore_ont_6310.owl,"SubClassOf(<http://ncicb.nci.nih.gov/xml/owl/EVS/Hugo.owl#HGNC_34124> <http://ncicb.nci.nih.gov/xml/owl/EVS/Hugo.owl#RNA,_pseudogene>)",32917,-1.0,-1.0,3860,0,-1.0,3963,0,-1.0,3941,0,-1.0,3930,0,0,-1.0,3993,0
ore_ont_6310.owl,"SubClassOf(<http://ncicb.nci.nih.gov/xml/owl/EVS/Hugo.owl#HGNC_5357> <http://ncicb.nci.nih.gov/xml/owl/EVS/Hugo.owl#phenotype_only>)",32917,-1.0,-1.0,3985,0,-1.0,4008,0,-1.0,3969,0,-1.0,3940,0,0,-1.0,4164,0
ore_ont_6310.owl,"SubClassOf(<http://ncicb.nci.nih.gov/xml/owl/EVS/Hugo.owl#HGNC_26066> <http://ncicb.nci.nih.gov/xml/owl/EVS/Hugo.owl#gene_with_no_protein_product>)",32917,-1.0,-1.0,4086,0,-1.0,3911,0,-1.0,3980,0,-1.0,4003,0,0,-1.0,4043,0
ore_ont_6310.owl,"SubClassOf(<http://ncicb.nci.nih.gov/xml/owl/EVS/Hugo.owl#HGNC_5477> <http://ncicb.nci.nih.gov/xml/owl/EVS/Hugo.owl#gene_with_protein_product>)",32917,-1.0,-1.0,4000,0,-1.0,4041,0,-1.0,4219,0,-1.0,4203,0,0,-1.0,4138,0
ore_ont_6310.owl,"SubClassOf(<http://ncicb.nci.nih.gov/xml/owl/EVS/Hugo.owl#HGNC_9838> <http://ncicb.nci.nih.gov/xml/owl/EVS/Hugo.owl#unknown>)",32917,-1.0,-1.0,4147,0,-1.0,4112,0,-1.0,4135,0,-1.0,4283,0,0,-1.0,4120,0
ore_ont_6310.owl,"SubClassOf(<http://ncicb.nci.nih.gov/xml/owl/EVS/Hugo.owl#HGNC_12332> <http://ncicb.nci.nih.gov/xml/owl/EVS/Hugo.owl#RNA,_transfer>)",32917,-1.0,-1.0,4087,0,-1.0,4325,0,-1.0,3995,0,-1.0,4296,0,0,-1.0,4083,0
ore_ont_6310.owl,"SubClassOf(<http://ncicb.nci.nih.gov/xml/owl/EVS/Hugo.owl#HGNC_32746> <http://ncicb.nci.nih.gov/xml/owl/EVS/Hugo.owl#RNA,_small_nucleolar>)",32917,-1.0,-1.0,4133,0,-1.0,4333,0,-1.0,4070,0,-1.0,4170,0,0,-1.0,4323,0
ore_ont_6310.owl,"SubClassOf(<http://ncicb.nci.nih.gov/xml/owl/EVS/Hugo.owl#HGNC_32144> <http://ncicb.nci.nih.gov/xml/owl/EVS/Hugo.owl#RNA,_micro>)",32917,-1.0,-1.0,4217,0,-1.0,4285,0,-1.0,4098,0,-1.0,4307,0,0,-1.0,4210,0
ore_ont_13664.owl,"SubClassOf(<http://purl.obolibrary.org/obo/ENSEMBL_ENSMUSG00000082488> <http://purl.obolibrary.org/obo/SO_0001217>)",37683,-1.0,-1.0,4349,0,-1.0,4290,0,-1.0,4264,0,-1.0,4472,0,0,-1.0,4585,0
ore_ont_13664.owl,"SubClassOf(<http://purl.obolibrary.org/obo/ENSEMBL_ENSMUSG00000081157> <http://purl.obolibrary.org/obo/SO_0000336>)",37683,-1.0,-1.0,4337,0,-1.0,4450,0,-1.0,4525,0,-1.0,4331,0,0,-1.0,4454,0
ore_ont_13664.owl,"SubClassOf(<http://purl.obolibrary.org/obo/ENSEMBL_ENSMUSG00000093140> <http://purl.obolibrary.org/obo/SO_0000276>)",37683,-1.0,-1.0,4148,0,-1.0,4245,0,-1.0,4006,0,-1.0,4134,0,0,-1.0,3989,0
ore_ont_13664.owl,"SubClassOf(<http://purl.obolibrary.org/obo/ENSEMBL_ENSMUSG00000084667> <http://purl.obolibrary.org/obo/SO_0000275>)",37683,-1.0,-1.0,4062,0,-1.0,4068,0,-1.0,4094,0,-1.0,4016,0,0,-1.0,4192,0
ore_ont_13664.owl,"SubClassOf(<http://purl.obolibrary.org/obo/ENSEMBL_ENSMUSG00000084666> <http://purl.obolibrary.org/obo/SO_0000655>)",37683,-1.0,-1.0,4053,0,-1.0,4015,0,-1.0,4001,0,-1.0,4063,0,0,-1.0,4168,0
ore_ont_13664.owl,"SubClassOf(<http://purl.obolibrary.org/obo/ENSEMBL_ENSMUSG00000085515> <http://purl.obolibrary.org/obo/SO_0001503>)",37683,-1.0,-1.0,4109,0,-1.0,4131,0,-1.0,4098,0,-1.0,4135,0,0,-1.0,4139,0
ore_ont_13664.owl,"SubClassOf(<http://purl.obolibrary.org/obo/ENSEMBL_ENSMUSG00000065906> <http://purl.obolibrary.org/obo/SO_0000274>)",37683,-1.0,-1.0,4175,0,-1.0,4082,0,-1.0,4218,0,-1.0,4058,0,0,-1.0,4250,0
ore_ont_13664.owl,"SubClassOf(<http://purl.obolibrary.org/obo/ENSEMBL_ENSMUSG00000086604> <http://purl.obolibrary.org/obo/SO_0001463>)",37683,-1.0,-1.0,4110,0,-1.0,4346,0,-1.0,4235,0,-1.0,4172,0,0,-1.0,4079,0
ore_ont_13664.owl,"SubClassOf(<http://purl.obolibrary.org/obo/ENSEMBL_ENSMUSG00000091087> <http://purl.obolibrary.org/obo/SO_0000704>)",37683,-1.0,-1.0,4155,0,-1.0,4166,0,-1.0,4480,0,-1.0,4254,0,0,-1.0,4157,0
ore_ont_13664.owl,"SubClassOf(<http://purl.obolibrary.org/obo/ENSEMBL_ENSMUSG00000087814> <http://purl.obolibrary.org/obo/SO_0000252>)",37683,-1.0,-1.0,4180,0,-1.0,4275,0,-1.0,4239,0,-1.0,4156,0,0,-1.0,4148,0
ore_ont_6102.owl,"SubClassOf(<http://www.absoluteiri.edu/RELAPPROXC11685> <http://purl.obolibrary.org/obo/TAO_0001834>)",47690,-1.0,-1.0,3960,0,-1.0,3922,0,-1.0,3911,0,-1.0,3928,0,0,-1.0,4001,0
ore_ont_6102.owl,"SubClassOf(<http://www.absoluteiri.edu/RELAPPROXC11797> <http://purl.obolibrary.org/obo/PATO_0000117>)",47690,-1.0,-1.0,3942,0,-1.0,3900,0,-1.0,4082,0,-1.0,4027,0,0,-1.0,4005,0
ore_ont_6102.owl,"SubClassOf(<http://www.absoluteiri.edu/RELAPPROXC11976> <http://purl.obolibrary.org/obo/PATO_0000141>)",47690,-1.0,-1.0,3877,0,-1.0,4008,0,-1.0,3920,0,-1.0,4069,0,0,-1.0,4075,0
ore_ont_6102.owl,"SubClassOf(<http://www.absoluteiri.edu/RELAPPROXC11767> <http://purl.obolibrary.org/obo/BFO_0000004>)",47690,9049.8,8974.199999999999,36598,2335,8980.8,13980,2224,9011.699999999999,13201,2184,9011.699999999999,7322,2183,1,9011.699999999999,47725,2291
ore_ont_6102.owl,"SubClassOf(<http://www.absoluteiri.edu/RELAPPROXC12189> <http://purl.obolibrary.org/obo/TAO_0000240>)",47690,-1.0,-1.0,3916,0,-1.0,3936,0,-1.0,3994,0,-1.0,4015,0,0,-1.0,3920,0
ore_ont_6102.owl,"SubClassOf(<http://www.absoluteiri.edu/RELAPPROXC11818> <http://purl.obolibrary.org/obo/TAO_0000226>)",47690,-1.0,-1.0,3890,0,-1.0,4012,0,-1.0,3973,0,-1.0,4220,0,0,-1.0,3936,0
ore_ont_6102.owl,"SubClassOf(<http://www.absoluteiri.edu/RELAPPROXC11887> <http://purl.obolibrary.org/obo/TAO_0000672>)",47690,-1.0,-1.0,3963,0,-1.0,3987,0,-1.0,3999,0,-1.0,4052,0,0,-1.0,3967,0
ore_ont_6102.owl,"SubClassOf(<http://www.absoluteiri.edu/RELAPPROXC11778> <http://purl.obolibrary.org/obo/TAO_0002053>)",47690,-1.0,-1.0,4011,0,-1.0,4065,0,-1.0,4174,0,-1.0,4062,0,0,-1.0,4041,0
ore_ont_6102.owl,"SubClassOf(<http://www.absoluteiri.edu/RELAPPROXC11966> <http://purl.obolibrary.org/obo/TAO_0001114>)",47690,-1.0,-1.0,3870,0,-1.0,4120,0,-1.0,3995,0,-1.0,3946,0,0,-1.0,4056,0
ore_ont_6102.owl,"SubClassOf(<http://www.absoluteiri.edu/RELAPPROXC12150> <http://purl.obolibrary.org/obo/TAO_0002019>)",47690,-1.0,-1.0,3965,0,-1.0,4011,0,-1.0,4070,0,-1.0,4156,0,0,-1.0,4043,0
ore_ont_7455.owl,"SubClassOf(<http://purl.obolibrary.org/obo/ENSEMBL_YLR157C-A> <http://purl.obolibrary.org/obo/SO_0001217>)",61530,-1.0,-1.0,-1,0,-1.0,-1,0,-1.0,-1,0,-1.0,-1,0,1,-1.0,-1,0
ore_ont_7455.owl,"SubClassOf(<http://purl.obolibrary.org/obo/CHROMOSOME-4932_IV> <http://purl.obolibrary.org/obo/SO_0000340>)",61530,-1.0,-1.0,4816,0,-1.0,4540,0,-1.0,4520,0,-1.0,4503,0,0,-1.0,4356,0
ore_ont_7455.owl,"SubClassOf(<http://purl.obolibrary.org/obo/CHROMOSOME-4932_XVI> <http://purl.obolibrary.org/obo/SO_0000340>)",61530,-1.0,-1.0,4449,0,-1.0,4524,0,-1.0,4744,0,-1.0,4692,0,0,-1.0,4759,0
ore_ont_7455.owl,"SubClassOf(<http://purl.obolibrary.org/obo/CHROMOSOME-4932_II> <http://purl.obolibrary.org/obo/SO_0000340>)",61530,-1.0,-1.0,4523,0,-1.0,4540,0,-1.0,4397,0,-1.0,4328,0,0,-1.0,4469,0
ore_ont_7455.owl,"SubClassOf(<http://purl.obolibrary.org/obo/CHROMOSOME-4932_VII> <http://purl.obolibrary.org/obo/SO_0000340>)",61530,-1.0,-1.0,4470,0,-1.0,4592,0,-1.0,4628,0,-1.0,4448,0,0,-1.0,4325,0
ore_ont_7455.owl,"SubClassOf(<http://purl.obolibrary.org/obo/CHROMOSOME-4932_XII> <http://purl.obolibrary.org/obo/SO_0000340>)",61530,-1.0,-1.0,4490,0,-1.0,4512,0,-1.0,4446,0,-1.0,4483,0,0,-1.0,4512,0
ore_ont_7455.owl,"SubClassOf(<http://purl.obolibrary.org/obo/CHROMOSOME-4932_XIV> <http://purl.obolibrary.org/obo/SO_0000340>)",61530,-1.0,-1.0,4510,0,-1.0,4533,0,-1.0,4550,0,-1.0,4469,0,0,-1.0,4456,0
ore_ont_7455.owl,"SubClassOf(<http://purl.obolibrary.org/obo/CHROMOSOME-4932_XV> <http://purl.obolibrary.org/obo/SO_0000340>)",61530,-1.0,-1.0,4560,0,-1.0,4397,0,-1.0,4546,0,-1.0,4504,0,0,-1.0,4400,0
ore_ont_7455.owl,"SubClassOf(<http://purl.obolibrary.org/obo/CHROMOSOME-4932_XIII> <http://purl.obolibrary.org/obo/SO_0000340>)",61530,-1.0,-1.0,4540,0,-1.0,4234,0,-1.0,4430,0,-1.0,4435,0,0,-1.0,4441,0
ore_ont_7455.owl,"SubClassOf(<http://purl.obolibrary.org/obo/CHROMOSOME-4932_X> <http://purl.obolibrary.org/obo/SO_0000340>)",61530,-1.0,-1.0,4409,0,-1.0,4336,0,-1.0,4545,0,-1.0,4459,0,0,-1.0,4440,0
ore_ont_10778.owl,"SubClassOf(<http://purl.obolibrary.org/obo/GO_0019113> <http://purl.obolibrary.org/obo/GO_0016709>)",80764,-1.0,-1.0,5230,0,-1.0,5096,0,-1.0,5460,0,-1.0,5395,0,0,-1.0,5518,0
ore_ont_10778.owl,"SubClassOf(<http://purl.obolibrary.org/obo/GO_0048468> <http://purl.obolibrary.org/obo/GO_0048856>)",80764,-1.0,-1.0,5446,0,-1.0,5275,0,-1.0,5409,0,-1.0,5271,0,0,-1.0,5120,0
ore_ont_10778.owl,"SubClassOf(<http://purl.obolibrary.org/obo/GO_0022402> <http://purl.obolibrary.org/obo/GO_0044763>)",80764,-1.0,-1.0,5283,0,-1.0,5347,0,-1.0,5296,0,-1.0,5411,0,0,-1.0,5012,0
ore_ont_10778.owl,"SubClassOf(<http://purl.obolibrary.org/obo/GO_0030154> <http://purl.obolibrary.org/obo/GO_0044767>)",80764,1591.2999999999997,1512.3,32949,4978,1512.3,52862,4745,1512.3,33540,4985,1591.2999999999997,10211,5089,2,1512.3,103288,5408
ore_ont_10778.owl,"SubClassOf(<http://purl.obolibrary.org/obo/GO_0005887> <http://purl.obolibrary.org/obo/GO_0044459>)",80764,-1.0,-1.0,5305,0,-1.0,5456,0,-1.0,5321,0,-1.0,5346,0,0,-1.0,5625,0
ore_ont_10778.owl,"SubClassOf(<http://purl.obolibrary.org/obo/GO_0033764> <http://purl.obolibrary.org/obo/GO_0016616>)",80764,-1.0,-1.0,5618,0,-1.0,5236,0,-1.0,5270,0,-1.0,5262,0,0,-1.0,5383,0
ore_ont_10778.owl,"SubClassOf(<http://purl.obolibrary.org/obo/GO_0007338> <http://purl.obolibrary.org/obo/GO_0044702>)",80764,1536.2999999999997,1426.8000000000002,32370,5189,1472.5999999999997,37049,5281,1426.8000000000002,32773,5620,1426.8000000000002,10455,5634,2,1426.8000000000002,110044,6102
ore_ont_10778.owl,"SubClassOf(<http://purl.obolibrary.org/obo/GO_1902494> <http://purl.obolibrary.org/obo/GO_0043234>)",80764,-1.0,-1.0,5195,0,-1.0,5281,0,-1.0,5233,0,-1.0,5143,0,0,-1.0,5369,0
ore_ont_10778.owl,"SubClassOf(<http://purl.obolibrary.org/obo/GO_0044445> <http://purl.obolibrary.org/obo/GO_0044444>)",80764,-1.0,-1.0,5070,0,-1.0,5334,0,-1.0,5069,0,-1.0,5117,0,0,-1.0,5357,0
ore_ont_10778.owl,"SubClassOf(<http://purl.obolibrary.org/obo/GO_0048608> <http://purl.obolibrary.org/obo/GO_0003006>)",80764,-1.0,-1.0,5172,0,-1.0,5074,0,-1.0,5157,0,-1.0,5063,0,0,-1.0,5096,0
ore_ont_13243.owl,"SubClassOf(<http://purl.obolibrary.org/obo/GO_0019113> <http://purl.obolibrary.org/obo/GO_0016709>)",80529,-1.0,-1.0,5287,0,-1.0,5125,0,-1.0,5122,0,-1.0,5174,0,0,-1.0,5336,0
ore_ont_13243.owl,"SubClassOf(<http://purl.obolibrary.org/obo/GO_0048468> <http://purl.obolibrary.org/obo/GO_0048856>)",80529,-1.0,-1.0,5049,0,-1.0,5086,0,-1.0,4996,0,-1.0,5370,0,0,-1.0,5262,0
ore_ont_13243.owl,"SubClassOf(<http://purl.obolibrary.org/obo/GO_0022402> <http://purl.obolibrary.org/obo/GO_0044763>)",80529,-1.0,-1.0,4981,0,-1.0,4987,0,-1.0,5195,0,-1.0,5106,0,0,-1.0,5188,0
ore_ont_13243.owl,"SubClassOf(<http://purl.obolibrary.org/obo/GO_0030154> <http://purl.obolibrary.org/obo/GO_0044767>)",80529,1891.9,1812.9,35909,6168,1812.9,58029,6436,1812.9,38251,6078,1891.9,10002,5828,2,1812.9,104645,5990
ore_ont_13243.owl,"SubClassOf(<http://purl.obolibrary.org/obo/GO_0005887> <http://purl.obolibrary.org/obo/GO_0044459>)",80529,-1.0,-1.0,5248,0,-1.0,5322,0,-1.0,5231,0,-1.0,5275,0,0,-1.0,5041,0
ore_ont_13243.owl,"SubClassOf(<http://purl.obolibrary.org/obo/GO_0033764> <http://purl.obolibrary.org/obo/GO_0016616>)",80529,-1.0,-1.0,5212,0,-1.0,5299,0,-1.0,5068,0,-1.0,5255,0,0,-1.0,5318,0
ore_ont_13243.owl,"SubClassOf(<http://purl.obolibrary.org/obo/GO_0022412> <http://purl.obolibrary.org/obo/GO_0048610>)",80529,-1.0,-1.0,5358,0,-1.0,5102,0,-1.0,5397,0,-1.0,5127,0,0,-1.0,5168,0
ore_ont_13243.owl,"SubClassOf(<http://purl.obolibrary.org/obo/GO_1902494> <http://purl.obolibrary.org/obo/GO_0043234>)",80529,-1.0,-1.0,5076,0,-1.0,5223,0,-1.0,5020,0,-1.0,5581,0,0,-1.0,5244,0
ore_ont_13243.owl,"SubClassOf(<http://purl.obolibrary.org/obo/GO_0044445> <http://purl.obolibrary.org/obo/GO_0044444>)",80529,-1.0,-1.0,5147,0,-1.0,5344,0,-1.0,5207,0,-1.0,5393,0,0,-1.0,5379,0
ore_ont_13243.owl,"SubClassOf(<http://purl.obolibrary.org/obo/GO_0048608> <http://purl.obolibrary.org/obo/GO_0003006>)",80529,-1.0,-1.0,5214,0,-1.0,5746,0,-1.0,5496,0,-1.0,5409,0,0,-1.0,5112,0
ore_ont_14934.owl,"SubClassOf(<http://purl.obolibrary.org/obo/ENSEMBL#_FBgn0011870> <http://purl.obolibrary.org/obo/SO_0000253>)",73008,-1.0,-1.0,5060,0,-1.0,4739,0,-1.0,4745,0,-1.0,4631,0,0,-1.0,4711,0
ore_ont_14934.owl,"SubClassOf(<http://purl.obolibrary.org/obo/SO_0000593> <http://purl.obolibrary.org/obo/SO_0000275>)",73008,-1.0,-1.0,4735,0,-1.0,4801,0,-1.0,4633,0,-1.0,4627,0,0,-1.0,4683,0
ore_ont_14934.owl,"SubClassOf(<http://purl.obolibrary.org/obo/CHROMOSOME-7227#_3L> <http://purl.obolibrary.org/obo/SO_0000340>)",73008,-1.0,-1.0,4771,0,-1.0,4919,0,-1.0,4857,0,-1.0,4759,0,0,-1.0,4800,0
ore_ont_14934.owl,"SubClassOf(<http://purl.obolibrary.org/obo/CHROMOSOME-7227#_2L> <http://purl.obolibrary.org/obo/SO_0000340>)",73008,-1.0,-1.0,4727,0,-1.0,4894,0,-1.0,4787,0,-1.0,4605,0,0,-1.0,4873,0
ore_ont_14934.owl,"SubClassOf(<http://purl.obolibrary.org/obo/ENSEMBL#_FBgn0005630> <http://purl.obolibrary.org/obo/SO_0001217>)",73008,-1.0,-1.0,4807,0,-1.0,4620,0,-1.0,4715,0,-1.0,4696,0,0,-1.0,4774,0
ore_ont_14934.owl,"SubClassOf(<http://purl.obolibrary.org/obo/CHROMOSOME-7227#_2R> <http://purl.obolibrary.org/obo/SO_0000340>)",73008,-1.0,-1.0,4843,0,-1.0,4746,0,-1.0,4888,0,-1.0,4715,0,0,-1.0,4638,0
ore_ont_14934.owl,"SubClassOf(<http://purl.obolibrary.org/obo/CHROMOSOME-7227#_X> <http://purl.obolibrary.org/obo/SO_0000340>)",73008,-1.0,-1.0,4871,0,-1.0,4569,0,-1.0,4854,0,-1.0,4809,0,0,-1.0,4707,0
ore_ont_14934.owl,"SubClassOf(<http://purl.obolibrary.org/obo/SO_0000651> <http://purl.obolibrary.org/obo/SO_0000252>)",73008,-1.0,-1.0,4803,0,-1.0,4906,0,-1.0,4758,0,-1.0,4806,0,0,-1.0,4828,0
ore_ont_14934.owl,"SubClassOf(<http://purl.obolibrary.org/obo/CHROMOSOME-7227#_3R> <http://purl.obolibrary.org/obo/SO_0000340>)",73008,-1.0,-1.0,4778,0,-1.0,4877,0,-1.0,4891,0,-1.0,4832,0,0,-1.0,4765,0
ore_ont_14934.owl,"SubClassOf(<http://purl.obolibrary.org/obo/SO_0000253> <http://purl.obolibrary.org/obo/SO_0000655>)",73008,-1.0,-1.0,4806,0,-1.0,4740,0,-1.0,4821,0,-1.0,4846,0,0,-1.0,4764,0
ore_ont_10175.owl,"SubClassOf(<http://purl.obolibrary.org/obo/GO_0004517> <http://purl.obolibrary.org/obo/GO_0016709>)",89826,-1.0,-1.0,5370,0,-1.0,5399,0,-1.0,5355,0,-1.0,5246,0,0,-1.0,5379,0
ore_ont_10175.owl,"SubClassOf(<http://purl.obolibrary.org/obo/GO_0048468> <http://purl.obolibrary.org/obo/GO_0048856>)",89826,-1.0,-1.0,5502,0,-1.0,5452,0,-1.0,5552,0,-1.0,5549,0,0,-1.0,5429,0
ore_ont_10175.owl,"SubClassOf(<http://purl.obolibrary.org/obo/GO_0022402> <http://purl.obolibrary.org/obo/GO_0044763>)",89826,1316.6999999999998,1242.6999999999998,20109,7340,1242.6999999999998,29917,7276,1242.6999999999998,22723,7990,1242.6999999999998,11176,7444,2,1242.6999999999998,51530,7486
ore_ont_10175.owl,"SubClassOf(<http://purl.obolibrary.org/obo/GO_0030154> <http://purl.obolibrary.org/obo/GO_0044767>)",89826,1912.6,1832.6999999999998,24829,7652,1832.6999999999998,60220,7419,1832.6999999999998,28788,7640,1832.6999999999998,11296,7580,2,1832.6999999999998,91832,7819
ore_ont_10175.owl,"SubClassOf(<http://purl.obolibrary.org/obo/GO_0005739> <http://purl.obolibrary.org/obo/GO_0044444>)",89826,-1.0,-1.0,5490,0,-1.0,5554,0,-1.0,5468,0,-1.0,5338,0,0,-1.0,5559,0
ore_ont_10175.owl,"SubClassOf(<http://purl.obolibrary.org/obo/GO_0048523> <http://purl.obolibrary.org/obo/GO_0065007>)",89826,2381.8,2399.8999999999996,1405024,7644,2348.3999999999996,245633,7734,2353.4,180496,7729,2348.3999999999996,11120,7995,3,2348.3999999999996,2619610,7446
ore_ont_10175.owl,"SubClassOf(<http://purl.obolibrary.org/obo/GO_0005887> <http://purl.obolibrary.org/obo/GO_0044459>)",89826,2535.1,2535.1,246089,7074,2535.1,141519,7783,2467.1,73684,7291,2467.1,10846,7216,3,2535.1,440899,7163
ore_ont_10175.owl,"SubClassOf(<http://purl.obolibrary.org/obo/GO_0033764> <http://purl.obolibrary.org/obo/GO_0016616>)",89826,-1.0,-1.0,5362,0,-1.0,5406,0,-1.0,5536,0,-1.0,5393,0,0,-1.0,5484,0
ore_ont_10175.owl,"SubClassOf(<http://purl.obolibrary.org/obo/GO_0022412> <http://purl.obolibrary.org/obo/GO_0048610>)",89826,1820.1,1744.6,145939,7176,1819.4,69844,6842,1744.6,78317,7137,1819.4,11627,6875,2,1744.6,329318,7632
ore_ont_10175.owl,"SubClassOf(<http://purl.obolibrary.org/obo/GO_1902494> <http://purl.obolibrary.org/obo/GO_0043234>)",89826,-1.0,-1.0,5414,0,-1.0,5418,0,-1.0,5447,0,-1.0,5310,0,0,-1.0,5264,0
ore_ont_795.owl,"SubClassOf(<http://purl.obolibrary.org/obo/GO_0048468> <http://purl.obolibrary.org/obo/GO_0048856>)",106608,-1.0,-1.0,7761,0,-1.0,5864,0,-1.0,5771,0,-1.0,7932,0,0,-1.0,7880,0
ore_ont_795.owl,"SubClassOf(<http://purl.obolibrary.org/obo/GO_0022402> <http://purl.obolibrary.org/obo/GO_0044763>)",106608,-1.0,-1.0,7877,0,-1.0,8028,0,-1.0,7915,0,-1.0,7828,0,0,-1.0,5769,0
ore_ont_795.owl,"SubClassOf(<http://purl.obolibrary.org/obo/GO_0030154> <http://purl.obolibrary.org/obo/GO_0044767>)",106608,17899.899999999998,17813.7,41066,46696,17813.7,193577,53713,17813.7,44443,52325,17899.899999999998,13640,50448,2,17813.7,248430,51776
ore_ont_795.owl,"SubClassOf(<http://purl.obolibrary.org/obo/GO_0005739> <http://purl.obolibrary.org/obo/GO_0044444>)",106608,-1.0,-1.0,7695,0,-1.0,7893,0,-1.0,7650,0,-1.0,8025,0,0,-1.0,7635,0
ore_ont_795.owl,"SubClassOf(<http://purl.obolibrary.org/obo/GO_0005887> <http://purl.obolibrary.org/obo/GO_0044459>)",106608,35516.1,-1.0,-1,0,35492.6,1513759,52241,35516.1,451126,53610,36726.399999999994,14189,54445,1,-1.0,-1,0
ore_ont_5781.owl,"SubClassOf(<http://purl.org/obo/owl/IMR#IMR_0000299> <http://purl.org/obo/owl/IMR#IMR_0010044>)",137302,1692.4,1785.7,36153,8498,1785.7,72578,8501,1785.7,50605,8867,1836.2999999999997,14549,8870,1,1785.7,133568,9038
ore_ont_5781.owl,"SubClassOf(<http://purl.org/obo/owl/IMR#IMR_0200152> <http://purl.org/obo/owl/IMR#IMR_0001998>)",137302,-1.0,-1.0,6742,0,-1.0,6840,0,-1.0,6576,0,-1.0,8620,0,0,-1.0,6575,0
ore_ont_5781.owl,"SubClassOf(<http://purl.org/obo/owl/IMR#IMR_0010047> <http://purl.org/obo/owl/IMR#IMR_0000952>)",137302,-1.0,-1.0,6622,0,-1.0,6744,0,-1.0,8610,0,-1.0,8762,0,0,-1.0,6708,0
ore_ont_5781.owl,"SubClassOf(<http://purl.org/obo/owl/IMR#IMR_0002102> <http://purl.org/obo/owl/IMR#IMR_0002096>)",137302,-1.0,-1.0,6668,0,-1.0,8712,0,-1.0,8846,0,-1.0,6779,0,0,-1.0,6787,0
ore_ont_5781.owl,"SubClassOf(<http://purl.org/obo/owl/IMR#IMR_0000825> <http://purl.org/obo/owl/IMR#IMR_0000369>)",137302,-1.0,-1.0,6674,0,-1.0,8813,0,-1.0,6682,0,-1.0,6759,0,0,-1.0,6676,0
ore_ont_5781.owl,"SubClassOf(<http://purl.org/obo/owl/IMR#IMR_0002103> <http://purl.org/obo/owl/IMR#IMR_0002096>)",137302,-1.0,-1.0,6782,0,-1.0,6851,0,-1.0,6780,0,-1.0,8751,0,0,-1.0,6658,0
ore_ont_5781.owl,"SubClassOf(<http://purl.org/obo/owl/IMR#IMR_0001586> <http://purl.org/obo/owl/IMR#IMR_0000299>)",137302,-1.0,-1.0,6716,0,-1.0,6683,0,-1.0,6769,0,-1.0,8655,0,0,-1.0,8587,0
ore_ont_5781.owl,"SubClassOf(<http://purl.org/obo/owl/IMR#IMR_0010046> <http://purl.org/obo/owl/IMR#IMR_0010053>)",137302,-1.0,-1.0,8743,0,-1.0,6874,0,-1.0,8609,0,-1.0,8714,0,0,-1.0,6852,0
ore_ont_5781.owl,"SubClassOf(<http://purl.org/obo/owl/IMR#IMR_0010462> <http://purl.org/obo/owl/IMR#IMR_0000897>)",137302,-1.0,-1.0,8840,0,-1.0,6981,0,-1.0,8707,0,-1.0,6695,0,0,-1.0,8618,0
ore_ont_5781.owl,"SubClassOf(<http://purl.org/obo/owl/IMR#IMR_0000191> <http://purl.org/obo/owl/IMR#IMR_0000949>)",137302,1445.2,1407.9,208451,10111,1396.5,42330,9083,1387.0,50419,9182,1405.8,16507,9427,1,1387.0,272686,9243
ore_ont_15696.owl,"SubClassOf(<http://purl.obolibrary.org/obo/VTO_0040555> <http://purl.obolibrary.org/obo/VTO_0040541>)",106894,-1.0,-1.0,6045,0,-1.0,5885,0,-1.0,6044,0,-1.0,5971,0,0,-1.0,5961,0
ore_ont_15696.owl,"SubClassOf(<http://purl.obolibrary.org/obo/VTO_0048285> <http://purl.obolibrary.org/obo/VTO_0046983>)",106894,-1.0,-1.0,5837,0,-1.0,5860,0,-1.0,5799,0,-1.0,5891,0,0,-1.0,5795,0
ore_ont_15696.owl,"SubClassOf(<http://purl.obolibrary.org/obo/VTO_0012760> <http://purl.obolibrary.org/obo/VTO_0012653>)",106894,-1.0,-1.0,5960,0,-1.0,5926,0,-1.0,5927,0,-1.0,6095,0,0,-1.0,6090,0
ore_ont_15696.owl,"SubClassOf(<http://purl.obolibrary.org/obo/VTO_0005670> <http://purl.obolibrary.org/obo/VTO_0005565>)",106894,-1.0,-1.0,6052,0,-1.0,5908,0,-1.0,5984,0,-1.0,5913,0,0,-1.0,6155,0
ore_ont_15696.owl,"SubClassOf(<http://purl.obolibrary.org/obo/VTO_0009112> <http://purl.obolibrary.org/obo/VTO_0008913>)",106894,-1.0,-1.0,6026,0,-1.0,6008,0,-1.0,6014,0,-1.0,5923,0,0,-1.0,5989,0
ore_ont_15696.owl,"SubClassOf(<http://purl.obolibrary.org/obo/VTO_0073595> <http://purl.obolibrary.org/obo/VTO_0048285>)",106894,-1.0,-1.0,5831,0,-1.0,5757,0,-1.0,6068,0,-1.0,5927,0,0,-1.0,5965,0
ore_ont_15696.owl,"SubClassOf(<http://purl.obolibrary.org/obo/VTO_0049816> <http://purl.obolibrary.org/obo/VTO_0042306>)",106894,-1.0,-1.0,6160,0,-1.0,6053,0,-1.0,6019,0,-1.0,5794,0,0,-1.0,5892,0
ore_ont_15696.owl,"SubClassOf(<http://purl.obolibrary.org/obo/VTO_0040541> <http://purl.obolibrary.org/obo/VTO_0038680>)",106894,-1.0,-1.0,5803,0,-1.0,5939,0,-1.0,5981,0,-1.0,5773,0,0,-1.0,6004,0
ore_ont_15696.owl,"SubClassOf(<http://purl.obolibrary.org/obo/VTO_0050032> <http://purl.obolibrary.org/obo/VTO_0049816>)",106894,-1.0,-1.0,5891,0,-1.0,6060,0,-1.0,5928,0,-1.0,6004,0,0,-1.0,5840,0
ore_ont_15696.owl,"SubClassOf(<http://purl.obolibrary.org/obo/VTO_9024755> <http://purl.obolibrary.org/obo/VTO_9024187>)",106894,338.70000000000005,35.099999999999994,62812,9634,229.70000000000002,36454,12305,35.099999999999994,55178,9543,129.6,11935,9673,1,35.099999999999994,162212,9765
ore_ont_11293.owl,"SubClassOf(<http://purl.obolibrary.org/obo/CHEBI_53000> <http://purl.obolibrary.org/obo/CHEBI_24432>)",114924,-1.0,-1.0,7611,0,-1.0,7646,0,-1.0,7909,0,-1.0,7987,0,0,-1.0,7739,0
ore_ont_11293.owl,"SubClassOf(<http://purl.obolibrary.org/obo/CHEBI_75766> <http://purl.obolibrary.org/obo/CHEBI_25212>)",114924,16516.3,16426.499999999996,211397,65751,16444.2,623502,66985,16446.100000000002,121810,69489,16426.499999999996,13875,72015,3,16446.100000000002,1066727,69365
ore_ont_11293.owl,"SubClassOf(<http://purl.obolibrary.org/obo/CHEBI_15904> <http://purl.obolibrary.org/obo/CHEBI_25384>)",114924,133593.2,132539.09999999998,33799,66890,133225.10000000003,210920,68580,132539.09999999998,39872,65591,133225.10000000003,14587,69571,3,132539.09999999998,310136,62562
ore_ont_11293.owl,"SubClassOf(<http://purl.obolibrary.org/obo/CHEBI_58945> <http://purl.obolibrary.org/obo/CHEBI_50860>)",114924,79677.79999999999,77710.40000000001,97808,58812,78781.59999999999,188698,63387,77710.40000000001,77232,59036,77710.40000000001,14366,61712,2,77710.40000000001,631634,65455
ore_ont_11293.owl,"SubClassOf(<http://purl.obolibrary.org/obo/CHEBI_25705> <http://purl.obolibrary.org/obo/CHEBI_36683>)",114924,71378.9,70129.2,18204,68550,68873.4,202182,69214,68873.4,27975,70134,68873.4,14320,65889,3,68873.4,285639,68622
ore_ont_11293.owl,"SubClassOf(<http://purl.obolibrary.org/obo/CHEBI_35610> <http://purl.obolibrary.org/obo/CHEBI_23888>)",114924,-1.0,-1.0,7907,0,-1.0,7835,0,-1.0,7847,0,-1.0,8214,0,0,-1.0,7985,0
ore_ont_11293.owl,"SubClassOf(<http://purl.obolibrary.org/obo/CHEBI_58342> <http://purl.obolibrary.org/obo/CHEBI_58945>)",114924,88541.09999999999,87284.2,53988,71594,85990.50000000001,214729,69297,87284.2,54968,69085,85990.50000000001,14215,70503,2,87284.2,359520,67661
ore_ont_11293.owl,"SubClassOf(<http://purl.obolibrary.org/obo/CHEBI_75766> <http://purl.obolibrary.org/obo/CHEBI_26619>)",114924,-1.0,-1.0,7851,0,-1.0,7921,0,-1.0,7969,0,-1.0,7960,0,0,-1.0,7989,0
ore_ont_11293.owl,"SubClassOf(<http://purl.obolibrary.org/obo/CHEBI_26619> <http://purl.obolibrary.org/obo/CHEBI_25212>)",114924,-1.0,-1.0,7751,0,-1.0,8102,0,-1.0,8055,0,-1.0,8216,0,0,-1.0,8101,0
ore_ont_11293.owl,"SubClassOf(<http://purl.obolibrary.org/obo/CHEBI_26195> <http://purl.obolibrary.org/obo/CHEBI_33853>)",114924,-1.0,-1.0,8164,0,-1.0,8058,0,-1.0,8225,0,-1.0,7961,0,0,-1.0,8265,0
ore_ont_15929.owl,"SubClassOf(<http://purl.obolibrary.org/obo/CHEBI_53000> <http://purl.obolibrary.org/obo/CHEBI_24432>)",115746,-1.0,-1.0,7761,0,-1.0,7935,0,-1.0,7846,0,-1.0,7626,0,0,-1.0,8028,0
ore_ont_15929.owl,"SubClassOf(<http://purl.obolibrary.org/obo/CHEBI_75766> <http://purl.obolibrary.org/obo/CHEBI_25212>)",115746,16516.3,16446.100000000002,218025,71087,16462.0,608721,67677,16446.100000000002,125435,71947,16426.499999999996,14096,67993,2,16426.499999999996,1178299,93195
ore_ont_15929.owl,"SubClassOf(<http://purl.obolibrary.org/obo/CHEBI_15904> <http://purl.obolibrary.org/obo/CHEBI_25384>)",115746,133593.2,132539.1,35097,106137,133225.10000000003,290628,82219,132539.1,42217,86695,133225.10000000003,16824,119437,1,132539.1,351091,65145
ore_ont_15929.owl,"SubClassOf(<http://purl.obolibrary.org/obo/CHEBI_58945> <http://purl.obolibrary.org/obo/CHEBI_50860>)",115746,79677.79999999999,77712.50000000001,153931,65140,78783.99999999997,203865,65249,77712.50000000001,111260,62288,77712.50000000001,14366,63779,1,77712.50000000001,717045,57905
ore_ont_15929.owl,"SubClassOf(<http://purl.obolibrary.org/obo/CHEBI_25705> <http://purl.obolibrary.org/obo/CHEBI_36683>)",115746,71378.9,68873.4,59775,58640,68873.4,185747,57162,68873.4,57540,57560,68873.4,14049,60758,3,68873.4,351193,60117
ore_ont_15929.owl,"SubClassOf(<http://purl.obolibrary.org/obo/CHEBI_35610> <http://purl.obolibrary.org/obo/CHEBI_23888>)",115746,-1.0,-1.0,7824,0,-1.0,8041,0,-1.0,7905,0,-1.0,7763,0,0,-1.0,7739,0
ore_ont_15929.owl,"SubClassOf(<http://purl.obolibrary.org/obo/CHEBI_58342> <http://purl.obolibrary.org/obo/CHEBI_58945>)",115746,88541.09999999999,87284.19999999998,18371,58241,85990.50000000001,187930,60777,87284.19999999998,28231,59953,87284.19999999998,14258,60127,1,87284.19999999998,270119,60431
ore_ont_15929.owl,"SubClassOf(<http://purl.obolibrary.org/obo/CHEBI_75766> <http://purl.obolibrary.org/obo/CHEBI_26619>)",115746,-1.0,-1.0,7680,0,-1.0,7891,0,-1.0,7960,0,-1.0,7873,0,0,-1.0,7820,0
ore_ont_15929.owl,"SubClassOf(<http://purl.obolibrary.org/obo/CHEBI_26619> <http://purl.obolibrary.org/obo/CHEBI_25212>)",115746,-1.0,-1.0,7617,0,-1.0,7756,0,-1.0,7824,0,-1.0,7927,0,0,-1.0,7897,0
ore_ont_15929.owl,"SubClassOf(<http://purl.obolibrary.org/obo/CHEBI_26195> <http://purl.obolibrary.org/obo/CHEBI_33853>)",115746,-1.0,-1.0,7990,0,-1.0,8072,0,-1.0,8025,0,-1.0,8037,0,0,-1.0,7882,0
ore_ont_10248.owl,"SubClassOf(<http://purl.obolibrary.org/obo/CHEBI_53000> <http://purl.obolibrary.org/obo/CHEBI_24432>)",118046,-1.0,-1.0,7994,0,-1.0,7811,0,-1.0,7757,0,-1.0,7966,0,0,-1.0,7821,0
ore_ont_10248.owl,"SubClassOf(<http://purl.obolibrary.org/obo/CHEBI_75766> <http://purl.obolibrary.org/obo/CHEBI_25212>)",118046,16753.899999999998,16661.7,206339,62095,16679.999999999996,582008,61013,16681.899999999998,115286,68192,16679.999999999996,14342,62327,3,16681.899999999998,1011797,65159
ore_ont_10248.owl,"SubClassOf(<http://purl.obolibrary.org/obo/CHEBI_58945> <http://purl.obolibrary.org/obo/CHEBI_50860>)",118046,80898.80000000002,78814.09999999999,80352,64699,79947.99999999997,201777,61886,78814.09999999999,68844,63656,78814.09999999999,14195,60520,1,78814.09999999999,611517,65582
ore_ont_10248.owl,"SubClassOf(<http://purl.obolibrary.org/obo/CHEBI_25705> <http://purl.obolibrary.org/obo/CHEBI_36683>)",118046,72605.9,69968.4,18509,60960,69968.4,194363,62781,69968.4,28550,65192,71290.5,13900,63843,2,71290.5,279830,65781
ore_ont_10248.owl,"SubClassOf(<http://purl.obolibrary.org/obo/CHEBI_35610> <http://purl.obolibrary.org/obo/CHEBI_23888>)",118046,-1.0,-1.0,7972,0,-1.0,7931,0,-1.0,7837,0,-1.0,7850,0,0,-1.0,8026,0
ore_ont_10248.owl,"SubClassOf(<http://purl.obolibrary.org/obo/CHEBI_75766> <http://purl.obolibrary.org/obo/CHEBI_26619>)",118046,-1.0,-1.0,8019,0,-1.0,8079,0,-1.0,8044,0,-1.0,8014,0,0,-1.0,7956,0
ore_ont_10248.owl,"SubClassOf(<http://purl.obolibrary.org/obo/CHEBI_26619> <http://purl.obolibrary.org/obo/CHEBI_25212>)",118046,-1.0,-1.0,7963,0,-1.0,7952,0,-1.0,8184,0,-1.0,8011,0,0,-1.0,7996,0
ore_ont_10248.owl,"SubClassOf(<http://purl.obolibrary.org/obo/CHEBI_76967> <http://purl.obolibrary.org/obo/CHEBI_75770>)",118046,-1.0,-1.0,7996,0,-1.0,7974,0,-1.0,8189,0,-1.0,8053,0,0,-1.0,8097,0
ore_ont_10248.owl,"SubClassOf(<http://purl.obolibrary.org/obo/CHEBI_59737> <http://purl.obolibrary.org/obo/CHEBI_58945>)",118046,-1.0,-1.0,8161,0,-1.0,8033,0,-1.0,8154,0,-1.0,7942,0,0,-1.0,8037,0
ore_ont_10248.owl,"SubClassOf(<http://purl.obolibrary.org/obo/CHEBI_26195> <http://purl.obolibrary.org/obo/CHEBI_33853>)",118046,-1.0,-1.0,8065,0,-1.0,8022,0,-1.0,8210,0,-1.0,8154,0,0,-1.0,8026,0
ore_ont_5612.owl,"SubClassOf(<http://purl.obolibrary.org/obo/CHEBI_53000> <http://purl.obolibrary.org/obo/CHEBI_24432>)",118048,-1.0,-1.0,8000,0,-1.0,8119,0,-1.0,7850,0,-1.0,7820,0,0,-1.0,7765,0
ore_ont_5612.owl,"SubClassOf(<http://purl.obolibrary.org/obo/CHEBI_75766> <http://purl.obolibrary.org/obo/CHEBI_25212>)",118048,16760.2,16667.999999999996,133171,62854,16686.3,577777,64434,16667.999999999996,92826,64983,16710.4,14430,62895,2,16667.999999999996,931620,63492
ore_ont_5612.owl,"SubClassOf(<http://purl.obolibrary.org/obo/CHEBI_58945> <http://purl.obolibrary.org/obo/CHEBI_50860>)",118048,80927.59999999998,78842.90000000004,27090,63243,79976.79999999999,194064,63768,78842.90000000004,38280,63185,79976.79999999999,13864,67061,1,78842.90000000004,529864,69917
ore_ont_5612.owl,"SubClassOf(<http://purl.obolibrary.org/obo/CHEBI_25705> <http://purl.obolibrary.org/obo/CHEBI_36683>)",118048,72631.09999999998,69993.59999999998,62557,62917,69993.59999999998,198186,68760,71315.69999999998,61489,69160,71315.69999999998,14186,64781,1,71315.69999999998,373122,68276
ore_ont_5612.owl,"SubClassOf(<http://purl.obolibrary.org/obo/CHEBI_35610> <http://purl.obolibrary.org/obo/CHEBI_23888>)",118048,-1.0,-1.0,8240,0,-1.0,8093,0,-1.0,7975,0,-1.0,8041,0,0,-1.0,8026,0
ore_ont_5612.owl,"SubClassOf(<http://purl.obolibrary.org/obo/CHEBI_75766> <http://purl.obolibrary.org/obo/CHEBI_26619>)",118048,-1.0,-1.0,7941,0,-1.0,8014,0,-1.0,8065,0,-1.0,8105,0,0,-1.0,8161,0
ore_ont_5612.owl,"SubClassOf(<http://purl.obolibrary.org/obo/CHEBI_26619> <http://purl.obolibrary.org/obo/CHEBI_25212>)",118048,-1.0,-1.0,7945,0,-1.0,7903,0,-1.0,8023,0,-1.0,7806,0,0,-1.0,7990,0
ore_ont_5612.owl,"SubClassOf(<http://purl.obolibrary.org/obo/CHEBI_76967> <http://purl.obolibrary.org/obo/CHEBI_75770>)",118048,-1.0,-1.0,8045,0,-1.0,8139,0,-1.0,7989,0,-1.0,8008,0,0,-1.0,8161,0
ore_ont_5612.owl,"SubClassOf(<http://purl.obolibrary.org/obo/CHEBI_59737> <http://purl.obolibrary.org/obo/CHEBI_58945>)",118048,-1.0,-1.0,8113,0,-1.0,8297,0,-1.0,8470,0,-1.0,8203,0,0,-1.0,8035,0
ore_ont_5612.owl,"SubClassOf(<http://purl.obolibrary.org/obo/CHEBI_26195> <http://purl.obolibrary.org/obo/CHEBI_33853>)",118048,-1.0,-1.0,8200,0,-1.0,8541,0,-1.0,8262,0,-1.0,8299,0,0,-1.0,8076,0
ore_ont_2803.owl,"SubClassOf(<http://purl.obolibrary.org/obo/CHEBI_53000> <http://purl.obolibrary.org/obo/CHEBI_24432>)",115746,-1.0,-1.0,7907,0,-1.0,8022,0,-1.0,7859,0,-1.0,8058,0,0,-1.0,7832,0
ore_ont_2803.owl,"SubClassOf(<http://purl.obolibrary.org/obo/CHEBI_75766> <http://purl.obolibrary.org/obo/CHEBI_25212>)",115746,17946.399999999998,17856.6,228582,69021,17874.3,541407,69906,17856.6,134039,69010,17897.800000000003,14309,71054,2,17856.6,1006405,65463
ore_ont_2803.owl,"SubClassOf(<http://purl.obolibrary.org/obo/CHEBI_15904> <http://purl.obolibrary.org/obo/CHEBI_25384>)",115746,130238.80000000002,129497.80000000003,37198,62189,129878.89999999998,171367,62380,129497.80000000003,40701,63466,129878.89999999998,14112,64872,5,129497.80000000003,261931,65993
ore_ont_2803.owl,"SubClassOf(<http://purl.obolibrary.org/obo/CHEBI_58945> <http://purl.obolibrary.org/obo/CHEBI_50860>)",115746,76868.09999999999,75479.40000000001,101356,74725,76275.59999999999,188106,70376,75479.40000000001,79077,74190,76275.59999999999,14219,69396,1,75479.40000000001,544125,67254
ore_ont_2803.owl,"SubClassOf(<http://purl.obolibrary.org/obo/CHEBI_25705> <http://purl.obolibrary.org/obo/CHEBI_36683>)",115746,67307.29999999999,65422.799999999996,36408,71272,66369.2,196856,75676,66369.2,40780,74145,66369.2,14684,77324,1,66369.2,272712,70754
ore_ont_2803.owl,"SubClassOf(<http://purl.obolibrary.org/obo/CHEBI_35610> <http://purl.obolibrary.org/obo/CHEBI_23888>)",115746,-1.0,-1.0,7980,0,-1.0,7969,0,-1.0,7922,0,-1.0,8133,0,0,-1.0,8023,0
ore_ont_2803.owl,"SubClassOf(<http://purl.obolibrary.org/obo/CHEBI_58342> <http://purl.obolibrary.org/obo/CHEBI_58945>)",115746,85726.3,84780.40000000001,36541,66132,83795.79999999999,185123,66899,84780.40000000001,41652,70651,83795.79999999999,14579,69920,3,84780.40000000001,286192,73653
ore_ont_2803.owl,"SubClassOf(<http://purl.obolibrary.org/obo/CHEBI_75766> <http://purl.obolibrary.org/obo/CHEBI_26619>)",115746,-1.0,-1.0,7902,0,-1.0,8002,0,-1.0,8134,0,-1.0,7668,0,0,-1.0,8043,0
ore_ont_2803.owl,"SubClassOf(<http://purl.obolibrary.org/obo/CHEBI_26619> <http://purl.obolibrary.org/obo/CHEBI_25212>)",115746,-1.0,-1.0,8033,0,-1.0,7932,0,-1.0,7833,0,-1.0,8081,0,0,-1.0,8063,0
ore_ont_2803.owl,"SubClassOf(<http://purl.obolibrary.org/obo/CHEBI_26195> <http://purl.obolibrary.org/obo/CHEBI_33853>)",115746,-1.0,-1.0,8102,0,-1.0,8121,0,-1.0,8263,0,-1.0,8276,0,0,-1.0,8145,0
ore_ont_5927.owl,"SubClassOf(<http://purl.obolibrary.org/obo/FMA_78551> <http://purl.obolibrary.org/obo/FMA_63819>)",121712,-1.0,-1.0,8269,0,-1.0,8571,0,-1.0,8332,0,-1.0,8677,0,0,-1.0,8211,0
ore_ont_5927.owl,"SubClassOf(<http://purl.obolibrary.org/obo/FMA_42164> <http://purl.obolibrary.org/obo/FMA_21792>)",121712,-1.0,-1.0,8255,0,-1.0,8569,0,-1.0,8447,0,-1.0,8401,0,0,-1.0,8437,0
ore_ont_5927.owl,"SubClassOf(<http://purl.obolibrary.org/obo/FMA_7085> <http://purl.obolibrary.org/obo/FMA_29733>)",121712,-1.0,-1.0,8226,0,-1.0,8376,0,-1.0,8171,0,-1.0,8102,0,0,-1.0,8204,0
ore_ont_5927.owl,"SubClassOf(<http://purl.obolibrary.org/obo/FMA_58279> <http://purl.obolibrary.org/obo/FMA_9721>)",121712,-1.0,-1.0,8334,0,-1.0,8388,0,-1.0,8581,0,-1.0,8463,0,0,-1.0,8495,0
ore_ont_5927.owl,"SubClassOf(<http://purl.obolibrary.org/obo/FMA_9140> <http://purl.obolibrary.org/obo/FMA_85544>)",121712,18747.100000000002,18750.699999999993,141551,17182,18727.500000000004,56132,16887,18750.699999999993,105631,17012,18700.000000000004,14595,17355,1,18750.699999999993,327768,16564
ore_ont_5927.owl,"SubClassOf(<http://purl.obolibrary.org/obo/FMA_7480> <http://purl.obolibrary.org/obo/FMA_85544>)",121712,-1.0,-1.0,8131,0,-1.0,8262,0,-1.0,8233,0,-1.0,8203,0,0,-1.0,8345,0
ore_ont_5927.owl,"SubClassOf(<http://purl.obolibrary.org/obo/FMA_42163> <http://purl.obolibrary.org/obo/FMA_68013>)",121712,-1.0,-1.0,8530,0,-1.0,8567,0,-1.0,8773,0,-1.0,8754,0,0,-1.0,8561,0
ore_ont_5927.owl,"SubClassOf(<http://purl.obolibrary.org/obo/FMA_4687> <http://purl.obolibrary.org/obo/FMA_63812>)",121712,10663.199999999999,10557.899999999998,42505,17057,10458.5,57206,16738,10557.899999999998,46886,16547,10458.5,15279,17178,2,10557.899999999998,125752,16979
ore_ont_5927.owl,"SubClassOf(<http://purl.obolibrary.org/obo/FMA_241733> <http://purl.obolibrary.org/obo/FMA_63814>)",121712,-1.0,-1.0,8476,0,-1.0,8425,0,-1.0,8449,0,-1.0,8472,0,0,-1.0,8284,0
ore_ont_5927.owl,"SubClassOf(<http://purl.obolibrary.org/obo/FMA_49894> <http://purl.obolibrary.org/obo/FMA_55672>)",121712,19541.299999999996,19483.1,225967,17039,19506.499999999996,98229,16963,19454.899999999998,124874,17527,19506.499999999996,15235,17525,2,19454.899999999998,479997,17040
ore_ont_6722.owl,"SubClassOf(<http://purl.obolibrary.org/obo/SO_0000593> <http://purl.obolibrary.org/obo/SO_0000275>)",113602,-1.0,-1.0,7358,0,-1.0,5199,0,-1.0,5371,0,-1.0,5364,0,0,-1.0,5417,0
ore_ont_6722.owl,"SubClassOf(<http://purl.obolibrary.org/obo/SO_0000965> <http://purl.obolibrary.org/obo/SO_0000340>)",113602,110745.69999999998,110001.9,20892,1294676,109265.19999999998,2498955,1294705,110001.9,26778,1214081,110001.9,10758,1271499,1,110001.9,2553290,1460626
ore_ont_6722.owl,"SubClassOf(<http://purl.obolibrary.org/obo/ENSEMBL_ENSXETG00000032084> <http://purl.obolibrary.org/obo/SO_0000274>)",113602,-1.0,-1.0,5293,0,-1.0,5552,0,-1.0,5362,0,-1.0,5279,0,0,-1.0,5453,0
ore_ont_6722.owl,"SubClassOf(<http://purl.obolibrary.org/obo/ENSEMBL_ENSXETG00000033179> <http://purl.obolibrary.org/obo/SO_0000276>)",113602,-1.0,-1.0,5661,0,-1.0,5372,0,-1.0,5578,0,-1.0,5445,0,0,-1.0,5373,0
ore_ont_6722.owl,"SubClassOf(<http://purl.obolibrary.org/obo/ENSEMBL_ENSXETG00000034312> <http://purl.obolibrary.org/obo/ENSEMBL_ENSFM00660001157157>)",113602,-1.0,-1.0,5258,0,-1.0,5296,0,-1.0,5196,0,-1.0,5342,0,0,-1.0,5762,0
ore_ont_6722.owl,"SubClassOf(<http://purl.obolibrary.org/obo/NCBIGene_100485052> <http://purl.obolibrary.org/obo/ENSEMBL_ENSFM00250000000002>)",113602,223359.70000000004,-1.0,-1,0,-1.0,-1,0,223358.50000000006,3538959,1402689,223358.50000000006,12536,1227608,4,-1.0,-1,0
ore_ont_6722.owl,"SubClassOf(<http://purl.obolibrary.org/obo/SO_0000651> <http://purl.obolibrary.org/obo/SO_0000252>)",113602,-1.0,-1.0,5342,0,-1.0,5315,0,-1.0,5197,0,-1.0,5314,0,0,-1.0,5097,0
ore_ont_6722.owl,"SubClassOf(<http://purl.obolibrary.org/obo/NCBIGene_100485030> <http://purl.obolibrary.org/obo/SO_0001217>)",113602,-1.0,-1.0,-1,0
ore_ont_7868.owl,"SubClassOf(<http://purl.obolibrary.org/obo/GO_0005515> <http://purl.obolibrary.org/obo/GO_0005488>)",144956,-1.0,-1.0,8430,0,-1.0,8215,0,-1.0,8272,0,-1.0,8517,0,0,-1.0,8668,0
ore_ont_7868.owl,"SubClassOf(<http://purl.obolibrary.org/obo/GO_0048523> <http://purl.obolibrary.org/obo/GO_0065007>)",144956,93566.50000000001,93566.50000000001,760661,80580,93566.50000000001,878509,80377,93566.50000000001,213571,81073,93570.40000000001,15582,84308,3,93566.50000000001,1849552,78641
ore_ont_7868.owl,"SubClassOf(<http://purl.obolibrary.org/obo/GO_0044249> <http://purl.obolibrary.org/obo/GO_0009058>)",144956,-1.0,-1.0,8162,0,-1.0,8109,0,-1.0,7976,0,-1.0,8188,0,0,-1.0,8132,0
ore_ont_7868.owl,"SubClassOf(<http://purl.obolibrary.org/obo/CHEBI_36683> <http://purl.obolibrary.org/obo/CHEBI_50860>)",144956,94720.79999999999,94421.5,150507,90189,94310.99999999999,237251,76772,94421.5,112668,71582,94310.99999999999,15675,71858,1,94421.5,701755,67962
ore_ont_7868.owl,"SubClassOf(<http://purl.obolibrary.org/obo/GO_0015291> <http://purl.obolibrary.org/obo/GO_0022857>)",144956,53430.4,53394.2,59078,68686,53362.69999999999,207410,72657,53394.2,61291,70963,53394.2,15445,73753,1,53362.69999999999,350871,65006
ore_ont_7868.owl,"SubClassOf(<http://purl.obolibrary.org/obo/GO_0009058> <http://purl.obolibrary.org/obo/GO_0008152>)",144956,-1.0,-1.0,8319,0,-1.0,8279,0,-1.0,8327,0,-1.0,8119,0,0,-1.0,8331,0
ore_ont_7868.owl,"SubClassOf(<http://purl.obolibrary.org/obo/GO_0044248> <http://purl.obolibrary.org/obo/GO_0009056>)",144956,-1.0,-1.0,8289,0,-1.0,8278,0,-1.0,8143,0,-1.0,8134,0,0,-1.0,8445,0
ore_ont_7868.owl,"SubClassOf(<http://purl.obolibrary.org/obo/GO_0043235> <http://purl.obolibrary.org/obo/GO_0043234>)",144956,-1.0,-1.0,8211,0,-1.0,8184,0,-1.0,8087,0,-1.0,8212,0,0,-1.0,8294,0
ore_ont_7868.owl,"SubClassOf(<http://purl.obolibrary.org/obo/GO_0046903> <http://purl.obolibrary.org/obo/GO_0006810>)",144956,-1.0,-1.0,8512,0,-1.0,8227,0,-1.0,8343,0,-1.0,8251,0,0,-1.0,8411,0
ore_ont_7868.owl,"SubClassOf(<http://purl.obolibrary.org/obo/CHEBI_37512> <http://purl.obolibrary.org/obo/CHEBI_26079>)",144956,170368.9,170368.6,1774948,73409,169722.8,1181311,66511,169734.80000000002,387723,69585,170368.00000000003,15130,67714,2,-1.0,-1,0
ore_ont_11519.owl,"SubClassOf(<http://purl.obolibrary.org/obo/FMA_86594> <http://purl.obolibrary.org/obo/FMA_45688>)",126545,-1.0,-1.0,8038,0,-1.0,7962,0,-1.0,7802,0,-1.0,7962,0,0,-1.0,8175,0
ore_ont_11519.owl,"SubClassOf(<http://purl.obolibrary.org/obo/FMA_78551> <http://purl.obolibrary.org/obo/FMA_63819>)",126545,-1.0,-1.0,7953,0,-1.0,8003,0,-1.0,8189,0,-1.0,7995,0,0,-1.0,8105,0
ore_ont_11519.owl,"SubClassOf(<http://purl.obolibrary.org/obo/FMA_269094> <http://purl.obolibrary.org/obo/FMA_49894>)",126545,-1.0,-1.0,8204,0,-1.0,8110,0,-1.0,8211,0,-1.0,8027,0,0,-1.0,8129,0
ore_ont_11519.owl,"SubClassOf(<http://purl.obolibrary.org/obo/FMA_42164> <http://purl.obolibrary.org/obo/FMA_21792>)",126545,-1.0,-1.0,7854,0,-1.0,5984,0,-1.0,8009,0,-1.0,8151,0,0,-1.0,8001,0
ore_ont_11519.owl,"SubClassOf(<http://purl.obolibrary.org/obo/FMA_58279> <http://purl.obolibrary.org/obo/FMA_9721>)",126545,-1.0,-1.0,8340,0,-1.0,8319,0,-1.0,8219,0,-1.0,8178,0,0,-1.0,8557,0
ore_ont_11519.owl,"SubClassOf(<http://purl.obolibrary.org/obo/FMA_9140> <http://purl.obolibrary.org/obo/FMA_85544>)",126545,21244.3,21247.899999999998,29838,16261,21224.099999999995,55049,17036,21247.899999999998,41185,16479,21247.899999999998,14490,16514,1,21247.899999999998,146890,16736
ore_ont_11519.owl,"SubClassOf(<http://purl.obolibrary.org/obo/FMA_7480> <http://purl.obolibrary.org/obo/FMA_85544>)",126545,-1.0,-1.0,8280,0,-1.0,8167,0,-1.0,8170,0,-1.0,8309,0,0,-1.0,8089,0
ore_ont_11519.owl,"SubClassOf(<http://purl.obolibrary.org/obo/FMA_4687> <http://purl.obolibrary.org/obo/FMA_63812>)",126545,11986.799999999997,11881.8,43119,16849,11782.7,55804,17243,11881.8,48887,17365,11881.8,14578,17011,2,11881.8,129271,17156
ore_ont_11519.owl,"SubClassOf(<http://purl.obolibrary.org/obo/FMA_42163> <http://purl.obolibrary.org/obo/FMA_68013>)",126545,-1.0,-1.0,8547,0,-1.0,8298,0,-1.0,8324,0,-1.0,8533,0,0,-1.0,8396,0
ore_ont_11519.owl,"SubClassOf(<http://purl.obolibrary.org/obo/FMA_241733> <http://purl.obolibrary.org/obo/FMA_63814>)",126545,-1.0,-1.0,7863,0,-1.0,7989,0,-1.0,8140,0,-1.0,8180,0,0,-1.0,8190,0
ore_ont_1357.owl,"SubClassOf(<http://purl.obolibrary.org/obo/CHROMOSOME-10116#_4> <http://purl.obolibrary.org/obo/SO_0000340>)",134251,-1.0,-1.0,5440,0,-1.0,5491,0,-1.0,5565,0,-1.0,5473,0,0,-1.0,5462,0
ore_ont_1357.owl,"SubClassOf(<http://purl.obolibrary.org/obo/CHROMOSOME-10116#_3> <http://purl.obolibrary.org/obo/SO_0000340>)",134251,-1.0,-1.0,5613,0,-1.0,5426,0,-1.0,5654,0,-1.0,5717,0,0,-1.0,5618,0
ore_ont_1357.owl,"SubClassOf(<http://purl.obolibrary.org/obo/CHROMOSOME-10116#_2> <http://purl.obolibrary.org/obo/SO_0000340>)",134251,-1.0,-1.0,5482,0,-1.0,5297,0,-1.0,5400,0,-1.0,5552,0,0,-1.0,5573,0
ore_ont_1357.owl,"SubClassOf(<http://purl.obolibrary.org/obo/CHROMOSOME-10116#_1> <http://purl.obolibrary.org/obo/SO_0000340>)",134251,-1.0,-1.0,5556,0,-1.0,5492,0,-1.0,5628,0,-1.0,5427,0,0,-1.0,5660,0
ore_ont_1357.owl,"SubClassOf(<http://purl.obolibrary.org/obo/CHROMOSOME-10116#_10> <http://purl.obolibrary.org/obo/SO_0000340>)",134251,-1.0,-1.0,5649,0,-1.0,5283,0,-1.0,5326,0,-1.0,5634,0,0,-1.0,5518,0
ore_ont_1357.owl,"SubClassOf(<http://purl.obolibrary.org/obo/CHROMOSOME-10116#_8> <http://purl.obolibrary.org/obo/SO_0000340>)",134251,-1.0,-1.0,5410,0,-1.0,5454,0,-1.0,5547,0,-1.0,5577,0,0,-1.0,5492,0
ore_ont_1357.owl,"SubClassOf(<http://purl.obolibrary.org/obo/CHROMOSOME-10116#_7> <http://purl.obolibrary.org/obo/SO_0000340>)",134251,-1.0,-1.0,5490,0,-1.0,5734,0,-1.0,5572,0,-1.0,5553,0,0,-1.0,5651,0
ore_ont_1357.owl,"SubClassOf(<http://purl.obolibrary.org/obo/RGD_1549728> <http://purl.obolibrary.org/obo/SO_0001217>)",134251,-1.0,-1.0,5550,0,-1.0,5733,0,-1.0,5626,0,-1.0,5623,0,0,-1.0,5511,0
ore_ont_1357.owl,"SubClassOf(<http://purl.obolibrary.org/obo/CHROMOSOME-10116#_5> <http://purl.obolibrary.org/obo/SO_0000340>)",134251,-1.0,-1.0,5423,0,-1.0,5623,0,-1.0,5653,0,-1.0,5561,0,0,-1.0,5700,0
ore_ont_1357.owl,"SubClassOf(<http://purl.obolibrary.org/obo/ENSEMBL#_ENSRNOG00000035759> <http://purl.obolibrary.org/obo/SO_0000275>)",134251,-1.0,-1.0,5682,0,-1.0,5498,0,-1.0,5391,0,-1.0,5801,0,0,-1.0,5600,0
ore_ont_4802.owl,"SubClassOf(<http://purl.obolibrary.org/obo/CHEBI_33853> <http://purl.obolibrary.org/obo/CHEBI_50860>)",140957,90834.9,90312.60000000002,117168,69567,88933.29999999999,984068,68398,90312.60000000002,85835,67432,89410.19999999997,14707,68947,2,90312.60000000002,1054782,71640
ore_ont_4802.owl,"SubClassOf(<http://purl.obolibrary.org/obo/CHEBI_76967> <http://purl.obolibrary.org/obo/CHEBI_77746>)",140957,-1.0,-1.0,7872,0,-1.0,7798,0,-1.0,7847,0,-1.0,7777,0,0,-1.0,7715,0
ore_ont_4802.owl,"SubClassOf(<http://purl.obolibrary.org/obo/CHEBI_15904> <http://purl.obolibrary.org/obo/CHEBI_25384>)",140957,141750.80000000002,141218.3,27220,71854,141239.1,198362,69367,141218.3,34480,69351,141239.1,14673,69830,1,141218.3,275032,67448
ore_ont_4802.owl,"SubClassOf(<http://purl.obolibrary.org/obo/CHEBI_64477> <http://purl.obolibrary.org/obo/CHEBI_76924>)",140957,-1.0,-1.0,7918,0,-1.0,8139,0,-1.0,8043,0,-1.0,8044,0,0,-1.0,8027,0
ore_ont_4802.owl,"SubClassOf(<http://purl.obolibrary.org/obo/CHEBI_35610> <http://purl.obolibrary.org/obo/CHEBI_23888>)",140957,-1.0,-1.0,8139,0,-1.0,7966,0,-1.0,8046,0,-1.0,7921,0,0,-1.0,7952,0
ore_ont_4802.owl,"SubClassOf(<http://purl.obolibrary.org/obo/CHEBI_78954> <http://purl.obolibrary.org/obo/CHEBI_35681>)",140957,-1.0,-1.0,8097,0,-1.0,8311,0,-1.0,7993,0,-1.0,8284,0,0,-1.0,8221,0
ore_ont_4802.owl,"SubClassOf(<http://purl.obolibrary.org/obo/CHEBI_77746> <http://purl.obolibrary.org/obo/CHEBI_25212>)",140957,20121.7,20004.299999999996,361559,69105,20024.499999999996,196988,69136,20004.299999999996,173278,69787,20050.899999999998,14463,65681,1,20004.299999999996,1155374,66076
ore_ont_4802.owl,"SubClassOf(<http://purl.obolibrary.org/obo/CHEBI_26195> <http://purl.obolibrary.org/obo/CHEBI_33853>)",140957,-1.0,-1.0,8390,0,-1.0,7873,0,-1.0,8280,0,-1.0,8210,0,0,-1.0,8111,0
ore_ont_4802.owl,"SubClassOf(<http://purl.obolibrary.org/obo/CHEBI_25235> <http://purl.obolibrary.org/obo/CHEBI_35618>)",140957,101324.09999999998,100826.09999999998,45390,69313,100473.59999999999,187395,66326,100826.09999999998,47954,65961,100473.59999999999,14625,67019,3,100826.09999999998,308541,66177
ore_ont_4802.owl,"SubClassOf(<http://purl.obolibrary.org/obo/CHEBI_59737> <http://purl.obolibrary.org/obo/CHEBI_58945>)",140957,-1.0,-1.0,7967,0,-1.0,8081,0,-1.0,7956,0,-1.0,8272,0,0,-1.0,7990,0
ore_ont_2828.owl,"SubClassOf(<http://purl.obolibrary.org/obo/PR_000036818> <http://purl.obolibrary.org/obo/PR_000018264>)",177701,-1.0,-1.0,9125,0,-1.0,9283,0,-1.0,9459,0,-1.0,9191,0,0,-1.0,9253,0
ore_ont_2828.owl,"SubClassOf(<http://purl.obolibrary.org/obo/PR_000029067> <http://purl.obolibrary.org/obo/PR_000000001>)",177701,-1.0,-1.0,9036,0,-1.0,9183,0,-1.0,7169,0,-1.0,9063,0,0,-1.0,9085,0
ore_ont_2828.owl,"SubClassOf(<http://purl.obolibrary.org/obo/PR_Q8IUC6RELAPPROXQ2> <http://purl.obolibrary.org/obo/PR_000029067>)",177701,183808.3,183810.3,696643,3143230,-1.0,-1,0,177106.2,49088,3369695,177106.2,19228,3402796,2,-1.0,-1,0
ore_ont_2828.owl,"SubClassOf(<http://purl.obolibrary.org/obo/PR_000027172> <http://purl.obolibrary.org/obo/PR_000029032>)",177701,336424.1,-1.0,-1,0,-1.0,-1,0,329746.10000000003,264556,3415129,323686.6,20324,3300468,1,-1.0,-1,0
ore_ont_2828.owl,"SubClassOf(<http://purl.obolibrary.org/obo/NCBITaxon_83333> <http://purl.obolibrary.org/obo/OBI_0100026>)",177701,-1.0,-1.0,9396,0,-1.0,9086,0,-1.0,9186,0,-1.0,9219,0,0,-1.0,8874,0
ore_ont_2828.owl,"SubClassOf(<http://purl.obolibrary.org/obo/PR_P39453> <http://purl.obolibrary.org/obo/PR_000029062>)",177701,162222.7,162224.4,257507,3285235,-1.0,-1,0,162224.4,131379,3350980,148831.2,18124,3261285,2,-1.0,-1,0
ore_ont_2828.owl,"SubClassOf(<http://purl.obolibrary.org/obo/NCBITaxon_10090> <http://purl.obolibrary.org/obo/OBI_0100026>)",177701,-1.0,-1.0,9400,0,-1.0,9283,0,-1.0,9261,0,-1.0,9183,0,0,-1.0,9322,0
ore_ont_2828.owl,"SubClassOf(<http://purl.obolibrary.org/obo/SO_0000418> <http://purl.obolibrary.org/obo/PR_000021935>)",177701,-1.0,-1.0,9397,0,-1.0,9263,0,-1.0,9268,0,-1.0,9312,0,0,-1.0,9194,0
ore_ont_2828.owl,"SubClassOf(<http://purl.obolibrary.org/obo/NCBITaxon_9606> <http://purl.obolibrary.org/obo/OBI_0100026>)",177701,-1.0,-1.0,9402,0,-1.0,9258,0,-1.0,9462,0,-1.0,9298,0,0,-1.0,9581,0
ore_ont_2828.owl,"SubClassOf(<http://purl.obolibrary.org/obo/PR_000021937> <http://purl.obolibrary.org/obo/PR_000021935>)",177701,-1.0,-1.0,9425,0,-1.0,9330,0,-1.0,9364,0,-1.0,9297,0,0,-1.0,9210,0
ore_ont_2469.owl,"SubClassOf(<http://purl.obolibrary.org/obo/SO_0000593> <http://purl.obolibrary.org/obo/SO_0000275>)",138452,-1.0,-1.0,8279,0,-1.0,8497,0,-1.0,6221,0,-1.0,6500,0,0,-1.0,6521,0
ore_ont_2469.owl,"SubClassOf(<http://purl.obolibrary.org/obo/SO_0000186> <http://purl.obolibrary.org/obo/SO_0000180>)",138452,-1.0,-1.0,8418,0,-1.0,6327,0,-1.0,8718,0,-1.0,6381,0,0,-1.0,6346,0
ore_ont_2469.owl,"SubClassOf(<http://purl.obolibrary.org/obo/SO_0001217> <http://purl.obolibrary.org/obo/SO_0000704>)",138452,-1.0,-1.0,6464,0,-1.0,8325,0,-1.0,6163,0,-1.0,6555,0,0,-1.0,6078,0
ore_ont_2469.owl,"SubClassOf(<http://purl.obolibrary.org/obo/SO_0000693> <http://purl.obolibrary.org/obo/SO_0001217>)",138452,-1.0,-1.0,8456,0,-1.0,8363,0,-1.0,6390,0,-1.0,8331,0,0,-1.0,6585,0
ore_ont_2469.owl,"SubClassOf(<http://purl.obolibrary.org/obo/ENSEMBL#_ENSRNOG00000034426> <http://purl.obolibrary.org/obo/SO_0000274>)",138452,-1.0,-1.0,6297,0,-1.0,6391,0,-1.0,6368,0,-1.0,6475,0,0,-1.0,8296,0
ore_ont_2469.owl,"SubClassOf(<http://purl.obolibrary.org/obo/SO_0000651> <http://purl.obolibrary.org/obo/SO_0000252>)",138452,-1.0,-1.0,6741,0,-1.0,8386,0,-1.0,6461,0,-1.0,8467,0,0,-1.0,6504,0
ore_ont_2469.owl,"SubClassOf(<http://purl.obolibrary.org/obo/ENSEMBL#_ENSRNOG00000033932> <http://purl.obolibrary.org/obo/SO_0000253>)",138452,-1.0,-1.0,6554,0,-1.0,6516,0,-1.0,8569,0,-1.0,6364,0,0,-1.0,6359,0
ore_ont_2469.owl,"SubClassOf(<http://purl.obolibrary.org/obo/SO_0001760> <http://purl.obolibrary.org/obo/SO_0000336>)",138452,-1.0,-1.0,8382,0,-1.0,6171,0,-1.0,8377,0,-1.0,6159,0,0,-1.0,6124,0
ore_ont_2469.owl,"SubClassOf(<http://purl.obolibrary.org/obo/ENSEMBL#_ENSRNOG00000035516> <http://purl.obolibrary.org/obo/SO_0000276>)",138452,-1.0,-1.0,6262,0,-1.0,6475,0,-1.0,6259,0,-1.0,6307,0,0,-1.0,6532,0
ore_ont_2469.owl,"SubClassOf(<http://purl.obolibrary.org/obo/SO_0000275> <http://purl.obolibrary.org/obo/SO_0000655>)",138452,-1.0,-1.0,6370,0,-1.0,8505,0,-1.0,8412,0,-1.0,6543,0,0,-1.0,8366,0
ore_ont_9400.owl,"SubClassOf(<http://purl.org/obo/owl/GO#GO_0019113> <http://purl.org/obo/owl/GO#GO_0016709>)",316367,-1.0,-1.0,12297,0,-1.0,12386,0,-1.0,12586,0,-1.0,12630,0,0,-1.0,12712,0
ore_ont_9400.owl,"SubClassOf(<http://purl.org/obo/owl/GO#GO_0008439> <http://www.geneontology.org/formats/oboInOwl#ObsoleteClass>)",316367,-1.0,-1.0,12760,0,-1.0,12746,0,-1.0,12341,0,-1.0,12695,0,0,-1.0,12702,0
ore_ont_9400.owl,"SubClassOf(<http://purl.org/obo/owl/GO#GO_0016274> <http://purl.org/obo/owl/GO#GO_0008757>)",316367,1004.7000000000002,1004.7000000000002,180178,17544,994.1,83844,16901,1004.7000000000002,173358,18116,994.1,26519,17899,1,1004.7000000000002,414262,18247
ore_ont_9400.owl,"SubClassOf(<http://purl.org/obo/owl/GO#GO_0004672> <http://purl.org/obo/owl/GO#GO_0016301>)",316367,-1.0,-1.0,12650,0,-1.0,12544,0,-1.0,12652,0,-1.0,12550,0,0,-1.0,12895,0
ore_ont_9400.owl,"SubClassOf(<http://purl.org/obo/owl/GO#GO_0033764> <http://purl.org/obo/owl/GO#GO_0016616>)",316367,-1.0,-1.0,12410,0,-1.0,12458,0,-1.0,12162,0,-1.0,12306,0,0,-1.0,12624,0
ore_ont_9400.owl,"SubClassOf(<http://purl.org/obo/owl/GO#GO_0048468> <http://purl.org/obo/owl/GO#GO_0048856>)",316367,-1.0,-1.0,12715,0,-1.0,12620,0,-1.0,12533,0,-1.0,12437,0,0,-1.0,12355,0
ore_ont_9400.owl,"SubClassOf(<http://purl.org/obo/owl/GO#GO_0048608> <http://purl.org/obo/owl/GO#GO_0003006>)",316367,-1.0,-1.0,12508,0,-1.0,12461,0,-1.0,12596,0,-1.0,12631,0,0,-1.0,12564,0
ore_ont_9400.owl,"SubClassOf(<http://purl.org/obo/owl/GO#GO_0019171> <http://purl.org/obo/owl/GO#GO_0016836>)",316367,-1.0,-1.0,12707,0,-1.0,12561,0,-1.0,12519,0,-1.0,12602,0,0,-1.0,12700,0
ore_ont_9400.owl,"SubClassOf(<http://purl.org/obo/owl/GO#GO_0016616> <http://purl.org/obo/owl/GO#GO_0003674>)",316367,460.7,430.90000000000003,891136,17461,408.5,84925,17288,430.90000000000003,427711,17925,408.5,25563,18668,1,430.90000000000003,1621049,17565
ore_ont_9400.owl,"SubClassOf(<http://purl.org/obo/owl/GO#GO_0022412> <http://purl.org/obo/owl/GO#GO_0048610>)",316367,-1.0,-1.0,12881,0,-1.0,12487,0,-1.0,12798,0,-1.0,12764,0,0,-1.0,12725,0
ore_ont_1579.owl,"SubClassOf(<http://purl.obolibrary.org/obo/SO_0000965> <http://purl.obolibrary.org/obo/SO_0000340>)",259659,144124.90000000002,144093.30000000002,73291,326234,144068.80000000002,619460,285288,144093.30000000002,85155,284769,144093.30000000002,24118,288696,1,144093.30000000002,745608,283993
ore_ont_1579.owl,"SubClassOf(<http://purl.obolibrary.org/obo/SO_0000108> <http://purl.obolibrary.org/obo/SO_0000234>)",259659,-1.0,-1.0,13079,0,-1.0,13303,0,-1.0,13293,0,-1.0,13276,0,0,-1.0,13370,0
ore_ont_1579.owl,"SubClassOf(<http://purl.obolibrary.org/obo/SO_0001271> <http://purl.obolibrary.org/obo/SO_0001263>)",259659,-1.0,-1.0,13384,0,-1.0,13033,0,-1.0,13227,0,-1.0,13524,0,0,-1.0,13052,0
ore_ont_1579.owl,"SubClassOf(<http://purl.obolibrary.org/obo/SO_0000234> <http://purl.obolibrary.org/obo/SO_0000673>)",259659,131597.50000000003,131549.8,138577,286514,131581.3,639237,296202,131549.8,132545,278503,131581.3,23883,287814,1,131549.8,936323,326466
ore_ont_1579.owl,"SubClassOf(<http://purl.obolibrary.org/obo/SO_0000470> <http://purl.obolibrary.org/obo/SO_0001411>)",259659,131744.20000000004,131656.69999999998,774485,284873,131625.7,707153,278999,131656.69999999998,213503,274351,131578.3,24162,294025,1,-1.0,-1,0
ore_ont_1579.owl,"SubClassOf(<http://purl.obolibrary.org/obo/SO_0001370> <http://purl.obolibrary.org/obo/SO_0001277>)",259659,-1.0,-1.0,13509,0,-1.0,13734,0,-1.0,13678,0,-1.0,14007,0,0,-1.0,13673,0
ore_ont_1579.owl,"SubClassOf(<http://purl.obolibrary.org/obo/SO_0001385> <http://purl.obolibrary.org/obo/SO_0001237>)",259659,-1.0,-1.0,13585,0,-1.0,13438,0,-1.0,13209,0,-1.0,13492,0,0,-1.0,13602,0
ore_ont_1579.owl,"SubClassOf(<http://purl.obolibrary.org/obo/SO_0000704> <http://purl.obolibrary.org/obo/SO_0001411>)",259659,-1.0,-1.0,13677,0,-1.0,13736,0,-1.0,14050,0,-1.0,13815,0,0,-1.0,13577,0
ore_ont_1579.owl,"SubClassOf(<http://purl.obolibrary.org/obo/SO_0001263> <http://purl.obolibrary.org/obo/SO_0000704>)",259659,-1.0,-1.0,13265,0,-1.0,13203,0,-1.0,13330,0,-1.0,13013,0,0,-1.0,13190,0
ore_ont_1579.owl,"SubClassOf(<http://purl.obolibrary.org/obo/SO_0000529> <http://purl.obolibrary.org/obo/SO_0000938>)",259659,-1.0,-1.0,13274,0,-1.0,13228,0,-1.0,13196,0,-1.0,12881,0,0,-1.0,13051,0
ore_ont_9499.owl,"SubClassOf(<http://purl.org/obo/owl/GO#GO_0019113> <http://purl.org/obo/owl/GO#GO_0016709>)",335239,-1.0,-1.0,12575,0,-1.0,12882,0,-1.0,12751,0,-1.0,13098,0,0,-1.0,14834,0
ore_ont_9499.owl,"SubClassOf(<http://purl.org/obo/owl/GO#GO_0005887> <http://purl.org/obo/owl/GO#GO_0044459>)",335239,1342.6,1342.6,146210,17739,1342.6,119060,18071,1342.6,151136,18910,1342.6,27774,18312,2,1342.6,368732,18663
ore_ont_9499.owl,"SubClassOf(<http://purl.org/obo/owl/GO#GO_0044444> <http://purl.org/obo/owl/GO#GO_0044424>)",335239,-1.0,-1.0,13054,0,-1.0,13058,0,-1.0,15203,0,-1.0,13326,0,0,-1.0,13382,0
ore_ont_9499.owl,"SubClassOf(<http://purl.org/obo/owl/GO#GO_0033764> <http://purl.org/obo/owl/GO#GO_0016616>)",335239,-1.0,-1.0,12992,0,-1.0,13266,0,-1.0,13011,0,-1.0,13544,0,0,-1.0,13125,0
ore_ont_9499.owl,"SubClassOf(<http://purl.org/obo/owl/GO#GO_0044432> <http://purl.org/obo/owl/GO#GO_0044444>)",335239,-1.0,-1.0,13177,0,-1.0,15459,0,-1.0,13703,0,-1.0,13071,0,0,-1.0,13462,0
ore_ont_9499.owl,"SubClassOf(<http://purl.org/obo/owl/GO#GO_0048468> <http://purl.org/obo/owl/GO#GO_0048856>)",335239,-1.0,-1.0,13339,0,-1.0,12750,0,-1.0,13349,0,-1.0,12983,0,0,-1.0,12966,0
ore_ont_9499.owl,"SubClassOf(<http://purl.org/obo/owl/GO#GO_0043235> <http://purl.org/obo/owl/GO#GO_0043234>)",335239,-1.0,-1.0,12730,0,-1.0,12989,0,-1.0,12943,0,-1.0,12921,0,0,-1.0,12881,0
ore_ont_9499.owl,"SubClassOf(<http://purl.org/obo/owl/GO#GO_0048608> <http://purl.org/obo/owl/GO#GO_0003006>)",335239,-1.0,-1.0,12998,0,-1.0,13361,0,-1.0,13080,0,-1.0,13184,0,0,-1.0,13068,0
ore_ont_9499.owl,"SubClassOf(<http://purl.org/obo/owl/GO#GO_0004086> <http://www.geneontology.org/formats/oboInOwl#ObsoleteClass>)",335239,-1.0,-1.0,12609,0,-1.0,14621,0,-1.0,12906,0,-1.0,13081,0,0,-1.0,12805,0
ore_ont_9499.owl,"SubClassOf(<http://purl.org/obo/owl/GO#GO_0022412> <http://purl.org/obo/owl/GO#GO_0048610>)",335239,-1.0,-1.0,12744,0,-1.0,12707,0,-1.0,13008,0,-1.0,12921,0,0,-1.0,12932,0
ore_ont_12387.owl,"SubClassOf(<http://purl.obolibrary.org/obo/CHROMOSOME-9606_6> <http://purl.obolibrary.org/obo/SO_0000340>)",296212,-1.0,-1.0,9472,0,-1.0,9680,0,-1.0,9672,0,-1.0,9657,0,0,-1.0,9665,0
ore_ont_12387.owl,"SubClassOf(<http://purl.obolibrary.org/obo/ENSEMBL_ENSG00000206029> <http://purl.obolibrary.org/obo/SO_0001463>)",296212,-1.0,-1.0,9824,0,-1.0,9750,0,-1.0,9894,0,-1.0,9758,0,0,-1.0,9730,0
ore_ont_12387.owl,"SubClassOf(<http://purl.obolibrary.org/obo/CHROMOSOME-9606_2> <http://purl.obolibrary.org/obo/SO_0000340>)",296212,-1.0,-1.0,9489,0,-1.0,9354,0,-1.0,9647,0,-1.0,9567,0,0,-1.0,9581,0
ore_ont_12387.owl,"SubClassOf(<http://purl.obolibrary.org/obo/CHROMOSOME-9606_3> <http://purl.obolibrary.org/obo/SO_0000340>)",296212,-1.0,-1.0,9780,0,-1.0,9646,0,-1.0,9784,0,-1.0,9629,0,0,-1.0,9613,0
ore_ont_12387.owl,"SubClassOf(<http://purl.obolibrary.org/obo/NCBIGene_8368> <http://purl.obolibrary.org/obo/SO_0001217>)",296212,-1.0,-1.0,9698,0,-1.0,9928,0,-1.0,10174,0,-1.0,9755,0,0,-1.0,9898,0
ore_ont_12387.owl,"SubClassOf(<http://purl.obolibrary.org/obo/NCBIGene_7177> <http://purl.obolibrary.org/obo/SO_0000336>)",296212,38559.1,38559.1,92555,709093,38558.5,1460179,628114,38559.1,96320,698751,38558.5,19703,669717,1,38559.1,3029783,673979
ore_ont_12387.owl,"SubClassOf(<http://purl.obolibrary.org/obo/PR_000017341> <http://purl.obolibrary.org/obo/PR_000000001>)",296212,-1.0,-1.0,9803,0,-1.0,9821,0,-1.0,10021,0,-1.0,10013,0,0,-1.0,9911,0
ore_ont_12387.owl,"SubClassOf(<http://purl.obolibrary.org/obo/NCBIGene_721> <http://purl.obolibrary.org/obo/SO_0001503>)",296212,-1.0,-1.0,9826,0,-1.0,9907,0,-1.0,10028,0,-1.0,9976,0,0,-1.0,9870,0
ore_ont_12387.owl,"SubClassOf(<http://purl.obolibrary.org/obo/CHROMOSOME-9606_1> <http://purl.obolibrary.org/obo/SO_0000340>)",296212,-1.0,-1.0,9769,0,-1.0,9808,0,-1.0,10102,0,-1.0,9581,0,0,-1.0,9715,0
ore_ont_12387.owl,"SubClassOf(<http://purl.obolibrary.org/obo/CHROMOSOME-9606_11> <http://purl.obolibrary.org/obo/SO_0000340>)",296212,-1.0,-1.0,9714,0,-1.0,9588,0,-1.0,9762,0,-1.0,9674,0,0,-1.0,9887,0
ore_ont_3560.owl,"SubClassOf(<http://purl.org/obo/owl/GAZ#GAZ_00002793> <http://purl.org/obo/owl/GAZ#GAZ_00002785>)",382157,-1.0,-1.0,17566,0,-1.0,17282,0,-1.0,17318,0,-1.0,16879,0,0,-1.0,17012,0
ore_ont_3560.owl,"SubClassOf(<http://purl.org/obo/owl/GAZ#GAZ_00003320> <http://purl.org/obo/owl/GAZ#GAZ_00002648>)",382157,-1.0,-1.0,17170,0,-1.0,17532,0,-1.0,17301,0,-1.0,17164,0,0,-1.0,17449,0
ore_ont_3560.owl,"SubClassOf(<http://purl.org/obo/owl/GAZ#GAZ_00003122> <http://purl.org/obo/owl/GAZ#GAZ_00002722>)",382157,-1.0,-1.0,17510,0,-1.0,17699,0,-1.0,17167,0,-1.0,17632,0,0,-1.0,17421,0
ore_ont_3560.owl,"SubClassOf(<http://purl.org/obo/owl/GAZ#GAZ_00052028> <http://purl.org/obo/owl/GAZ#GAZ_00002644>)",382157,-1.0,-1.0,18040,0,-1.0,17691,0,-1.0,18037,0,-1.0,18096,0,0,-1.0,18250,0
ore_ont_3560.owl,"SubClassOf(<http://purl.org/obo/owl/GAZ#GAZ_00050243> <http://purl.org/obo/owl/GAZ#GAZ_00003138>)",382157,-1.0,-1.0,17522,0,-1.0,17565,0,-1.0,17488,0,-1.0,17526,0,0,-1.0,17442,0
ore_ont_3560.owl,"SubClassOf(<http://purl.org/obo/owl/GAZ#GAZ_00002792> <http://purl.org/obo/owl/GAZ#GAZ_00002785>)",382157,-1.0,-1.0,16958,0,-1.0,17581,0,-1.0,17611,0,-1.0,17499,0,0,-1.0,17205,0
ore_ont_3560.owl,"SubClassOf(<http://purl.org/obo/owl/GAZ#GAZ_00005785> <http://purl.org/obo/owl/GAZ#GAZ_00002855>)",382157,-1.0,-1.0,17410,0,-1.0,17433,0,-1.0,17488,0,-1.0,17577,0,0,-1.0,17697,0
ore_ont_3560.owl,"SubClassOf(<http://purl.org/obo/owl/GAZ#GAZ_00091581> <http://purl.org/obo/owl/GAZ#GAZ_00091359>)",382157,-1.0,-1.0,17623,0,-1.0,17396,0,-1.0,17487,0,-1.0,17418,0,0,-1.0,17678,0
ore_ont_3560.owl,"SubClassOf(<http://purl.org/obo/owl/GAZ#GAZ_00089467> <http://purl.org/obo/owl/GAZ#GAZ_00089473>)",382157,-1.0,-1.0,17626,0,-1.0,17774,0,-1.0,17467,0,-1.0,17855,0,0,-1.0,17464,0
ore_ont_3560.owl,"SubClassOf(<http://purl.org/obo/owl/GAZ#GAZ_00086738> <http://www.geneontology.org/formats/oboInOwl#ObsoleteClass>)",382157,-1.0,-1.0,17934,0,-1.0,17670,0,-1.0,17578,0,-1.0,17581,0,0,-1.0,17814,0
ore_ont_13355.owl,"SubClassOf(<http://sadi-ontology.semanticscience.org#C450150> <http://sadi-ontology.semanticscience.org#D029681>)",396047,-1.0,-1.0,12583,0,-1.0,12737,0,-1.0,12702,0,-1.0,12422,0,0,-1.0,12524,0
ore_ont_13355.owl,"SubClassOf(<http://sadi-ontology.semanticscience.org#C083884> <http://sadi-ontology.semanticscience.org#D014157>)",396047,-1.0,-1.0,12228,0,-1.0,12483,0,-1.0,12328,0,-1.0,12215,0,0,-1.0,12551,0
ore_ont_13355.owl,"SubClassOf(<http://sadi-ontology.semanticscience.org#C436684> <http://sadi-ontology.semanticscience.org#D029701>)",396047,-1.0,-1.0,12570,0,-1.0,12434,0,-1.0,12295,0,-1.0,12594,0,0,-1.0,12703,0
ore_ont_13355.owl,"SubClassOf(<http://sadi-ontology.semanticscience.org#C453299> <http://sadi-ontology.semanticscience.org#D002352>)",396047,-1.0,-1.0,12139,0,-1.0,12266,0,-1.0,12122,0,-1.0,12354,0,0,-1.0,12119,0
ore_ont_13355.owl,"SubClassOf(<http://sadi-ontology.semanticscience.org#C011295> <http://sadi-ontology.semanticscience.org#D009942>)",396047,-1.0,-1.0,12384,0,-1.0,12518,0,-1.0,12538,0,-1.0,12690,0,0,-1.0,12846,0
ore_ont_13355.owl,"SubClassOf(<http://sadi-ontology.semanticscience.org#C427323> <http://sadi-ontology.semanticscience.org#D008565>)",396047,-1.0,-1.0,12503,0,-1.0,12013,0,-1.0,12565,0,-1.0,12273,0,0,-1.0,12548,0
ore_ont_13355.owl,"SubClassOf(<http://sadi-ontology.semanticscience.org#C445661> <http://sadi-ontology.semanticscience.org#D009842>)",396047,-1.0,-1.0,12308,0,-1.0,12915,0,-1.0,12898,0,-1.0,12567,0,0,-1.0,12547,0
ore_ont_13355.owl,"SubClassOf(<http://sadi-ontology.semanticscience.org#C083884> <http://sadi-ontology.semanticscience.org#D029721>)",396047,-1.0,-1.0,12388,0,-1.0,12109,0,-1.0,12225,0,-1.0,12455,0,0,-1.0,12450,0
ore_ont_13355.owl,"SubClassOf(<http://sadi-ontology.semanticscience.org#C067989> <http://sadi-ontology.semanticscience.org#D001426>)",396047,-1.0,-1.0,12278,0,-1.0,12500,0,-1.0,12580,0,-1.0,12728,0,0,-1.0,12854,0
ore_ont_13355.owl,"SubClassOf(<http://sadi-ontology.semanticscience.org#C083884> <http://sadi-ontology.semanticscience.org#D004268>)",396047,-1.0,-1.0,12407,0,-1.0,12210,0,-1.0,12300,0,-1.0,12249,0,0,-1.0,12415,0
ore_ont_9498.owl,"SubClassOf(<http://phenomebrowser.net/ontologies/mesh/mesh.owl#C085655> <http://phenomebrowser.net/ontologies/mesh/mesh.owl#D001426>)",432805,-1.0,-1.0,12882,0,-1.0,13445,0,-1.0,13625,0,-1.0,13759,0,0,-1.0,13566,0
ore_ont_9498.owl,"SubClassOf(<http://phenomebrowser.net/ontologies/mesh/mesh.owl#C067989> <http://phenomebrowser.net/ontologies/mesh/mesh.owl#D002352>)",432805,-1.0,-1.0,13880,0,-1.0,13737,0,-1.0,13859,0,-1.0,14053,0,0,-1.0,13845,0
ore_ont_9498.owl,"SubClassOf(<http://phenomebrowser.net/ontologies/mesh/mesh.owl#C401395> <http://phenomebrowser.net/ontologies/mesh/mesh.owl#D008565>)",432805,-1.0,-1.0,13792,0,-1.0,13741,0,-1.0,14071,0,-1.0,13536,0,0,-1.0,13855,0
ore_ont_9498.owl,"SubClassOf(<http://phenomebrowser.net/ontologies/mesh/mesh.owl#C109641> <http://phenomebrowser.net/ontologies/mesh/mesh.owl#D011725>)",432805,-1.0,-1.0,13819,0,-1.0,13262,0,-1.0,13505,0,-1.0,13812,0,0,-1.0,14111,0
ore_ont_9498.owl,"SubClassOf(<http://phenomebrowser.net/ontologies/mesh/mesh.owl#C465438> <http://phenomebrowser.net/ontologies/mesh/mesh.owl#D029681>)",432805,-1.0,-1.0,14201,0,-1.0,14033,0,-1.0,13476,0,-1.0,13623,0,0,-1.0,13640,0
ore_ont_9498.owl,"SubClassOf(<http://phenomebrowser.net/ontologies/mesh/mesh.owl#C083884> <http://phenomebrowser.net/ontologies/mesh/mesh.owl#D029721>)",432805,-1.0,-1.0,13246,0,-1.0,13613,0,-1.0,13284,0,-1.0,13638,0,0,-1.0,13230,0
ore_ont_9498.owl,"SubClassOf(<http://phenomebrowser.net/ontologies/mesh/mesh.owl#C585587> <http://phenomebrowser.net/ontologies/mesh/mesh.owl#D009942>)",432805,-1.0,-1.0,13605,0,-1.0,13877,0,-1.0,13687,0,-1.0,13662,0,0,-1.0,13519,0
ore_ont_9498.owl,"SubClassOf(<http://phenomebrowser.net/ontologies/mesh/mesh.owl#C494789> <http://phenomebrowser.net/ontologies/mesh/mesh.owl#D029701>)",432805,-1.0,-1.0,13784,0,-1.0,13731,0,-1.0,13521,0,-1.0,13896,0,0,-1.0,13674,0
ore_ont_9498.owl,"SubClassOf(<http://phenomebrowser.net/ontologies/mesh/mesh.owl#C083884> <http://phenomebrowser.net/ontologies/mesh/mesh.owl#D014157>)",432805,-1.0,-1.0,13426,0,-1.0,13385,0,-1.0,13053,0,-1.0,13491,0,0,-1.0,13585,0
ore_ont_9498.owl,"SubClassOf(<http://phenomebrowser.net/ontologies/mesh/mesh.owl#C445661> <http://phenomebrowser.net/ontologies/mesh/mesh.owl#D009842>)",432805,-1.0,-1.0,13460,0,-1.0,13712,0,-1.0,13686,0,-1.0,13512,0,0,-1.0,13581,0
ore_ont_11739.owl,"SubClassOf(<http://purl.obolibrary.org/obo/ENSEMBL_ENSMUSG00000023175> <http://purl.obolibrary.org/obo/UBERON_0002062-OMEO-0000001>)",952087,-1.0,-1.0,12445,0,-1.0,12594,0,-1.0,12724,0,-1.0,12794,0,0,-1.0,12653,0
ore_ont_11739.owl,"SubClassOf(<http://purl.obolibrary.org/obo/ENSEMBL_ENSMUSG00000023175> <http://purl.obolibrary.org/obo/UBERON_0002116-OMEO-0000001>)",952087,-1.0,-1.0,14504,0,-1.0,12729,0,-1.0,12618,0,-1.0,14802,0,0,-1.0,12891,0
ore_ont_11739.owl,"SubClassOf(<http://purl.obolibrary.org/obo/ENSEMBL_ENSMUSG00000023175> <http://purl.obolibrary.org/obo/UBERON_0001255-OMEO-0000001>)",952087,-1.0,-1.0,13096,0,-1.0,13027,0,-1.0,14817,0,-1.0,12630,0,0,-1.0,12749,0
ore_ont_11739.owl,"SubClassOf(<http://purl.obolibrary.org/obo/ENSEMBL_ENSMUSG00000023175> <http://purl.obolibrary.org/obo/UBERON_0000044-OMEO-0000001>)",952087,-1.0,-1.0,12961,0,-1.0,12818,0,-1.0,12871,0,-1.0,15071,0,0,-1.0,12797,0
ore_ont_11739.owl,"SubClassOf(<http://purl.obolibrary.org/obo/UBERON_0002257-OMEO-0000001> <http://purl.obolibrary.org/obo/UBERON_0002240-OMEO-0000001>)",952087,7086.0999999999985,755.3000000000003,631698,175698,3941.099999999999,2243731,164059,755.3000000000003,452411,141431,3876.6000000000013,25393,140691,3,755.3000000000003,3304601,151618
ore_ont_11739.owl,"SubClassOf(<http://purl.obolibrary.org/obo/UBERON_0002979-OMEO-0000001> <http://purl.obolibrary.org/obo/UBERON_0002037-OMEO-0000001>)",952087,10487.400000000001,1842.2,270663,137456,4813.799999999999,745407,139716,1842.2,221018,137767,7497.199999999999,26284,136251,1,1842.2,2308074,144338
ore_ont_11739.owl,"SubClassOf(<http://purl.obolibrary.org/obo/ENSEMBL_ENSMUSG00000023175> <http://purl.obolibrary.org/obo/UBERON_0005619-OMEO-0000001>)",952087,-1.0,-1.0,13183,0,-1.0,12567,0,-1.0,12891,0,-1.0,14930,0,0,-1.0,12647,0
ore_ont_11739.owl,"SubClassOf(<http://purl.obolibrary.org/obo/ENSEMBL_ENSMUSG00000023175> <http://purl.obolibrary.org/obo/UBERON_0005418-OMEO-0000001>)",952087,-1.0,-1.0,12842,0,-1.0,13203,0,-1.0,12825,0,-1.0,14606,0,0,-1.0,14844,0
ore_ont_11739.owl,"SubClassOf(<http://purl.obolibrary.org/obo/ENSEMBL_ENSMUSG00000023175> <http://purl.obolibrary.org/obo/UBERON_0007223-OMEO-0000001>)",952087,-1.0,-1.0,13146,0,-1.0,12711,0,-1.0,12885,0,-1.0,12940,0,0,-1.0,12826,0
ore_ont_11739.owl,"SubClassOf(<http://purl.obolibrary.org/obo/ENSEMBL_ENSMUSG00000023175> <http://purl.obolibrary.org/obo/UBERON_0001000-OMEO-0000001>)",952087,-1.0,-1.0,12434,0,-1.0,13212,0,-1.0,12722,0,-1.0,12497,0,0,-1.0,12742,0
ore_ont_16008.owl,"SubClassOf(<http://purl.obolibrary.org/obo/NCBITaxon_663130> <http://purl.obolibrary.org/obo/NCBITaxon_49928>)",733098,-1.0,-1.0,24160,0,-1.0,24169,0,-1.0,24119,0,-1.0,23641,0,0,-1.0,24439,0
ore_ont_16008.owl,"SubClassOf(<http://purl.obolibrary.org/obo/NCBITaxon_843199> <http://purl.obolibrary.org/obo/NCBITaxon_500585>)",733098,-1.0,-1.0,25325,0,-1.0,24140,0,-1.0,25113,0,-1.0,24867,0,0,-1.0,25126,0
ore_ont_16008.owl,"SubClassOf(<http://purl.obolibrary.org/obo/NCBITaxon_65119> <http://purl.obolibrary.org/obo/NCBITaxon_1386>)",733098,-1.0,-1.0,24338,0,-1.0,23798,0,-1.0,24115,0,-1.0,24452,0,0,-1.0,24477,0
ore_ont_16008.owl,"SubClassOf(<http://purl.obolibrary.org/obo/NCBITaxon_371608> <http://purl.obolibrary.org/obo/NCBITaxon_1883>)",733098,-1.0,-1.0,24358,0,-1.0,24409,0,-1.0,23317,0,-1.0,24806,0,0,-1.0,24790,0
ore_ont_16008.owl,"SubClassOf(<http://purl.obolibrary.org/obo/NCBITaxon_62104> <http://purl.obolibrary.org/obo/NCBITaxon_286>)",733098,-1.0,-1.0,24733,0,-1.0,24774,0,-1.0,24734,0,-1.0,24515,0,0,-1.0,24549,0
ore_ont_16008.owl,"SubClassOf(<http://purl.obolibrary.org/obo/NCBITaxon_826630> <http://purl.obolibrary.org/obo/NCBITaxon_156408>)",733098,-1.0,-1.0,25961,0,-1.0,24430,0,-1.0,25399,0,-1.0,25316,0,0,-1.0,24421,0
ore_ont_16008.owl,"SubClassOf(<http://purl.obolibrary.org/obo/NCBITaxon_211044> <http://purl.obolibrary.org/obo/NCBITaxon_114727>)",733098,-1.0,-1.0,24833,0,-1.0,24672,0,-1.0,24651,0,-1.0,24696,0,0,-1.0,24891,0
ore_ont_16008.owl,"SubClassOf(<http://purl.obolibrary.org/obo/NCBITaxon_383597> <http://purl.obolibrary.org/obo/NCBITaxon_119210>)",733098,-1.0,-1.0,24242,0,-1.0,24906,0,-1.0,24877,0,-1.0,24602,0,0,-1.0,24942,0
ore_ont_16008.owl,"SubClassOf(<http://purl.obolibrary.org/obo/NCBITaxon_666> <http://purl.obolibrary.org/obo/NCBITaxon_662>)",733098,-1.0,-1.0,24976,0,-1.0,24802,0,-1.0,25571,0,-1.0,24739,0,0,-1.0,24725,0
ore_ont_16008.owl,"SubClassOf(<http://purl.obolibrary.org/obo/NCBITaxon_150467> <http://purl.obolibrary.org/obo/NCBITaxon_48479>)",733098,-1.0,-1.0,24475,0,-1.0,23277,0,-1.0,24431,0,-1.0,24138,0,0,-1.0,24510,0
ore_ont_14459.owl,"SubClassOf(<http://purl.obolibrary.org/obo/NCBITaxon_663130> <http://purl.obolibrary.org/obo/NCBITaxon_49928>)",847755,-1.0,-1.0,28371,0,-1.0,28786,0,-1.0,27991,0,-1.0,27639,0,0,-1.0,27807,0
ore_ont_14459.owl,"SubClassOf(<http://purl.obolibrary.org/obo/NCBITaxon_560265> <http://purl.obolibrary.org/obo/NCBITaxon_265461>)",847755,-1.0,-1.0,29468,0,-1.0,29350,0,-1.0,30898,0,-1.0,29479,0,0,-1.0,29281,0
ore_ont_14459.owl,"SubClassOf(<http://purl.obolibrary.org/obo/NCBITaxon_65119> <http://purl.obolibrary.org/obo/NCBITaxon_1386>)",847755,-1.0,-1.0,28817,0,-1.0,29998,0,-1.0,28370,0,-1.0,28376,0,0,-1.0,28368,0
ore_ont_14459.owl,"SubClassOf(<http://purl.obolibrary.org/obo/NCBITaxon_89304> <http://purl.obolibrary.org/obo/NCBITaxon_1883>)",847755,-1.0,-1.0,28930,0,-1.0,29093,0,-1.0,28458,0,-1.0,28687,0,0,-1.0,29057,0
ore_ont_14459.owl,"SubClassOf(<http://purl.obolibrary.org/obo/NCBITaxon_902034> <http://purl.obolibrary.org/obo/NCBITaxon_500585>)",847755,-1.0,-1.0,28878,0,-1.0,29910,0,-1.0,30299,0,-1.0,31064,0,0,-1.0,29485,0
ore_ont_14459.owl,"SubClassOf(<http://purl.obolibrary.org/obo/NCBITaxon_62104> <http://purl.obolibrary.org/obo/NCBITaxon_286>)",847755,-1.0,-1.0,28651,0,-1.0,28647,0,-1.0,29121,0,-1.0,28436,0,0,-1.0,28914,0
ore_ont_14459.owl,"SubClassOf(<http://purl.obolibrary.org/obo/NCBITaxon_385624> <http://purl.obolibrary.org/obo/NCBITaxon_119210>)",847755,-1.0,-1.0,30851,0,-1.0,28737,0,-1.0,28909,0,-1.0,29094,0,0,-1.0,28150,0
ore_ont_14459.owl,"SubClassOf(<http://purl.obolibrary.org/obo/NCBITaxon_211044> <http://purl.obolibrary.org/obo/NCBITaxon_114727>)",847755,-1.0,-1.0,28793,0,-1.0,28793,0,-1.0,28612,0,-1.0,28317,0,0,-1.0,28701,0
ore_ont_14459.owl,"SubClassOf(<http://purl.obolibrary.org/obo/NCBITaxon_966941> <http://purl.obolibrary.org/obo/NCBITaxon_156408>)",847755,-1.0,-1.0,29337,0,-1.0,29600,0,-1.0,29935,0,-1.0,29518,0,0,-1.0,29580,0
ore_ont_14459.owl,"SubClassOf(<http://purl.obolibrary.org/obo/NCBITaxon_150467> <http://purl.obolibrary.org/obo/NCBITaxon_48479>)",847755,-1.0,-1.0,28127,0,-1.0,28627,0,-1.0,28098,0,-1.0,28556,0,0,-1.0,28361,0
ore_ont_14042.owl,"SubClassOf(<http://purl.obolibrary.org/obo/GAZ_00047663> <http://purl.obolibrary.org/obo/GAZ_00002593>)",652361,-1.0,-1.0,28878,0,-1.0,28819,0,-1.0,29415,0,-1.0,28798,0,0,-1.0,29000,0
ore_ont_14042.owl,"SubClassOf(<http://purl.obolibrary.org/obo/GAZ_00007824> <http://purl.obolibrary.org/obo/GAZ_00007826>)",652361,-1.0,-1.0,27801,0,-1.0,28319,0,-1.0,28331,0,-1.0,28233,0,0,-1.0,30484,0
ore_ont_14042.owl,"SubClassOf(<http://purl.obolibrary.org/obo/GAZ_00003145> <http://purl.obolibrary.org/obo/GAZ_00003138>)",652361,-1.0,-1.0,29658,0,-1.0,29334,0,-1.0,29553,0,-1.0,29258,0,0,-1.0,29501,0
ore_ont_14042.owl,"SubClassOf(<http://purl.obolibrary.org/obo/GAZ_00003122> <http://purl.obolibrary.org/obo/GAZ_00002722>)",652361,-1.0,-1.0,29355,0,-1.0,26711,0,-1.0,28826,0,-1.0,29248,0,0,-1.0,29216,0
ore_ont_14042.owl,"SubClassOf(<http://purl.obolibrary.org/obo/GAZ_00044677> <http://purl.obolibrary.org/obo/GAZ_00008188>)",652361,-1.0,-1.0,29180,0,-1.0,28948,0,-1.0,28837,0,-1.0,29188,0,0,-1.0,29611,0
ore_ont_14042.owl,"SubClassOf(<http://purl.obolibrary.org/obo/GAZ_00003466> <http://purl.obolibrary.org/obo/GAZ_00006607>)",652361,-1.0,-1.0,29230,0,-1.0,29562,0,-1.0,29510,0,-1.0,29109,0,0,-1.0,27779,0
ore_ont_14042.owl,"SubClassOf(<http://purl.obolibrary.org/obo/GAZ_00091581> <http://purl.obolibrary.org/obo/GAZ_00091359>)",652361,-1.0,-1.0,29713,0,-1.0,29494,0,-1.0,29381,0,-1.0,30113,0,0,-1.0,29065,0
ore_ont_14042.owl,"SubClassOf(<http://purl.obolibrary.org/obo/GAZ_00008078> <http://purl.obolibrary.org/obo/GAZ_00000448>)",652361,-1.0,-1.0,189986,-1,-1.0,-1,0,-1.0,300094,-1,-1.0,66142,-1,3,-1.0,-1,0
ore_ont_14042.owl,"SubClassOf(<http://purl.obolibrary.org/obo/GAZ_00002793> <http://purl.obolibrary.org/obo/GAZ_00002785>)",652361,-1.0,-1.0,32636,0,-1.0,33280,0,-1.0,31750,0,-1.0,32763,0,0,-1.0,32593,0
ore_ont_14042.owl,"SubClassOf(<http://purl.obolibrary.org/obo/GAZ_00047663> <http://purl.obolibrary.org/obo/GAZ_00004574>)",652361,-1.0,-1.0,33625,0,-1.0,33353,0,-1.0,33795,0,-1.0,33632,0,0,-1.0,33955,0
ore_ont_8486.owl,"SubClassOf(<http://purl.obolibrary.org/obo/NCBITaxon_65119> <http://purl.obolibrary.org/obo/NCBITaxon_1386>)",903613,-1.0,-1.0,29781,0,-1.0,31693,0,-1.0,29573,0,-1.0,32740,0,0,-1.0,29689,0
ore_ont_8486.owl,"SubClassOf(<http://purl.obolibrary.org/obo/NCBITaxon_89304> <http://purl.obolibrary.org/obo/NCBITaxon_1883>)",903613,-1.0,-1.0,30663,0,-1.0,29825,0,-1.0,29006,0,-1.0,29974,0,0,-1.0,31584,0
ore_ont_8486.owl,"SubClassOf(<http://purl.obolibrary.org/obo/NCBITaxon_560271> <http://purl.obolibrary.org/obo/NCBITaxon_265461>)",903613,-1.0,-1.0,30386,0,-1.0,30793,0,-1.0,30802,0,-1.0,33326,0,0,-1.0,30610,0
ore_ont_8486.owl,"SubClassOf(<http://purl.obolibrary.org/obo/NCBITaxon_62104> <http://purl.obolibrary.org/obo/NCBITaxon_286>)",903613,-1.0,-1.0,29577,0,-1.0,29615,0,-1.0,31798,0,-1.0,29575,0,0,-1.0,28983,0
ore_ont_8486.owl,"SubClassOf(<http://purl.obolibrary.org/obo/NCBITaxon_385624> <http://purl.obolibrary.org/obo/NCBITaxon_119210>)",903613,-1.0,-1.0,29759,0,-1.0,29859,0,-1.0,29605,0,-1.0,29438,0,0,-1.0,32037,0
ore_ont_8486.owl,"SubClassOf(<http://purl.obolibrary.org/obo/NCBITaxon_211044> <http://purl.obolibrary.org/obo/NCBITaxon_114727>)",903613,-1.0,-1.0,31944,0,-1.0,29682,0,-1.0,31697,0,-1.0,29659,0,0,-1.0,30122,0
ore_ont_8486.owl,"SubClassOf(<http://purl.obolibrary.org/obo/NCBITaxon_1130479> <http://purl.obolibrary.org/obo/NCBITaxon_49928>)",903613,-1.0,-1.0,28980,0,-1.0,29232,0,-1.0,29488,0,-1.0,31581,0,0,-1.0,29725,0
ore_ont_8486.owl,"SubClassOf(<http://purl.obolibrary.org/obo/NCBITaxon_1085682> <http://purl.obolibrary.org/obo/NCBITaxon_500585>)",903613,-1.0,-1.0,32307,0,-1.0,30883,0,-1.0,30856,0,-1.0,31127,0,0,-1.0,33204,0
ore_ont_8486.owl,"SubClassOf(<http://purl.obolibrary.org/obo/NCBITaxon_150467> <http://purl.obolibrary.org/obo/NCBITaxon_48479>)",903613,-1.0,-1.0,29668,0,-1.0,28888,0,-1.0,29174,0,-1.0,29048,0,0,-1.0,29208,0
ore_ont_8486.owl,"SubClassOf(<http://purl.obolibrary.org/obo/NCBITaxon_966941> <http://purl.obolibrary.org/obo/NCBITaxon_156408>)",903613,-1.0,-1.0,33964,0,-1.0,32368,0,-1.0,30948,0,-1.0,31193,0,0,-1.0,30625,0
ore_ont_11395.owl,"SubClassOf(<http://purl.obolibrary.org/obo/GAZ_00047663> <http://purl.obolibrary.org/obo/GAZ_00002593>)",652361,-1.0,-1.0,29514,0,-1.0,29052,0,-1.0,29047,0,-1.0,29075,0,0,-1.0,29418,0
ore_ont_11395.owl,"SubClassOf(<http://purl.obolibrary.org/obo/GAZ_00007824> <http://purl.obolibrary.org/obo/GAZ_00007826>)",652361,-1.0,-1.0,29957,0,-1.0,30172,0,-1.0,29638,0,-1.0,28390,0,0,-1.0,30113,0
ore_ont_11395.owl,"SubClassOf(<http://purl.obolibrary.org/obo/GAZ_00003145> <http://purl.obolibrary.org/obo/GAZ_00003138>)",652361,-1.0,-1.0,30265,0,-1.0,30518,0,-1.0,29880,0,-1.0,30164,0,0,-1.0,29737,0
ore_ont_11395.owl,"SubClassOf(<http://purl.obolibrary.org/obo/GAZ_00003122> <http://purl.obolibrary.org/obo/GAZ_00002722>)",652361,-1.0,-1.0,28721,0,-1.0,28915,0,-1.0,28440,0,-1.0,28997,0,0,-1.0,28643,0
ore_ont_11395.owl,"SubClassOf(<http://purl.obolibrary.org/obo/GAZ_00044677> <http://purl.obolibrary.org/obo/GAZ_00008188>)",652361,-1.0,-1.0,29737,0,-1.0,29742,0,-1.0,29873,0,-1.0,29855,0,0,-1.0,29693,0
ore_ont_11395.owl,"SubClassOf(<http://purl.obolibrary.org/obo/GAZ_00003466> <http://purl.obolibrary.org/obo/GAZ_00006607>)",652361,-1.0,-1.0,29732,0,-1.0,27465,0,-1.0,29876,0,-1.0,29499,0,0,-1.0,29679,0
ore_ont_11395.owl,"SubClassOf(<http://purl.obolibrary.org/obo/GAZ_00091581> <http://purl.obolibrary.org/obo/GAZ_00091359>)",652361,-1.0,-1.0,29562,0,-1.0,29962,0,-1.0,29777,0,-1.0,29449,0,0,-1.0,29906,0
ore_ont_11395.owl,"SubClassOf(<http://purl.obolibrary.org/obo/GAZ_00008078> <http://purl.obolibrary.org/obo/GAZ_00000448>)",652361,-1.0,-1.0,185476,-1,-1.0,-1,0,-1.0,306194,-1,-1.0,67200,-1,2,-1.0,-1,0
ore_ont_11395.owl,"SubClassOf(<http://purl.obolibrary.org/obo/GAZ_00002793> <http://purl.obolibrary.org/obo/GAZ_00002785>)",652361,-1.0,-1.0,33433,0,-1.0,33296,0,-1.0,33669,0,-1.0,33612,0,0,-1.0,33728,0
ore_ont_11395.owl,"SubClassOf(<http://purl.obolibrary.org/obo/GAZ_00047663> <http://purl.obolibrary.org/obo/GAZ_00004574>)",652361,-1.0,-1.0,34174,0,-1.0,34376,0,-1.0,34707,0,-1.0,34684,0,0,-1.0,33709,0
ore_ont_10689.owl,"SubClassOf(<http://purl.obolibrary.org/obo/NCBITaxon_387158> <http://purl.obolibrary.org/obo/NCBITaxon_119210>)",981144,-1.0,-1.0,33790,0,-1.0,33252,0,-1.0,34689,0,-1.0,35132,0,0,-1.0,33455,0
ore_ont_10689.owl,"SubClassOf(<http://purl.obolibrary.org/obo/NCBITaxon_65119> <http://purl.obolibrary.org/obo/NCBITaxon_1386>)",981144,-1.0,-1.0,34345,0,-1.0,34470,0,-1.0,31297,0,-1.0,33794,0,0,-1.0,30802,0
ore_ont_10689.owl,"SubClassOf(<http://purl.obolibrary.org/obo/NCBITaxon_89304> <http://purl.obolibrary.org/obo/NCBITaxon_1883>)",981144,-1.0,-1.0,34861,0,-1.0,34382,0,-1.0,32290,0,-1.0,34336,0,0,-1.0,32811,0
ore_ont_10689.owl,"SubClassOf(<http://purl.obolibrary.org/obo/NCBITaxon_62104> <http://purl.obolibrary.org/obo/NCBITaxon_286>)",981144,-1.0,-1.0,34319,0,-1.0,31034,0,-1.0,32098,0,-1.0,33378,0,0,-1.0,32790,0
ore_ont_10689.owl,"SubClassOf(<http://purl.obolibrary.org/obo/NCBITaxon_211044> <http://purl.obolibrary.org/obo/NCBITaxon_114727>)",981144,-1.0,-1.0,33471,0,-1.0,32322,0,-1.0,33415,0,-1.0,34057,0,0,-1.0,33777,0
ore_ont_10689.owl,"SubClassOf(<http://purl.obolibrary.org/obo/NCBITaxon_1130479> <http://purl.obolibrary.org/obo/NCBITaxon_49928>)",981144,-1.0,-1.0,34096,0,-1.0,30702,0,-1.0,33473,0,-1.0,30532,0,0,-1.0,33571,0
ore_ont_10689.owl,"SubClassOf(<http://purl.obolibrary.org/obo/NCBITaxon_1085682> <http://purl.obolibrary.org/obo/NCBITaxon_500585>)",981144,-1.0,-1.0,32878,0,-1.0,33477,0,-1.0,34980,0,-1.0,32356,0,0,-1.0,35001,0
ore_ont_10689.owl,"SubClassOf(<http://purl.obolibrary.org/obo/NCBITaxon_150467> <http://purl.obolibrary.org/obo/NCBITaxon_48479>)",981144,-1.0,-1.0,30284,0,-1.0,33365,0,-1.0,30871,0,-1.0,33375,0,0,-1.0,33705,0
ore_ont_10689.owl,"SubClassOf(<http://purl.obolibrary.org/obo/NCBITaxon_966941> <http://purl.obolibrary.org/obo/NCBITaxon_156408>)",981144,-1.0,-1.0,35451,0,-1.0,31945,0,-1.0,34973,0,-1.0,35107,0,0,-1.0,35324,0
ore_ont_10689.owl,"SubClassOf(<http://purl.obolibrary.org/obo/NCBITaxon_666> <http://purl.obolibrary.org/obo/NCBITaxon_662>)",981144,-1.0,-1.0,34490,0,-1.0,31247,0,-1.0,32990,0,-1.0,31033,0,0,-1.0,34200,0
ore_ont_868.owl,"SubClassOf(<http://purl.obolibrary.org/obo/NCBITaxon_387158> <http://purl.obolibrary.org/obo/NCBITaxon_119210>)",981146,-1.0,-1.0,34031,0,-1.0,30582,0,-1.0,31086,0,-1.0,30917,0,0,-1.0,34568,0
ore_ont_868.owl,"SubClassOf(<http://purl.obolibrary.org/obo/NCBITaxon_65119> <http://purl.obolibrary.org/obo/NCBITaxon_1386>)",981146,-1.0,-1.0,30869,0,-1.0,30927,0,-1.0,33184,0,-1.0,31036,0,0,-1.0,33953,0
ore_ont_868.owl,"SubClassOf(<http://purl.obolibrary.org/obo/NCBITaxon_89304> <http://purl.obolibrary.org/obo/NCBITaxon_1883>)",981146,-1.0,-1.0,30961,0,-1.0,34069,0,-1.0,31415,0,-1.0,33344,0,0,-1.0,31254,0
ore_ont_868.owl,"SubClassOf(<http://purl.obolibrary.org/obo/NCBITaxon_62104> <http://purl.obolibrary.org/obo/NCBITaxon_286>)",981146,-1.0,-1.0,31195,0,-1.0,33334,0,-1.0,31175,0,-1.0,34245,0,0,-1.0,30766,0
ore_ont_868.owl,"SubClassOf(<http://purl.obolibrary.org/obo/NCBITaxon_211044> <http://purl.obolibrary.org/obo/NCBITaxon_114727>)",981146,-1.0,-1.0,32868,0,-1.0,34321,0,-1.0,31212,0,-1.0,33267,0,0,-1.0,32909,0
ore_ont_868.owl,"SubClassOf(<http://purl.obolibrary.org/obo/NCBITaxon_1130479> <http://purl.obolibrary.org/obo/NCBITaxon_49928>)",981146,-1.0,-1.0,33166,0,-1.0,33364,0,-1.0,33139,0,-1.0,33896,0,0,-1.0,30575,0
ore_ont_868.owl,"SubClassOf(<http://purl.obolibrary.org/obo/NCBITaxon_1085682> <http://purl.obolibrary.org/obo/NCBITaxon_500585>)",981146,-1.0,-1.0,34981,0,-1.0,31672,0,-1.0,34490,0,-1.0,34634,0,0,-1.0,34469,0
ore_ont_868.owl,"SubClassOf(<http://purl.obolibrary.org/obo/NCBITaxon_150467> <http://purl.obolibrary.org/obo/NCBITaxon_48479>)",981146,-1.0,-1.0,30497,0,-1.0,34357,0,-1.0,32616,0,-1.0,32772,0,0,-1.0,33339,0
ore_ont_868.owl,"SubClassOf(<http://purl.obolibrary.org/obo/NCBITaxon_966941> <http://purl.obolibrary.org/obo/NCBITaxon_156408>)",981146,-1.0,-1.0,33801,0,-1.0,35265,0,-1.0,35115,0,-1.0,34297,0,0,-1.0,34752,0
ore_ont_868.owl,"SubClassOf(<http://purl.obolibrary.org/obo/NCBITaxon_666> <http://purl.obolibrary.org/obo/NCBITaxon_662>)",981146,-1.0,-1.0,33923,0,-1.0,31377,0,-1.0,31194,0,-1.0,34454,0,0,-1.0,33047,0
ore_ont_3524.owl,"SubClassOf(<http://phenoscape.org/not_has_part/http://www.w3.org/2002/07/owl#Thing> <http://purl.obolibrary.org/obo/GO_0008150>)",1974320,-1.0,-1.0,-1,0,-1.0,-1,0,-1.0,-1,0,-1.0,-1,0,1,-1.0,-1,0
ore_ont_3524.owl,"SubClassOf(<http://phenoscape.org/not_has_part/http://www.w3.org/2002/07/owl#Thing> <http://purl.obolibrary.org/obo/BFO_0000050_some_http://purl.obolibrary.org/obo/GO_0008152>)",1974320,-1.0,-1.0,-1,0,-1.0,-1,0,-1.0,-1,0,-1.0,-1,0,1,-1.0,-1,0
ore_ont_3524.owl,"SubClassOf(<http://phenoscape.org/not_has_part/http://www.w3.org/2002/07/owl#Thing> <http://purl.obolibrary.org/obo/BFO_0000050_some_http://purl.obolibrary.org/obo/GO_0065007>)",1974320,-1.0,-1.0,-1,0,-1.0,-1,0,-1.0,-1,0,1,-1.0,-1,0
ore_ont_3836.owl,"SubClassOf(<http://purl.obolibrary.org/obo/ENSEMBL#_ENSMUSG00000021835> <http://purl.obolibrary.org/obo/SO_0001217>)",1869498,-1.0,-1.0,23647,0,-1.0,24367,0,-1.0,24724,0,-1.0,24544,0,0,-1.0,24377,0
ore_ont_3836.owl,"SubClassOf(<http://purl.obolibrary.org/obo/ENSEMBL#_ENSMUSG00000002633> <http://purl.obolibrary.org/obo/SO_0001217>)",1869498,-1.0,-1.0,23977,0,-1.0,24356,0,-1.0,24252,0,-1.0,24357,0,0,-1.0,24615,0
ore_ont_3836.owl,"SubClassOf(<http://purl.obolibrary.org/obo/ENSEMBL#_ENSMUSG00000030849> <http://purl.obolibrary.org/obo/SO_0001217>)",1869498,-1.0,-1.0,24445,0,-1.0,25850,0,-1.0,23879,0,-1.0,24289,0,0,-1.0,24678,0
ore_ont_3836.owl,"SubClassOf(<http://purl.obolibrary.org/obo/ENSEMBL#_ENSMUSG00000048769> <http://purl.obolibrary.org/obo/SO_0000336>)",1869498,-1.0,-1.0,23465,0,-1.0,24168,0,-1.0,23192,0,-1.0,23632,0,0,-1.0,24638,0
ore_ont_3836.owl,"SubClassOf(<http://purl.obolibrary.org/obo/ENSEMBL#_ENSMUSG00000065453> <http://purl.obolibrary.org/obo/SO_0000276>)",1869498,-1.0,-1.0,24615,0,-1.0,24277,0,-1.0,24221,0,-1.0,24200,0,0,-1.0,23959,0
ore_ont_3836.owl,"SubClassOf(<http://purl.obolibrary.org/obo/ENSEMBL#_ENSMUSG00000000031> <http://purl.obolibrary.org/obo/SO_0001503>)",1869498,-1.0,-1.0,24663,0,-1.0,24298,0,-1.0,24226,0,-1.0,24312,0,0,-1.0,24082,0
ore_ont_3836.owl,"SubClassOf(<http://purl.obolibrary.org/obo/ENSEMBL#_ENSMUSG00000086429> <http://purl.obolibrary.org/obo/SO_0001463>)",1869498,-1.0,-1.0,24398,0,-1.0,23983,0,-1.0,24336,0,-1.0,24012,0,0,-1.0,24333,0
ore_ont_3836.owl,"SubClassOf(<http://purl.obolibrary.org/obo/ENSEMBL#_ENSMUSG00000006932> <http://purl.obolibrary.org/obo/SO_0001217>)",1869498,-1.0,-1.0,23875,0,-1.0,25620,0,-1.0,24301,0,-1.0,24057,0,0,-1.0,24473,0
ore_ont_3836.owl,"SubClassOf(<http://purl.obolibrary.org/obo/ENSEMBL#_ENSMUSG00000087938> <http://purl.obolibrary.org/obo/SO_0000274>)",1869498,-1.0,-1.0,23875,0,-1.0,23855,0,-1.0,23748,0,-1.0,24354,0,0,-1.0,23999,0
ore_ont_3836.owl,"SubClassOf(<http://purl.obolibrary.org/obo/ENSEMBL#_ENSMUSG00000064493> <http://purl.obolibrary.org/obo/SO_0000275>)",1869498,-1.0,-1.0,23553,0,-1.0,23760,0,-1.0,23632,0,-1.0,23820,0,0,-1.0,23286,0
ore_ont_1559.owl,"SubClassOf(<http://purl.obolibrary.org/obo/UniProt#_P11484> <http://purl.obolibrary.org/obo/SIO_010043>)",2249889,-1.0,-1.0,45642,0,-1.0,46869,0,-1.0,47260,0,-1.0,49286,0,0,-1.0,46877,0
ore_ont_1559.owl,"SubClassOf(<http://purl.obolibrary.org/obo/NCBITaxon_10090> <http://purl.obolibrary.org/obo/SIO_010000>)",2249889,-1.0,-1.0,45300,0,-1.0,44764,0,-1.0,45328,0,-1.0,45045,0,0,-1.0,45407,0
ore_ont_1559.owl,"SubClassOf(<http://purl.obolibrary.org/obo/GO_0005515> <http://purl.obolibrary.org/obo/GO_0003674>)",2249889,0.0,-1.0,162449,-1,-1.0,-1,0,0.0,396753,554637,-1.0,110539,-1,1,-1.0,1491782,-1
ore_ont_1559.owl,"SubClassOf(<http://purl.obolibrary.org/obo/NCBITaxon_3702> <http://purl.obolibrary.org/obo/SIO_010000>)",2249889,-1.0,-1.0,54226,0,-1.0,53275,0,-1.0,53629,0,-1.0,53048,0,0,-1.0,53293,0
ore_ont_1559.owl,"SubClassOf(<http://purl.obolibrary.org/obo/NCBIGene_7404> <http://purl.obolibrary.org/obo/SIO_010035>)",2249889,-1.0,-1.0,57845,0,-1.0,58274,0,-1.0,56262,0,-1.0,56761,0,0,-1.0,54606,0
ore_ont_1559.owl,"SubClassOf(<http://purl.obolibrary.org/obo/GO_0007049> <http://purl.obolibrary.org/obo/GO_0008150>)",2249889,-1.0,-1.0,53774,0,-1.0,55604,0,-1.0,53720,0,-1.0,54036,0,0,-1.0,55612,0
ore_ont_1559.owl,"SubClassOf(<http://purl.obolibrary.org/obo/NCBITaxon_7227> <http://purl.obolibrary.org/obo/SIO_010000>)",2249889,-1.0,-1.0,54066,0,-1.0,52560,0,-1.0,54669,0,-1.0,56609,0,0,-1.0,54403,0
ore_ont_1559.owl,"SubClassOf(<http://purl.obolibrary.org/obo/MI_0407> <http://purl.obolibrary.org/obo/MI_0915>)",2249889,-1.0,-1.0,54474,0,-1.0,56200,0,-1.0,53740,0,-1.0,56923,0,0,-1.0,54101,0
ore_ont_1559.owl,"SubClassOf(<http://purl.obolibrary.org/obo/NCBITaxon_9606> <http://purl.obolibrary.org/obo/SIO_010000>)",2249889,-1.0,-1.0,53422,0,-1.0,54938,0,-1.0,54044,0,-1.0,56451,0,0,-1.0,56284,0
ore_ont_1559.owl,"SubClassOf(<http://purl.obolibrary.org/obo/GO_0001673> <http://purl.obolibrary.org/obo/GO_0005634>)",2249889,1048325.2999999999,-1.0,187398,-1,-1.0,-1,0,0.0,459274,345329,-1.0,142549,-1,2,-1.0,-1,0
